priority,need,fit,name,corp_code,stock_code,listed,sector,industry,type,rev,cagr3,ebitda,ebitda_m,net_debt,nd_ebitda,debt_ratio,curr_ratio,cash,draw_3y,dep_ratio,nd_per_rev,gap_12m,runway_m,status,last_funding_date,last_funding_nm,drivers
86,99.1,55,이누스(주),01494561,,false,제조업,비금속 광물제품,DISTRESS(구조조정형),2304.5,0.211,-369.4,-0.16,1278.5,,3.951,0.72,80.6,1037.4,3,1.03,420,2,DISTRESS_EVENT,,,"EBITDA 적자 -369억 / 부채비율 395% (3년 337%p↑) / EBITDA마진 1%→-16% / 3년 순부채 +1,037억 vs EBITDA합 -491억 / 매출 1원 성장에 순부채 1.03원 / 유동비율 72% / 현금/매출 3% / 현금 2년 연속 감소 / 영업적자 3/3년 / 런웨이 2개월"
84.8,75.3,94.6,(주)스튜디오프리즘,01394261,,false,정보통신,영상·오디오 제작·배급,WC_BURN(운전자본형),1806.7,0.359,184.4,0.102,1415.9,7.7,3.588,0.837,175.8,1604.3,3.819,1.476,515,,UNLISTED_BLIND,,,"순부채/EBITDA 7.7x / 부채비율 359% (3년 302%p↑) / EBITDA마진 15%→10% / 3년 순부채 +1,604억 vs EBITDA합 420억 / 매출 1원 성장에 순부채 1.48원 / 유동비율 84%"
84.5,84,77.8,(주)디에프에스,01634521,,false,제조업,의료·정밀·광학기기,WC_BURN(운전자본형),514.6,0.362,36.5,0.071,345.1,9.4,10.753,0.672,10.4,265.3,1.887,0.854,117,,UNLISTED_BLIND,,,순부채/EBITDA 9.4x / 부채비율 1075% (3년 793%p↑) / EBITDA마진 12%→7% / 3년 순부채 +265억 vs EBITDA합 141억 / 매출 1원 성장에 순부채 0.85원 / 유동비율 67% / 현금/매출 2% / 현금 2년 연속 감소
84.2,71.2,100,한화컨버전스(주),00880266,,false,도소매,도매·상품중개,WC_BURN(운전자본형),1886.4,0.24,238.4,0.126,1163.1,4.9,3.387,0.7,86.2,1292.9,1.774,1.443,426,,UNLISTED_BLIND,,,"순부채/EBITDA 4.9x / 부채비율 339% (3년 208%p↑) / EBITDA마진 22%→13% / 3년 순부채 +1,293억 vs EBITDA합 729억 / 매출 1원 성장에 순부채 1.44원 / 유동비율 70% / 현금/매출 5%"
83.9,77.5,87.5,그린에코사이클(주),01364233,,false,전기·가스·환경,폐기물 처리·자원재생,WC_BURN(운전자본형),545.4,0.396,102.7,0.188,762.2,7.4,4.558,0.42,1.1,444.9,4.235,1.289,150,,UNLISTED_BLIND,,,순부채/EBITDA 7.4x / 부채비율 456% (3년 290%p↑) / 3년 순부채 +445억 vs EBITDA합 105억 / 매출 1원 성장에 순부채 1.29원 / 유동비율 42% / 현금/매출 0% / 현금 2년 연속 감소 / 영업적자 2/3년
83.6,70.2,100,(주)휴맥스모빌리티,01450460,,false,사업지원·임대,임대업(부동산 제외),WC_BURN(운전자본형),2411.3,0.277,621.9,0.258,4041.4,6.5,3.739,0.404,263.9,2130.3,1.354,1.698,540,,UNLISTED_BLIND,,,"순부채/EBITDA 6.5x / 부채비율 374% (3년 280%p↑) / EBITDA마진 28%→26% / 3년 순부채 +2,130억 vs EBITDA합 1,573억 / 매출 1원 성장에 순부채 1.70원 / 유동비율 40% / 영업적자 3/3년"
82.6,84.7,70,(주)하이랜드이노베이션,01543025,,false,제조업,식료품 제조,WC_BURN(운전자본형),2009.3,0.233,17.3,0.009,985.6,56.8,3.748,0.467,76.4,750.4,5.99,0.801,252,25,UNLISTED_BLIND,,,순부채/EBITDA 56.8x / 부채비율 375% (3년 247%p↑) / EBITDA마진 6%→1% / 3년 순부채 +750억 vs EBITDA합 125억 / 매출 1원 성장에 순부채 0.80원 / 유동비율 47% / 현금/매출 4%
82,80.6,75.4,(주)시앤유,01470932,,false,도소매,도매·상품중개,WC_BURN(운전자본형),591.7,0.19,37.2,0.063,280,7.5,7.78,0.89,8.4,211.7,1.726,0.881,81,,UNLISTED_BLIND,,,순부채/EBITDA 7.5x / 부채비율 778% (3년 481%p↑) / EBITDA마진 8%→6% / 3년 순부채 +212억 vs EBITDA합 123억 / 매출 1원 성장에 순부채 0.88원 / 유동비율 89% / 현금/매출 1% / 현금 2년 연속 감소
82,68.3,98.1,에스케이멀티유틸리티(주),01603114,,false,전기·가스·환경,전기·가스·증기 공급,WC_BURN(운전자본형),1265.4,1.257,143.8,0.114,5124.8,35.6,3.271,2.703,2.6,5582.7,12.692,4.832,2505,0,IN_MOTION,2025-06-30,[기재정정]유상증자결정,"순부채/EBITDA 35.6x / 부채비율 327% (3년 314%p↑) / 3년 순부채 +5,583억 vs EBITDA합 440억 / 매출 1원 성장에 순부채 4.83원 / 현금/매출 0% / 현금 2년 연속 감소 / 런웨이 0개월"
81.9,89.5,59,동원테크놀러지(주),00243164,,false,제조업,고무·플라스틱제품,DISTRESS(구조조정형),1079.6,0.109,-47.1,-0.044,313.1,,5.876,0.536,0.2,71.1,8.602,0.247,41,0,UNLISTED_BLIND,,,EBITDA 적자 -47억 / 부채비율 588% (3년 233%p↑) / EBITDA마진 2%→-4% / 3년 순부채 +71억 vs EBITDA합 8억 / 유동비율 54% / 현금/매출 0% / 현금 2년 연속 감소 / 영업적자 2/3년 / 런웨이 0개월
81.8,86.7,63.8,대영전기(주),00918170,,false,제조업,자동차·트레일러,WC_BURN(운전자본형),1073.9,0.108,14.6,0.014,1318.6,90.4,3.586,0.301,5.2,1004.9,9.882,3.541,375,1,UNLISTED_BLIND,,,"순부채/EBITDA 90.4x / 부채비율 359% / EBITDA마진 5%→1% / 3년 순부채 +1,005억 vs EBITDA합 102억 / 매출 1원 성장에 순부채 3.54원 / 유동비율 30% / 현금/매출 0% / 현금 2년 연속 감소 / 영업적자 2/3년 / 런웨이 1개월"
81.4,85.5,64.5,제일폴리캠(주),00934725,,false,제조업,화학물질·화학제품,WC_BURN(운전자본형),544.5,0.16,23.6,0.043,462.7,19.6,7.309,0.346,17.5,354.2,14.514,1.809,126,115,UNLISTED_BLIND,,,순부채/EBITDA 19.6x / 부채비율 731% (3년 545%p↑) / 3년 순부채 +354억 vs EBITDA합 24억 / 매출 1원 성장에 순부채 1.81원 / 유동비율 35% / 현금/매출 3% / 현금 2년 연속 감소 / 영업적자 2/3년
81.4,80.9,72.9,(주)해성푸드원,01448456,,false,제조업,식료품 제조,WC_BURN(운전자본형),811.5,0.118,56.9,0.07,439.1,7.7,3.767,0.714,0.2,235,1.312,1.018,69,,UNLISTED_BLIND,,,순부채/EBITDA 7.7x / 부채비율 377% (3년 97%p↑) / EBITDA마진 11%→7% / 3년 순부채 +235억 vs EBITDA합 179억 / 매출 1원 성장에 순부채 1.02원 / 유동비율 71% / 현금/매출 0% / 현금 2년 연속 감소
81.2,79,75.9,프레시플러스(주),00968023,,false,제조업,식료품 제조,WC_BURN(운전자본형),760.2,0.263,49.2,0.065,388.1,7.9,2.077,0.458,46.5,382.4,2.559,1,117,,UNLISTED_BLIND,,,순부채/EBITDA 7.9x / 부채비율 208% (3년 156%p↑) / EBITDA마진 12%→6% / 3년 순부채 +382억 vs EBITDA합 149억 / 매출 1원 성장에 순부채 1.00원 / 유동비율 46% / 현금 2년 연속 감소
81,84.5,65,일진건설산업(주),01465408,,false,건설업,종합 건설,DISTRESS(구조조정형),2463.6,0.18,-74.2,-0.03,224.7,,19.701,0.942,0.1,220,178.861,0.228,97,0,DISTRESS_EVENT,,,EBITDA 적자 -74억 / 부채비율 1970% (3년 1870%p↑) / EBITDA마진 2%→-3% / 3년 순부채 +220억 vs EBITDA합 1억 / 유동비율 94% / 현금/매출 0% / 현금 2년 연속 감소 / 런웨이 0개월
80.9,69.4,92.5,(주)무주덕유산리조트,00138145,,false,예술·여가,스포츠·오락,WC_BURN(운전자본형),535,0.227,98.1,0.183,1814.1,18.5,5.661,0.054,50.6,360.3,1.041,1.469,139,358,UNLISTED_BLIND,,,순부채/EBITDA 18.5x / 부채비율 566% (3년 148%p↑) / 3년 순부채 +360억 vs EBITDA합 346억 / 매출 1원 성장에 순부채 1.47원 / 유동비율 5% / 영업적자 3/3년
80.4,97.8,38.6,(주)비콘아이앤씨,01310542,,false,제조업,전자부품·컴퓨터·통신장비,DISTRESS(구조조정형),602.9,0.055,-54.3,-0.09,113.8,,5.214,0.68,1.2,102.6,3,1.139,39,0,DISTRESS_EVENT,,,EBITDA 적자 -54억 / 부채비율 521% (3년 465%p↑) / EBITDA마진 1%→-9% / 3년 순부채 +103억 vs EBITDA합 -67억 / 매출 1원 성장에 순부채 1.14원 / 유동비율 68% / 현금/매출 0% / 현금 2년 연속 감소 / 영업적자 2/3년 / 런웨이 0개월
80.1,72,85,(주)화인인터내셔날,00364014,,false,도소매,도매·상품중개,WC_BURN(운전자본형),333,0.17,44.5,0.134,528.3,11.9,266.779,0.214,1.8,209.3,2.918,1.676,79,,DISTRESS_EVENT,,,순부채/EBITDA 11.9x / 부채비율 26678% (3년 25983%p↑) / 3년 순부채 +209억 vs EBITDA합 72억 / 매출 1원 성장에 순부채 1.68원 / 유동비율 21% / 현금/매출 1%
80.1,79.9,70.4,(주)유엔에이엔지니어링,00819189,,false,건설업,전문직별 공사,WC_BURN(운전자본형),1548.9,0.129,49.5,0.032,430,8.7,6.358,1.035,1.3,413.9,2.599,0.877,165,,UNLISTED_BLIND,,,순부채/EBITDA 8.7x / 부채비율 636% (3년 213%p↑) / 3년 순부채 +414억 vs EBITDA합 159억 / 매출 1원 성장에 순부채 0.88원 / 유동비율 103% / 현금/매출 0% / 현금 2년 연속 감소
80.1,93,46.5,농업회사법인대영농원(주),01030318,,false,농림어업,농업,REFI(롤오버형),731.6,-0.014,34.5,0.047,537.3,15.6,3.721,0.526,4.2,238.3,1.997,,48,,UNLISTED_BLIND,,,순부채/EBITDA 15.6x / 부채비율 372% (3년 244%p↑) / EBITDA마진 15%→5% / 3년 순부채 +238억 vs EBITDA합 119억 / 유동비율 53% / 현금/매출 1% / 현금 2년 연속 감소 / 영업적자 2/3년
80,99.1,35,이수건설(주),00115144,,false,건설업,종합 건설,DISTRESS(구조조정형),3722,0.014,-620,-0.167,935,,5.772,0.882,46.5,695.2,3,4.547,393,1,UNLISTED_BLIND,,,"EBITDA 적자 -620억 / 부채비율 577% (3년 321%p↑) / EBITDA마진 -1%→-17% / 3년 순부채 +695억 vs EBITDA합 -1,060억 / 매출 1원 성장에 순부채 4.55원 / 유동비율 88% / 현금/매출 1% / 현금 2년 연속 감소 / 영업적자 3/3년 / 런웨이 1개월"
80,93.7,45,(주)초록마을,00306463,,false,도소매,도매·상품중개,REFI(롤오버형),1787.9,-0.025,5,0.003,198.1,39.3,5.566,0.573,0.6,187.4,3.335,,65,1,DISTRESS_EVENT,,,순부채/EBITDA 39.3x / 부채비율 557% (3년 437%p↑) / 3년 순부채 +187억 vs EBITDA합 56억 / 유동비율 57% / 현금/매출 0% / 현금 2년 연속 감소 / 영업적자 3/3년 / 런웨이 1개월
80,63.7,100,영림산업(주),00816322,,false,제조업,목재·나무제품 제조,WC_BURN(운전자본형),1136.4,0.273,179.8,0.158,1091,6.1,1.874,0.261,37.8,837.3,1.355,1.43,327,,UNLISTED_BLIND,,,순부채/EBITDA 6.1x / EBITDA마진 23%→16% / 3년 순부채 +837억 vs EBITDA합 618억 / 매출 1원 성장에 순부채 1.43원 / 유동비율 26% / 현금/매출 3%
80,90.9,50,에코에너지원(주),01378698,,false,제조업,목재·나무제품 제조,WC_BURN(운전자본형),441.6,0.381,5.3,0.012,490.3,93.1,4.377,0.177,0.1,304.3,3,1.11,131,0,DISTRESS_EVENT,,,순부채/EBITDA 93.1x / 부채비율 438% (3년 299%p↑) / 3년 순부채 +304억 vs EBITDA합 -3억 / 매출 1원 성장에 순부채 1.11원 / 유동비율 18% / 현금/매출 0% / 현금 2년 연속 감소 / 영업적자 3/3년 / 런웨이 0개월
79.4,72.6,81.4,(주)핫시즈너,01075977,,false,도소매,도매·상품중개,GROWTH(성장자금형),1230.1,0.194,71.2,0.058,695.8,9.8,3.752,0.106,12,183.7,1.551,0.362,62,,UNLISTED_BLIND,,,순부채/EBITDA 9.8x / 부채비율 375% (3년 97%p↑) / 3년 순부채 +184억 vs EBITDA합 118억 / 유동비율 11% / 현금/매출 1% / 현금 2년 연속 감소
79.4,66.7,92.5,(주)무신사로지스틱스,01544149,,false,운수·물류,창고·운송관련 서비스,GROWTH(성장자금형),790,0.434,121.1,0.153,538.2,4.4,5.835,0.546,29.6,543.7,3.207,1.041,189,,UNLISTED_BLIND,,,순부채/EBITDA 4.4x / 부채비율 584% (3년 492%p↑) / 3년 순부채 +544억 vs EBITDA합 170억 / 매출 1원 성장에 순부채 1.04원 / 유동비율 55% / 현금/매출 4% / 영업적자 3/3년
79.4,74.8,77.4,케이엘에이취인터내셔날(주),01444371,,false,도소매,도매·상품중개,WC_BURN(운전자본형),616,0.16,42.9,0.07,280.6,6.5,1.857,0.796,17.2,310.9,1.705,1.404,107,,UNLISTED_BLIND,,,순부채/EBITDA 6.5x / EBITDA마진 15%→7% / 3년 순부채 +311억 vs EBITDA합 182억 / 매출 1원 성장에 순부채 1.40원 / 유동비율 80% / 현금/매출 3%
79.3,71.4,83.5,(주)우진산전,00829061,,false,제조업,기타 운송장비,WC_BURN(운전자본형),5448.6,0.166,444.3,0.082,3668.6,8.3,4.352,1.277,240.5,3290.5,4.247,1.639,1223,,UNLISTED_BLIND,,,"순부채/EBITDA 8.3x / 부채비율 435% (3년 80%p↑) / 3년 순부채 +3,290억 vs EBITDA합 775억 / 매출 1원 성장에 순부채 1.64원 / 현금/매출 4% / 현금 2년 연속 감소"
79.3,97.2,36.2,(주)아이언오토,01352511,,false,도소매,자동차·부품 판매,DISTRESS(구조조정형),361.2,0.09,-28,-0.077,262.2,,6.516,0.34,5.1,78.3,3,0.952,35,1,UNLISTED_BLIND,,,EBITDA 적자 -28억 / 부채비율 652% (3년 2766%p↑) / EBITDA마진 0%→-8% / 3년 순부채 +78억 vs EBITDA합 -22억 / 매출 1원 성장에 순부채 0.95원 / 유동비율 34% / 현금/매출 1% / 현금 2년 연속 감소 / 영업적자 2/3년 / 런웨이 1개월
79,65.9,92.5,(주)투게더홀딩스,01154399,,false,건설업,종합 건설,WC_BURN(운전자본형),777,0.577,98.8,0.127,2122,21.5,92.796,1.01,159.3,1201.2,2.261,2.075,537,51,DISTRESS_EVENT,,,"순부채/EBITDA 21.5x / 부채비율 9280% (3년 8253%p↑) / 3년 순부채 +1,201억 vs EBITDA합 531억 / 매출 1원 성장에 순부채 2.07원 / 유동비율 101% / 현금 2년 연속 감소"
79,66.8,90.9,(주)대승글로벌,01138559,,false,건설업,종합 건설,WC_BURN(운전자본형),538.1,2.168,61.7,0.115,969.9,15.7,6.576,1.97,26,813.9,6.456,1.562,391,78,UNLISTED_BLIND,,,순부채/EBITDA 15.7x / 부채비율 658% (3년 464%p↑) / 3년 순부채 +814억 vs EBITDA합 126억 / 매출 1원 성장에 순부채 1.56원 / 현금/매출 5% / 현금 2년 연속 감소
79,70,85,(주)아이뱅크,01484689,,false,정보통신,출판업,WC_BURN(운전자본형),322.2,0.181,43.7,0.136,319.5,7.3,5.37,0.792,17.8,323.5,3.949,2.552,128,,UNLISTED_BLIND,,,순부채/EBITDA 7.3x / 부채비율 537% (3년 378%p↑) / 3년 순부채 +324억 vs EBITDA합 82억 / 매출 1원 성장에 순부채 2.55원 / 유동비율 79%
78.9,88.5,50.6,인팩이피엠(주),00970851,,false,제조업,자동차·트레일러,DISTRESS(구조조정형),2131.3,0.052,-73.8,-0.035,572.7,,3.59,0.394,2.2,322,10.634,1.064,142,0,UNLISTED_BLIND,,,EBITDA 적자 -74억 / 부채비율 359% (3년 81%p↑) / EBITDA마진 2%→-3% / 3년 순부채 +322억 vs EBITDA합 30억 / 매출 1원 성장에 순부채 1.06원 / 유동비율 39% / 현금/매출 0% / 런웨이 0개월
78.8,84.7,57.5,우성에스이(주),01069134,,false,제조업,의료·정밀·광학기기,DISTRESS(구조조정형),515.7,0.432,-13.4,-0.026,164.8,,7.033,0.757,2.6,78.8,9.069,0.232,31,1,UNLISTED_BLIND,,,EBITDA 적자 -13억 / 부채비율 703% (3년 515%p↑) / EBITDA마진 4%→-3% / 3년 순부채 +79억 vs EBITDA합 9억 / 유동비율 76% / 현금/매출 1% / 런웨이 1개월
78.8,91.4,45,주)서원테크,01353796,,false,제조업,섬유제품 제조,DISTRESS(구조조정형),338.6,0.224,-39.4,-0.116,280.3,,10.407,0.65,15.7,84.6,3,0.549,39,3,DISTRESS_EVENT,,,EBITDA 적자 -39억 / 부채비율 1041% (3년 778%p↑) / EBITDA마진 1%→-12% / 3년 순부채 +85억 vs EBITDA합 -42억 / 매출 1원 성장에 순부채 0.55원 / 유동비율 65% / 현금/매출 5% / 현금 2년 연속 감소 / 영업적자 2/3년 / 런웨이 3개월
78.7,93.1,41.7,성환유통(주),01029783,,false,도소매,소매(자동차 제외),REFI(롤오버형),396.7,0.06,7.7,0.019,439.3,57.1,5.759,0.261,14.3,178.1,2.515,2.804,62,10,UNLISTED_BLIND,,,순부채/EBITDA 57.1x / 부채비율 576% (3년 190%p↑) / EBITDA마진 9%→2% / 3년 순부채 +178억 vs EBITDA합 71억 / 매출 1원 성장에 순부채 2.80원 / 유동비율 26% / 현금/매출 4% / 현금 2년 연속 감소 / 런웨이 10개월
78.7,71.2,81.8,갤럭시아코퍼레이션(주),00929705,,false,도소매,소매(자동차 제외),WC_BURN(운전자본형),884.7,0.271,74.6,0.084,575.7,7.7,12.887,1.242,5.9,541.1,3.639,1.191,213,,DISTRESS_EVENT,,,순부채/EBITDA 7.7x / 부채비율 1289% (3년 930%p↑) / 3년 순부채 +541억 vs EBITDA합 149억 / 매출 1원 성장에 순부채 1.19원 / 현금/매출 1%
78.6,91.1,45,(주)큐로드,01553767,,false,정보통신,출판업,DISTRESS(구조조정형),322.9,0.232,-0.1,0,102.1,,44.413,0.427,25.4,100.5,3.898,0.669,30,54,UNLISTED_BLIND,,,EBITDA 적자 -0억 / 부채비율 4441% (3년 3497%p↑) / EBITDA마진 7%→-0% / 3년 순부채 +100억 vs EBITDA합 26억 / 매출 1원 성장에 순부채 0.67원 / 유동비율 43% / 현금 2년 연속 감소 / 영업적자 2/3년
78.5,68.7,85.8,(주)더캐리,01552218,,false,제조업,의복·모피 제조,WC_BURN(운전자본형),1336.6,0.325,97.1,0.073,629.3,6.5,1.928,1.019,68.6,610.7,1.459,0.801,200,,UNLISTED_BLIND,,,순부채/EBITDA 6.5x / EBITDA마진 16%→7% / 3년 순부채 +611억 vs EBITDA합 419억 / 매출 1원 성장에 순부채 0.80원 / 유동비율 102%
78.4,95.5,36.1,(주)태양에스씨알,01294183,,false,제조업,전기장비,DISTRESS(구조조정형),348.1,0.055,-41.6,-0.119,394.6,,5.304,0.266,6,260.7,24.288,5.01,107,1,DISTRESS_EVENT,,,EBITDA 적자 -42억 / 부채비율 530% (3년 255%p↑) / EBITDA마진 9%→-12% / 3년 순부채 +261억 vs EBITDA합 11억 / 매출 1원 성장에 순부채 5.01원 / 유동비율 27% / 현금/매출 2% / 현금 2년 연속 감소 / 런웨이 1개월
78.3,75.8,72.1,(주)나무유통,01637306,,false,도소매,소매(자동차 제외),WC_BURN(운전자본형),324.1,0.191,24.9,0.077,300,12,10.301,0.189,11,198,4.295,1.497,71,,UNLISTED_BLIND,,,순부채/EBITDA 12.0x / 부채비율 1030% (3년 700%p↑) / 3년 순부채 +198억 vs EBITDA합 46억 / 매출 1원 성장에 순부채 1.50원 / 유동비율 19% / 현금/매출 3%
78.3,86.3,52.7,(주)동서기공,01213373,,false,제조업,기타 운송장비,REFI(롤오버형),4100.5,0.059,95.1,0.023,1743.8,18.3,5.214,0.396,31,565.3,2.848,0.866,184,460,UNLISTED_BLIND,,,순부채/EBITDA 18.3x / 부채비율 521% (3년 319%p↑) / 3년 순부채 +565억 vs EBITDA합 198억 / 매출 1원 성장에 순부채 0.87원 / 유동비율 40% / 현금/매출 1% / 현금 2년 연속 감소 / 영업적자 2/3년
78.3,86.7,51.9,(주)대한종건,01377112,,false,건설업,종합 건설,DISTRESS(구조조정형),1756.5,0.061,-78.3,-0.045,131.5,,8.499,0.671,1,53.5,11.171,0.187,36,0,DISTRESS_EVENT,,,EBITDA 적자 -78억 / 부채비율 850% (3년 481%p↑) / EBITDA마진 2%→-4% / 3년 순부채 +54억 vs EBITDA합 5억 / 유동비율 67% / 현금/매출 0% / 현금 2년 연속 감소 / 런웨이 0개월
78.2,76.5,70.4,핸즈식스(주),00951795,,false,제조업,자동차·트레일러,WC_BURN(운전자본형),2515,0.076,145.2,0.058,1385.2,9.5,2.189,0.881,17.6,855.9,1.614,1.729,298,,DISTRESS_EVENT,,,순부채/EBITDA 9.5x / 부채비율 219% (3년 126%p↑) / EBITDA마진 9%→6% / 3년 순부채 +856억 vs EBITDA합 530억 / 매출 1원 성장에 순부채 1.73원 / 유동비율 88% / 현금/매출 1% / 현금 2년 연속 감소
78.2,71.5,79.6,튤립인터내셔널(주),00838582,,false,제조업,음료 제조,WC_BURN(운전자본형),419.8,0.136,45.8,0.109,499.3,10.9,4.979,0.437,39.2,188.7,1.317,1.418,54,,UNLISTED_BLIND,,,순부채/EBITDA 10.9x / 부채비율 498% (3년 255%p↑) / 3년 순부채 +189억 vs EBITDA합 143억 / 매출 1원 성장에 순부채 1.42원 / 유동비율 44% / 현금 2년 연속 감소
78.2,83.6,57.5,(주)로지스마일,01483389,,false,운수·물류,창고·운송관련 서비스,DISTRESS(구조조정형),617.7,0.348,-4.5,-0.007,67.7,,13.276,0.674,4.2,10,1.441,0.027,3,6,UNLISTED_BLIND,,,EBITDA 적자 -4억 / 부채비율 1328% (3년 1012%p↑) / EBITDA마진 2%→-1% / 3년 순부채 +10억 vs EBITDA합 7억 / 유동비율 67% / 현금/매출 1% / 현금 2년 연속 감소 / 영업적자 2/3년 / 런웨이 6개월
78.1,74.3,74.1,(주)푸드엔,01071306,,false,도소매,도매·상품중개,WC_BURN(운전자본형),1314.1,0.214,44.2,0.034,544.9,12.3,2.501,0.256,19.3,415.3,3.927,0.717,158,,UNLISTED_BLIND,,,순부채/EBITDA 12.3x / 부채비율 250% (3년 145%p↑) / 3년 순부채 +415억 vs EBITDA합 106억 / 매출 1원 성장에 순부채 0.72원 / 유동비율 26% / 현금/매출 1% / 현금 2년 연속 감소
78.1,79.2,65,씨앤에스유통(주),01328994,,false,도소매,소매(자동차 제외),DISTRESS(구조조정형),1861.5,0.213,-25.8,-0.014,75.2,,10.338,0.507,1.2,42.9,1.968,0.052,31,0,UNLISTED_BLIND,,,EBITDA 적자 -26억 / 부채비율 1034% (3년 195%p↑) / EBITDA마진 1%→-1% / 3년 순부채 +43억 vs EBITDA합 22억 / 유동비율 51% / 현금/매출 0% / 런웨이 0개월
78,74.5,73.5,장금마리타임(주),00767053,,false,운수·물류,수상 운송,WC_BURN(운전자본형),15118.1,0.778,1005.4,0.067,11574.9,11.5,4.346,0.424,185.4,6464.8,1.063,0.52,1794,,UNLISTED_BLIND,,,"순부채/EBITDA 11.5x / 부채비율 435% (3년 50%p↑) / EBITDA마진 28%→7% / 3년 순부채 +6,465억 vs EBITDA합 6,082억 / 매출 1원 성장에 순부채 0.52원 / 유동비율 42% / 현금/매출 1% / 현금 2년 연속 감소"
77.9,90.6,43.4,(주)동천수,01153770,,false,제조업,음료 제조,WC_BURN(운전자본형),395.9,0.071,4,0.01,592.4,147,2.014,0.198,4.5,547.9,7.976,7.411,201,2,UNLISTED_BLIND,,,순부채/EBITDA 147.0x / 부채비율 201% (3년 171%p↑) / EBITDA마진 12%→1% / 3년 순부채 +548억 vs EBITDA합 69억 / 매출 1원 성장에 순부채 7.41원 / 유동비율 20% / 현금/매출 1% / 현금 2년 연속 감소 / 영업적자 2/3년 / 런웨이 2개월
77.9,77.3,68.1,(주)우리홀푸드마트,01374799,,false,도소매,소매(자동차 제외),WC_BURN(운전자본형),805.7,0.09,54.9,0.068,581.1,10.6,5.086,0.289,2.9,521.4,4.146,2.841,190,,DISTRESS_EVENT,,,순부채/EBITDA 10.6x / 부채비율 509% (3년 240%p↑) / 3년 순부채 +521억 vs EBITDA합 126억 / 매출 1원 성장에 순부채 2.84원 / 유동비율 29% / 현금/매출 0%
77.8,85.4,52.6,메이저월드(주),01398920,,false,도소매,도매·상품중개,DISTRESS(구조조정형),583.5,0.117,-60,-0.103,214.7,,5.496,0.92,8.2,104.4,11.863,0.635,47,1,UNLISTED_BLIND,,,EBITDA 적자 -60억 / 부채비율 550% (3년 328%p↑) / EBITDA마진 7%→-10% / 3년 순부채 +104억 vs EBITDA합 9억 / 매출 1원 성장에 순부채 0.64원 / 유동비율 92% / 현금/매출 1% / 런웨이 1개월
77.8,76,70,(주)부산케이블앤엔지니어링,01468742,,false,제조업,1차 금속,TIGHT(유동성형),1872.9,0.36,6.1,0.003,476.4,77.5,7.265,0.765,53.7,317.8,1.756,0.282,182,32,UNLISTED_BLIND,,,순부채/EBITDA 77.5x / 부채비율 727% (3년 8336%p↑) / 3년 순부채 +318억 vs EBITDA합 181억 / 유동비율 77% / 현금/매출 3%
77.7,81.4,59.8,부국산업(주),00123754,,false,전기·가스·환경,폐기물 처리·자원재생,WC_BURN(운전자본형),1205.7,0.1,32.9,0.027,498.8,15.1,3.402,0.885,3.7,208.2,4.187,0.695,87,,UNLISTED_BLIND,,,순부채/EBITDA 15.1x / 부채비율 340% (3년 101%p↑) / 3년 순부채 +208억 vs EBITDA합 50억 / 매출 1원 성장에 순부채 0.69원 / 유동비율 89% / 현금/매출 0% / 현금 2년 연속 감소 / 영업적자 3/3년
77.7,72.2,76.7,우성파워텍(주),00818302,,false,제조업,전기장비,WC_BURN(운전자본형),1162.9,0.1,77.7,0.067,511.7,6.6,3.801,0.534,0.8,270.5,1.607,0.937,98,,UNLISTED_BLIND,,,순부채/EBITDA 6.6x / 부채비율 380% (3년 88%p↑) / 3년 순부채 +270억 vs EBITDA합 168억 / 매출 1원 성장에 순부채 0.94원 / 유동비율 53% / 현금/매출 0%
77.7,59.5,100,한아건설(주),01082250,,false,건설업,종합 건설,GROWTH(성장자금형),1436.5,0.589,321.8,0.224,4086.7,12.7,4.454,2.137,19.5,3043.2,3.332,2.823,1372,,UNLISTED_BLIND,,,"순부채/EBITDA 12.7x / 부채비율 445% (3년 124%p↑) / 3년 순부채 +3,043억 vs EBITDA합 913억 / 매출 1원 성장에 순부채 2.82원 / 현금/매출 1%"
77.7,70,80.5,농업회사법인(주)영풍,01152975,,false,제조업,식료품 제조,WC_BURN(운전자본형),454.3,0.14,49.9,0.11,770,15.4,4.204,1.066,33.1,601.5,4.055,4.067,216,,UNLISTED_BLIND,,,순부채/EBITDA 15.4x / 부채비율 420% (3년 159%p↑) / EBITDA마진 14%→11% / 3년 순부채 +602억 vs EBITDA합 148억 / 매출 1원 성장에 순부채 4.07원 / 유동비율 107%
77.7,65.8,88.2,(주)피라인모터스,01487206,,false,제조업,전기장비,GROWTH(성장자금형),1719.3,0.973,138.4,0.081,824.3,6,27.681,0.754,73.4,838.3,3.242,0.561,292,,DISTRESS_EVENT,,,순부채/EBITDA 6.0x / 부채비율 2768% (3년 2544%p↑) / 3년 순부채 +838억 vs EBITDA합 259억 / 매출 1원 성장에 순부채 0.56원 / 유동비율 75% / 현금/매출 4%
77.6,84.1,54.4,(주)티모넷,00864763,,false,정보통신,출판업,WC_BURN(운전자본형),310.2,0.146,5.2,0.017,40.2,7.7,7.633,0.612,36.8,86.2,3.647,0.828,20,,UNLISTED_BLIND,,,순부채/EBITDA 7.7x / 부채비율 763% (3년 596%p↑) / 3년 순부채 +86억 vs EBITDA합 24억 / 매출 1원 성장에 순부채 0.83원 / 유동비율 61% / 현금 2년 연속 감소 / 영업적자 3/3년
77.5,70.5,79,DL케미칼(주),01524817,,false,제조업,화학물질·화학제품,WC_BURN(운전자본형),49240.2,0.453,6044.8,0.123,43434.3,7.2,3.395,1.095,2711.1,45407.8,3.147,1.368,17397,,IN_MOTION,2025-08-11,유상증자결정,순부채/EBITDA 7.2x / 부채비율 340% (3년 262%p↑) / 3년 순부채 +4.5조 vs EBITDA합 1.4조 / 매출 1원 성장에 순부채 1.37원 / 유동비율 110% / 현금 2년 연속 감소
77.4,86.1,50,케이테크코리아,01447280,,false,제조업,금속가공제품,DISTRESS(구조조정형),428.2,0.418,-116.3,-0.271,378.5,,21.991,0.26,1.4,159.3,3,0.573,88,0,DISTRESS_EVENT,,,EBITDA 적자 -116억 / 부채비율 2199% (3년 2055%p↑) / EBITDA마진 8%→-27% / 3년 순부채 +159억 vs EBITDA합 -69억 / 매출 1원 성장에 순부채 0.57원 / 유동비율 26% / 현금/매출 0% / 런웨이 0개월
77.3,81.6,57.9,하이테크판넬(주),01285468,,false,제조업,금속가공제품,WC_BURN(운전자본형),536.8,0.109,13.3,0.025,247.6,18.6,3.85,0.389,11.4,180.9,3.381,1.266,65,485,UNLISTED_BLIND,,,순부채/EBITDA 18.6x / 부채비율 385% / EBITDA마진 5%→2% / 3년 순부채 +181억 vs EBITDA합 53억 / 매출 1원 성장에 순부채 1.27원 / 유동비율 39% / 현금/매출 2% / 현금 2년 연속 감소
77.2,58.5,100,(주)유한화학,00145145,,false,제조업,의료용물질·의약품,WC_BURN(운전자본형),2122.8,0.154,271,0.128,2238.9,8.3,1.695,0.962,115.1,1430.9,2.509,1.932,474,,UNLISTED_BLIND,,,"순부채/EBITDA 8.3x / 3년 순부채 +1,431억 vs EBITDA합 570억 / 매출 1원 성장에 순부채 1.93원 / 유동비율 96%"
77.1,91.1,40,바스프퍼포먼스폴리아마이드코리아(주),00299491,,false,제조업,화학물질·화학제품,REFI(롤오버형),4208.7,-0.065,26.3,0.006,514.1,19.6,2.971,0.989,152.3,906.1,2.514,,176,915,UNLISTED_BLIND,,,순부채/EBITDA 19.6x / 부채비율 297% (3년 176%p↑) / EBITDA마진 9%→1% / 3년 순부채 +906억 vs EBITDA합 361억 / 유동비율 99% / 현금/매출 4% / 현금 2년 연속 감소 / 영업적자 2/3년
77.1,65.2,87.5,(주)서한사,00131522,,false,숙박·음식,숙박업,WC_BURN(운전자본형),533.4,1.575,109.2,0.205,1474.5,13.5,2.872,0.116,7.2,395.3,3.115,0.787,369,,UNLISTED_BLIND,,,순부채/EBITDA 13.5x / 부채비율 287% (3년 57%p↑) / 3년 순부채 +395억 vs EBITDA합 127억 / 매출 1원 성장에 순부채 0.79원 / 유동비율 12% / 현금/매출 1% / 영업적자 2/3년
77.1,76.8,66.1,(주)쓰리나인,00619695,,false,제조업,전자부품·컴퓨터·통신장비,WC_BURN(운전자본형),634.7,0.082,41.6,0.066,386.4,9.3,3.712,0.667,23.8,213.7,1.594,1.601,73,,UNLISTED_BLIND,,,순부채/EBITDA 9.3x / 부채비율 371% / EBITDA마진 9%→7% / 3년 순부채 +214억 vs EBITDA합 134억 / 매출 1원 성장에 순부채 1.60원 / 유동비율 67% / 현금/매출 4% / 현금 2년 연속 감소
77,80.1,59.8,(주)유진정공,00448848,,false,제조업,자동차·트레일러,WC_BURN(운전자본형),453.2,0.27,16.3,0.036,183.7,11.3,10.263,0.528,2.3,127.7,2.453,0.551,53,,UNLISTED_BLIND,,,순부채/EBITDA 11.3x / 부채비율 1026% (3년 785%p↑) / 3년 순부채 +128억 vs EBITDA합 52억 / 매출 1원 성장에 순부채 0.55원 / 유동비율 53% / 현금/매출 1% / 영업적자 2/3년
77,85.8,49.4,(주)에프엠케이,00683247,,false,도소매,자동차·부품 판매,REFI(롤오버형),2187.4,-0.014,68.9,0.032,630.4,9.2,4.37,1.045,4.4,605,2.404,,212,,UNLISTED_BLIND,,,순부채/EBITDA 9.2x / 부채비율 437% (3년 228%p↑) / 3년 순부채 +605억 vs EBITDA합 252억 / 유동비율 105% / 현금/매출 0% / 현금 2년 연속 감소 / 영업적자 2/3년
77,68.1,81.9,(주)제노스,00916136,,false,제조업,의료용물질·의약품,WC_BURN(운전자본형),545.3,0.126,52.7,0.097,391.9,7.4,2.344,0.741,10.8,215.5,1.262,1.322,73,,UNLISTED_BLIND,,,순부채/EBITDA 7.4x / 부채비율 234% / EBITDA마진 14%→10% / 3년 순부채 +216억 vs EBITDA합 171억 / 매출 1원 성장에 순부채 1.32원 / 유동비율 74% / 현금/매출 2%
76.9,84.1,52.3,일성건설,00184995,,false,건설업,종합 건설,DISTRESS(구조조정형),5003.8,0.063,-376.8,-0.075,1114.5,,4.544,0.827,206.3,255,3,0.303,132,6,DISTRESS_EVENT,,,EBITDA 적자 -377억 / 부채비율 454% (3년 208%p↑) / EBITDA마진 3%→-8% / 3년 순부채 +255억 vs EBITDA합 -144억 / 유동비율 83% / 현금/매출 4% / 런웨이 6개월
76.9,72.1,74.2,대상웰라이프(주),01307733,,false,제조업,식료품 제조,WC_BURN(운전자본형),3026.8,0.146,108.7,0.036,1370.2,12.6,4.34,0.878,202.5,845.9,2.001,0.831,202,,UNLISTED_BLIND,,,순부채/EBITDA 12.6x / 부채비율 434% (3년 58%p↑) / EBITDA마진 6%→4% / 3년 순부채 +846억 vs EBITDA합 423억 / 매출 1원 성장에 순부채 0.83원 / 유동비율 88%
76.8,67,83.3,(주)풀무원푸드앤컬처,00231336,,false,숙박·음식,음식점·주점,GROWTH(성장자금형),6809.5,0.153,438.4,0.064,2841.1,6.5,16.362,0.488,123.4,593.8,0.632,0.251,229,,UNLISTED_BLIND,,,순부채/EBITDA 6.5x / 부채비율 1636% (3년 654%p↑) / 3년 순부채 +594억 vs EBITDA합 940억 / 유동비율 49% / 현금/매출 2% / 현금 2년 연속 감소 / 영업적자 2/3년
76.8,88,44.8,(주)에버코스,00410614,,false,제조업,화학물질·화학제품,REFI(롤오버형),1006.7,0.013,12.1,0.012,171,14.1,10.748,0.725,10.7,35,5.791,0.95,4,,DISTRESS_EVENT,,,순부채/EBITDA 14.1x / 부채비율 1075% (3년 684%p↑) / 3년 순부채 +35억 vs EBITDA합 6억 / 매출 1원 성장에 순부채 0.95원 / 유동비율 72% / 현금/매출 1% / 영업적자 3/3년
76.8,73.6,71.2,(주)한토건설,00770260,,false,도소매,도매·상품중개,WC_BURN(운전자본형),914.5,2.38,44.9,0.049,1013.3,22.5,18.462,0.628,45.2,595.8,4.911,0.669,537,38,UNLISTED_BLIND,,,순부채/EBITDA 22.5x / 부채비율 1846% (3년 861%p↑) / 3년 순부채 +596억 vs EBITDA합 121억 / 매출 1원 성장에 순부채 0.67원 / 유동비율 63% / 현금/매출 5%
76.8,77,64.8,(주)유탑건설,00965503,,false,건설업,종합 건설,TIGHT(유동성형),2753.3,0.114,10.1,0.004,587.1,57.9,1.443,0.715,8.9,326.9,3.995,0.428,81,5,DISTRESS_EVENT,,,순부채/EBITDA 57.9x / EBITDA마진 4%→0% / 3년 순부채 +327억 vs EBITDA합 82억 / 유동비율 71% / 현금/매출 0% / 현금 2년 연속 감소 / 영업적자 2/3년 / 런웨이 5개월
76.8,78.8,61.4,(주)하이그라운드,01388455,,false,정보통신,영상·오디오 제작·배급,DISTRESS(구조조정형),625.3,0.185,31.2,0.05,382,12.3,38.141,0.815,99.8,386.9,15.937,1.55,85,,UNLISTED_BLIND,,,순부채/EBITDA 12.3x / 부채비율 3814% (3년 3660%p↑) / 3년 순부채 +387억 vs EBITDA합 24억 / 매출 1원 성장에 순부채 1.55원 / 유동비율 81% / 현금 2년 연속 감소 / 영업적자 2/3년
76.7,95.7,30.3,(주)동희산기,00534048,,false,제조업,기타 기계·장비,DISTRESS(구조조정형),496.2,0.05,-38.5,-0.078,190.8,,4.528,0.815,5.2,56.1,3,0.828,34,1,DISTRESS_EVENT,,,EBITDA 적자 -39억 / 부채비율 453% (3년 218%p↑) / EBITDA마진 -1%→-8% / 3년 순부채 +56억 vs EBITDA합 -60억 / 매출 1원 성장에 순부채 0.83원 / 유동비율 81% / 현금/매출 1% / 현금 2년 연속 감소 / 영업적자 2/3년 / 런웨이 1개월
76.7,97.1,27.5,레고랜드코리아유한회사,01502134,,false,예술·여가,스포츠·오락,DISTRESS(구조조정형),494.5,,-91.8,-0.186,1301.6,,7.686,0.058,14.9,1342.9,3,2.716,481,1,DISTRESS_EVENT,,,"EBITDA 적자 -92억 / 부채비율 769% (3년 354%p↑) / EBITDA마진 2%→-19% / 3년 순부채 +1,343억 vs EBITDA합 -158억 / 매출 1원 성장에 순부채 2.72원 / 유동비율 6% / 현금/매출 3% / 영업적자 3/3년 / 런웨이 1개월"
76.7,78.1,62.5,(주)케이에스팜,01564055,,false,도소매,도매·상품중개,TIGHT(유동성형),631.3,0.228,3.9,0.006,62.3,15.9,74.832,0.702,0.4,24.4,2.591,0.084,10,77,UNLISTED_BLIND,,,순부채/EBITDA 15.9x / 부채비율 7483% (3년 4636%p↑) / 3년 순부채 +24억 vs EBITDA합 9억 / 유동비율 70% / 현금/매출 0% / 현금 2년 연속 감소
76.6,90.7,39,(주)우신버스,00249654,,false,운수·물류,육상운송·파이프라인,REFI(롤오버형),367.1,0.041,5.8,0.016,185.2,32,5.293,0.558,12,132.2,3.374,3.154,50,33,UNLISTED_BLIND,,,순부채/EBITDA 32.0x / 부채비율 529% (3년 369%p↑) / EBITDA마진 6%→2% / 3년 순부채 +132억 vs EBITDA합 39억 / 매출 1원 성장에 순부채 3.15원 / 유동비율 56% / 현금/매출 3% / 영업적자 2/3년
76.5,79.6,59,일심알맥스(주),00239204,,false,제조업,1차 금속,WC_BURN(운전자본형),507.7,0.076,22.7,0.045,325.7,14.4,3.513,0.478,2.8,158.7,1.671,1.585,64,,UNLISTED_BLIND,,,순부채/EBITDA 14.4x / 부채비율 351% (3년 139%p↑) / 3년 순부채 +159억 vs EBITDA합 95억 / 매출 1원 성장에 순부채 1.58원 / 유동비율 48% / 현금/매출 1%
76.4,70.7,75.2,(주)서울유니온약품,00875121,,false,도소매,도매·상품중개,TIGHT(유동성형),6109.2,0.287,228.4,0.037,1713.8,7.5,4.455,0.741,98.5,1269.5,2.487,0.392,504,,UNLISTED_BLIND,,,"순부채/EBITDA 7.5x / 부채비율 445% (3년 219%p↑) / 3년 순부채 +1,270억 vs EBITDA합 510억 / 유동비율 74% / 현금/매출 2%"
76.4,92.6,35,(주)다산네트웍솔루션즈,01083736,,false,제조업,전자부품·컴퓨터·통신장비,DISTRESS(구조조정형),1390.1,-0.115,-292,-0.21,320.6,,410.409,0.969,49.6,431.2,3,,184,2,UNLISTED_BLIND,,,EBITDA 적자 -292억 / 부채비율 41041% (3년 40941%p↑) / EBITDA마진 -5%→-21% / 3년 순부채 +431억 vs EBITDA합 -526억 / 유동비율 97% / 현금/매출 4% / 영업적자 3/3년 / 런웨이 2개월
76.4,59.8,95,에어프레미아(주),01380727,,false,운수·물류,항공 운송,GROWTH(성장자금형),4916.3,4.787,898.1,0.183,5423.2,6,29.886,0.71,787.8,4327.7,3.674,0.885,1949,,DISTRESS_EVENT,,,"순부채/EBITDA 6.0x / 부채비율 2989% (3년 2070%p↑) / 3년 순부채 +4,328억 vs EBITDA합 1,178억 / 매출 1원 성장에 순부채 0.88원 / 유동비율 71%"
76.4,71.9,72.9,(주)태강스틸,01473391,,false,제조업,자동차·트레일러,WC_BURN(운전자본형),490.1,0.24,39,0.08,309.9,7.9,3.388,0.577,4.3,188.3,2.415,0.809,72,,UNLISTED_BLIND,,,순부채/EBITDA 7.9x / 부채비율 339% (3년 142%p↑) / 3년 순부채 +188억 vs EBITDA합 78억 / 매출 1원 성장에 순부채 0.81원 / 유동비율 58% / 현금/매출 1%
76.4,65.2,85,(주)와이즈벨류,01477935,,false,도소매,도매·상품중개,WC_BURN(운전자본형),384.5,0.229,59.3,0.154,733.8,12.4,13.076,0.164,18.1,359.6,2.968,2.029,135,,UNLISTED_BLIND,,,순부채/EBITDA 12.4x / 부채비율 1308% / 3년 순부채 +360억 vs EBITDA합 121억 / 매출 1원 성장에 순부채 2.03원 / 유동비율 16% / 현금/매출 5% / 현금 2년 연속 감소
76.4,81.3,55.5,서림철강(주),01544042,,false,제조업,금속가공제품,WC_BURN(운전자본형),856.3,0.103,16.7,0.02,324.4,19.4,4.532,1.068,6.6,288.4,6.185,1.325,113,21,UNLISTED_BLIND,,,순부채/EBITDA 19.4x / 부채비율 453% (3년 276%p↑) / 3년 순부채 +288억 vs EBITDA합 47억 / 매출 1원 성장에 순부채 1.33원 / 유동비율 107% / 현금/매출 1% / 현금 2년 연속 감소 / 런웨이 21개월
76.3,71.1,74,(주)그랜드관광호텔,00203078,,false,숙박·음식,숙박업,WC_BURN(운전자본형),330.1,0.158,33,0.1,1014.5,30.8,2.358,0.432,0.4,176.5,5.937,1.502,72,0,UNLISTED_BLIND,,,순부채/EBITDA 30.8x / 부채비율 236% (3년 80%p↑) / 3년 순부채 +177억 vs EBITDA합 30억 / 매출 1원 성장에 순부채 1.50원 / 유동비율 43% / 현금/매출 0% / 현금 2년 연속 감소 / 런웨이 0개월
76.3,95,30,(주)디알액시온,00200442,,false,제조업,자동차·트레일러,DISTRESS(구조조정형),1312.9,-0.104,-100.9,-0.077,980.6,,3.385,0.647,38.6,74.6,3,,110,3,UNLISTED_BLIND,,,EBITDA 적자 -101억 / 부채비율 339% (3년 90%p↑) / EBITDA마진 -1%→-8% / 3년 순부채 +75억 vs EBITDA합 -225억 / 유동비율 65% / 현금/매출 3% / 현금 2년 연속 감소 / 영업적자 3/3년 / 런웨이 3개월
76.3,69.3,77.3,(주)진원,00822837,,false,건설업,종합 건설,WC_BURN(운전자본형),397.1,0.097,50.9,0.128,479.7,9.4,2.514,0.432,3,286.9,2.078,2.971,102,,UNLISTED_BLIND,,,순부채/EBITDA 9.4x / 부채비율 251% (3년 75%p↑) / 3년 순부채 +287억 vs EBITDA합 138억 / 매출 1원 성장에 순부채 2.97원 / 유동비율 43% / 현금/매출 1% / 현금 2년 연속 감소
76.3,57.1,99.8,대방산업개발(주),00606026,,false,건설업,종합 건설,GROWTH(성장자금형),3745.3,0.148,628.1,0.168,5254.8,8.4,3.185,1.255,315.8,3923.6,2.156,3.085,1355,,UNLISTED_BLIND,,,"순부채/EBITDA 8.4x / 부채비율 318% (3년 142%p↑) / 3년 순부채 +3,924억 vs EBITDA합 1,820억 / 매출 1원 성장에 순부채 3.08원"
76.3,81.4,55,(주)직방,01134766,,false,정보통신,출판업,DISTRESS(구조조정형),1202.5,0.379,-278,-0.231,817.9,,1.105,0.855,424.2,1472.2,3,1.978,257,16,UNLISTED_BLIND,,,"EBITDA 적자 -278억 / EBITDA마진 -13%→-23% / 3년 순부채 +1,472억 vs EBITDA합 -650억 / 매출 1원 성장에 순부채 1.98원 / 유동비율 85% / 현금 2년 연속 감소 / 영업적자 3/3년 / 런웨이 16개월"
76.2,91.1,37,(주)천마종합건설,01213896,,false,건설업,종합 건설,DISTRESS(구조조정형),547.2,0.011,-75.4,-0.138,596.7,,20.796,0.983,4.4,530.7,3,31.274,209,0,DISTRESS_EVENT,,,EBITDA 적자 -75억 / 부채비율 2080% (3년 1887%p↑) / EBITDA마진 5%→-14% / 3년 순부채 +531억 vs EBITDA합 -24억 / 매출 1원 성장에 순부채 31.27원 / 유동비율 98% / 현금/매출 1% / 런웨이 0개월
76.1,87.1,44.1,(주)갈라인터내셔널,00809960,,false,도소매,소매(자동차 제외),REFI(롤오버형),1890.4,0.008,8,0.004,394.2,49.5,5.355,0.834,0.8,181.1,5.72,3.966,60,1,UNLISTED_BLIND,,,순부채/EBITDA 49.5x / 부채비율 536% (3년 347%p↑) / 3년 순부채 +181억 vs EBITDA합 32억 / 매출 1원 성장에 순부채 3.97원 / 유동비율 83% / 현금/매출 0% / 영업적자 2/3년 / 런웨이 1개월
76.1,66.1,82.5,중흥산업개발(주),00916899,,false,건설업,종합 건설,REFI(롤오버형),1796.1,,233,0.13,3151,13.5,3.031,1.566,79.2,2474,1.942,1.377,914,,UNLISTED_BLIND,,,"순부채/EBITDA 13.5x / 부채비율 303% (3년 159%p↑) / EBITDA마진 29%→13% / 3년 순부채 +2,474억 vs EBITDA합 1,274억 / 매출 1원 성장에 순부채 1.38원 / 현금/매출 4%"
76.1,78.3,60,엔에이치엔커머스(주),01281499,,false,정보통신,출판업,DISTRESS(구조조정형),1605.6,0.684,-267.3,-0.166,208.6,,2.519,0.832,133.2,142.9,3,0.113,18,6,UNLISTED_BLIND,,,EBITDA 적자 -267억 / 부채비율 252% (3년 192%p↑) / EBITDA마진 8%→-17% / 3년 순부채 +143억 vs EBITDA합 -431억 / 유동비율 83% / 영업적자 2/3년 / 런웨이 6개월
76.1,83.7,50.3,달성농수산물유통센타(주),01753455,,false,도소매,소매(자동차 제외),REFI(롤오버형),348.8,,27.7,0.08,499.1,18,9.249,0.121,0.8,499.1,11.432,1.431,160,2,UNLISTED_BLIND,,,순부채/EBITDA 18.0x / 부채비율 925% (3년 925%p↑) / EBITDA마진 10%→8% / 3년 순부채 +499억 vs EBITDA합 44억 / 매출 1원 성장에 순부채 1.43원 / 유동비율 12% / 현금/매출 0% / 현금 2년 연속 감소 / 런웨이 2개월
76,89,65,디에이피,00303192,066900,true,제조업,전자부품·컴퓨터·통신장비,DISTRESS(구조조정형),4888.5,0.167,-70,-0.014,1136.9,,7.001,0.503,124,809.7,4.347,0.447,299,11,DISTRESS_EVENT,2025-12-17,[기재정정]유상증자결정(종속회사의주요경영사항)              ,EBITDA 적자 -70억 / 부채비율 700% (3년 604%p↑) / EBITDA마진 5%→-1% / 3년 순부채 +810억 vs EBITDA합 186억 / 유동비율 50% / 현금/매출 3% / 영업적자 2/3년 / 런웨이 11개월
76,92.2,34.2,(주)제농에스앤티농업회사법인,00247586,,false,농림어업,농업,REFI(롤오버형),396.7,0.009,1.6,0.004,311,188.7,3.568,0.64,1.2,52.5,1.217,5.083,17,1,DISTRESS_EVENT,,,순부채/EBITDA 188.7x / 부채비율 357% (3년 118%p↑) / EBITDA마진 7%→0% / 3년 순부채 +52억 vs EBITDA합 43억 / 매출 1원 성장에 순부채 5.08원 / 유동비율 64% / 현금/매출 0% / 현금 2년 연속 감소 / 영업적자 2/3년 / 런웨이 1개월
76,75.8,64.4,(주)클린코리아,00376301,,false,전기·가스·환경,폐기물 처리·자원재생,WC_BURN(운전자본형),325.3,0.211,16.7,0.051,302.3,18.1,1.035,0.868,11.7,345.7,4.358,2.43,140,126,UNLISTED_BLIND,,,순부채/EBITDA 18.1x / EBITDA마진 13%→5% / 3년 순부채 +346억 vs EBITDA합 79억 / 매출 1원 성장에 순부채 2.43원 / 유동비율 87% / 현금/매출 4% / 현금 2년 연속 감소
76,87.5,42.9,(주)진승,01370739,,false,도소매,도매·상품중개,REFI(롤오버형),306.6,0.061,7.2,0.024,351.1,48.8,2.152,0.433,1.9,299.1,4.096,6.026,112,2,UNLISTED_BLIND,,,순부채/EBITDA 48.8x / 부채비율 215% (3년 146%p↑) / EBITDA마진 11%→2% / 3년 순부채 +299억 vs EBITDA합 73억 / 매출 1원 성장에 순부채 6.03원 / 유동비율 43% / 현금/매출 1% / 현금 2년 연속 감소 / 런웨이 2개월
75.9,83.2,50.3,(주)코스글로벌,01208919,,false,제조업,전기장비,REFI(롤오버형),1254.8,0.049,25.8,0.021,555.3,21.6,15.514,0.457,15.7,191.8,4.169,1.143,60,39,UNLISTED_BLIND,,,순부채/EBITDA 21.6x / 부채비율 1551% (3년 719%p↑) / 3년 순부채 +192억 vs EBITDA합 46억 / 매출 1원 성장에 순부채 1.14원 / 유동비율 46% / 현금/매출 1% / 영업적자 2/3년
75.9,93.7,31.1,에스케이피아이씨글로벌(주),01440311,,false,제조업,화학물질·화학제품,DISTRESS(구조조정형),11908.9,0.025,-157.4,-0.013,2934.5,,2.727,0.69,57.6,3075.1,2.922,3.593,590,2,UNLISTED_BLIND,,,"EBITDA 적자 -157억 / 부채비율 273% (3년 174%p↑) / EBITDA마진 14%→-1% / 3년 순부채 +3,075억 vs EBITDA합 1,052억 / 매출 1원 성장에 순부채 3.59원 / 유동비율 69% / 현금/매출 0% / 현금 2년 연속 감소 / 영업적자 2/3년 / 런웨이 2개월"
75.8,69.1,76.1,(주)대원고속,00111944,,false,운수·물류,육상운송·파이프라인,TIGHT(유동성형),2895.5,0.141,130.3,0.045,2451.5,18.8,2.519,0.122,9.8,489.5,2.242,0.518,184,26,UNLISTED_BLIND,,,순부채/EBITDA 18.8x / 부채비율 252% (3년 48%p↑) / 3년 순부채 +490억 vs EBITDA합 218억 / 매출 1원 성장에 순부채 0.52원 / 유동비율 12% / 현금/매출 0% / 영업적자 3/3년
75.8,79,57.7,(주)대우에스티,00516680,,false,건설업,전문직별 공사,DISTRESS(구조조정형),3352.1,0.101,-164,-0.049,801.1,,3.753,1.45,320.3,1035.1,38.077,1.235,236,18,UNLISTED_BLIND,,,"EBITDA 적자 -164억 / 부채비율 375% (3년 308%p↑) / EBITDA마진 3%→-5% / 3년 순부채 +1,035억 vs EBITDA합 27억 / 매출 1원 성장에 순부채 1.23원 / 런웨이 18개월"
75.8,74.8,65.5,한국목재(주),01299638,,false,도소매,도매·상품중개,TIGHT(유동성형),971.9,0.158,29,0.03,507.3,17.5,6.934,0.812,3,137,1.693,0.396,46,11,UNLISTED_BLIND,,,순부채/EBITDA 17.5x / 부채비율 693% (3년 172%p↑) / 3년 순부채 +137억 vs EBITDA합 81억 / 유동비율 81% / 현금/매출 0% / 런웨이 11개월
75.7,95.3,27.5,캐스코드(주),00404826,,false,제조업,1차 금속,DISTRESS(구조조정형),827.4,-0.052,-58.9,-0.071,137,,5.461,0.514,0.5,37.4,3,,36,0,UNLISTED_BLIND,,,EBITDA 적자 -59억 / 부채비율 546% (3년 225%p↑) / EBITDA마진 -0%→-7% / 3년 순부채 +37억 vs EBITDA합 -76억 / 유동비율 51% / 현금/매출 0% / 영업적자 3/3년 / 런웨이 0개월
75.7,95.4,27.5,(주)명강스틸,00666523,,false,제조업,금속가공제품,DISTRESS(구조조정형),545.5,-0.133,-12.7,-0.023,240.3,,4.936,0.799,7.8,128.2,32.827,,45,4,UNLISTED_BLIND,,,EBITDA 적자 -13억 / 부채비율 494% (3년 270%p↑) / EBITDA마진 2%→-2% / 3년 순부채 +128억 vs EBITDA합 4억 / 유동비율 80% / 현금/매출 1% / 현금 2년 연속 감소 / 영업적자 2/3년 / 런웨이 4개월
75.7,80.3,55,(주)한결엘에스,00908863,,false,도소매,도매·상품중개,WC_BURN(운전자본형),2437.5,0.078,53.3,0.022,657.6,12.3,4.307,1.291,31.1,624.1,8.269,1.267,220,,DISTRESS_EVENT,,,순부채/EBITDA 12.3x / 부채비율 431% (3년 322%p↑) / 3년 순부채 +624억 vs EBITDA합 75억 / 매출 1원 성장에 순부채 1.27원 / 현금/매출 1% / 현금 2년 연속 감소
75.7,59.6,93,(주)시지바이오,00941594,,false,제조업,의료용물질·의약품,WC_BURN(운전자본형),1267.7,0.103,168.4,0.133,814.2,4.8,1.392,0.7,97.4,857.3,1.462,2.661,255,,UNLISTED_BLIND,,,순부채/EBITDA 4.8x / EBITDA마진 19%→13% / 3년 순부채 +857억 vs EBITDA합 586억 / 매출 1원 성장에 순부채 2.66원 / 유동비율 70%
75.7,63.1,86.8,(주)신화오토텍,01530216,,false,제조업,의료·정밀·광학기기,WC_BURN(운전자본형),2136.7,0.253,162.1,0.076,894,5.5,2.755,0.438,47.2,695.5,1.653,0.661,292,,UNLISTED_BLIND,,,순부채/EBITDA 5.5x / 부채비율 276% (3년 117%p↑) / 3년 순부채 +696억 vs EBITDA합 421억 / 매출 1원 성장에 순부채 0.66원 / 유동비율 44% / 현금/매출 2%
75.6,81.6,52.5,영인에너지솔루션(주),00925268,,false,제조업,전기장비,DISTRESS(구조조정형),990.4,0.181,-25.5,-0.026,162.2,,6.016,0.985,78.2,54.6,3,0.14,0,27,UNLISTED_BLIND,,,EBITDA 적자 -26억 / 부채비율 602% (3년 213%p↑) / EBITDA마진 5%→-3% / 3년 순부채 +55억 vs EBITDA합 -5억 / 유동비율 98% / 영업적자 2/3년
75.6,69.6,74.4,(주)베르원,01451760,,false,전기·가스·환경,폐기물 처리·자원재생,WC_BURN(운전자본형),340.5,0.078,60.5,0.178,425.6,7,2.16,0.673,2.1,297.5,1.683,4.333,105,,UNLISTED_BLIND,,,순부채/EBITDA 7.0x / 부채비율 216% (3년 111%p↑) / EBITDA마진 21%→18% / 3년 순부채 +298억 vs EBITDA합 177억 / 매출 1원 성장에 순부채 4.33원 / 유동비율 67% / 현금/매출 1% / 현금 2년 연속 감소
75.6,76.1,62.5,(주)성광에프앤비,01468371,,false,도소매,소매(자동차 제외),TIGHT(유동성형),779,0.193,8.3,0.011,134,16.2,3.794,0.78,0.8,115,5.32,0.36,39,24,UNLISTED_BLIND,,,순부채/EBITDA 16.2x / 부채비율 379% (3년 185%p↑) / 3년 순부채 +115억 vs EBITDA합 22억 / 유동비율 78% / 현금/매출 0%
75.5,87.4,41.3,씨알케이(주),01448997,,false,제조업,기타 기계·장비,DISTRESS(구조조정형),2651.4,-0.011,-49.6,-0.019,736.3,,97.84,0.848,115.2,392.7,2.924,,124,15,UNLISTED_BLIND,,,EBITDA 적자 -50억 / 부채비율 9784% (3년 9476%p↑) / EBITDA마진 3%→-2% / 3년 순부채 +393억 vs EBITDA합 134억 / 유동비율 85% / 현금/매출 4% / 런웨이 15개월
75.5,74.6,64.8,(주)테크리치코리아,01313035,,false,도소매,도매·상품중개,WC_BURN(운전자본형),1173.1,0.115,10.2,0.009,217.8,21.4,2.744,1.506,20.2,264.6,4.512,0.812,84,70,UNLISTED_BLIND,,,순부채/EBITDA 21.4x / 부채비율 274% (3년 175%p↑) / EBITDA마진 5%→1% / 3년 순부채 +265억 vs EBITDA합 59억 / 매출 1원 성장에 순부채 0.81원 / 현금/매출 2%
75.4,76.1,86.8,아이엘,01326279,307180,true,제조업,전기장비,WC_BURN(운전자본형),835,0.197,98.2,0.118,783.1,8,6.779,0.498,43,586.2,3,1.681,209,,DISTRESS_EVENT,2026-05-29,주요사항보고서(전환사채권발행결정),순부채/EBITDA 8.0x / 부채비율 678% (3년 305%p↑) / 3년 순부채 +586억 vs EBITDA합 -26억 / 매출 1원 성장에 순부채 1.68원 / 유동비율 50% / 영업적자 2/3년
75.4,75.7,62.5,(주)코리아더커드,00604374,,false,제조업,식료품 제조,TIGHT(유동성형),511,0.247,0.7,0.001,150.2,214.3,4.59,0.604,6.7,63.5,1.037,0.257,35,11,UNLISTED_BLIND,,,순부채/EBITDA 214.3x / 부채비율 459% (3년 92%p↑) / EBITDA마진 4%→0% / 3년 순부채 +64억 vs EBITDA합 61억 / 유동비율 60% / 현금/매출 1% / 런웨이 11개월
75.4,72.8,67.8,메타빌드(주),00670632,,false,정보통신,컴퓨터 프로그래밍·SI,WC_BURN(운전자본형),473.8,0.189,29.7,0.063,351,11.8,2.764,0.474,113.3,393.1,3.19,2.046,56,,UNLISTED_BLIND,,,순부채/EBITDA 11.8x / 부채비율 276% (3년 197%p↑) / EBITDA마진 13%→6% / 3년 순부채 +393억 vs EBITDA합 123억 / 매출 1원 성장에 순부채 2.05원 / 유동비율 47%
75.4,75.1,63.8,위너콤(주),00922890,,false,제조업,전자부품·컴퓨터·통신장비,WC_BURN(운전자본형),1965.1,0.073,73.5,0.037,576.2,7.8,3.328,0.922,17.2,262.6,1.475,0.704,98,,UNLISTED_BLIND,,,순부채/EBITDA 7.8x / 부채비율 333% (3년 162%p↑) / 3년 순부채 +263억 vs EBITDA합 178억 / 매출 1원 성장에 순부채 0.70원 / 유동비율 92% / 현금/매출 1%
75.3,84.3,46.4,보고에이피(주),00562795,,false,제조업,자동차·트레일러,DISTRESS(구조조정형),721.9,0.075,-43.5,-0.06,321.7,,7.603,0.392,26.9,120.8,2.417,0.862,53,5,UNLISTED_BLIND,,,EBITDA 적자 -44억 / 부채비율 760% / EBITDA마진 7%→-6% / 3년 순부채 +121억 vs EBITDA합 50억 / 매출 1원 성장에 순부채 0.86원 / 유동비율 39% / 현금/매출 4% / 런웨이 5개월
75.3,70,72.8,(주)하이안종합건설,01470260,,false,건설업,종합 건설,WC_BURN(운전자본형),306.4,0.395,24.3,0.079,205.9,8.5,10.316,1.093,15.5,164.3,3.192,0.849,61,,UNLISTED_BLIND,,,순부채/EBITDA 8.5x / 부채비율 1032% (3년 658%p↑) / 3년 순부채 +164억 vs EBITDA합 51억 / 매출 1원 성장에 순부채 0.85원 / 유동비율 109%
75.3,75,63.4,(주)대명엔컴,01438158,,false,도소매,도매·상품중개,WC_BURN(운전자본형),434.4,0.172,20.8,0.048,261.3,12.5,2.343,0.704,21.8,195.7,3.104,1.19,76,,UNLISTED_BLIND,,,순부채/EBITDA 12.5x / 부채비율 234% (3년 120%p↑) / 3년 순부채 +196억 vs EBITDA합 63억 / 매출 1원 성장에 순부채 1.19원 / 유동비율 70% / 현금 2년 연속 감소
75.2,86.5,42,대성쎌틱에너시스(주),00110529,,false,제조업,금속가공제품,DISTRESS(구조조정형),1299.8,-0.007,-29.1,-0.022,231.2,,3.058,0.844,59.9,145.2,1.451,,47,17,UNLISTED_BLIND,,,EBITDA 적자 -29억 / 부채비율 306% (3년 127%p↑) / EBITDA마진 4%→-2% / 3년 순부채 +145억 vs EBITDA합 100억 / 유동비율 84% / 현금/매출 5% / 영업적자 2/3년 / 런웨이 17개월
75.2,79.5,55,(주)베바스토코리아홀딩스,00258148,,false,제조업,자동차·트레일러,DISTRESS(구조조정형),5517.2,0.182,-13.5,-0.002,729.6,,2.709,0.503,6.9,1009.2,3,0.464,419,2,UNLISTED_BLIND,,,"EBITDA 적자 -13억 / 부채비율 271% (3년 175%p↑) / 3년 순부채 +1,009억 vs EBITDA합 -47억 / 유동비율 50% / 현금/매출 0% / 영업적자 3/3년 / 런웨이 2개월"
75.2,68,76.1,(주)에이치에스우드,01227437,,false,제조업,목재·나무제품 제조,WC_BURN(운전자본형),453.1,0.15,40.9,0.09,438.1,10.7,2.506,0.784,22.6,283.9,3.352,1.83,98,,UNLISTED_BLIND,,,순부채/EBITDA 10.7x / 부채비율 251% (3년 68%p↑) / 3년 순부채 +284억 vs EBITDA합 85억 / 매출 1원 성장에 순부채 1.83원 / 유동비율 78% / 현금/매출 5% / 현금 2년 연속 감소
75.2,65.4,80.7,(주)에이치엔비아시아,01454332,,false,도소매,도매·상품중개,WC_BURN(운전자본형),1153.7,0.165,64,0.056,229.8,3.6,3.708,0.723,29.1,264.5,2.54,0.624,87,,UNLISTED_BLIND,,,순부채/EBITDA 3.6x / 부채비율 371% (3년 278%p↑) / 3년 순부채 +265억 vs EBITDA합 104억 / 매출 1원 성장에 순부채 0.62원 / 유동비율 72% / 현금/매출 3% / 현금 2년 연속 감소
75.1,71.7,68.8,동연오토텍(주),00915827,,false,제조업,금속가공제품,WC_BURN(운전자본형),449.3,0.199,29.7,0.066,281.7,9.5,4.442,0.495,1.3,144.6,1.75,0.766,62,,UNLISTED_BLIND,,,순부채/EBITDA 9.5x / 부채비율 444% (3년 76%p↑) / 3년 순부채 +145억 vs EBITDA합 83억 / 매출 1원 성장에 순부채 0.77원 / 유동비율 50% / 현금/매출 0%
75,73.6,65,남해종합건설(주),00228420,,false,건설업,종합 건설,WC_BURN(운전자본형),1220.4,0.324,-19.9,-0.016,549.5,,2.671,1.304,30.4,351.1,19.107,0.505,157,7,UNLISTED_BLIND,,,EBITDA 적자 -20억 / 부채비율 267% (3년 124%p↑) / EBITDA마진 2%→-2% / 3년 순부채 +351억 vs EBITDA합 18억 / 매출 1원 성장에 순부채 0.51원 / 현금/매출 2% / 런웨이 7개월
75,95.5,25,(주)우진이엔지,00565835,,false,제조업,금속가공제품,DISTRESS(구조조정형),416,-0.078,-48.8,-0.117,154.8,,1624.04,0.438,0,3.1,3,,23,0,UNLISTED_BLIND,,,EBITDA 적자 -49억 / 부채비율 162404% (3년 162110%p↑) / EBITDA마진 4%→-12% / 3년 순부채 +3억 vs EBITDA합 -1억 / 유동비율 44% / 현금/매출 0% / 현금 2년 연속 감소 / 런웨이 0개월
75,95.5,25,(주)유창파워텍,00940355,,false,제조업,자동차·트레일러,DISTRESS(구조조정형),377.9,-0.076,-20.9,-0.055,122.3,,28.115,0.425,0.3,3.2,3,,13,0,UNLISTED_BLIND,,,EBITDA 적자 -21억 / 부채비율 2812% (3년 2465%p↑) / EBITDA마진 2%→-6% / 3년 순부채 +3억 vs EBITDA합 -1억 / 유동비율 42% / 현금/매출 0% / 현금 2년 연속 감소 / 런웨이 0개월
75,77.8,57.5,(주)안성모바일통신,01473106,,false,도소매,도매·상품중개,DISTRESS(구조조정형),927.5,0.163,-3.2,-0.003,53.8,,10.515,0.999,0.7,30.5,6.307,0.09,11,1,UNLISTED_BLIND,,,EBITDA 적자 -3억 / 부채비율 1051% (3년 494%p↑) / 3년 순부채 +30억 vs EBITDA합 5억 / 유동비율 100% / 현금/매출 0% / 현금 2년 연속 감소 / 런웨이 1개월
74.9,95.2,25,(주)지아이티아카데미,01209820,,false,교육,교육 서비스,DISTRESS(구조조정형),348.2,-0.076,-25.3,-0.073,12.7,,2.5,0.298,2.1,29.7,3,,12,1,UNLISTED_BLIND,,,EBITDA 적자 -25억 / 부채비율 250% (3년 178%p↑) / EBITDA마진 5%→-7% / 3년 순부채 +30억 vs EBITDA합 -6억 / 유동비율 30% / 현금/매출 1% / 현금 2년 연속 감소 / 영업적자 3/3년 / 런웨이 1개월
74.8,76.5,59,(주)영무건설,00531777,,false,건설업,종합 건설,DISTRESS(구조조정형),2211.4,0.109,-177.1,-0.08,2532.2,,9.403,2.043,908,1035.4,10.781,1.754,0,34,UNLISTED_BLIND,,,"EBITDA 적자 -177억 / 부채비율 940% (3년 443%p↑) / EBITDA마진 12%→-8% / 3년 순부채 +1,035억 vs EBITDA합 96억 / 매출 1원 성장에 순부채 1.75원"
74.8,71.1,69,(주)원건설산업,00575188,,false,건설업,종합 건설,GROWTH(성장자금형),531.6,1.984,31,0.058,1494.1,48.2,43.835,1.37,17.4,885,19.642,1.73,382,4,UNLISTED_BLIND,,,순부채/EBITDA 48.2x / 부채비율 4383% (3년 3003%p↑) / 3년 순부채 +885억 vs EBITDA합 45억 / 매출 1원 성장에 순부채 1.73원 / 현금/매출 3% / 런웨이 4개월
74.8,90,34.2,자일자동차(주),00907323,,false,도소매,자동차·부품 판매,DISTRESS(구조조정형),1316.3,0.009,-43.6,-0.033,1873.5,,3.719,0.492,52.1,196.3,3,5.703,146,4,UNLISTED_BLIND,,,EBITDA 적자 -44억 / 부채비율 372% (3년 196%p↑) / 3년 순부채 +196억 vs EBITDA합 -183억 / 매출 1원 성장에 순부채 5.70원 / 유동비율 49% / 현금/매출 4% / 현금 2년 연속 감소 / 영업적자 3/3년 / 런웨이 4개월
74.8,63.3,83.3,(주)나무경영아카데미,01133411,,false,교육,교육 서비스,WC_BURN(운전자본형),374.7,0.138,45.5,0.121,85.8,1.9,17.639,0.729,17,140.1,1.064,1.16,38,,DISTRESS_EVENT,,,부채비율 1764% (3년 1669%p↑) / EBITDA마진 19%→12% / 3년 순부채 +140억 vs EBITDA합 132억 / 매출 1원 성장에 순부채 1.16원 / 유동비율 73% / 현금/매출 5%
74.8,58.2,92.5,포커스미디어코리아(주),01305434,,false,전문·과학·기술,전문서비스업,WC_BURN(운전자본형),698.6,0.186,270.9,0.388,771.3,2.8,3.091,0.305,2.9,559.3,0.634,1.999,220,,UNLISTED_BLIND,,,부채비율 309% (3년 185%p↑) / EBITDA마진 45%→39% / 3년 순부채 +559억 vs EBITDA합 883억 / 매출 1원 성장에 순부채 2.00원 / 유동비율 31% / 현금/매출 0%
74.8,54.2,100,대한해운엘엔지(주),01490486,,false,운수·물류,수상 운송,GROWTH(성장자금형),3824.3,0.285,1582.1,0.414,12376.8,7.8,1.867,0.773,136.7,5752,1.68,2.844,2153,,UNLISTED_BLIND,2024-09-27,[기재정정]유상증자결정,"순부채/EBITDA 7.8x / 3년 순부채 +5,752억 vs EBITDA합 3,424억 / 매출 1원 성장에 순부채 2.84원 / 유동비율 77% / 현금/매출 4%"
74.7,54,100,엠지신용정보(주),00857383,,false,사업지원·임대,사업지원 서비스,GROWTH(성장자금형),2246.7,0.35,1177.4,0.524,53670.8,45.6,6.99,123.05,973.5,52491.1,33.213,39.375,,6,UNLISTED_BLIND,,,"순부채/EBITDA 45.6x / 부채비율 699% (3년 416%p↑) / 3년 순부채 +5.2조 vs EBITDA합 1,580억 / 매출 1원 성장에 순부채 39.38원 / 런웨이 6개월"
74.7,80.9,50.7,엠큐네트웍스(주),00871976,,false,도소매,도매·상품중개,REFI(롤오버형),1038.5,-0.079,40.5,0.039,464.9,11.5,3.973,0.6,21.3,389,3.08,,136,,UNLISTED_BLIND,,,순부채/EBITDA 11.5x / 부채비율 397% (3년 127%p↑) / 3년 순부채 +389억 vs EBITDA합 126억 / 유동비율 60% / 현금/매출 2% / 현금 2년 연속 감소
74.7,73.1,65,(주)비앤비코리아,01076240,,false,제조업,화학물질·화학제품,DISTRESS(구조조정형),1763.8,0.398,-19.1,-0.011,487.6,,3.084,1.214,13,484.1,2.258,0.433,236,3,UNLISTED_BLIND,,,EBITDA 적자 -19억 / 부채비율 308% / EBITDA마진 6%→-1% / 3년 순부채 +484억 vs EBITDA합 214억 / 현금/매출 1% / 런웨이 3개월
74.6,90.7,32.5,유한회사프리마모터스,01436424,,false,도소매,자동차·부품 판매,DISTRESS(구조조정형),621.6,-0.098,-10.5,-0.017,186.3,,5.326,0.648,0.2,116.5,2.386,,44,0,UNLISTED_BLIND,,,EBITDA 적자 -11억 / 부채비율 533% (3년 132%p↑) / EBITDA마진 3%→-2% / 3년 순부채 +117억 vs EBITDA합 49억 / 유동비율 65% / 현금/매출 0% / 런웨이 0개월
74.6,93.3,27.5,(주)에이치케이하이웨이,01561881,,false,숙박·음식,음식점·주점,DISTRESS(구조조정형),827.9,-0.055,-11.2,-0.014,164.8,,21.507,0.135,2.3,19.4,3,,16,1,UNLISTED_BLIND,,,EBITDA 적자 -11억 / 부채비율 2151% (3년 1568%p↑) / 3년 순부채 +19억 vs EBITDA합 -15억 / 유동비율 14% / 현금/매출 0% / 현금 2년 연속 감소 / 영업적자 3/3년 / 런웨이 1개월
74.5,86.3,40,고려특수선재(주),00102779,,false,제조업,1차 금속,DISTRESS(구조조정형),2339.3,-0.031,-66.3,-0.028,1574.2,,1.864,0.685,29.2,408.7,1.57,,190,2,UNLISTED_BLIND,,,EBITDA 적자 -66억 / EBITDA마진 5%→-3% / 3년 순부채 +409억 vs EBITDA합 260억 / 유동비율 68% / 현금/매출 1% / 현금 2년 연속 감소 / 영업적자 2/3년 / 런웨이 2개월
74.5,67.2,75,(주)한국파크,00241023,,false,제조업,가죽·가방·신발 제조,GROWTH(성장자금형),730,0.3,45.1,0.062,282,6.3,4.048,0.976,22.6,182.6,3.158,0.459,94,,UNLISTED_BLIND,,,순부채/EBITDA 6.3x / 부채비율 405% (3년 230%p↑) / 3년 순부채 +183억 vs EBITDA합 58억 / 유동비율 98% / 현금/매출 3%
74.5,68.6,72.5,울산지피에스(주),00887001,,false,전기·가스·환경,전기·가스·증기 공급,DISTRESS(구조조정형),1854.2,,266.6,0.144,8682.2,32.6,3.858,0.687,1413.1,9532.1,1479.25,5.141,1869,67,IN_MOTION,2025-07-09,투자설명서,"순부채/EBITDA 32.6x / 부채비율 386% (3년 384%p↑) / 3년 순부채 +9,532억 vs EBITDA합 6억 / 매출 1원 성장에 순부채 5.14원 / 유동비율 69% / 영업적자 2/3년"
74.5,87.7,37.5,(주)인스파이어인티그레이티드리조트,01144125,,false,숙박·음식,숙박업,DISTRESS(구조조정형),2190.4,,-1097,-0.501,11804,,4.468,0.699,1386,11763.6,3,5.371,3507,10,UNLISTED_BLIND,,,"EBITDA 적자 -1,097억 / 부채비율 447% (3년 400%p↑) / 3년 순부채 +1.2조 vs EBITDA합 -1,967억 / 매출 1원 성장에 순부채 5.37원 / 유동비율 70% / 현금 2년 연속 감소 / 영업적자 3/3년 / 런웨이 10개월"
74.5,100,15,(주)제스파,01382512,,false,도소매,소매(자동차 제외),DISTRESS(구조조정형),464.7,-0.106,-45.3,-0.097,253.1,,5.74,0.462,1.3,45.2,3,,33,0,DISTRESS_EVENT,,,EBITDA 적자 -45억 / 부채비율 574% (3년 360%p↑) / EBITDA마진 1%→-10% / 3년 순부채 +45억 vs EBITDA합 -60억 / 유동비율 46% / 현금/매출 0% / 현금 2년 연속 감소 / 영업적자 3/3년 / 런웨이 0개월
74.4,93,27.5,은성산업(주)(구.은성기화(주)),00184843,,false,건설업,종합 건설,DISTRESS(구조조정형),801.2,-0.114,-71.6,-0.089,670.2,,15.974,1.021,0,587,3,,208,0,DISTRESS_EVENT,,,EBITDA 적자 -72억 / 부채비율 1597% (3년 1486%p↑) / EBITDA마진 1%→-9% / 3년 순부채 +587억 vs EBITDA합 -76억 / 유동비율 102% / 현금/매출 0% / 영업적자 2/3년 / 런웨이 0개월
74.4,64.1,80.6,휘닉스중앙(주),00190695,,false,예술·여가,스포츠·오락,WC_BURN(운전자본형),949.9,0.122,89.4,0.094,1305,14.6,2.036,0.148,82.7,319,1.043,1.153,88,,UNLISTED_BLIND,,,순부채/EBITDA 14.6x / 부채비율 204% / 3년 순부채 +319억 vs EBITDA합 306억 / 매출 1원 성장에 순부채 1.15원 / 유동비율 15% / 현금 2년 연속 감소 / 영업적자 3/3년
74.4,87.2,38.1,마이스터모터스(주),00810300,,false,도소매,자동차·부품 판매,DISTRESS(구조조정형),1110.3,-0.137,33.5,0.03,382.7,11.4,40.645,0.43,1.3,315.7,3,,87,,UNLISTED_BLIND,,,순부채/EBITDA 11.4x / 부채비율 4064% (3년 3862%p↑) / 3년 순부채 +316억 vs EBITDA합 -31억 / 유동비율 43% / 현금/매출 0% / 현금 2년 연속 감소 / 영업적자 2/3년
74.4,66.9,75.2,(주)동하,00971780,,false,도소매,도매·상품중개,GROWTH(성장자금형),509.5,0.255,31.8,0.062,234,7.4,2.591,0.493,49.8,259,4.749,1.03,72,,DISTRESS_EVENT,,,순부채/EBITDA 7.4x / 부채비율 259% (3년 180%p↑) / 3년 순부채 +259억 vs EBITDA합 55억 / 매출 1원 성장에 순부채 1.03원 / 유동비율 49%
74.4,86.2,40,파인건설(주),01020807,,false,건설업,종합 건설,DISTRESS(구조조정형),1931,-0.067,-485.2,-0.251,276.7,,2.153,0.824,65.5,223.8,3,,198,2,UNLISTED_BLIND,,,EBITDA 적자 -485억 / 부채비율 215% (3년 161%p↑) / EBITDA마진 4%→-25% / 3년 순부채 +224억 vs EBITDA합 -306억 / 유동비율 82% / 현금/매출 3% / 런웨이 2개월
74.4,70.4,69,설성푸드(주),01468441,,false,도소매,도매·상품중개,WC_BURN(운전자본형),745.4,0.183,31.1,0.042,382.7,12.3,3.175,0.566,3.2,308.2,6.709,1.045,127,,UNLISTED_BLIND,,,순부채/EBITDA 12.3x / 부채비율 317% / 3년 순부채 +308억 vs EBITDA합 46억 / 매출 1원 성장에 순부채 1.05원 / 유동비율 57% / 현금/매출 0%
74.4,79.2,52.9,(주)문원,01507917,,false,도소매,도매·상품중개,REFI(롤오버형),845.3,0.063,25.8,0.031,273.8,10.6,5.47,0.863,0.6,136.6,1.747,0.96,53,,UNLISTED_BLIND,,,순부채/EBITDA 10.6x / 부채비율 547% (3년 186%p↑) / 3년 순부채 +137억 vs EBITDA합 78억 / 매출 1원 성장에 순부채 0.96원 / 유동비율 86% / 현금/매출 0%
74.3,90.2,32.2,서울시니어스타워(주),00366553,,false,보건·복지,사회복지 서비스,DISTRESS(구조조정형),445.8,0.029,-17.1,-0.038,831.8,,7.809,0.134,52.7,234.5,4.39,6.369,69,10,DISTRESS_EVENT,,,EBITDA 적자 -17억 / 부채비율 781% (3년 275%p↑) / EBITDA마진 5%→-4% / 3년 순부채 +234억 vs EBITDA합 53억 / 매출 1원 성장에 순부채 6.37원 / 유동비율 13% / 영업적자 3/3년 / 런웨이 10개월
74.3,83.1,45.2,(주)두진건설,00490595,,false,건설업,종합 건설,WC_BURN(운전자본형),777.9,0.1,-148.7,-0.191,204.7,,1.864,1.517,19.3,297.5,3,1.535,137,1,UNLISTED_BLIND,,,EBITDA 적자 -149억 / EBITDA마진 2%→-19% / 3년 순부채 +297억 vs EBITDA합 -143억 / 매출 1원 성장에 순부채 1.54원 / 현금/매출 2% / 현금 2년 연속 감소 / 영업적자 2/3년 / 런웨이 1개월
74.3,71.1,67.2,(주)세계로유통,01023008,,false,도소매,소매(자동차 제외),WC_BURN(운전자본형),1979.7,0.073,95.9,0.049,852.5,8.9,1.992,0.378,46.6,880.2,2.529,2.342,308,,UNLISTED_BLIND,,,순부채/EBITDA 8.9x / EBITDA마진 8%→5% / 3년 순부채 +880억 vs EBITDA합 348억 / 매출 1원 성장에 순부채 2.34원 / 유동비율 38% / 현금/매출 2%
74.2,58.5,90,(주)팜스디앤시,00545318,,false,정보통신,영상·오디오 제작·배급,DISTRESS(구조조정형),1092.9,2.585,191.2,0.175,1531,8,9.791,3.563,223.6,1418.9,9.981,1.327,918,,UNLISTED_BLIND,,,"순부채/EBITDA 8.0x / 부채비율 979% (3년 911%p↑) / 3년 순부채 +1,419억 vs EBITDA합 142억 / 매출 1원 성장에 순부채 1.33원 / 영업적자 2/3년"
74.2,70.9,67.5,메르세데스벤츠모빌리티코리아(주),01159163,,false,사업지원·임대,임대업(부동산 제외),REFI(롤오버형),736.8,-0.021,211.5,0.287,4059.4,19.2,33.986,1.151,38.3,2863.5,5.866,,907,9,UNLISTED_BLIND,,,"순부채/EBITDA 19.2x / 부채비율 3399% (3년 1746%p↑) / EBITDA마진 36%→29% / 3년 순부채 +2,863억 vs EBITDA합 488억 / 유동비율 115% / 런웨이 9개월"
74.2,76.3,57.5,보훈종합건설(주),01303348,,false,건설업,종합 건설,DISTRESS(구조조정형),938,0.515,-13.8,-0.015,87.7,,1.74,0.908,13.2,108.7,7.763,0.163,37,8,DISTRESS_EVENT,,,EBITDA 적자 -14억 / EBITDA마진 4%→-1% / 3년 순부채 +109억 vs EBITDA합 14억 / 유동비율 91% / 현금/매출 1% / 현금 2년 연속 감소 / 런웨이 8개월
74.2,83,45,농업회사법인(주)웰피그,01359134,,false,도소매,도매·상품중개,DISTRESS(구조조정형),396.2,0.157,-69.5,-0.175,268.8,,21.271,0.826,15.1,10.6,3,0.076,77,2,UNLISTED_BLIND,,,EBITDA 적자 -69억 / 부채비율 2127% (3년 5113%p↑) / EBITDA마진 -9%→-18% / 3년 순부채 +11억 vs EBITDA합 -131억 / 유동비율 83% / 현금/매출 4% / 영업적자 2/3년 / 런웨이 2개월
74.1,59.6,87.6,파인원(주),01623464,,false,제조업,전자부품·컴퓨터·통신장비,WC_BURN(운전자본형),954.2,0.514,98.8,0.104,684.9,6.9,1.83,0.932,49.7,644.4,2.886,0.949,245,,DISTRESS_EVENT,2025-05-23,[기재정정]증권신고서(지분증권),순부채/EBITDA 6.9x / 3년 순부채 +644억 vs EBITDA합 223억 / 매출 1원 성장에 순부채 0.95원 / 유동비율 93% / 현금 2년 연속 감소
74.1,81.6,47.5,흥한주택종합건설(주),00195247,,false,건설업,종합 건설,WC_BURN(운전자본형),682.7,0.159,-85.3,-0.125,326.5,,2.466,1.102,19.8,537.7,3,2.197,259,2,UNLISTED_BLIND,,,EBITDA 적자 -85억 / 부채비율 247% (3년 207%p↑) / EBITDA마진 -10%→-12% / 3년 순부채 +538억 vs EBITDA합 -129억 / 매출 1원 성장에 순부채 2.20원 / 유동비율 110% / 현금/매출 3% / 영업적자 3/3년 / 런웨이 2개월
74.1,85.8,39.8,(주)종합건축사사무소동일건축,00563688,,false,전문·과학·기술,건축기술·엔지니어링,REFI(롤오버형),777.5,0.03,15.5,0.02,148.4,9.6,5.715,0.757,10.4,115.7,3,1.772,24,,UNLISTED_BLIND,,,순부채/EBITDA 9.6x / 부채비율 572% (3년 418%p↑) / 3년 순부채 +116억 vs EBITDA합 -49억 / 매출 1원 성장에 순부채 1.77원 / 유동비율 76% / 현금/매출 1% / 현금 2년 연속 감소
74.1,69.8,69.1,(주)풍산시스템,01014082,,false,제조업,자동차·트레일러,TIGHT(유동성형),1470.5,0.144,19.6,0.013,274.5,14,2.427,0.892,20.6,186.5,1.098,0.383,77,,UNLISTED_BLIND,,,순부채/EBITDA 14.0x / 부채비율 243% (3년 129%p↑) / EBITDA마진 5%→1% / 3년 순부채 +187억 vs EBITDA합 170억 / 유동비율 89% / 현금/매출 1%
74,81.8,46.6,(주)트루본,01452079,,false,정보통신,컴퓨터 프로그래밍·SI,DISTRESS(구조조정형),589.2,0.076,-13.2,-0.022,111.2,,6.053,0.464,4.2,33.5,3,0.29,15,3,UNLISTED_BLIND,,,EBITDA 적자 -13억 / 부채비율 605% (3년 296%p↑) / EBITDA마진 1%→-2% / 3년 순부채 +34억 vs EBITDA합 -1억 / 유동비율 46% / 현금/매출 1% / 런웨이 3개월
73.9,60.7,85,(주)호텔캐피탈,00165699,,false,숙박·음식,숙박업,GROWTH(성장자금형),326.6,0.295,76.2,0.233,2476.2,32.5,3.939,0.022,26.9,350.5,2.095,1.989,147,5,UNLISTED_BLIND,,,순부채/EBITDA 32.5x / 부채비율 394% / 3년 순부채 +351억 vs EBITDA합 167억 / 매출 1원 성장에 순부채 1.99원 / 유동비율 2% / 런웨이 5개월
73.9,68.5,70.8,(주)서해종합건설,00131577,,false,건설업,종합 건설,WC_BURN(운전자본형),3177.4,0.349,72.3,0.023,6769,93.6,1.865,2.614,194.9,5372.5,7.242,2.852,2258,7,UNLISTED_BLIND,,,"순부채/EBITDA 93.6x / EBITDA마진 10%→2% / 3년 순부채 +5,372억 vs EBITDA합 742억 / 매출 1원 성장에 순부채 2.85원 / 런웨이 7개월"
73.9,61,84.6,(주)대한오토텍,01386767,,false,제조업,자동차·트레일러,WC_BURN(운전자본형),414.6,0.229,49.2,0.119,297.9,6.1,2.509,0.792,14,228.1,1.95,1.191,90,,UNLISTED_BLIND,,,순부채/EBITDA 6.1x / 부채비율 251% (3년 57%p↑) / 3년 순부채 +228억 vs EBITDA합 117억 / 매출 1원 성장에 순부채 1.19원 / 유동비율 79% / 현금/매출 3%
73.9,72.7,63,(주)대성에프앤디,01458763,,false,제조업,식료품 제조,TIGHT(유동성형),676.8,0.494,14.7,0.022,138.9,9.4,4.184,0.674,0.3,72,2.024,0.152,28,,DISTRESS_EVENT,,,순부채/EBITDA 9.4x / 부채비율 418% (3년 154%p↑) / 3년 순부채 +72억 vs EBITDA합 36억 / 유동비율 67% / 현금/매출 0%
73.9,67.6,72.5,통영에코파워(주),00984401,,false,전기·가스·환경,전기·가스·증기 공급,DISTRESS(구조조정형),2123.6,,656.5,0.309,9468.4,14.4,3.703,0.48,814.1,7792.5,12.831,3.67,1709,,RECENTLY_FUNDED,2026-03-16,투자설명서,"순부채/EBITDA 14.4x / 부채비율 370% (3년 230%p↑) / 3년 순부채 +7,793억 vs EBITDA합 607억 / 매출 1원 성장에 순부채 3.67원 / 유동비율 48% / 영업적자 2/3년"
73.8,95.2,46.3,아주스틸,00486705,139990,true,제조업,1차 금속,DISTRESS(구조조정형),9996.7,0.023,-47.5,-0.005,5437.3,,7.112,0.538,215.5,3944.1,11.919,5.952,1327,7,IN_MOTION,2026-02-03,[기재정정]주요사항보고서(교환사채권발행결정),"EBITDA 적자 -47억 / 부채비율 711% (3년 546%p↑) / EBITDA마진 4%→-0% / 3년 순부채 +3,944억 vs EBITDA합 331억 / 매출 1원 성장에 순부채 5.95원 / 유동비율 54% / 현금/매출 2% / 현금 2년 연속 감소 / 영업적자 2/3년 / 런웨이 7개월"
73.8,69.4,93.9,(주)건영,00100957,012720,true,건설업,종합 건설,WC_BURN(운전자본형),2279.1,0.231,265,0.116,2047.7,7.7,4.552,1.294,37.9,742.3,11.414,0.703,278,,PRE_SIGNAL,,,순부채/EBITDA 7.7x / 부채비율 455% (3년 222%p↑) / 3년 순부채 +742억 vs EBITDA합 65억 / 매출 1원 성장에 순부채 0.70원 / 현금/매출 2% / 현금 2년 연속 감소
73.8,78.3,52.5,(주)대코,01228542,,false,제조업,기타 기계·장비,DISTRESS(구조조정형),637.9,0.629,-22.3,-0.035,225.1,,15.055,0.578,14.5,54.4,3,0.111,64,5,UNLISTED_BLIND,,,EBITDA 적자 -22억 / 부채비율 1505% (3년 1053%p↑) / 3년 순부채 +54억 vs EBITDA합 -121억 / 유동비율 58% / 현금/매출 2% / 영업적자 2/3년 / 런웨이 5개월
73.8,81.5,46.7,(주)더유제약,01370447,,false,도소매,도매·상품중개,REFI(롤오버형),467.4,0.06,17,0.036,353.8,20.8,2.468,0.739,21.9,296.7,2.643,3.948,103,105,UNLISTED_BLIND,,,순부채/EBITDA 20.8x / 부채비율 247% (3년 192%p↑) / EBITDA마진 11%→4% / 3년 순부채 +297억 vs EBITDA합 112억 / 매출 1원 성장에 순부채 3.95원 / 유동비율 74% / 현금/매출 5%
73.7,52.1,100,메가박스중앙(주),00299659,,false,정보통신,영상·오디오 제작·배급,GROWTH(성장자금형),3533.3,0.503,535.2,0.152,6578.5,12.3,8.567,0.292,242.4,986.6,0.663,0.396,364,,DISTRESS_EVENT,,,"순부채/EBITDA 12.3x / 부채비율 857% / 3년 순부채 +987억 vs EBITDA합 1,489억 / 유동비율 29% / 영업적자 3/3년"
73.7,93.1,25,(주)부뜰정보시스템,00560715,,false,정보통신,출판업,DISTRESS(구조조정형),322.4,-0.023,-21.3,-0.066,223,,14.105,0.474,3.2,182.3,93.539,,66,1,DISTRESS_EVENT,,,EBITDA 적자 -21억 / 부채비율 1411% (3년 1300%p↑) / EBITDA마진 3%→-7% / 3년 순부채 +182억 vs EBITDA합 2억 / 유동비율 47% / 현금/매출 1% / 런웨이 1개월
73.7,93.1,25,(주)대진글라스,00609449,,false,제조업,비금속 광물제품,DISTRESS(구조조정형),396,-0.043,-109.1,-0.276,499,,20.179,0.749,3.7,119.6,3,,73,0,UNLISTED_BLIND,,,EBITDA 적자 -109억 / 부채비율 2018% (3년 1510%p↑) / EBITDA마진 11%→-28% / 3년 순부채 +120억 vs EBITDA합 -2억 / 유동비율 75% / 현금/매출 1% / 런웨이 0개월
73.7,73.2,61.5,다임러트럭코리아(주),00670137,,false,도소매,자동차·부품 판매,REFI(롤오버형),1632.8,0.061,57.6,0.035,363.9,6.3,3.544,1.589,39.7,656.8,1.997,2.466,274,,UNLISTED_BLIND,,,순부채/EBITDA 6.3x / 부채비율 354% (3년 147%p↑) / 3년 순부채 +657억 vs EBITDA합 329억 / 매출 1원 성장에 순부채 2.47원 / 현금/매출 2% / 현금 2년 연속 감소
73.7,61.1,83.5,유한회사테일러메이드골프볼코리아,00808882,,false,제조업,기타 제품 제조,WC_BURN(운전자본형),653.4,0.199,58.9,0.09,363.1,6.2,2.684,1.771,25.9,343,2.992,1.252,122,,UNLISTED_BLIND,,,순부채/EBITDA 6.2x / 부채비율 268% (3년 115%p↑) / 3년 순부채 +343억 vs EBITDA합 115억 / 매출 1원 성장에 순부채 1.25원 / 현금/매출 4% / 현금 2년 연속 감소
73.7,82.6,44.2,(주)지엠에프,01025626,,false,제조업,식료품 제조,REFI(롤오버형),521.4,-0.107,30.8,0.059,244.2,7.9,7.126,0.533,22.9,35.8,1.377,,3,,UNLISTED_BLIND,,,순부채/EBITDA 7.9x / 부채비율 713% (3년 322%p↑) / 3년 순부채 +36억 vs EBITDA합 26억 / 유동비율 53% / 현금/매출 4% / 현금 2년 연속 감소 / 영업적자 2/3년
73.7,90.3,30,에스지레일(주),01380967,,false,운수·물류,육상운송·파이프라인,DISTRESS(구조조정형),616.5,,-80.3,-0.13,14111,,6.814,0.237,61,10450.8,3,16.952,,1,UNLISTED_BLIND,,,EBITDA 적자 -80억 / 부채비율 681% (3년 514%p↑) / 3년 순부채 +1.0조 vs EBITDA합 -177억 / 매출 1원 성장에 순부채 16.95원 / 유동비율 24% / 현금 2년 연속 감소 / 영업적자 3/3년 / 런웨이 1개월
73.6,77.9,52.5,에너테크인터내셔널(주),00417538,,false,제조업,전기장비,DISTRESS(구조조정형),502.1,0.332,-87.4,-0.174,689.6,,7.585,0.834,213,646.1,3,2.232,176,20,DISTRESS_EVENT,,,EBITDA 적자 -87억 / 부채비율 759% (3년 475%p↑) / 3년 순부채 +646억 vs EBITDA합 -185억 / 매출 1원 성장에 순부채 2.23원 / 유동비율 83% / 영업적자 2/3년 / 런웨이 20개월
73.6,84.3,40.9,(주)알테크노메탈,00534057,,false,제조업,1차 금속,DISTRESS(구조조정형),2126.4,0.02,-91.7,-0.043,1041.1,,1.771,0.444,2.4,308,3,2.531,113,0,UNLISTED_BLIND,,,EBITDA 적자 -92억 / EBITDA마진 1%→-4% / 3년 순부채 +308억 vs EBITDA합 -65억 / 매출 1원 성장에 순부채 2.53원 / 유동비율 44% / 현금/매출 0% / 영업적자 2/3년 / 런웨이 0개월
73.6,68.8,69.1,엔브이에이치오버헤드시스템(주),00576257,,false,제조업,자동차·트레일러,WC_BURN(운전자본형),1528.3,0.113,53.8,0.035,521.2,9.7,2.314,0.586,26.2,251.3,1.727,0.6,92,,UNLISTED_BLIND,,,순부채/EBITDA 9.7x / 부채비율 231% (3년 62%p↑) / 3년 순부채 +251억 vs EBITDA합 145억 / 매출 1원 성장에 순부채 0.60원 / 유동비율 59% / 현금/매출 2% / 현금 2년 연속 감소
73.6,61.4,82.7,(주)보원산업,00626321,,false,제조업,자동차·트레일러,WC_BURN(운전자본형),564.6,0.084,74.1,0.131,429.4,5.8,2.943,0.202,5.8,245.5,0.997,2.03,86,,UNLISTED_BLIND,,,순부채/EBITDA 5.8x / 부채비율 294% / EBITDA마진 17%→13% / 3년 순부채 +246억 vs EBITDA합 246억 / 매출 1원 성장에 순부채 2.03원 / 유동비율 20% / 현금/매출 1%
73.6,62.9,80,(주)알레르망,00653361,,false,제조업,섬유제품 제조,REFI(롤오버형),1295.7,0.014,364.9,0.282,3179.7,8.7,3.261,0.732,161,3314,4.22,61.944,1096,,UNLISTED_BLIND,,,"순부채/EBITDA 8.7x / 부채비율 326% (3년 247%p↑) / 3년 순부채 +3,314억 vs EBITDA합 785억 / 매출 1원 성장에 순부채 61.94원 / 유동비율 73%"
73.6,81.1,46.7,교학모터스(주),00942539,,false,도소매,자동차·부품 판매,REFI(롤오버형),1911.8,-0.031,48.9,0.026,488.2,10,4.423,0.707,33.4,381.2,2.1,,130,,UNLISTED_BLIND,,,순부채/EBITDA 10.0x / 부채비율 442% (3년 184%p↑) / 3년 순부채 +381억 vs EBITDA합 182억 / 유동비율 71% / 현금/매출 2%
73.6,63.4,79.1,(주)디랙스,01069374,,false,제조업,기타 제품 제조,WC_BURN(운전자본형),758.3,0.153,57.1,0.075,543.8,9.5,1.649,0.706,70.4,331.4,1.351,1.257,79,,UNLISTED_BLIND,,,순부채/EBITDA 9.5x / EBITDA마진 14%→8% / 3년 순부채 +331억 vs EBITDA합 245억 / 매출 1원 성장에 순부채 1.26원 / 유동비율 71%
73.5,81.9,45,디딤365(주)(Didim365Inc.),01634017,,false,정보통신,컴퓨터 프로그래밍·SI,DISTRESS(구조조정형),468.7,0.367,-6.1,-0.013,217.6,,2.545,0.98,12.2,185.4,8.851,0.65,81,8,UNLISTED_BLIND,,,EBITDA 적자 -6억 / 부채비율 254% / EBITDA마진 5%→-1% / 3년 순부채 +185억 vs EBITDA합 21억 / 매출 1원 성장에 순부채 0.65원 / 유동비율 98% / 현금/매출 3% / 현금 2년 연속 감소 / 영업적자 2/3년 / 런웨이 8개월
73.5,91.3,27.5,아름일렉트로닉스(주),00337171,,false,제조업,전자부품·컴퓨터·통신장비,DISTRESS(구조조정형),649.4,-0.054,-15.8,-0.024,308.2,,3.806,0.8,1.9,57.2,3,,35,1,DISTRESS_EVENT,,,EBITDA 적자 -16억 / 부채비율 381% (3년 189%p↑) / 3년 순부채 +57억 vs EBITDA합 -63억 / 유동비율 80% / 현금/매출 0% / 현금 2년 연속 감소 / 영업적자 3/3년 / 런웨이 1개월
73.5,74.1,59.1,한샘유통(주),00822767,,false,도소매,소매(자동차 제외),REFI(롤오버형),609.2,0.056,33.3,0.055,347.4,10.4,2.773,0.332,10.5,288.6,2.929,3.151,114,,UNLISTED_BLIND,,,순부채/EBITDA 10.4x / 부채비율 277% (3년 144%p↑) / 3년 순부채 +289억 vs EBITDA합 99억 / 매출 1원 성장에 순부채 3.15원 / 유동비율 33% / 현금/매출 2%
73.5,62.1,81,티에스모스트(주),01327117,,false,제조업,금속가공제품,GROWTH(성장자금형),1014,0.327,57.5,0.057,308,5.4,3.116,0.823,1.6,240.2,1.521,0.414,94,,UNLISTED_BLIND,,,순부채/EBITDA 5.4x / 부채비율 312% (3년 103%p↑) / 3년 순부채 +240억 vs EBITDA합 158억 / 유동비율 82% / 현금/매출 0%
73.5,86,37.4,(주)세상담기,01458444,,false,도소매,소매(자동차 제외),DISTRESS(구조조정형),414.3,0.064,-3.7,-0.009,139.6,,5.125,0.753,13.3,67.1,3.019,0.954,28,14,UNLISTED_BLIND,,,EBITDA 적자 -4억 / 부채비율 513% (3년 198%p↑) / EBITDA마진 2%→-1% / 3년 순부채 +67억 vs EBITDA합 22억 / 매출 1원 성장에 순부채 0.95원 / 유동비율 75% / 현금/매출 3% / 런웨이 14개월
73.5,91.3,27.5,브랜드유니버스(주),01490909,,false,도소매,소매(자동차 제외),DISTRESS(구조조정형),684.3,-0.111,-56.2,-0.082,269.8,,3.177,1.139,6.5,197.6,3,,65,1,UNLISTED_BLIND,,,EBITDA 적자 -56억 / 부채비율 318% (3년 149%p↑) / EBITDA마진 3%→-8% / 3년 순부채 +198억 vs EBITDA합 -70억 / 유동비율 114% / 현금/매출 1% / 영업적자 3/3년 / 런웨이 1개월
73.4,67.7,70.4,(주)성지큐앤씨,01643857,,false,도소매,소매(자동차 제외),WC_BURN(운전자본형),483.6,0.538,34.5,0.071,448,13,14.361,0.103,8,259.3,2.742,0.739,116,,UNLISTED_BLIND,,,순부채/EBITDA 13.0x / 부채비율 1436% / 3년 순부채 +259억 vs EBITDA합 95억 / 매출 1원 성장에 순부채 0.74원 / 유동비율 10% / 현금/매출 2%
73.4,57.2,89.7,(주)서울랜드,00160889,,false,예술·여가,스포츠·오락,WC_BURN(운전자본형),591.6,0.235,65.4,0.111,281.8,4.3,0.897,0.327,37.2,274,1.271,0.987,88,,UNLISTED_BLIND,,,순부채/EBITDA 4.3x / EBITDA마진 15%→11% / 3년 순부채 +274억 vs EBITDA합 216억 / 매출 1원 성장에 순부채 0.99원 / 유동비율 33% / 현금 2년 연속 감소
73.4,91.5,27,(주)두원정공,00119715,,false,제조업,자동차·트레일러,DISTRESS(구조조정형),422.6,-0.007,-29,-0.068,191.4,,3.48,0.771,5.1,39.8,17.949,,19,2,DISTRESS_EVENT,,,EBITDA 적자 -29억 / 부채비율 348% (3년 190%p↑) / EBITDA마진 4%→-7% / 3년 순부채 +40억 vs EBITDA합 2억 / 유동비율 77% / 현금/매출 1% / 런웨이 2개월
73.4,61.7,81.7,미부테크(주),00811992,,false,제조업,금속가공제품,GROWTH(성장자금형),943.6,1.11,79.3,0.084,381.4,4.8,4.166,0.701,23.3,256.3,1.885,0.304,110,,UNLISTED_BLIND,,,순부채/EBITDA 4.8x / 부채비율 417% (3년 151%p↑) / 3년 순부채 +256억 vs EBITDA합 136억 / 유동비율 70% / 현금/매출 2%
73.4,87.1,35,가온브로드밴드(주),01490370,,false,제조업,전자부품·컴퓨터·통신장비,DISTRESS(구조조정형),1814.2,-0.053,-320.3,-0.176,911.6,,6.093,1.112,124.6,663,3,,174,4,UNLISTED_BLIND,,,EBITDA 적자 -320억 / 부채비율 609% (3년 527%p↑) / EBITDA마진 4%→-18% / 3년 순부채 +663억 vs EBITDA합 -244억 / 유동비율 111% / 영업적자 2/3년 / 런웨이 4개월
73.4,95.3,20,(주)더스타일컴퍼니,01541267,,false,제조업,의복·모피 제조,DISTRESS(구조조정형),371.6,-0.05,-12,-0.032,272.8,,6.7,0.32,0.7,206,3,,71,0,UNLISTED_BLIND,,,EBITDA 적자 -12억 / 부채비율 670% (3년 487%p↑) / EBITDA마진 1%→-3% / 3년 순부채 +206억 vs EBITDA합 -4억 / 유동비율 32% / 현금/매출 0% / 현금 2년 연속 감소 / 영업적자 2/3년 / 런웨이 0개월
73.3,63,78.8,글로벌세아(주),00247522,,false,전문·과학·기술,전문서비스업,DISTRESS(구조조정형),1210.2,0.074,701.3,0.58,5608,8,0.791,0.012,5.1,3862.5,10.651,16.634,1250,,UNLISTED_BLIND,,,"순부채/EBITDA 8.0x / 3년 순부채 +3,862억 vs EBITDA합 363억 / 매출 1원 성장에 순부채 16.63원 / 유동비율 1% / 현금/매출 0% / 현금 2년 연속 감소 / 영업적자 2/3년"
73.3,69,67.9,광신석유(주),00103811,,false,도소매,도매·상품중개,TIGHT(유동성형),2850.4,0.127,68.8,0.024,752,10.9,3.103,0.127,9.4,421.9,1.931,0.49,169,,UNLISTED_BLIND,,,순부채/EBITDA 10.9x / 부채비율 310% (3년 124%p↑) / 3년 순부채 +422억 vs EBITDA합 218억 / 유동비율 13% / 현금/매출 0%
73.3,76.8,53.4,우진철강(주),00449661,,false,제조업,금속가공제품,WC_BURN(운전자본형),960,0.088,11.1,0.012,205.1,18.4,2.479,0.527,0.1,186.8,5.462,0.869,66,1,UNLISTED_BLIND,,,순부채/EBITDA 18.4x / 부채비율 248% (3년 71%p↑) / 3년 순부채 +187억 vs EBITDA합 34억 / 매출 1원 성장에 순부채 0.87원 / 유동비율 53% / 현금/매출 0% / 현금 2년 연속 감소 / 런웨이 1개월
73.3,78.2,50.8,(주)에스티씨,00484558,,false,제조업,전자부품·컴퓨터·통신장비,REFI(롤오버형),2264.6,0.021,81.8,0.036,709.3,8.7,3.937,0.844,84.3,187.9,1.719,1.391,46,,UNLISTED_BLIND,,,순부채/EBITDA 8.7x / 부채비율 394% (3년 187%p↑) / 3년 순부채 +188억 vs EBITDA합 109억 / 매출 1원 성장에 순부채 1.39원 / 유동비율 84% / 현금/매출 4%
73.3,67.8,69.9,대한오케이스틸(주),00965202,,false,제조업,1차 금속,TIGHT(유동성형),1036.2,0.113,39.1,0.038,388.6,9.9,2.442,0.876,12,238.9,2.053,0.837,86,,UNLISTED_BLIND,,,순부채/EBITDA 9.9x / 부채비율 244% (3년 89%p↑) / 3년 순부채 +239억 vs EBITDA합 116억 / 매출 1원 성장에 순부채 0.84원 / 유동비율 88% / 현금/매출 1%
73.3,59.7,85,서서울도시고속도로(주),01228685,,false,운수·물류,창고·운송관련 서비스,GROWTH(성장자금형),438,0.595,347.6,0.794,4813.8,13.8,18.117,1.098,0.2,863.8,0.845,2.617,304,,UNLISTED_BLIND,,,"순부채/EBITDA 13.8x / 부채비율 1812% (3년 1028%p↑) / 3년 순부채 +864억 vs EBITDA합 1,022억 / 매출 1원 성장에 순부채 2.62원 / 유동비율 110% / 현금/매출 0%"
73.3,59,86.1,(주)정산테크,01376441,,false,제조업,금속가공제품,WC_BURN(운전자본형),562.7,0.487,55.6,0.099,341.3,6.1,2.359,0.465,18.1,285.9,1.795,0.73,120,,UNLISTED_BLIND,,,순부채/EBITDA 6.1x / 부채비율 236% / 3년 순부채 +286억 vs EBITDA합 159억 / 매출 1원 성장에 순부채 0.73원 / 유동비율 47% / 현금/매출 3%
73.2,97.6,40,유니온머티리얼,00369833,047400,true,제조업,비금속 광물제품,DISTRESS(구조조정형),1083.7,-0.029,-83.3,-0.077,942.8,,7.964,0.815,8.6,423.4,8.389,,167,1,PRE_SIGNAL,,,EBITDA 적자 -83억 / 부채비율 796% (3년 674%p↑) / EBITDA마진 5%→-8% / 3년 순부채 +423억 vs EBITDA합 50억 / 유동비율 81% / 현금/매출 1% / 현금 2년 연속 감소 / 영업적자 2/3년 / 런웨이 1개월
73.2,84.1,39.7,(주)협화,00160533,,false,제조업,화학물질·화학제품,DISTRESS(구조조정형),668.3,0.029,-21.7,-0.032,454,,3.964,1.014,15.8,100.9,2.452,1.824,45,4,UNLISTED_BLIND,,,EBITDA 적자 -22억 / 부채비율 396% / EBITDA마진 4%→-3% / 3년 순부채 +101억 vs EBITDA합 41억 / 매출 1원 성장에 순부채 1.82원 / 유동비율 101% / 현금/매출 2% / 런웨이 4개월
73.2,73.8,58.8,(주)동희산업,00601784,,false,제조업,자동차·트레일러,WC_BURN(운전자본형),7056.3,0.073,144.9,0.021,3313.1,22.9,1.392,0.774,204.7,1851.4,1.553,1.382,778,66,UNLISTED_BLIND,,,"순부채/EBITDA 22.9x / EBITDA마진 6%→2% / 3년 순부채 +1,851억 vs EBITDA합 1,192억 / 매출 1원 성장에 순부채 1.38원 / 유동비율 77% / 현금/매출 3%"
73.2,78.2,50.6,(주)신도디엑스,00919799,,false,도소매,도매·상품중개,DISTRESS(구조조정형),824.6,0.137,-3.7,-0.004,76.9,,11.063,0.94,14.4,82.3,3,0.312,34,22,UNLISTED_BLIND,,,EBITDA 적자 -4억 / 부채비율 1106% (3년 690%p↑) / 3년 순부채 +82억 vs EBITDA합 -8억 / 유동비율 94% / 현금/매출 2% / 영업적자 2/3년 / 런웨이 22개월
73.2,71.7,62.7,(주)올포랜드,01451195,,false,정보통신,출판업,WC_BURN(운전자본형),740.9,0.12,26.3,0.036,244.2,9.3,2.353,1.1,107.8,252.1,2.04,1.181,8,,UNLISTED_BLIND,,,순부채/EBITDA 9.3x / 부채비율 235% (3년 145%p↑) / EBITDA마진 9%→4% / 3년 순부채 +252억 vs EBITDA합 124억 / 매출 1원 성장에 순부채 1.18원 / 유동비율 110%
73.2,76,54.5,엘지마그나이파워트레인(주),01576810,,false,제조업,전기장비,WC_BURN(운전자본형),11157.4,0.609,-349,-0.031,5703.6,,1.861,1.045,1109.1,6098.3,4.538,0.719,2626,20,UNLISTED_BLIND,,,"EBITDA 적자 -349억 / EBITDA마진 1%→-3% / 3년 순부채 +6,098억 vs EBITDA합 1,344억 / 매출 1원 성장에 순부채 0.72원 / 유동비율 105% / 영업적자 2/3년 / 런웨이 20개월"
73.1,66.1,72.5,삼척블루파워(주),00896559,,false,전기·가스·환경,전기·가스·증기 공급,DISTRESS(구조조정형),5965,,3163.7,0.53,37263.5,11.8,5.282,0.493,1517,27074,9.592,4.539,,,RECENTLY_FUNDED,2026-02-25,투자설명서,"순부채/EBITDA 11.8x / 부채비율 528% (3년 290%p↑) / 3년 순부채 +2.7조 vs EBITDA합 2,823억 / 매출 1원 성장에 순부채 4.54원 / 유동비율 49% / 영업적자 2/3년"
73,90.4,52.5,아시아경제,00665676,127710,true,정보통신,정보서비스,DISTRESS(구조조정형),779.7,0.221,-300.1,-0.385,1075.4,,3.079,0.698,377.6,1937.5,3,5.515,325,13,PRE_SIGNAL,,,"EBITDA 적자 -300억 / 부채비율 308% (3년 281%p↑) / EBITDA마진 -3%→-38% / 3년 순부채 +1,938억 vs EBITDA합 -516억 / 매출 1원 성장에 순부채 5.52원 / 유동비율 70% / 현금 2년 연속 감소 / 영업적자 3/3년 / 런웨이 13개월"
73,69.1,66.8,(주)신덕팜,00868352,,false,도소매,도매·상품중개,TIGHT(유동성형),1800.3,0.128,16.8,0.009,217.4,13,2.664,0.895,0.3,173.1,2.828,0.316,68,,UNLISTED_BLIND,,,순부채/EBITDA 13.0x / 부채비율 266% (3년 78%p↑) / 3년 순부채 +173억 vs EBITDA합 61억 / 유동비율 89% / 현금/매출 0% / 현금 2년 연속 감소
73,68.7,67.4,(주)차헬스케어,00989497,,false,전문·과학·기술,기타 과학기술 서비스,WC_BURN(운전자본형),8075.2,0.132,32.5,0.004,4388.7,134.9,1.91,0.551,1107.3,2168.5,4.334,0.863,0,64,UNLISTED_BLIND,,,"순부채/EBITDA 134.9x / EBITDA마진 5%→0% / 3년 순부채 +2,169억 vs EBITDA합 500억 / 매출 1원 성장에 순부채 0.86원 / 유동비율 55%"
73,76.8,52.5,(주)비에이치이브이에스,01718966,,false,도소매,자동차·부품 판매,REFI(롤오버형),3243.9,,13.9,0.004,1336.2,95.9,8.649,0.545,157.4,1336.2,95.873,0.412,446,32,UNLISTED_BLIND,,,"순부채/EBITDA 95.9x / 부채비율 865% (3년 865%p↑) / 3년 순부채 +1,336억 vs EBITDA합 14억 / 유동비율 54% / 현금/매출 5%"
72.9,78,50,(주)에코아이티,01579482,,false,정보통신,컴퓨터 프로그래밍·SI,DISTRESS(구조조정형),459,0.214,-7.1,-0.015,29.1,,4.813,0.864,5.9,26.6,4.463,0.131,11,8,UNLISTED_BLIND,,,EBITDA 적자 -7억 / 부채비율 481% (3년 276%p↑) / EBITDA마진 2%→-2% / 3년 순부채 +27억 vs EBITDA합 6억 / 유동비율 86% / 현금/매출 1% / 런웨이 8개월
72.9,80.6,45.2,(주)태화정공,00244987,,false,제조업,자동차·트레일러,DISTRESS(구조조정형),527.6,0.1,-38.1,-0.072,240.6,,2.82,0.247,2.1,27.2,3,0.207,21,0,UNLISTED_BLIND,,,EBITDA 적자 -38억 / 부채비율 282% (3년 98%p↑) / EBITDA마진 4%→-7% / 3년 순부채 +27억 vs EBITDA합 -13억 / 유동비율 25% / 현금/매출 0% / 영업적자 2/3년 / 런웨이 0개월
72.9,59.4,84.2,(주)신평산업,00572589,,false,제조업,자동차·트레일러,GROWTH(성장자금형),383.9,0.155,45,0.117,307.2,6.8,2.849,0.533,8.7,117.9,1.197,0.876,41,,UNLISTED_BLIND,,,순부채/EBITDA 6.8x / 부채비율 285% (3년 77%p↑) / 3년 순부채 +118억 vs EBITDA합 99억 / 매출 1원 성장에 순부채 0.88원 / 유동비율 53% / 현금/매출 2%
72.9,67.7,68.9,(주)패키징얼라이언스그룹,01388242,,false,전문·과학·기술,전문서비스업,WC_BURN(운전자본형),720,0.233,29.7,0.041,463.3,15.6,2.297,1.94,371.3,476.5,12.777,1.417,0,,UNLISTED_BLIND,,,순부채/EBITDA 15.6x / 부채비율 230% (3년 226%p↑) / EBITDA마진 13%→4% / 3년 순부채 +476억 vs EBITDA합 37억 / 매출 1원 성장에 순부채 1.42원
72.8,74.5,56.2,(주)경포씨엔씨,01627992,,false,정보통신,출판업,WC_BURN(운전자본형),375.1,0.117,15,0.04,98.5,6.5,4.508,0.408,27.4,107.2,2.622,1.011,30,,UNLISTED_BLIND,,,순부채/EBITDA 6.5x / 부채비율 451% (3년 282%p↑) / 3년 순부채 +107억 vs EBITDA합 41억 / 매출 1원 성장에 순부채 1.01원 / 유동비율 41%
72.8,58.7,85,그린에코넥서스(주),01614819,,false,전문·과학·기술,건축기술·엔지니어링,WC_BURN(운전자본형),379.1,1.046,79.2,0.209,535.1,6.8,1.299,0.241,7.8,298.2,2.974,0.891,124,,UNLISTED_BLIND,,,순부채/EBITDA 6.8x / 3년 순부채 +298억 vs EBITDA합 100억 / 매출 1원 성장에 순부채 0.89원 / 유동비율 24% / 현금/매출 2% / 영업적자 2/3년
72.8,69.7,65,아이팜코리아(주),00115579,,false,도소매,도매·상품중개,TIGHT(유동성형),1887.1,0.116,17.6,0.009,317.1,18,3.434,0.776,16,116.1,1.492,0.22,41,142,UNLISTED_BLIND,,,순부채/EBITDA 18.0x / 부채비율 343% (3년 84%p↑) / 3년 순부채 +116억 vs EBITDA합 78억 / 유동비율 78% / 현금/매출 1%
72.8,96.5,15.7,(주)푸르밀,00602923,,false,제조업,식료품 제조,DISTRESS(구조조정형),655.7,-0.296,-103.1,-0.157,688.5,,3.405,0.166,19.6,321.9,3,,104,2,UNLISTED_BLIND,,,EBITDA 적자 -103억 / 부채비율 341% (3년 125%p↑) / EBITDA마진 -5%→-16% / 3년 순부채 +322억 vs EBITDA합 -338억 / 유동비율 17% / 현금/매출 3% / 현금 2년 연속 감소 / 영업적자 3/3년 / 런웨이 2개월
72.8,76.5,52.5,(주)스마트스코어,01360325,,false,정보통신,정보서비스,DISTRESS(구조조정형),633.1,0.403,-42.9,-0.068,1734.8,,1.046,0.839,72.7,1664.1,3,4.123,699,6,UNLISTED_BLIND,,,"EBITDA 적자 -43억 / EBITDA마진 8%→-7% / 3년 순부채 +1,664억 vs EBITDA합 -24억 / 매출 1원 성장에 순부채 4.12원 / 유동비율 84% / 영업적자 2/3년 / 런웨이 6개월"
72.7,78,74.3,(주)아진카인텍,00173069,011400,true,제조업,자동차·트레일러,WC_BURN(운전자본형),782.1,0.166,46.5,0.059,467.2,10.1,6.051,0.584,63.1,277.2,1.293,0.96,63,,PRE_SIGNAL,,,순부채/EBITDA 10.1x / 부채비율 605% (3년 173%p↑) / EBITDA마진 12%→6% / 3년 순부채 +277억 vs EBITDA합 214억 / 매출 1원 성장에 순부채 0.96원 / 유동비율 58%
72.7,88.7,29.6,(주)스페이스솔루션,01140110,,false,제조업,기타 기계·장비,DISTRESS(구조조정형),422.8,0.045,-32.9,-0.078,461.2,,4.824,0.405,81.3,336.3,3,6.374,65,17,DISTRESS_EVENT,,,EBITDA 적자 -33억 / 부채비율 482% (3년 192%p↑) / EBITDA마진 3%→-8% / 3년 순부채 +336억 vs EBITDA합 -27억 / 매출 1원 성장에 순부채 6.37원 / 유동비율 41% / 영업적자 2/3년 / 런웨이 17개월
72.7,59.5,83.1,제이케이앤디(주),01554456,,false,제조업,의복·모피 제조,WC_BURN(운전자본형),727.2,0.321,64.4,0.089,372.6,5.8,1.717,0.932,37.7,299.9,1.823,0.728,82,,UNLISTED_BLIND,,,순부채/EBITDA 5.8x / EBITDA마진 14%→9% / 3년 순부채 +300억 vs EBITDA합 165억 / 매출 1원 성장에 순부채 0.73원 / 유동비율 93%
72.6,77.4,50,(주)보람푸드,01678686,,false,도소매,도매·상품중개,TIGHT(유동성형),403.9,0.154,7.7,0.019,202.6,26.1,9.66,0.429,9.6,35.6,5.329,0.252,9,32,UNLISTED_BLIND,,,순부채/EBITDA 26.1x / 부채비율 966% (3년 520%p↑) / 3년 순부채 +36억 vs EBITDA합 7억 / 유동비율 43% / 현금/매출 2% / 현금 2년 연속 감소
72.6,91,25,(주)부농,00636896,,false,제조업,화학물질·화학제품,DISTRESS(구조조정형),350.1,-0.06,-14.1,-0.04,228.7,,3.816,0.91,15.4,124.2,3,,44,7,UNLISTED_BLIND,,,EBITDA 적자 -14억 / 부채비율 382% (3년 139%p↑) / EBITDA마진 1%→-4% / 3년 순부채 +124억 vs EBITDA합 -6억 / 유동비율 91% / 현금/매출 4% / 영업적자 3/3년 / 런웨이 7개월
72.6,77.2,50.3,(주)대성정공,00918143,,false,제조업,자동차·트레일러,WC_BURN(운전자본형),432.4,0.118,1.9,0.004,231.5,120.6,1.74,0.546,3.9,79.5,3.403,0.647,26,4,UNLISTED_BLIND,,,순부채/EBITDA 120.6x / EBITDA마진 5%→0% / 3년 순부채 +79억 vs EBITDA합 23억 / 매출 1원 성장에 순부채 0.65원 / 유동비율 55% / 현금/매출 1% / 영업적자 3/3년 / 런웨이 4개월
72.6,73.3,57.5,로지스팟(주),01453421,,false,운수·물류,육상운송·파이프라인,WC_BURN(운전자본형),815.2,0.428,15.9,0.02,122.1,7.7,0.472,0.863,44.7,537.9,3,1.005,229,,UNLISTED_BLIND,,,순부채/EBITDA 7.7x / 3년 순부채 +538억 vs EBITDA합 -5억 / 매출 1원 성장에 순부채 1.01원 / 유동비율 86% / 현금 2년 연속 감소 / 영업적자 3/3년
72.5,70.5,62.5,(주)이채팜,01682360,,false,도소매,도매·상품중개,TIGHT(유동성형),584.5,0.146,12.7,0.022,146.9,11.5,4.372,0.92,7.5,114.8,3.284,0.584,45,,UNLISTED_BLIND,,,순부채/EBITDA 11.5x / 부채비율 437% (3년 97%p↑) / 3년 순부채 +115억 vs EBITDA합 35억 / 매출 1원 성장에 순부채 0.58원 / 유동비율 92% / 현금/매출 1%
72.5,56.8,87.4,(주)세명테크,00368560,,false,제조업,자동차·트레일러,WC_BURN(운전자본형),1167.3,0.13,102.5,0.088,545.7,5.3,2.288,1.001,59.3,352.7,1.439,0.985,115,,UNLISTED_BLIND,,,순부채/EBITDA 5.3x / 부채비율 229% (3년 54%p↑) / 3년 순부채 +353억 vs EBITDA합 245억 / 매출 1원 성장에 순부채 0.98원 / 유동비율 100%
72.5,79.5,46,천마콘크리트공업(주),00151313,,false,제조업,비금속 광물제품,REFI(롤오버형),688.5,0.038,3.1,0.005,205.3,65.7,1.456,0.717,0.2,91.3,1.461,1.262,36,0,UNLISTED_BLIND,,,순부채/EBITDA 65.7x / EBITDA마진 5%→0% / 3년 순부채 +91억 vs EBITDA합 63억 / 매출 1원 성장에 순부채 1.26원 / 유동비율 72% / 현금/매출 0% / 현금 2년 연속 감소 / 런웨이 0개월
72.5,63.7,75,화성광주고속도로(주),01205204,,false,건설업,종합 건설,REFI(롤오버형),597.9,,488,0.816,5942.9,12.2,16.049,0.541,0.2,803.5,0.715,1.344,169,,UNLISTED_BLIND,,,"순부채/EBITDA 12.2x / 부채비율 1605% (3년 1082%p↑) / 3년 순부채 +803억 vs EBITDA합 1,124억 / 매출 1원 성장에 순부채 1.34원 / 유동비율 54% / 현금/매출 0%"
72.4,91.5,48.6,한세엠케이,00357360,069640,true,도소매,소매(자동차 제외),DISTRESS(구조조정형),2562.7,0.073,-158.8,-0.062,1384.7,,4.837,0.724,49.4,982.2,3,2.021,380,3,IN_MOTION,2025-06-23,[기재정정]주요사항보고서(유상증자결정),EBITDA 적자 -159억 / 부채비율 484% (3년 309%p↑) / EBITDA마진 -3%→-6% / 3년 순부채 +982억 vs EBITDA합 -304억 / 매출 1원 성장에 순부채 2.02원 / 유동비율 72% / 현금/매출 2% / 영업적자 3/3년 / 런웨이 3개월
72.4,81.5,42,삼화피티에스(주),00234777,,false,운수·물류,육상운송·파이프라인,REFI(롤오버형),300.9,0.055,7.1,0.024,91.5,12.9,3.626,0.259,14.2,32.2,1.73,0.725,9,,UNLISTED_BLIND,,,순부채/EBITDA 12.9x / 부채비율 363% (3년 158%p↑) / 3년 순부채 +32억 vs EBITDA합 19억 / 매출 1원 성장에 순부채 0.73원 / 유동비율 26% / 현금/매출 5% / 영업적자 3/3년
72.4,66.9,68.8,포천마린(주),00519243,,false,운수·물류,수상 운송,REFI(롤오버형),478.6,0.07,50.5,0.106,327.6,6.5,6.247,0.459,3.2,121,0.842,1.384,47,,UNLISTED_BLIND,,,순부채/EBITDA 6.5x / 부채비율 625% (3년 206%p↑) / 3년 순부채 +121억 vs EBITDA합 144억 / 매출 1원 성장에 순부채 1.38원 / 유동비율 46% / 현금/매출 1%
72.4,83.2,38.7,(주)바텍엠시스,00863427,,false,도소매,도매·상품중개,REFI(롤오버형),430.9,0.033,9.8,0.023,169.6,17.2,3.835,0.634,20.2,180.6,3.243,4.464,69,,UNLISTED_BLIND,,,순부채/EBITDA 17.2x / 부채비율 384% (3년 193%p↑) / 3년 순부채 +181억 vs EBITDA합 56억 / 매출 1원 성장에 순부채 4.46원 / 유동비율 63% / 현금/매출 5%
72.4,68,66.5,(주)지-플라텍,01073146,,false,제조업,고무·플라스틱제품,TIGHT(유동성형),645.5,0.193,21.5,0.033,172.3,8,3.322,0.529,0.1,57.1,1.125,0.215,17,,UNLISTED_BLIND,,,순부채/EBITDA 8.0x / 부채비율 332% (3년 88%p↑) / 3년 순부채 +57억 vs EBITDA합 51억 / 유동비율 53% / 현금/매출 0% / 현금 2년 연속 감소
72.4,85,35.6,(주)파인인포메이션,01462872,,false,도소매,도매·상품중개,DISTRESS(구조조정형),918.5,0.001,-10,-0.011,20.3,,5.669,1.228,3.8,12.2,3,3.543,5,4,UNLISTED_BLIND,,,EBITDA 적자 -10억 / 부채비율 567% (3년 251%p↑) / 3년 순부채 +12억 vs EBITDA합 -1억 / 매출 1원 성장에 순부채 3.54원 / 현금/매출 0% / 현금 2년 연속 감소 / 런웨이 4개월
72.3,61.4,78.5,(주)삼라마이다스,00874098,,false,도소매,도매·상품중개,WC_BURN(운전자본형),6990.2,1.3,337,0.048,5243.8,15.6,1.02,0.945,364.5,4070.6,6.505,0.635,358,999,UNLISTED_BLIND,,,"순부채/EBITDA 15.6x / EBITDA마진 28%→5% / 3년 순부채 +4,071억 vs EBITDA합 626억 / 매출 1원 성장에 순부채 0.63원 / 유동비율 94%"
72.3,81.1,42.3,(주)엠디스틸,01073544,,false,도소매,도매·상품중개,REFI(롤오버형),611.9,0.013,4.5,0.007,128.4,28.2,7.02,1.144,0.6,116.2,8.184,5.176,43,2,UNLISTED_BLIND,,,순부채/EBITDA 28.2x / 부채비율 702% (3년 365%p↑) / 3년 순부채 +116억 vs EBITDA합 14억 / 매출 1원 성장에 순부채 5.18원 / 유동비율 114% / 현금/매출 0% / 현금 2년 연속 감소 / 런웨이 2개월
72.3,73.3,56.7,시너스텍(주),01321034,,false,제조업,기타 기계·장비,WC_BURN(운전자본형),3356.4,0.094,-3.2,-0.001,1086.4,,1.643,1.234,177.3,1239.2,3.894,1.569,401,34,UNLISTED_BLIND,,,"EBITDA 적자 -3억 / EBITDA마진 5%→-0% / 3년 순부채 +1,239억 vs EBITDA합 318억 / 매출 1원 성장에 순부채 1.57원"
72.3,89.2,27.5,제이에너지(주),01457092,,false,도소매,소매(자동차 제외),DISTRESS(구조조정형),658.2,-0.062,-1.7,-0.003,26.4,,5.118,0.885,0.9,14.4,3,,5,3,UNLISTED_BLIND,,,EBITDA 적자 -2억 / 부채비율 512% (3년 269%p↑) / 3년 순부채 +14억 vs EBITDA합 -2억 / 유동비율 89% / 현금/매출 0% / 현금 2년 연속 감소 / 영업적자 2/3년 / 런웨이 3개월
72.3,79.9,44.4,(주)디투엘,01502277,,false,정보통신,컴퓨터 프로그래밍·SI,WC_BURN(운전자본형),311.2,0.078,2.1,0.007,60.2,29.2,5.562,0.517,5.8,46.6,5.293,0.742,17,48,UNLISTED_BLIND,,,순부채/EBITDA 29.2x / 부채비율 556% (3년 290%p↑) / 3년 순부채 +47억 vs EBITDA합 9억 / 매출 1원 성장에 순부채 0.74원 / 유동비율 52% / 현금/매출 2%
72.2,76.3,50.9,(주)해맑은육가공농업회사법인,01635858,,false,제조업,식료품 제조,TIGHT(유동성형),394.2,0.108,10.6,0.027,97.3,9.1,6.975,0.573,7.2,41.3,1.508,0.396,17,,UNLISTED_BLIND,,,순부채/EBITDA 9.1x / 부채비율 697% (3년 268%p↑) / 3년 순부채 +41억 vs EBITDA합 27억 / 유동비율 57% / 현금/매출 2% / 현금 2년 연속 감소
72.2,77.3,49,우영유압(주),00244969,,false,제조업,기타 기계·장비,WC_BURN(운전자본형),328.7,0.075,12.1,0.037,285.4,23.5,3.272,0.406,2.1,181.4,2.728,2.838,70,6,UNLISTED_BLIND,,,순부채/EBITDA 23.5x / 부채비율 327% (3년 83%p↑) / EBITDA마진 6%→4% / 3년 순부채 +181억 vs EBITDA합 67억 / 매출 1원 성장에 순부채 2.84원 / 유동비율 41% / 현금/매출 1% / 런웨이 6개월
72.2,79.5,45,중도석유(주),00149558,,false,도소매,소매(자동차 제외),DISTRESS(구조조정형),1097.8,0.014,-6.4,-0.006,231.4,,1.945,0.293,1.6,44.8,4.469,0.987,22,1,UNLISTED_BLIND,,,EBITDA 적자 -6억 / 3년 순부채 +45억 vs EBITDA합 10억 / 매출 1원 성장에 순부채 0.99원 / 유동비율 29% / 현금/매출 0% / 현금 2년 연속 감소 / 영업적자 2/3년 / 런웨이 1개월
72.2,65.4,70.6,(주)영도우리마트,00411604,,false,도소매,소매(자동차 제외),REFI(롤오버형),1040.7,0.001,98.7,0.095,1455.6,14.7,4.529,0.125,12.2,232.4,0.822,50.312,85,,DISTRESS_EVENT,,,순부채/EBITDA 14.7x / 부채비율 453% (3년 119%p↑) / 3년 순부채 +232억 vs EBITDA합 283억 / 매출 1원 성장에 순부채 50.31원 / 유동비율 13% / 현금/매출 1%
72.2,62.4,76.1,(주)동양피엘티,00563086,,false,제조업,자동차·트레일러,WC_BURN(운전자본형),434.1,0.09,58.6,0.135,574.1,9.8,1.901,0.897,0.5,337.2,1.648,3.419,130,,UNLISTED_BLIND,,,순부채/EBITDA 9.8x / 3년 순부채 +337억 vs EBITDA합 205억 / 매출 1원 성장에 순부채 3.42원 / 유동비율 90% / 현금/매출 0% / 현금 2년 연속 감소
72.2,67.3,67.2,세한비지네스폼(주),00833301,,false,제조업,인쇄·기록매체 복제,TIGHT(유동성형),572,0.106,32.8,0.057,152,4.6,3.71,0.671,3,109.5,1.836,0.734,36,,UNLISTED_BLIND,,,순부채/EBITDA 4.6x / 부채비율 371% (3년 172%p↑) / 3년 순부채 +110억 vs EBITDA합 60억 / 매출 1원 성장에 순부채 0.73원 / 유동비율 67% / 현금/매출 1%
72.2,85.2,34.5,(주)아우토플라츠,00972983,,false,도소매,자동차·부품 판매,REFI(롤오버형),936.7,-0.073,25,0.027,408,16.3,4.35,0.39,2.7,86.2,1.603,,28,81,UNLISTED_BLIND,,,순부채/EBITDA 16.3x / 부채비율 435% (3년 159%p↑) / 3년 순부채 +86억 vs EBITDA합 54억 / 유동비율 39% / 현금/매출 0% / 현금 2년 연속 감소
72.2,64.7,72.2,(주)에이원상사,01134076,,false,도소매,도매·상품중개,WC_BURN(운전자본형),744.9,0.129,46.5,0.063,262.4,5.6,3.972,1.248,8.1,225.5,2.048,0.992,93,,UNLISTED_BLIND,,,순부채/EBITDA 5.6x / 부채비율 397% / 3년 순부채 +226억 vs EBITDA합 110억 / 매출 1원 성장에 순부채 0.99원 / 현금/매출 1% / 현금 2년 연속 감소
72.2,63.2,74.7,(주)두원하이스틸,01354537,,false,제조업,1차 금속,GROWTH(성장자금형),442.3,0.178,37.9,0.086,282.9,7.5,3.8,1.872,33.2,204.9,1.722,1.192,67,,UNLISTED_BLIND,,,순부채/EBITDA 7.5x / 부채비율 380% (3년 143%p↑) / 3년 순부채 +205억 vs EBITDA합 119억 / 매출 1원 성장에 순부채 1.19원
72.2,90,25.5,(주)더바오파트너스,01563481,,false,전문·과학·기술,전문서비스업,DISTRESS(구조조정형),371.1,-0.017,-9.1,-0.025,115.9,,3.551,0.772,2.3,78,4.86,,29,2,UNLISTED_BLIND,,,EBITDA 적자 -9억 / 부채비율 355% (3년 62%p↑) / EBITDA마진 3%→-2% / 3년 순부채 +78억 vs EBITDA합 16억 / 유동비율 77% / 현금/매출 1% / 현금 2년 연속 감소 / 런웨이 2개월
72.1,64.7,71.8,(주)포스코와이드,00219909,,false,사업지원·임대,사업시설관리·조경,WC_BURN(운전자본형),3266.9,0.113,144.4,0.044,1082.6,7.5,1.876,0.159,194.2,687.7,1.205,0.768,153,,UNLISTED_BLIND,,,순부채/EBITDA 7.5x / EBITDA마진 7%→4% / 3년 순부채 +688억 vs EBITDA합 571억 / 매출 1원 성장에 순부채 0.77원 / 유동비율 16%
72.1,80.1,43.5,오케이미트(주),00620831,,false,도소매,도매·상품중개,REFI(롤오버형),3438.8,0.004,17.4,0.005,607.5,34.8,3.019,1.061,93.5,128.9,3,3.538,46,62,UNLISTED_BLIND,,,순부채/EBITDA 34.8x / 부채비율 302% (3년 136%p↑) / 3년 순부채 +129억 vs EBITDA합 -195억 / 매출 1원 성장에 순부채 3.54원 / 유동비율 106% / 현금/매출 3% / 현금 2년 연속 감소
72.1,78.6,46.3,아경물산(주),01334223,,false,전기·가스·환경,폐기물 처리·자원재생,REFI(롤오버형),1117.9,-0.011,12,0.011,156.5,13,4.22,0.699,0.3,25.2,1.528,,7,,UNLISTED_BLIND,,,순부채/EBITDA 13.0x / 부채비율 422% / 3년 순부채 +25억 vs EBITDA합 16억 / 유동비율 70% / 현금/매출 0% / 현금 2년 연속 감소
72.1,85.9,32.8,(주)이노필텍,01388701,,false,제조업,기타 기계·장비,REFI(롤오버형),367,-0.034,16.8,0.046,265.5,15.8,4.651,0.264,0.9,44.2,3,,10,,UNLISTED_BLIND,,,순부채/EBITDA 15.8x / 부채비율 465% (3년 228%p↑) / 3년 순부채 +44억 vs EBITDA합 -23억 / 유동비율 26% / 현금/매출 0% / 현금 2년 연속 감소 / 영업적자 2/3년
72,63.2,74.2,KC글라스(주),00139311,,false,제조업,비금속 광물제품,WC_BURN(운전자본형),373.9,0.077,45.9,0.123,287.7,6.3,1.408,0.573,41.4,205.4,1.257,2.761,48,,DISTRESS_EVENT,,,순부채/EBITDA 6.3x / EBITDA마진 21%→12% / 3년 순부채 +205억 vs EBITDA합 163억 / 매출 1원 성장에 순부채 2.76원 / 유동비율 57%
72,79,45,한국후지쯔(주),00160667,,false,도소매,소매(자동차 제외),REFI(롤오버형),1424.6,-0.02,17.5,0.012,187.6,10.7,10.45,0.867,12.4,66.7,0.963,,26,,UNLISTED_BLIND,,,순부채/EBITDA 10.7x / 부채비율 1045% (3년 367%p↑) / 3년 순부채 +67억 vs EBITDA합 69억 / 유동비율 87% / 현금/매출 1% / 현금 2년 연속 감소
72,77.3,48.3,(주)다이나핏코리아,01319701,,false,제조업,의복·모피 제조,REFI(롤오버형),1488.3,0.003,0.7,0.001,614.1,849.4,1.811,1.307,39.7,450.2,1.951,37.813,155,14,UNLISTED_BLIND,,,순부채/EBITDA 849.4x / EBITDA마진 10%→0% / 3년 순부채 +450억 vs EBITDA합 231억 / 매출 1원 성장에 순부채 37.81원 / 현금/매출 3% / 런웨이 14개월
72,83.1,37.5,(주)디에스티인터내셔날,01368099,,false,제조업,전자부품·컴퓨터·통신장비,DISTRESS(구조조정형),405.5,0.065,-27.5,-0.068,55.5,,13.573,1.136,10.9,31.3,3,0.448,17,4,UNLISTED_BLIND,,,EBITDA 적자 -28억 / 부채비율 1357% (3년 997%p↑) / EBITDA마진 2%→-7% / 3년 순부채 +31억 vs EBITDA합 -15억 / 유동비율 114% / 현금/매출 3% / 런웨이 4개월
72,88.4,28,(주)케이타운포유,01496310,,false,도소매,소매(자동차 제외),DISTRESS(구조조정형),1147.2,-0.171,-39.9,-0.035,214.8,,18.175,0.719,31.5,266.9,11.076,,108,7,UNLISTED_BLIND,,,EBITDA 적자 -40억 / 부채비율 1817% (3년 1150%p↑) / EBITDA마진 1%→-3% / 3년 순부채 +267억 vs EBITDA합 24억 / 유동비율 72% / 현금/매출 3% / 런웨이 7개월
71.9,90,24.5,한성자동차,00623810,,false,도소매,자동차·부품 판매,DISTRESS(구조조정형),27976.6,-0.056,-106,-0.004,4948.1,,23.195,0.717,679,5008.3,5.215,,1701,22,UNLISTED_BLIND,,,"EBITDA 적자 -106억 / 부채비율 2320% (3년 2110%p↑) / EBITDA마진 2%→-0% / 3년 순부채 +5,008억 vs EBITDA합 960억 / 유동비율 72% / 현금/매출 2% / 영업적자 2/3년 / 런웨이 22개월"
71.9,77.4,47.7,(주)와이에스피,00813820,,false,운수·물류,창고·운송관련 서비스,REFI(롤오버형),482.3,-0.108,38.2,0.079,915.7,24,3.456,0.091,5.1,512.3,4.995,,158,4,UNLISTED_BLIND,,,순부채/EBITDA 24.0x / 부채비율 346% (3년 147%p↑) / 3년 순부채 +512억 vs EBITDA합 103억 / 유동비율 9% / 현금/매출 1% / 런웨이 4개월
71.9,87.1,30,에스케이어드밴스드(주),01043844,,false,제조업,화학물질·화학제품,DISTRESS(구조조정형),6880.8,-0.084,-603.3,-0.088,4677.6,,3.517,0.571,1634.5,3634.5,3,,0,23,IN_MOTION,2025-12-23,주요사항보고서(자본으로인정되는채무증권발행결정),"EBITDA 적자 -603억 / 부채비율 352% (3년 287%p↑) / EBITDA마진 -2%→-9% / 3년 순부채 +3,634억 vs EBITDA합 -1,686억 / 유동비율 57% / 영업적자 3/3년 / 런웨이 23개월"
71.9,70.1,61,(주)우리약품,01027138,,false,도소매,도매·상품중개,WC_BURN(운전자본형),328.7,0.088,23.1,0.07,227.7,9.9,2.956,1.23,1.9,163.7,2.5,2.218,61,,UNLISTED_BLIND,,,순부채/EBITDA 9.9x / 부채비율 296% (3년 119%p↑) / 3년 순부채 +164억 vs EBITDA합 65억 / 매출 1원 성장에 순부채 2.22원 / 현금/매출 1% / 현금 2년 연속 감소
71.9,64.5,71.3,(주)조형기술개발,01292459,,false,건설업,전문직별 공사,WC_BURN(운전자본형),1663.8,0.154,40.3,0.024,273.6,6.8,3.351,1.428,31,343.4,2.782,0.59,145,,UNLISTED_BLIND,,,순부채/EBITDA 6.8x / 부채비율 335% (3년 97%p↑) / 3년 순부채 +343억 vs EBITDA합 123억 / 매출 1원 성장에 순부채 0.59원 / 현금/매출 2%
71.9,65.2,70,광성종합건설(주),01469291,,false,건설업,종합 건설,WC_BURN(운전자본형),1003.7,0.208,17.2,0.017,238,13.8,2.437,1.836,37.5,259,2.535,0.597,102,,DISTRESS_EVENT,,,순부채/EBITDA 13.8x / 부채비율 244% (3년 183%p↑) / EBITDA마진 5%→2% / 3년 순부채 +259억 vs EBITDA합 102억 / 매출 1원 성장에 순부채 0.60원 / 현금/매출 4%
71.9,70.8,60,(주)동국지엘피,01438477,,false,운수·물류,창고·운송관련 서비스,WC_BURN(운전자본형),411.4,0.169,15.1,0.037,238.7,15.8,2.743,0.44,4.9,158.2,3.531,1.029,58,,UNLISTED_BLIND,,,순부채/EBITDA 15.8x / 부채비율 274% / 3년 순부채 +158억 vs EBITDA합 45억 / 매출 1원 성장에 순부채 1.03원 / 유동비율 44% / 현금/매출 1%
71.9,81.9,39.6,디에스홈센터유한회사,01466902,,false,도소매,도매·상품중개,REFI(롤오버형),363.2,-0.063,24.9,0.069,253.6,10.2,9.859,0.491,0.4,146.1,5.545,,43,,DISTRESS_EVENT,,,순부채/EBITDA 10.2x / 부채비율 986% (3년 734%p↑) / 3년 순부채 +146억 vs EBITDA합 26억 / 유동비율 49% / 현금/매출 0% / 현금 2년 연속 감소
71.8,80.1,42.4,(주)나이스엘엠에스,00364838,,false,제조업,1차 금속,REFI(롤오버형),776.6,-0.106,41.3,0.053,1263.7,30.6,70.176,0.308,93.2,190.4,6.326,,0,40,UNLISTED_BLIND,,,순부채/EBITDA 30.6x / 부채비율 7018% (3년 11169%p↑) / 3년 순부채 +190억 vs EBITDA합 30억 / 유동비율 31% / 영업적자 3/3년
71.8,68.6,63.7,(주)수석,00135120,,false,제조업,비금속 광물제품,REFI(롤오버형),1030.6,-0.03,85.1,0.083,1229.4,14.5,1.793,0.255,27.4,860.5,3.642,,287,,UNLISTED_BLIND,,,순부채/EBITDA 14.5x / 3년 순부채 +861억 vs EBITDA합 236억 / 유동비율 25% / 현금/매출 3% / 영업적자 2/3년
71.8,69.7,61.4,베올리아산업개발코리아(주),00407212,,false,전기·가스·환경,폐기물 처리·자원재생,REFI(롤오버형),1288.6,-0.075,96.4,0.075,1109,11.5,3.743,1.358,59,216.9,0.426,,82,,UNLISTED_BLIND,,,순부채/EBITDA 11.5x / 부채비율 374% (3년 182%p↑) / EBITDA마진 12%→7% / 3년 순부채 +217억 vs EBITDA합 509억 / 현금/매출 5% / 현금 2년 연속 감소
71.8,70.5,60,성림첨단산업(주),00454441,,false,제조업,전자부품·컴퓨터·통신장비,WC_BURN(운전자본형),1273.1,0.213,-4.2,-0.003,706.6,,1.004,1.169,348.4,566.7,7.896,1.012,0,97,UNLISTED_BLIND,,,EBITDA 적자 -4억 / EBITDA마진 4%→-0% / 3년 순부채 +567억 vs EBITDA합 72억 / 매출 1원 성장에 순부채 1.01원 / 유동비율 117% / 현금 2년 연속 감소 / 영업적자 2/3년
71.8,67.3,65.9,(주)명진강업,00606682,,false,도소매,도매·상품중개,TIGHT(유동성형),1782.5,0.102,53.6,0.03,456.8,8.5,2.577,0.97,29.2,186.1,1.954,0.413,51,,UNLISTED_BLIND,,,순부채/EBITDA 8.5x / 부채비율 258% (3년 93%p↑) / 3년 순부채 +186억 vs EBITDA합 95억 / 유동비율 97% / 현금/매출 2%
71.8,78.7,45,제이자원(주),00665241,,false,도소매,도매·상품중개,REFI(롤오버형),1164.2,-0.1,3.2,0.003,173.5,53.6,1.323,0.998,0.2,77.9,6.372,,19,0,UNLISTED_BLIND,,,순부채/EBITDA 53.6x / 3년 순부채 +78억 vs EBITDA합 12억 / 유동비율 100% / 현금/매출 0% / 현금 2년 연속 감소 / 영업적자 3/3년 / 런웨이 0개월
71.8,69.2,62.6,성우파일,01366480,,false,제조업,비금속 광물제품,WC_BURN(운전자본형),977.9,0.202,19.8,0.02,314.3,15.9,1.391,0.79,7.1,215.9,1.61,0.521,52,,UNLISTED_BLIND,,,순부채/EBITDA 15.9x / EBITDA마진 12%→2% / 3년 순부채 +216억 vs EBITDA합 134억 / 매출 1원 성장에 순부채 0.52원 / 유동비율 79% / 현금/매출 1%
71.8,68.2,64.2,(주)카시나,01478749,,false,도소매,소매(자동차 제외),WC_BURN(운전자본형),432.2,0.337,22,0.051,458.7,20.9,1.381,2.524,5,470.7,4.509,1.872,214,11,UNLISTED_BLIND,,,순부채/EBITDA 20.9x / EBITDA마진 11%→5% / 3년 순부채 +471억 vs EBITDA합 104억 / 매출 1원 성장에 순부채 1.87원 / 현금/매출 1% / 런웨이 11개월
71.8,52.9,92.5,지오시스유한회사,01433445,,false,정보통신,출판업,GROWTH(성장자금형),566.8,0.356,98.1,0.173,438.8,4.5,11.252,1.688,15.7,348.7,2.802,1.027,127,,DISTRESS_EVENT,,,순부채/EBITDA 4.5x / 부채비율 1125% (3년 2059%p↑) / 3년 순부채 +349억 vs EBITDA합 124억 / 매출 1원 성장에 순부채 1.03원 / 현금/매출 3%
71.7,60,79.1,동일화학공업(주),00452115,,false,제조업,고무·플라스틱제품,GROWTH(성장자금형),730.9,0.391,55,0.075,286.9,5.2,3.157,1.034,0.2,164.4,1.32,0.358,60,,UNLISTED_BLIND,,,순부채/EBITDA 5.2x / 부채비율 316% (3년 156%p↑) / 3년 순부채 +164억 vs EBITDA합 125억 / 유동비율 103% / 현금/매출 0% / 현금 2년 연속 감소
71.7,84.3,34.6,디앤에이모터스(주),01282300,,false,제조업,기타 운송장비,REFI(롤오버형),894.4,-0.123,24.2,0.027,528.7,21.8,4.04,0.865,99.7,279.4,3,,0,247,UNLISTED_BLIND,,,순부채/EBITDA 21.8x / 부채비율 404% (3년 263%p↑) / 3년 순부채 +279억 vs EBITDA합 -48억 / 유동비율 86% / 현금 2년 연속 감소 / 영업적자 3/3년
71.7,74.4,52.5,(주)에스엔에이,01469255,,false,도소매,도매·상품중개,DISTRESS(구조조정형),724.5,0.31,-7.4,-0.01,49,,5.259,1.155,18.4,16.6,3,0.041,6,22,UNLISTED_BLIND,,,EBITDA 적자 -7억 / 부채비율 526% (3년 366%p↑) / 3년 순부채 +17억 vs EBITDA합 -2억 / 유동비율 116% / 현금/매출 3% / 영업적자 2/3년 / 런웨이 22개월
71.6,73,79.8,모아데이타,01423837,288980,true,정보통신,출판업,WC_BURN(운전자본형),343.7,0.205,35.3,0.103,320.7,9.1,1.364,0.599,32.4,310.8,2.673,2.11,107,,RECENTLY_FUNDED,2026-06-16,[첨부정정]주요사항보고서(전환사채권발행결정),순부채/EBITDA 9.1x / EBITDA마진 20%→10% / 3년 순부채 +311억 vs EBITDA합 116억 / 매출 1원 성장에 순부채 2.11원 / 유동비율 60% / 영업적자 2/3년
71.6,81.4,39.3,(주)레이노섹터1,01655001,,false,도소매,자동차·부품 판매,REFI(롤오버형),343.2,0.019,10.9,0.032,132.7,12.2,6.03,0.8,10.1,159.9,2.491,8.361,51,,UNLISTED_BLIND,,,순부채/EBITDA 12.2x / 부채비율 603% / EBITDA마진 11%→3% / 3년 순부채 +160억 vs EBITDA합 64억 / 매출 1원 성장에 순부채 8.36원 / 유동비율 80% / 현금/매출 3%
71.6,81.1,40,(주)슈퍼메이커즈,01637953,,false,도소매,소매(자동차 제외),DISTRESS(구조조정형),308.7,0.301,-51.9,-0.168,24.7,,2.115,0.906,8.5,155.9,3,0.925,119,2,UNLISTED_BLIND,,,EBITDA 적자 -52억 / 부채비율 212% (3년 181%p↑) / 3년 순부채 +156억 vs EBITDA합 -256억 / 매출 1원 성장에 순부채 0.93원 / 유동비율 91% / 현금/매출 3% / 영업적자 3/3년 / 런웨이 2개월
71.6,74,53.1,(주)아이피어리스,00587235,,false,제조업,화학물질·화학제품,TIGHT(유동성형),306.8,0.31,9.3,0.03,59.6,6.4,3.899,0.341,0.4,4,1.753,0.023,12,,UNLISTED_BLIND,,,순부채/EBITDA 6.4x / 부채비율 390% (3년 1427%p↑) / 3년 순부채 +4억 vs EBITDA합 2억 / 유동비율 34% / 현금/매출 0% / 현금 2년 연속 감소
71.6,70.9,58.8,(주)알룩스,00569336,,false,제조업,기타 기계·장비,REFI(롤오버형),635.5,0.057,44.2,0.07,580.7,13.1,3.393,0.553,0.1,108.1,0.967,1.102,28,,DISTRESS_EVENT,,,순부채/EBITDA 13.1x / 부채비율 339% (3년 107%p↑) / 3년 순부채 +108억 vs EBITDA합 112억 / 매출 1원 성장에 순부채 1.10원 / 유동비율 55% / 현금/매출 0%
71.6,86.1,30.8,육일메탈(주),00680693,,false,제조업,자동차·트레일러,DISTRESS(구조조정형),301.3,0.019,-8.9,-0.03,60.9,,3.129,0.956,7.2,47,4.109,2.775,20,7,UNLISTED_BLIND,,,EBITDA 적자 -9억 / 부채비율 313% (3년 153%p↑) / EBITDA마진 3%→-3% / 3년 순부채 +47억 vs EBITDA합 11억 / 매출 1원 성장에 순부채 2.78원 / 유동비율 96% / 현금/매출 2% / 런웨이 7개월
71.6,85.1,32.5,농업회사법인돈마루(주),00989761,,false,제조업,식료품 제조,DISTRESS(구조조정형),596.1,-0.125,-10.6,-0.018,26.5,,11.526,0.861,3.8,3.2,3,,5,4,UNLISTED_BLIND,,,EBITDA 적자 -11억 / 부채비율 1153% (3년 565%p↑) / EBITDA마진 1%→-2% / 3년 순부채 +3억 vs EBITDA합 -3억 / 유동비율 86% / 현금/매출 1% / 런웨이 4개월
71.6,65.6,68.3,(주)리젠시빌주택,01026412,,false,건설업,종합 건설,WC_BURN(운전자본형),645.3,0.249,25.3,0.039,334.2,13.2,4.262,2.372,12.3,213.2,0.707,0.679,143,,UNLISTED_BLIND,,,순부채/EBITDA 13.2x / 부채비율 426% / EBITDA마진 12%→4% / 3년 순부채 +213억 vs EBITDA합 301억 / 매출 1원 성장에 순부채 0.68원 / 현금/매출 2% / 현금 2년 연속 감소
71.6,56.6,85,서울터널(주),00980609,,false,건설업,종합 건설,WC_BURN(운전자본형),495.7,0.327,430.4,0.868,4052.8,9.4,8.631,0.632,82,757.3,0.658,2.672,160,,UNLISTED_BLIND,,,"순부채/EBITDA 9.4x / 부채비율 863% (3년 258%p↑) / 3년 순부채 +757억 vs EBITDA합 1,152억 / 매출 1원 성장에 순부채 2.67원 / 유동비율 63%"
71.6,68.9,62.5,주은주택건설(주),01312133,,false,건설업,종합 건설,WC_BURN(운전자본형),713.6,0.342,11.3,0.016,671.1,59.4,9.858,4.429,135.6,676.7,6.562,1.619,183,59,UNLISTED_BLIND,,,순부채/EBITDA 59.4x / 부채비율 986% / EBITDA마진 9%→2% / 3년 순부채 +677억 vs EBITDA합 103억 / 매출 1원 성장에 순부채 1.62원
71.6,78.3,45,(주)유피에프앤비농업회사법인,01821659,,false,제조업,식료품 제조,REFI(롤오버형),900.4,,4.7,0.005,329.4,70.8,4.744,0.656,1.2,329.4,39.316,0.366,120,1,UNLISTED_BLIND,,,순부채/EBITDA 70.8x / 부채비율 474% (3년 474%p↑) / 3년 순부채 +329억 vs EBITDA합 8억 / 유동비율 66% / 현금/매출 0% / 런웨이 1개월
71.5,64.3,70.3,(주)에스디원,01645749,,false,제조업,고무·플라스틱제품,WC_BURN(운전자본형),365.9,0.178,26,0.071,156.1,6,2.415,1.296,2.4,120.1,1.566,0.845,39,,UNLISTED_BLIND,,,순부채/EBITDA 6.0x / 부채비율 242% (3년 122%p↑) / EBITDA마진 12%→7% / 3년 순부채 +120억 vs EBITDA합 77억 / 매출 1원 성장에 순부채 0.84원 / 현금/매출 1%
71.5,83.7,35,(주)이공구오,01618073,,false,도소매,소매(자동차 제외),DISTRESS(구조조정형),590.2,,-18.9,-0.032,34.5,,4.918,1.283,2.3,34.5,3.424,0.058,14,1,DISTRESS_EVENT,,,EBITDA 적자 -19억 / 부채비율 492% (3년 492%p↑) / EBITDA마진 3%→-3% / 3년 순부채 +35억 vs EBITDA합 10억 / 현금/매출 0% / 현금 2년 연속 감소 / 영업적자 2/3년 / 런웨이 1개월
71.5,81.7,38.6,(주)에너솔라,00854207,,false,제조업,전기장비,DISTRESS(구조조정형),799.7,0.055,2.3,0.003,534.3,231.4,4.959,0.742,64.6,96.1,3,0.808,0,29,UNLISTED_BLIND,,,순부채/EBITDA 231.4x / 부채비율 496% (3년 340%p↑) / 3년 순부채 +96억 vs EBITDA합 -61억 / 매출 1원 성장에 순부채 0.81원 / 유동비율 74% / 영업적자 3/3년
71.5,72.4,55.7,금성이엔씨(주),01122956,,false,제조업,화학물질·화학제품,REFI(롤오버형),516.6,0.009,34.4,0.067,286.5,8.3,1.476,0.795,3.6,256.4,2.1,18.585,82,,UNLISTED_BLIND,,,순부채/EBITDA 8.3x / EBITDA마진 10%→7% / 3년 순부채 +256억 vs EBITDA합 122억 / 매출 1원 성장에 순부채 18.59원 / 유동비율 80% / 현금/매출 1% / 현금 2년 연속 감소
71.5,89.1,25,(주)탑네트워크,01432668,,false,도소매,소매(자동차 제외),DISTRESS(구조조정형),444.6,-0.131,-61.6,-0.138,73.7,,41.207,0.53,23.5,29.8,3,,26,4,UNLISTED_BLIND,,,EBITDA 적자 -62억 / 부채비율 4121% (3년 4021%p↑) / EBITDA마진 2%→-14% / 3년 순부채 +30억 vs EBITDA합 -42억 / 유동비율 53% / 런웨이 4개월
71.5,79.9,41.9,(주)에이덴,01536247,,false,도소매,도매·상품중개,DISTRESS(구조조정형),329.3,0.095,-8.4,-0.026,344.4,,3.064,0.557,20.6,251.8,13.765,3.208,97,9,UNLISTED_BLIND,,,EBITDA 적자 -8억 / 부채비율 306% / EBITDA마진 4%→-3% / 3년 순부채 +252억 vs EBITDA합 18억 / 매출 1원 성장에 순부채 3.21원 / 유동비율 56% / 런웨이 9개월
71.5,70,60,농업회사법인(주)스마일팜,01553493,,false,도소매,도매·상품중개,DISTRESS(구조조정형),1370.2,0.513,-4,-0.003,205.5,,3.048,1.137,17.4,100.8,3.177,0.103,32,14,UNLISTED_BLIND,,,EBITDA 적자 -4억 / 부채비율 305% / EBITDA마진 3%→-0% / 3년 순부채 +101억 vs EBITDA합 32억 / 유동비율 114% / 현금/매출 1% / 영업적자 2/3년 / 런웨이 14개월
71.4,67.6,64.2,몽고식품(주),00121428,,false,제조업,식료품 제조,WC_BURN(운전자본형),577,0.079,34.8,0.06,279.2,8,2.256,0.627,20.5,117.1,1.39,0.992,30,,UNLISTED_BLIND,,,순부채/EBITDA 8.0x / 부채비율 226% / EBITDA마진 8%→6% / 3년 순부채 +117억 vs EBITDA합 84억 / 매출 1원 성장에 순부채 0.99원 / 유동비율 63% / 현금/매출 4%
71.4,64.4,70,보성정보통신(주),00251969,,false,제조업,전자부품·컴퓨터·통신장비,TIGHT(유동성형),5779.1,0.6,18.7,0.003,471.5,25.3,2.706,0.342,21.9,177.9,1.091,0.041,40,36,UNLISTED_BLIND,,,순부채/EBITDA 25.3x / 부채비율 271% (3년 53%p↑) / 3년 순부채 +178억 vs EBITDA합 163억 / 유동비율 34% / 현금/매출 0%
71.4,52.2,92.4,(주)한국일보사,00159050,,false,정보통신,출판업,WC_BURN(운전자본형),1429.1,0.099,204.7,0.143,1991.7,9.7,0.728,0.281,20.4,551.8,1.161,1.571,172,,UNLISTED_BLIND,,,순부채/EBITDA 9.7x / 3년 순부채 +552억 vs EBITDA합 475억 / 매출 1원 성장에 순부채 1.57원 / 유동비율 28% / 현금/매출 1%
71.4,86.1,30,(주)원에스티,00539724,,false,제조업,기타 기계·장비,REFI(롤오버형),364,-0.109,1,0.003,515,505.5,2.185,1.022,8.7,251.9,2.503,,95,4,UNLISTED_BLIND,,,순부채/EBITDA 505.5x / 부채비율 219% (3년 136%p↑) / EBITDA마진 10%→0% / 3년 순부채 +252억 vs EBITDA합 101억 / 유동비율 102% / 현금/매출 2% / 영업적자 2/3년 / 런웨이 4개월
71.4,74.3,51.8,(주)동희정공,00601766,,false,제조업,자동차·트레일러,DISTRESS(구조조정형),2392.7,0.06,-65.8,-0.027,741.4,,5.647,1.008,189.1,430.5,0.954,1.115,104,21,UNLISTED_BLIND,,,EBITDA 적자 -66억 / 부채비율 565% / EBITDA마진 10%→-3% / 3년 순부채 +430억 vs EBITDA합 451억 / 매출 1원 성장에 순부채 1.11원 / 유동비율 101% / 런웨이 21개월
71.4,68.1,63.2,(주)동북엘앤알,01366851,,false,도소매,소매(자동차 제외),WC_BURN(운전자본형),667.1,0.12,24.8,0.037,499.1,20.1,5.235,0.541,26.1,143.2,1.357,0.746,54,56,UNLISTED_BLIND,,,순부채/EBITDA 20.1x / 부채비율 523% / 3년 순부채 +143억 vs EBITDA합 106억 / 매출 1원 성장에 순부채 0.75원 / 유동비율 54% / 현금/매출 4%
71.4,62.5,73.4,(주)성산기업,01382938,,false,제조업,기타 기계·장비,GROWTH(성장자금형),300.2,0.286,29.4,0.098,122.3,4.2,4.632,0.688,0.3,46.7,5.716,0.293,10,,UNLISTED_BLIND,,,순부채/EBITDA 4.2x / 부채비율 463% (3년 128%p↑) / 3년 순부채 +47억 vs EBITDA합 8억 / 유동비율 69% / 현금/매출 0% / 현금 2년 연속 감소
71.4,82,37.5,(주)미소찬,01453005,,false,제조업,식료품 제조,REFI(롤오버형),838.8,-0.047,6.2,0.007,135,21.7,5.441,1.062,5,127.9,4.781,,43,49,UNLISTED_BLIND,,,순부채/EBITDA 21.7x / 부채비율 544% (3년 288%p↑) / 3년 순부채 +128억 vs EBITDA합 27억 / 유동비율 106% / 현금/매출 1% / 현금 2년 연속 감소
71.4,64.4,70,(주)자연에너지명품주유소,01547322,,false,도소매,소매(자동차 제외),TIGHT(유동성형),1649.6,0.292,23,0.014,231,10,4.559,0.748,19.3,121.8,1.728,0.138,50,,UNLISTED_BLIND,,,순부채/EBITDA 10.0x / 부채비율 456% / 3년 순부채 +122억 vs EBITDA합 70억 / 유동비율 75% / 현금/매출 1%
71.4,75.3,50,(주)에이치씨인터내셔널,01466568,,false,도소매,도매·상품중개,DISTRESS(구조조정형),329.2,0.474,-3,-0.009,164.8,,3.19,0.361,5.4,61.3,4.123,0.271,24,5,UNLISTED_BLIND,,,EBITDA 적자 -3억 / 부채비율 319% / EBITDA마진 5%→-1% / 3년 순부채 +61억 vs EBITDA합 15억 / 유동비율 36% / 현금/매출 2% / 런웨이 5개월
71.3,67.4,64,중앙일보(주),00149813,,false,정보통신,출판업,REFI(롤오버형),2821.6,0.018,181.9,0.065,2170.4,11.9,2.637,0.721,97.2,1250,2.935,8.459,436,,DISTRESS_EVENT,2026-02-26,투자설명서,"순부채/EBITDA 11.9x / 부채비율 264% (3년 88%p↑) / 3년 순부채 +1,250억 vs EBITDA합 426억 / 매출 1원 성장에 순부채 8.46원 / 유동비율 72% / 현금/매출 3%"
71.3,73.8,52.5,고문당인쇄(주),00415549,,false,제조업,인쇄·기록매체 복제,DISTRESS(구조조정형),741.1,0.168,-30.9,-0.042,335.4,,0.751,0.641,64.6,207.3,3,0.75,36,16,UNLISTED_BLIND,,,EBITDA 적자 -31억 / EBITDA마진 2%→-4% / 3년 순부채 +207억 vs EBITDA합 -31억 / 매출 1원 성장에 순부채 0.75원 / 유동비율 64% / 영업적자 3/3년 / 런웨이 16개월
71.3,80.5,40,(주)지오스틸,00861650,,false,도소매,도매·상품중개,DISTRESS(구조조정형),1344.9,-0.041,-49.2,-0.037,282.8,,3.133,1.058,2,54.5,0.773,,37,0,UNLISTED_BLIND,,,EBITDA 적자 -49억 / 부채비율 313% (3년 78%p↑) / EBITDA마진 3%→-4% / 3년 순부채 +55억 vs EBITDA합 71억 / 유동비율 106% / 현금/매출 0% / 현금 2년 연속 감소 / 런웨이 0개월
71.3,92.6,18,세아STX엔테크(주),01333631,,false,건설업,종합 건설,DISTRESS(구조조정형),2053.5,0.22,-348.4,-0.17,959.4,,-1.429,0.327,69.1,1412.3,3,1.529,379,2,DISTRESS_EVENT,,,"EBITDA 적자 -348억 / 자본잠식 / EBITDA마진 -10%→-17% / 3년 순부채 +1,412억 vs EBITDA합 -1,350억 / 매출 1원 성장에 순부채 1.53원 / 유동비율 33% / 현금/매출 3% / 현금 2년 연속 감소 / 영업적자 2/3년 / 런웨이 2개월"
71.3,64.1,70,이케이에너지(주),01466920,,false,도소매,소매(자동차 제외),TIGHT(유동성형),2023.7,0.252,27.6,0.014,256.6,9.3,2.952,0.354,21.4,131.5,1.514,0.132,49,,UNLISTED_BLIND,,,순부채/EBITDA 9.3x / 부채비율 295% (3년 65%p↑) / 3년 순부채 +132억 vs EBITDA합 87억 / 유동비율 35% / 현금/매출 1%
71.2,64,70,오일스타(주),01630923,,false,도소매,도매·상품중개,TIGHT(유동성형),2171.3,0.421,6.3,0.003,73.1,11.6,2.411,0.867,0.3,44.4,2.32,0.031,18,,UNLISTED_BLIND,,,순부채/EBITDA 11.6x / 부채비율 241% / 3년 순부채 +44억 vs EBITDA합 19억 / 유동비율 87% / 현금/매출 0% / 현금 2년 연속 감소
71.2,88.6,25,(주)리트코,00396022,,false,제조업,전기장비,DISTRESS(구조조정형),490.4,-0.123,-44.3,-0.09,636.4,,8.266,1.222,32.4,317.8,3.106,,118,5,UNLISTED_BLIND,,,EBITDA 적자 -44억 / 부채비율 827% (3년 684%p↑) / EBITDA마진 10%→-9% / 3년 순부채 +318억 vs EBITDA합 102억 / 현금 2년 연속 감소 / 런웨이 5개월
71.2,77.7,45,(주)루트제이드,00579713,,false,제조업,전기장비,DISTRESS(구조조정형),327.9,0.178,-13,-0.04,65.6,,1.422,0.876,67.5,139.3,3,1.094,3,49,UNLISTED_BLIND,,,EBITDA 적자 -13억 / EBITDA마진 3%→-4% / 3년 순부채 +139억 vs EBITDA합 -15억 / 매출 1원 성장에 순부채 1.09원 / 유동비율 88% / 영업적자 3/3년
71.2,86.8,28.3,리텍(주),01260520,,false,제조업,기타 기계·장비,DISTRESS(구조조정형),775.7,-0.015,-27.2,-0.035,265.7,,3.947,1.999,64.3,453.3,3,,103,18,UNLISTED_BLIND,,,EBITDA 적자 -27억 / 부채비율 395% (3년 367%p↑) / EBITDA마진 3%→-4% / 3년 순부채 +453억 vs EBITDA합 -30억 / 현금 2년 연속 감소 / 영업적자 2/3년 / 런웨이 18개월
71.2,75.6,48.6,(주)복시약품,01219863,,false,도소매,도매·상품중개,REFI(롤오버형),706.3,0.056,9.7,0.014,108.3,11.2,7.695,0.614,0.2,47.9,1.534,0.453,18,,UNLISTED_BLIND,,,순부채/EBITDA 11.2x / 부채비율 769% (3년 163%p↑) / 3년 순부채 +48억 vs EBITDA합 31억 / 유동비율 61% / 현금/매출 0%
71.2,84.4,32.5,(주)위드유컴퍼니,01730393,,false,도소매,도매·상품중개,DISTRESS(구조조정형),440.9,,-10.4,-0.023,82.5,,4.418,0.2,3.4,82.5,9.167,0.187,32,3,UNLISTED_BLIND,,,EBITDA 적자 -10억 / 부채비율 442% (3년 442%p↑) / EBITDA마진 2%→-2% / 3년 순부채 +83억 vs EBITDA합 9억 / 유동비율 20% / 현금/매출 1% / 현금 2년 연속 감소 / 런웨이 3개월
71.1,60.8,75.6,버슘머트리얼즈에스피씨코리아,00309567,,false,제조업,화학물질·화학제품,GROWTH(성장자금형),1044.5,0.728,57.9,0.055,473.9,8.2,2.255,0.863,98.6,308,3.342,0.366,43,,UNLISTED_BLIND,,,순부채/EBITDA 8.2x / 부채비율 225% (3년 143%p↑) / 3년 순부채 +308억 vs EBITDA합 92억 / 유동비율 86%
71.1,71.1,56.7,해비치호텔앤드리조트(주),00360489,,false,숙박·음식,숙박업,DISTRESS(구조조정형),1670.6,0.128,-56.2,-0.034,-50.4,,3.317,0.249,192.2,232.4,9.095,0.459,0,41,UNLISTED_BLIND,,,EBITDA 적자 -56억 / 부채비율 332% (3년 170%p↑) / EBITDA마진 5%→-3% / 3년 순부채 +232억 vs EBITDA합 26억 / 유동비율 25% / 영업적자 3/3년
71.1,69.3,59.8,(주)천마,01562729,,false,사업지원·임대,임대업(부동산 제외),WC_BURN(운전자본형),757.6,0.084,32.8,0.043,614.3,18.7,1.272,1.049,18.5,299,2.29,1.839,113,47,UNLISTED_BLIND,,,순부채/EBITDA 18.7x / EBITDA마진 7%→4% / 3년 순부채 +299억 vs EBITDA합 131억 / 매출 1원 성장에 순부채 1.84원 / 유동비율 105% / 현금/매출 2% / 현금 2년 연속 감소
71.1,67.9,62.5,에이치엠피(주),01499122,,false,제조업,식료품 제조,TIGHT(유동성형),632,0.186,0.7,0.001,50.3,70.9,4.457,0.713,0,-33.8,-1.466,-0.133,0,0,UNLISTED_BLIND,,,순부채/EBITDA 70.9x / 부채비율 446% (3년 194%p↑) / EBITDA마진 4%→0% / 유동비율 71% / 현금/매출 0% / 런웨이 0개월
71.1,79.6,41,(주)미스터덕,01446209,,false,제조업,식료품 제조,REFI(롤오버형),487,0.055,9.2,0.019,278.5,30.4,3.837,0.667,115,213.3,1.832,2.949,0,218,UNLISTED_BLIND,,,순부채/EBITDA 30.4x / 부채비율 384% (3년 209%p↑) / EBITDA마진 8%→2% / 3년 순부채 +213억 vs EBITDA합 116억 / 매출 1원 성장에 순부채 2.95원 / 유동비율 67%
71,67.8,62.3,(주)지알아이,01548020,,false,제조업,식료품 제조,WC_BURN(운전자본형),480.4,0.079,38,0.079,215,5.7,2.642,0.679,0.6,166.4,1.934,1.702,62,,UNLISTED_BLIND,,,순부채/EBITDA 5.7x / 부채비율 264% (3년 143%p↑) / 3년 순부채 +166억 vs EBITDA합 86억 / 매출 1원 성장에 순부채 1.70원 / 유동비율 68% / 현금/매출 0%
71,47.3,100,신안건설산업(주),00136527,,false,건설업,종합 건설,GROWTH(성장자금형),1330.9,1.026,222.2,0.167,3360.9,15.1,3.977,0.935,218.7,822,1.029,0.702,226,440,UNLISTED_BLIND,,,순부채/EBITDA 15.1x / 부채비율 398% / 3년 순부채 +822억 vs EBITDA합 799억 / 매출 1원 성장에 순부채 0.70원 / 유동비율 94%
71,52.3,90.8,(주)장형기업,00677723,,false,전기·가스·환경,폐기물 처리·자원재생,WC_BURN(운전자본형),578.7,0.139,88.5,0.153,549.3,6.2,1.523,0.275,20.5,171,0.54,0.915,62,,UNLISTED_BLIND,,,순부채/EBITDA 6.2x / EBITDA마진 20%→15% / 3년 순부채 +171억 vs EBITDA합 317억 / 매출 1원 성장에 순부채 0.92원 / 유동비율 28% / 현금/매출 4% / 현금 2년 연속 감소
71,69.5,59.3,(주)포원,00866293,,false,운수·물류,창고·운송관련 서비스,REFI(롤오버형),305.9,-0.015,35.1,0.115,187.9,5.3,29.532,0.489,1.2,101,1.338,,33,,UNLISTED_BLIND,,,순부채/EBITDA 5.3x / 부채비율 2953% (3년 2395%p↑) / 3년 순부채 +101억 vs EBITDA합 76억 / 유동비율 49% / 현금/매출 0%
71,60.6,75.6,(주)제이케이중공업,01073003,,false,제조업,1차 금속,GROWTH(성장자금형),317.7,0.202,28.1,0.089,234.4,8.3,1.726,0.361,20.5,134.2,1.957,0.995,48,,UNLISTED_BLIND,,,순부채/EBITDA 8.3x / 3년 순부채 +134억 vs EBITDA합 69억 / 매출 1원 성장에 순부채 0.99원 / 유동비율 36%
71,84,32.5,(주)하이마블,01776517,,false,제조업,식료품 제조,DISTRESS(구조조정형),305.4,,-13,-0.043,117.3,,68.222,0.441,3.9,117.3,31.623,0.384,44,2,UNLISTED_BLIND,,,EBITDA 적자 -13억 / 부채비율 6822% (3년 6822%p↑) / EBITDA마진 4%→-4% / 3년 순부채 +117억 vs EBITDA합 4억 / 유동비율 44% / 현금/매출 1% / 런웨이 2개월
70.9,65.4,66.4,(주)비에스한양,00162221,,false,건설업,종합 건설,WC_BURN(운전자본형),9010.4,0.099,300,0.033,4680.5,15.6,1.424,0.944,861.5,4373.6,4.902,1.976,1070,,UNLISTED_BLIND,2024-12-24,주요사항보고서(자본으로인정되는채무증권발행결정),"순부채/EBITDA 15.6x / 3년 순부채 +4,374억 vs EBITDA합 892억 / 매출 1원 성장에 순부채 1.98원 / 유동비율 94% / 현금 2년 연속 감소"
70.9,62.6,71.7,(주)동원해사랑,00519748,,false,농림어업,어업,TIGHT(유동성형),319.4,0.103,31.6,0.099,355.1,11.3,1.517,0.601,2.5,179.6,2.113,2.214,65,,UNLISTED_BLIND,,,순부채/EBITDA 11.3x / 3년 순부채 +180억 vs EBITDA합 85억 / 매출 1원 성장에 순부채 2.21원 / 유동비율 60% / 현금/매출 1% / 영업적자 2/3년
70.9,67.6,62.5,(주)서영산업개발,01294925,,false,건설업,종합 건설,WC_BURN(운전자본형),780.7,0.218,10.5,0.013,530.2,50.7,6.829,2.949,141.5,512.7,10.031,1.471,88,82,UNLISTED_BLIND,,,순부채/EBITDA 50.7x / 부채비율 683% (3년 573%p↑) / 3년 순부채 +513억 vs EBITDA합 51억 / 매출 1원 성장에 순부채 1.47원
70.9,71,56,(주)펜플,01461749,,false,도소매,도매·상품중개,REFI(롤오버형),589.2,-0.018,47.7,0.081,811.1,17,7.107,7.056,0.9,666,9.204,,229,2,UNLISTED_BLIND,,,순부채/EBITDA 17.0x / 부채비율 711% (3년 527%p↑) / 3년 순부채 +666억 vs EBITDA합 72억 / 현금/매출 0% / 현금 2년 연속 감소 / 런웨이 2개월
70.8,71.3,55.3,코리아엘엔지트레이딩(주),00769866,,false,운수·물류,수상 운송,REFI(롤오버형),1415.5,0.05,7.7,0.006,741.6,96,33.647,1.112,39.1,286.6,7.733,1.489,98,14,UNLISTED_BLIND,,,순부채/EBITDA 96.0x / 부채비율 3365% / 3년 순부채 +287억 vs EBITDA합 37억 / 매출 1원 성장에 순부채 1.49원 / 유동비율 111% / 현금/매출 3% / 런웨이 14개월
70.8,85.1,30,(주)디에프디인터내셔날,00876883,,false,제조업,가죽·가방·신발 제조,REFI(롤오버형),424,-0.048,1.2,0.003,610.9,491.7,3.13,0.317,6.8,92.3,1.475,,38,3,UNLISTED_BLIND,,,순부채/EBITDA 491.7x / 부채비율 313% (3년 93%p↑) / EBITDA마진 7%→0% / 3년 순부채 +92억 vs EBITDA합 63억 / 유동비율 32% / 현금/매출 2% / 런웨이 3개월
70.8,72.3,53.6,지엔에스해운,01010396,,false,운수·물류,수상 운송,REFI(롤오버형),1218.8,0.014,39,0.032,390.3,10,2.327,0.9,51.4,308.2,1.637,6.273,93,,UNLISTED_BLIND,,,순부채/EBITDA 10.0x / 부채비율 233% (3년 86%p↑) / EBITDA마진 7%→3% / 3년 순부채 +308억 vs EBITDA합 188억 / 매출 1원 성장에 순부채 6.27원 / 유동비율 90% / 현금/매출 4%
70.8,90.6,20,(주)이든티앤에스,01172678,,false,정보통신,컴퓨터 프로그래밍·SI,DISTRESS(구조조정형),309.2,-0.129,-16.4,-0.053,27.9,,13.583,1.128,15.8,34.1,3,,10,11,UNLISTED_BLIND,,,EBITDA 적자 -16억 / 부채비율 1358% (3년 1000%p↑) / EBITDA마진 -1%→-5% / 3년 순부채 +34억 vs EBITDA합 -31억 / 유동비율 113% / 현금 2년 연속 감소 / 영업적자 2/3년 / 런웨이 11개월
70.7,63,70.1,(주)한양정밀,00162382,,false,제조업,자동차·트레일러,REFI(롤오버형),850.5,0.039,84.7,0.1,1069.6,12.6,0.915,0.388,0.2,1081.1,4.227,11.664,408,,UNLISTED_BLIND,,,"순부채/EBITDA 12.6x / 3년 순부채 +1,081억 vs EBITDA합 256억 / 매출 1원 성장에 순부채 11.66원 / 유동비율 39% / 현금/매출 0%"
70.7,60.3,75.1,자강산업(주),00111768,,false,제조업,화학물질·화학제품,WC_BURN(운전자본형),898.3,0.139,60.3,0.067,334.8,5.6,0.783,0.628,14,285.2,1.3,0.98,118,,UNLISTED_BLIND,,,순부채/EBITDA 5.6x / EBITDA마진 9%→7% / 3년 순부채 +285억 vs EBITDA합 219억 / 매출 1원 성장에 순부채 0.98원 / 유동비율 63% / 현금/매출 2%
70.7,86.3,27.4,(주)누비콤,00804901,,false,도소매,도매·상품중개,DISTRESS(구조조정형),331.9,-0.004,-3.3,-0.01,130.5,,3.027,0.89,11.9,40.9,1.866,,14,14,UNLISTED_BLIND,,,EBITDA 적자 -3억 / 부채비율 303% (3년 129%p↑) / EBITDA마진 4%→-1% / 3년 순부채 +41억 vs EBITDA합 22억 / 유동비율 89% / 현금/매출 4% / 영업적자 2/3년 / 런웨이 14개월
70.7,66.5,63.7,(주)디에이치테크,01023187,,false,제조업,기타 기계·장비,TIGHT(유동성형),371.5,0.205,18.2,0.049,156,8.6,3.066,0.79,3.3,54.2,1.217,0.341,15,,UNLISTED_BLIND,,,순부채/EBITDA 8.6x / 부채비율 307% (3년 84%p↑) / 3년 순부채 +54억 vs EBITDA합 45억 / 유동비율 79% / 현금/매출 1% / 현금 2년 연속 감소
70.7,74.2,49.6,(주)씨맥,00970815,,false,도소매,도매·상품중개,REFI(롤오버형),411.5,0.054,20.2,0.049,160.8,8,14.326,1.058,22.7,102.8,1.763,1.708,35,,UNLISTED_BLIND,,,순부채/EBITDA 8.0x / 부채비율 1433% (3년 1036%p↑) / 3년 순부채 +103억 vs EBITDA합 58억 / 매출 1원 성장에 순부채 1.71원 / 유동비율 106%
70.7,73.9,50.2,위블링,00973274,,false,제조업,인쇄·기록매체 복제,DISTRESS(구조조정형),401.1,0.078,29.1,0.073,171.3,5.9,2.921,0.404,3.5,138.6,3,1.705,33,,UNLISTED_BLIND,,,순부채/EBITDA 5.9x / 부채비율 292% (3년 132%p↑) / 3년 순부채 +139억 vs EBITDA합 -10억 / 매출 1원 성장에 순부채 1.71원 / 유동비율 40% / 현금/매출 1% / 영업적자 2/3년
70.7,67.2,62.3,동경철강(주),01037348,,false,제조업,금속가공제품,WC_BURN(운전자본형),389.4,0.108,25.2,0.065,338.5,13.4,2.764,0.562,6.2,186.9,2.732,1.806,74,,UNLISTED_BLIND,,,순부채/EBITDA 13.4x / 부채비율 276% / 3년 순부채 +187억 vs EBITDA합 68억 / 매출 1원 성장에 순부채 1.81원 / 유동비율 56% / 현금/매출 2%
70.7,74.2,49.6,(주)해맑음푸드,01470677,,false,제조업,식료품 제조,DISTRESS(구조조정형),352.5,0.147,-3.4,-0.01,89,,23.552,0.417,0,14.5,0.57,0.122,8,0,UNLISTED_BLIND,,,EBITDA 적자 -3억 / 부채비율 2355% (3년 945%p↑) / EBITDA마진 4%→-1% / 3년 순부채 +15억 vs EBITDA합 25억 / 유동비율 42% / 현금/매출 0% / 런웨이 0개월
70.7,75.4,47.5,롯데인프라셀,01854000,,false,제조업,1차 금속,DISTRESS(구조조정형),1660.8,,-257.1,-0.155,4646.9,,3.055,0.457,397.5,4646.9,3,2.798,1625,9,UNLISTED_BLIND,,,"EBITDA 적자 -257억 / 부채비율 305% (3년 305%p↑) / 3년 순부채 +4,647억 vs EBITDA합 -257억 / 매출 1원 성장에 순부채 2.80원 / 유동비율 46% / 런웨이 9개월"
70.6,84.8,30,(주)다음스틸,01662603,,false,제조업,금속가공제품,REFI(롤오버형),392,-0.082,2.3,0.006,95.4,41.3,12.336,0.544,8,55.4,2.116,,18,33,UNLISTED_BLIND,,,순부채/EBITDA 41.3x / 부채비율 1234% (3년 865%p↑) / 3년 순부채 +55억 vs EBITDA합 26억 / 유동비율 54% / 현금/매출 2%
70.6,61.5,72.5,(주)태창이엔지,00886127,,false,제조업,기타 운송장비,DISTRESS(구조조정형),434.2,0.133,57.4,0.132,301.8,5.3,3.182,0.253,10.8,94.6,3.114,0.698,25,,UNLISTED_BLIND,,,순부채/EBITDA 5.3x / 부채비율 318% (3년 117%p↑) / 3년 순부채 +95억 vs EBITDA합 30억 / 매출 1원 성장에 순부채 0.70원 / 유동비율 25% / 현금/매출 2% / 영업적자 2/3년
70.6,64.8,66.5,(주)에이테크경주,01016646,,false,제조업,자동차·트레일러,WC_BURN(운전자본형),459.5,0.111,35.6,0.077,275.7,7.8,2.837,0.59,0.4,100.4,0.938,0.805,31,,UNLISTED_BLIND,,,순부채/EBITDA 7.8x / 부채비율 284% / EBITDA마진 10%→8% / 3년 순부채 +100억 vs EBITDA합 107억 / 매출 1원 성장에 순부채 0.80원 / 유동비율 59% / 현금/매출 0% / 현금 2년 연속 감소
70.6,68.4,60,에스와이빌드(주),01135066,,false,제조업,금속가공제품,GROWTH(성장자금형),446.3,0.268,23.8,0.053,137.3,5.8,4.445,0.596,3.1,47.3,3.015,0.208,0,,UNLISTED_BLIND,,,순부채/EBITDA 5.8x / 부채비율 444% (3년 278%p↑) / 3년 순부채 +47억 vs EBITDA합 16억 / 유동비율 60% / 현금/매출 1%
70.6,60.2,75.1,엘에스오토모티브테크놀로지스(주),01247778,,false,제조업,자동차·트레일러,WC_BURN(운전자본형),13162.7,0.134,1055,0.08,6345.1,6,3.486,0.68,545,2247.2,0.604,0.544,587,,UNLISTED_BLIND,,,"순부채/EBITDA 6.0x / 부채비율 349% (3년 194%p↑) / EBITDA마진 12%→8% / 3년 순부채 +2,247억 vs EBITDA합 3,720억 / 매출 1원 성장에 순부채 0.54원 / 유동비율 68% / 현금/매출 4%"
70.6,73.5,50.5,(주)제주로지스틱스,01375895,,false,운수·물류,창고·운송관련 서비스,WC_BURN(운전자본형),363,0.101,10.5,0.029,164.8,15.7,2.359,1.088,0.6,112.8,3.632,1.235,42,68,UNLISTED_BLIND,,,순부채/EBITDA 15.7x / 부채비율 236% (3년 124%p↑) / 3년 순부채 +113억 vs EBITDA합 31억 / 매출 1원 성장에 순부채 1.24원 / 유동비율 109% / 현금/매출 0% / 현금 2년 연속 감소
70.6,62.6,70.7,한국피엘에이(주),01560031,,false,제조업,고무·플라스틱제품,WC_BURN(운전자본형),537.9,0.121,33.1,0.062,260.8,7.9,2.286,0.385,2.6,123.9,1.059,0.794,39,,UNLISTED_BLIND,,,순부채/EBITDA 7.9x / 부채비율 229% / EBITDA마진 10%→6% / 3년 순부채 +124억 vs EBITDA합 117억 / 매출 1원 성장에 순부채 0.79원 / 유동비율 39% / 현금/매출 0%
70.6,69,58.9,(주)엘케이매니지먼트,01498044,,false,숙박·음식,숙박업,WC_BURN(운전자본형),546.8,0.117,13.3,0.024,74,5.6,14.904,1.472,2.6,115,3.269,0.746,44,,UNLISTED_BLIND,,,순부채/EBITDA 5.6x / 부채비율 1490% (3년 3197%p↑) / 3년 순부채 +115억 vs EBITDA합 35억 / 매출 1원 성장에 순부채 0.75원 / 현금/매출 0% / 현금 2년 연속 감소
70.5,54.6,85,(주)데일리비어,01658169,,false,도소매,도매·상품중개,GROWTH(성장자금형),306.8,0.446,82.5,0.269,365.5,4.4,5.051,0.377,43,376.6,1.888,1.833,146,,UNLISTED_BLIND,,,순부채/EBITDA 4.4x / 부채비율 505% (3년 451%p↑) / 3년 순부채 +377억 vs EBITDA합 199억 / 매출 1원 성장에 순부채 1.83원 / 유동비율 38%
70.5,76.4,45,(주)윈플러스마트서부,01371853,,false,도소매,도매·상품중개,REFI(롤오버형),506.4,,7.5,0.015,82.3,11,7.808,0.987,13.2,82.3,4.201,0.163,27,,UNLISTED_BLIND,,,순부채/EBITDA 11.0x / 부채비율 781% (3년 781%p↑) / 3년 순부채 +82억 vs EBITDA합 20억 / 유동비율 99% / 현금/매출 3% / 영업적자 2/3년
70.5,83.1,32.5,(주)큐브릿지,00381914,,false,도소매,소매(자동차 제외),DISTRESS(구조조정형),559.4,-0.122,-2.1,-0.004,87.7,,26.845,1.071,1.9,35.9,16.231,,14,3,UNLISTED_BLIND,,,EBITDA 적자 -2억 / 부채비율 2684% (3년 3114%p↑) / 3년 순부채 +36억 vs EBITDA합 2억 / 유동비율 107% / 현금/매출 0% / 런웨이 3개월
70.5,58.3,78,(주)삼원테크,00563989,,false,제조업,의료·정밀·광학기기,WC_BURN(운전자본형),322.1,0.302,31.2,0.097,203.9,6.5,2.472,1.089,5.4,104.1,1.262,0.592,37,,UNLISTED_BLIND,,,순부채/EBITDA 6.5x / 부채비율 247% (3년 137%p↑) / 3년 순부채 +104억 vs EBITDA합 83억 / 매출 1원 성장에 순부채 0.59원 / 유동비율 109% / 현금/매출 2%
70.5,87.3,25,(주)명세,00965822,,false,제조업,식료품 제조,DISTRESS(구조조정형),411.4,-0.138,-62.3,-0.151,304.7,,3.113,0.617,0.4,73.8,3,,42,0,DISTRESS_EVENT,,,EBITDA 적자 -62억 / 부채비율 311% (3년 80%p↑) / EBITDA마진 3%→-15% / 3년 순부채 +74억 vs EBITDA합 -16억 / 유동비율 62% / 현금/매출 0% / 런웨이 0개월
70.5,71.2,54.3,서원피덱스(주),01015656,,false,제조업,식료품 제조,REFI(롤오버형),434.1,0.059,27,0.062,146.3,5.4,19.293,0.673,4.8,57.2,1.767,0.833,18,,UNLISTED_BLIND,,,순부채/EBITDA 5.4x / 부채비율 1929% (3년 825%p↑) / 3년 순부채 +57억 vs EBITDA합 32억 / 매출 1원 성장에 순부채 0.83원 / 유동비율 67% / 현금/매출 1%
70.5,65.3,65.3,스틸싸이클에스씨(주),01087839,,false,제조업,1차 금속,WC_BURN(운전자본형),511.6,0.166,23.5,0.046,199.5,8.5,0.989,1.121,8.2,126.1,3.721,0.668,112,,UNLISTED_BLIND,,,순부채/EBITDA 8.5x / 3년 순부채 +126억 vs EBITDA합 34억 / 매출 1원 성장에 순부채 0.67원 / 유동비율 112% / 현금/매출 2% / 현금 2년 연속 감소 / 영업적자 2/3년
70.4,53.1,87.3,(주)신신사,00636744,,false,제조업,전기장비,GROWTH(성장자금형),1686.6,0.181,130.7,0.078,518.2,4,9.463,0.693,173.4,424,1.001,0.641,50,,UNLISTED_BLIND,,,순부채/EBITDA 4.0x / 부채비율 946% (3년 818%p↑) / 3년 순부채 +424억 vs EBITDA합 424억 / 매출 1원 성장에 순부채 0.64원 / 유동비율 69%
70.4,56.8,80.4,(주)다이아몬드새우,00877721,,false,건설업,종합 건설,GROWTH(성장자금형),1472,0.323,80.2,0.055,673.5,8.4,1.86,0.745,26.7,385.5,2.245,0.461,143,,UNLISTED_BLIND,,,순부채/EBITDA 8.4x / 3년 순부채 +385억 vs EBITDA합 172억 / 유동비율 75% / 현금/매출 2%
70.4,73.9,49.1,보우시스템,01145197,,false,제조업,기타 기계·장비,DISTRESS(구조조정형),986,0.093,-84.3,-0.085,7.8,,1.633,0.984,13.4,56.1,4.759,0.243,35,2,UNLISTED_BLIND,,,EBITDA 적자 -84억 / EBITDA마진 6%→-9% / 3년 순부채 +56억 vs EBITDA합 12억 / 유동비율 98% / 현금/매출 1% / 현금 2년 연속 감소 / 런웨이 2개월
70.4,63,69,(주)디에이치정공,01139521,,false,제조업,전기장비,GROWTH(성장자금형),364.7,0.125,28.8,0.079,235.3,8.2,2.709,0.676,18.6,171,2.011,1.573,66,,UNLISTED_BLIND,,,순부채/EBITDA 8.2x / 부채비율 271% / 3년 순부채 +171억 vs EBITDA합 85억 / 매출 1원 성장에 순부채 1.57원 / 유동비율 68%
70.4,56.2,81.5,제이엘켐(주),01529113,,false,제조업,화학물질·화학제품,WC_BURN(운전자본형),373,0.334,40.4,0.108,329.2,8.1,0.845,0.448,38,222.1,2.668,1.029,68,,UNLISTED_BLIND,,,순부채/EBITDA 8.1x / 3년 순부채 +222억 vs EBITDA합 83억 / 매출 1원 성장에 순부채 1.03원 / 유동비율 45% / 현금 2년 연속 감소
70.4,80.3,37.5,위본오토모티브(주),01759547,,false,도소매,자동차·부품 판매,REFI(롤오버형),480.2,,3.3,0.007,198.6,60,5.858,1.036,2.7,198.6,8.288,0.414,74,4,UNLISTED_BLIND,,,순부채/EBITDA 60.0x / 부채비율 586% (3년 586%p↑) / 3년 순부채 +199억 vs EBITDA합 24억 / 유동비율 104% / 현금/매출 1% / 영업적자 2/3년 / 런웨이 4개월
70.3,58.9,76.4,(주)금강고속,00105402,,false,운수·물류,육상운송·파이프라인,GROWTH(성장자금형),541.9,0.13,41.3,0.076,318.6,7.7,4.521,0.166,21.1,29.3,0.272,0.176,18,,UNLISTED_BLIND,,,순부채/EBITDA 7.7x / 부채비율 452% (3년 109%p↑) / 3년 순부채 +29억 vs EBITDA합 108억 / 유동비율 17% / 현금/매출 4% / 현금 2년 연속 감소
70.3,55.4,82.9,(주)크레아에이엔,00568683,,false,제조업,고무·플라스틱제품,GROWTH(성장자금형),1254.8,0.648,79.1,0.063,237.4,3,2.08,0.451,67.6,222.6,1.428,0.228,9,,UNLISTED_BLIND,,,순부채/EBITDA 3.0x / 부채비율 208% (3년 138%p↑) / EBITDA마진 10%→6% / 3년 순부채 +223억 vs EBITDA합 156억 / 유동비율 45% / 현금 2년 연속 감소
70.3,85.6,27.5,(주)삼양스틸,00763589,,false,제조업,금속가공제품,DISTRESS(구조조정형),767.7,-0.043,-9.4,-0.012,133.2,,3.943,1.256,3.9,75.3,3,,16,3,UNLISTED_BLIND,,,EBITDA 적자 -9억 / 부채비율 394% (3년 112%p↑) / EBITDA마진 3%→-1% / 3년 순부채 +75억 vs EBITDA합 -16억 / 현금/매출 1% / 영업적자 2/3년 / 런웨이 3개월
70.3,60.2,73.8,(주)기미전자,01014921,,false,제조업,전기장비,GROWTH(성장자금형),588.7,0.196,33.9,0.058,138,4.1,5.286,0.938,11.3,70.9,1.5,0.29,22,,UNLISTED_BLIND,,,순부채/EBITDA 4.1x / 부채비율 529% (3년 196%p↑) / 3년 순부채 +71억 vs EBITDA합 47억 / 유동비율 94% / 현금/매출 2%
70.3,84.1,30,쿱푸드시스템(주),01075135,,false,제조업,식료품 제조,REFI(롤오버형),436.2,-0.063,4.5,0.01,125.7,28,7.023,0.592,0.2,92.5,3.024,,32,1,UNLISTED_BLIND,,,순부채/EBITDA 28.0x / 부채비율 702% (3년 380%p↑) / 3년 순부채 +93억 vs EBITDA합 31억 / 유동비율 59% / 현금/매출 0% / 런웨이 1개월
70.3,69.2,57.4,(주)태남글로벌,01406335,,false,도소매,도매·상품중개,REFI(롤오버형),1040.2,0.045,30.7,0.03,253.2,8.2,3.262,1.053,17,262.1,2.514,2.05,96,,UNLISTED_BLIND,,,순부채/EBITDA 8.2x / 부채비율 326% / 3년 순부채 +262억 vs EBITDA합 104억 / 매출 1원 성장에 순부채 2.05원 / 유동비율 105% / 현금/매출 2%
70.2,65.7,63.6,동진이공(주),00118734,,false,제조업,자동차·트레일러,TIGHT(유동성형),1340.5,0.106,12.5,0.009,121.4,9.7,3.034,0.729,16.8,56.3,0.523,0.16,14,,UNLISTED_BLIND,,,순부채/EBITDA 9.7x / 부채비율 303% / EBITDA마진 5%→1% / 3년 순부채 +56억 vs EBITDA합 108억 / 유동비율 73% / 현금/매출 1% / 현금 2년 연속 감소
70.2,66.4,62.2,서진산업(주),00181606,,false,건설업,종합 건설,REFI(롤오버형),7772.9,0.04,373.3,0.048,3575.5,9.6,3.846,0.334,395.7,416.7,0.191,0.483,53,,UNLISTED_BLIND,,,"순부채/EBITDA 9.6x / 부채비율 385% (3년 123%p↑) / EBITDA마진 12%→5% / 3년 순부채 +417억 vs EBITDA합 2,185억 / 유동비율 33%"
70.2,84,30,(주)제주미래에너지,00837112,,false,도소매,도매·상품중개,REFI(롤오버형),405.2,-0.055,4.7,0.012,55.4,11.9,61.999,0.555,14.6,37.9,2.07,,13,,UNLISTED_BLIND,,,순부채/EBITDA 11.9x / 부채비율 6200% (3년 2654%p↑) / 3년 순부채 +38억 vs EBITDA합 18억 / 유동비율 56% / 현금/매출 4% / 영업적자 2/3년
70.2,86.7,25,(주)삼오텍,00911724,,false,제조업,고무·플라스틱제품,REFI(롤오버형),477.4,-0.099,3.2,0.007,155.7,48.9,8.961,0.528,0.3,44.6,3,,13,1,DISTRESS_EVENT,,,순부채/EBITDA 48.9x / 부채비율 896% (3년 450%p↑) / 3년 순부채 +45억 vs EBITDA합 -4억 / 유동비율 53% / 현금/매출 0% / 영업적자 2/3년 / 런웨이 1개월
70.2,70.6,54.5,(주)자연에너지,01079344,,false,도소매,소매(자동차 제외),TIGHT(유동성형),303.8,0.146,5.6,0.019,93.3,16.6,7.678,0.567,6.1,25.2,1.216,0.247,10,141,UNLISTED_BLIND,,,순부채/EBITDA 16.6x / 부채비율 768% (3년 146%p↑) / 3년 순부채 +25억 vs EBITDA합 21억 / 유동비율 57% / 현금/매출 2%
70.2,59.5,75,한국넥슬렌유한회사,01075463,,false,제조업,화학물질·화학제품,REFI(롤오버형),3609.1,-0.03,514.8,0.143,4804.2,9.3,2.408,1.845,166.4,2704.6,1.508,,1015,,UNLISTED_BLIND,,,"순부채/EBITDA 9.3x / 부채비율 241% (3년 148%p↑) / 3년 순부채 +2,705억 vs EBITDA합 1,794억 / 현금/매출 5% / 현금 2년 연속 감소"
70.1,77.6,41.3,(주)세원금속,00815563,,false,제조업,자동차·트레일러,REFI(롤오버형),675.2,0.006,2.3,0.004,17.2,7.4,7.912,1.469,10.9,20.5,3.559,1.764,7,,UNLISTED_BLIND,,,순부채/EBITDA 7.4x / 부채비율 791% (3년 407%p↑) / 3년 순부채 +20억 vs EBITDA합 6억 / 매출 1원 성장에 순부채 1.76원 / 현금/매출 2% / 현금 2년 연속 감소
70.1,55.9,81.3,(주)우신세이프티시스템,00113988,,false,제조업,자동차·트레일러,GROWTH(성장자금형),1831.4,0.273,105.8,0.058,708,6.7,7.035,0.655,0.4,145.6,0.54,0.154,85,,UNLISTED_BLIND,,,순부채/EBITDA 6.7x / 부채비율 703% / 3년 순부채 +146억 vs EBITDA합 270억 / 유동비율 66% / 현금/매출 0% / 현금 2년 연속 감소
70.1,57.3,78.7,(주)한림상사,00519915,,false,제조업,의복·모피 제조,GROWTH(성장자금형),858.5,0.333,63.5,0.074,263.6,4.1,3.925,0.408,0.4,241.6,2.35,0.487,112,,UNLISTED_BLIND,,,순부채/EBITDA 4.1x / 부채비율 393% / 3년 순부채 +242억 vs EBITDA합 103억 / 유동비율 41% / 현금/매출 0%
70.1,80.7,35.7,(주)유카,00808165,,false,도소매,자동차·부품 판매,DISTRESS(구조조정형),1000.6,-0.015,4,0.004,182.9,45.6,2.617,0.958,8.7,132.1,3,,44,17,UNLISTED_BLIND,,,순부채/EBITDA 45.6x / 부채비율 262% (3년 192%p↑) / 3년 순부채 +132억 vs EBITDA합 -16억 / 유동비율 96% / 현금/매출 1% / 영업적자 3/3년 / 런웨이 17개월
70.1,78.6,39.7,(주)세류페이퍼,01085831,,false,도소매,도매·상품중개,REFI(롤오버형),431.8,0.035,10.9,0.025,142,13,210.237,0.995,3,142.9,4.991,3.368,51,,UNLISTED_BLIND,,,순부채/EBITDA 13.0x / 부채비율 21024% (3년 22964%p↑) / 3년 순부채 +143억 vs EBITDA합 29억 / 매출 1원 성장에 순부채 3.37원 / 유동비율 99% / 현금/매출 1%
70.1,66.1,62.5,(주)마리오트로닉스,01149759,,false,도소매,도매·상품중개,WC_BURN(운전자본형),423.8,0.1,29.6,0.07,464.8,15.7,2.422,0.36,48.2,343.7,2.814,3.275,111,596,UNLISTED_BLIND,,,순부채/EBITDA 15.7x / 부채비율 242% (3년 83%p↑) / EBITDA마진 10%→7% / 3년 순부채 +344억 vs EBITDA합 122억 / 매출 1원 성장에 순부채 3.27원 / 유동비율 36%
70.1,64.8,65,센트럴메디컬서비스(주),01211977,,false,도소매,도매·상품중개,WC_BURN(운전자본형),375.4,0.071,34.5,0.092,444.2,12.9,2.465,0.714,10.2,92,1.005,1.316,25,,UNLISTED_BLIND,,,순부채/EBITDA 12.9x / 부채비율 247% / 3년 순부채 +92억 vs EBITDA합 92억 / 매출 1원 성장에 순부채 1.32원 / 유동비율 71% / 현금/매출 3% / 현금 2년 연속 감소
70.1,59.3,75.1,엘에스에이홀딩스(주),01247927,,false,제조업,자동차·트레일러,GROWTH(성장자금형),13162.7,0.134,1053.5,0.08,8579.5,8.1,50.641,0.654,546.1,1178,0.317,0.285,146,,RECENTLY_FUNDED,2026-03-31,특수관계인에대한전환사채발행의결,"순부채/EBITDA 8.1x / 부채비율 5064% (3년 4068%p↑) / EBITDA마진 12%→8% / 3년 순부채 +1,178억 vs EBITDA합 3,715억 / 유동비율 65% / 현금/매출 4%"
70.1,87.8,22.6,거한건설(주),01372065,,false,건설업,종합 건설,DISTRESS(구조조정형),311,-0.003,-18.4,-0.059,37.1,,2.745,0.891,3.5,6.4,3,,11,2,UNLISTED_BLIND,,,EBITDA 적자 -18억 / 부채비율 275% (3년 164%p↑) / EBITDA마진 -0%→-6% / 3년 순부채 +6억 vs EBITDA합 -21억 / 유동비율 89% / 현금/매출 1% / 영업적자 2/3년 / 런웨이 2개월
70.1,63.9,66.6,(주)삼주,01349632,,false,제조업,화학물질·화학제품,TIGHT(유동성형),682.4,0.151,23,0.034,161.8,7,8.491,0.479,2.4,-2.3,-0.026,-0.01,0,,UNLISTED_BLIND,,,순부채/EBITDA 7.0x / 부채비율 849% (3년 321%p↑) / EBITDA마진 6%→3% / 유동비율 48% / 현금/매출 0% / 현금 2년 연속 감소
70,59,75,(주)브리즈랩,01614749,,false,정보통신,출판업,TIGHT(유동성형),586,,293.3,0.501,833,2.8,5.415,0.541,15.8,833,1.484,1.421,215,,UNLISTED_BLIND,,,부채비율 541% (3년 541%p↑) / 3년 순부채 +833억 vs EBITDA합 561억 / 매출 1원 성장에 순부채 1.42원 / 유동비율 54% / 현금/매출 3%
70,71.3,52.5,쌍용철강(주),01657452,,false,도소매,도매·상품중개,TIGHT(유동성형),482.7,0.123,12.1,0.025,157.7,13,3.774,0.855,8.1,98,2.363,0.691,38,,UNLISTED_BLIND,,,순부채/EBITDA 13.0x / 부채비율 377% (3년 90%p↑) / 3년 순부채 +98억 vs EBITDA합 41억 / 매출 1원 성장에 순부채 0.69원 / 유동비율 86% / 현금/매출 2%
70,64.8,64.5,(주)이씨오,00610144,,false,정보통신,출판업,REFI(롤오버형),358.4,0.059,34.4,0.096,297.5,8.7,5.245,0.571,35.6,136.4,1.455,2.392,33,,UNLISTED_BLIND,,,순부채/EBITDA 8.7x / 부채비율 524% (3년 70%p↑) / 3년 순부채 +136억 vs EBITDA합 94억 / 매출 1원 성장에 순부채 2.39원 / 유동비율 57%
70,86.3,25,메디랩코리아(주),00810179,,false,도소매,도매·상품중개,REFI(롤오버형),353.4,-0.043,4,0.011,103.3,25.8,70.847,0.932,28.1,34.5,1.726,,4,200,UNLISTED_BLIND,,,순부채/EBITDA 25.8x / 부채비율 7085% (3년 6595%p↑) / 3년 순부채 +34억 vs EBITDA합 20억 / 유동비율 93% / 현금 2년 연속 감소 / 영업적자 2/3년
70,89.1,20,(주)비즈바이오,00966496,,false,도소매,도매·상품중개,DISTRESS(구조조정형),497,-0.062,-1.3,-0.002,289.4,,9.758,0.613,3.4,191.2,14.606,,66,2,UNLISTED_BLIND,,,EBITDA 적자 -1억 / 부채비율 976% (3년 679%p↑) / 3년 순부채 +191억 vs EBITDA합 13억 / 유동비율 61% / 현금/매출 1% / 영업적자 2/3년 / 런웨이 2개월
70,79.5,37.5,(주)이룸코리아,01376405,,false,도소매,도매·상품중개,REFI(롤오버형),567.2,-0.036,1.5,0.003,366.1,251.4,3.497,1.389,23,182.8,1.746,,67,15,UNLISTED_BLIND,,,순부채/EBITDA 251.4x / 부채비율 350% (3년 104%p↑) / EBITDA마진 6%→0% / 3년 순부채 +183억 vs EBITDA합 105억 / 현금/매출 4% / 런웨이 15개월
70,75.8,44.3,(주)대현단자,01469990,,false,제조업,전자부품·컴퓨터·통신장비,DISTRESS(구조조정형),455.8,0.112,-20.1,-0.044,166.3,,3.805,0.58,10.8,40.3,0.786,0.325,24,4,UNLISTED_BLIND,,,EBITDA 적자 -20억 / 부채비율 380% / EBITDA마진 7%→-4% / 3년 순부채 +40억 vs EBITDA합 51억 / 유동비율 58% / 현금/매출 2% / 영업적자 2/3년 / 런웨이 4개월
69.9,93.5,36.7,대한광통신,00113261,010170,true,제조업,전기장비,DISTRESS(구조조정형),1527.2,-0.008,-220.9,-0.145,971.9,,4.136,0.698,85.1,727.6,3,,265,4,RECENTLY_FUNDED,2026-02-23,[기재정정]주요사항보고서(유상증자결정),EBITDA 적자 -221억 / 부채비율 414% (3년 285%p↑) / EBITDA마진 -5%→-14% / 3년 순부채 +728억 vs EBITDA합 -280억 / 유동비율 70% / 영업적자 2/3년 / 런웨이 4개월
69.9,84.9,27.5,(주)심팩글로벌,01660030,,false,도소매,도매·상품중개,DISTRESS(구조조정형),323,,-13.8,-0.043,252,,26.086,0.441,1.3,252,3,0.78,154,1,UNLISTED_BLIND,,,EBITDA 적자 -14억 / 부채비율 2609% (3년 2609%p↑) / 3년 순부채 +252억 vs EBITDA합 -21억 / 매출 1원 성장에 순부채 0.78원 / 유동비율 44% / 현금/매출 0% / 영업적자 2/3년 / 런웨이 1개월
69.9,80,36.2,엔에이치유통(주),00412056,,false,도소매,소매(자동차 제외),DISTRESS(구조조정형),389.3,0.056,-33.1,-0.085,449.3,,2.053,0.198,27.6,347,3,5.879,128,6,UNLISTED_BLIND,,,EBITDA 적자 -33억 / 부채비율 205% (3년 105%p↑) / EBITDA마진 4%→-9% / 3년 순부채 +347억 vs EBITDA합 -9억 / 매출 1원 성장에 순부채 5.88원 / 유동비율 20% / 런웨이 6개월
69.9,84.1,28.9,(주)영실업,00767691,,false,제조업,기타 제품 제조,REFI(롤오버형),456.1,-0.217,26.3,0.058,261.4,9.9,26.288,0.884,58.9,395,2.43,,96,,DISTRESS_EVENT,,,순부채/EBITDA 9.9x / 부채비율 2629% (3년 2563%p↑) / EBITDA마진 16%→6% / 3년 순부채 +395억 vs EBITDA합 163억 / 유동비율 88% / 영업적자 3/3년
69.9,57.2,78.2,(주)데어리젠,00965886,,false,제조업,식료품 제조,GROWTH(성장자금형),623.3,0.158,45.1,0.072,272.9,6.1,4.766,0.707,27,118.7,1.048,0.535,35,,UNLISTED_BLIND,,,순부채/EBITDA 6.1x / 부채비율 477% (3년 50%p↑) / 3년 순부채 +119억 vs EBITDA합 113억 / 매출 1원 성장에 순부채 0.53원 / 유동비율 71% / 현금/매출 4%
69.9,65.2,63.3,(주)경기여객,01434806,,false,운수·물류,육상운송·파이프라인,WC_BURN(운전자본형),346.6,0.129,20.1,0.058,64.1,3.2,3.456,0.563,1.3,60.9,1.684,0.576,22,,UNLISTED_BLIND,,,순부채/EBITDA 3.2x / 부채비율 346% (3년 193%p↑) / 3년 순부채 +61억 vs EBITDA합 36억 / 매출 1원 성장에 순부채 0.58원 / 유동비율 56% / 현금/매출 0% / 현금 2년 연속 감소
69.9,80.9,34.6,(주)사과마을,01551680,,false,도소매,소매(자동차 제외),DISTRESS(구조조정형),304.4,0.045,-0.7,-0.002,157.4,,9.202,0.327,10,25.8,1.041,0.685,10,13,UNLISTED_BLIND,,,EBITDA 적자 -1억 / 부채비율 920% (3년 332%p↑) / EBITDA마진 5%→-0% / 3년 순부채 +26억 vs EBITDA합 25억 / 매출 1원 성장에 순부채 0.68원 / 유동비율 33% / 현금/매출 3% / 런웨이 13개월
69.9,75.2,45,백운지업(주),01742644,,false,도소매,도매·상품중개,REFI(롤오버형),652.8,,8.2,0.013,101.3,12.4,5.832,0.852,0.7,101.3,4.369,0.155,34,,UNLISTED_BLIND,,,순부채/EBITDA 12.4x / 부채비율 583% (3년 583%p↑) / 3년 순부채 +101억 vs EBITDA합 23억 / 유동비율 85% / 현금/매출 0% / 현금 2년 연속 감소
69.8,59,74.5,(주)천일오토모빌,00805539,,false,도소매,자동차·부품 판매,TIGHT(유동성형),1907.6,0.258,66.8,0.035,397.1,5.9,25.364,0.9,0.1,79,0.319,0.083,51,,UNLISTED_BLIND,,,순부채/EBITDA 5.9x / 부채비율 2536% (3년 2989%p↑) / 3년 순부채 +79억 vs EBITDA합 247억 / 유동비율 90% / 현금/매출 0% / 현금 2년 연속 감소
69.8,67.2,59.3,(주)폴리이에스씨,00895462,,false,교육,교육 서비스,REFI(롤오버형),562.6,0.049,33.1,0.059,181.5,5.5,2.042,0.278,51.3,274.4,2.538,3.63,63,,UNLISTED_BLIND,,,순부채/EBITDA 5.5x / 부채비율 204% (3년 142%p↑) / EBITDA마진 9%→6% / 3년 순부채 +274억 vs EBITDA합 108억 / 매출 1원 성장에 순부채 3.63원 / 유동비율 28%
69.8,76.7,42.2,(주)은하수산,01142987,,false,도소매,도매·상품중개,DISTRESS(구조조정형),1414.5,-0.004,50.7,0.036,327.9,6.5,2.37,0.723,33.6,224,10.054,,56,,DISTRESS_EVENT,,,순부채/EBITDA 6.5x / 부채비율 237% (3년 134%p↑) / 3년 순부채 +224억 vs EBITDA합 22억 / 유동비율 72% / 현금/매출 2% / 영업적자 2/3년
69.8,90.5,16.6,(주)의식주컴퍼니,01552476,,false,기타 서비스,기타 개인 서비스,DISTRESS(구조조정형),538.8,0.605,-192.5,-0.357,560.9,,69.36,0.224,24.5,404.2,3,0.989,389,1,UNLISTED_BLIND,,,EBITDA 적자 -193억 / 부채비율 6936% (3년 6791%p↑) / 3년 순부채 +404억 vs EBITDA합 -634억 / 매출 1원 성장에 순부채 0.99원 / 유동비율 22% / 현금/매출 5% / 현금 2년 연속 감소 / 영업적자 3/3년 / 런웨이 1개월
69.7,62.7,67.5,농업회사법인(주)안성,00247319,,false,농림어업,농업,REFI(롤오버형),457.4,0.031,138.9,0.304,787.3,5.7,1.715,0.286,2.3,519.6,1.377,13.059,173,,UNLISTED_BLIND,,,순부채/EBITDA 5.7x / 3년 순부채 +520억 vs EBITDA합 377억 / 매출 1원 성장에 순부채 13.06원 / 유동비율 29% / 현금/매출 1% / 현금 2년 연속 감소 / 영업적자 2/3년
69.7,45.2,99.6,(주)세라젬,00372916,,false,제조업,의료·정밀·광학기기,WC_BURN(운전자본형),5846.6,0.249,693.6,0.119,2866.8,4.1,1.688,1.258,2027.6,4046.3,1.387,1.423,15,,UNLISTED_BLIND,,,"순부채/EBITDA 4.1x / EBITDA마진 14%→12% / 3년 순부채 +4,046억 vs EBITDA합 2,917억 / 매출 1원 성장에 순부채 1.42원"
69.7,73.6,47.3,요진건설산업(주),00142166,,false,건설업,종합 건설,REFI(롤오버형),2732.5,-0.004,25.9,0.01,2001.6,77.3,0.865,0.806,89,496.6,1.439,,194,12,UNLISTED_BLIND,,,순부채/EBITDA 77.3x / EBITDA마진 6%→1% / 3년 순부채 +497억 vs EBITDA합 345억 / 유동비율 81% / 현금/매출 3% / 현금 2년 연속 감소 / 런웨이 12개월
69.7,71.2,51.9,(주)풍농,00155489,,false,제조업,화학물질·화학제품,REFI(롤오버형),2335.6,0.009,67.2,0.029,2046.9,30.5,2.524,0.627,251.1,587.5,2.782,9.491,6,66,UNLISTED_BLIND,,,순부채/EBITDA 30.5x / 부채비율 252% (3년 100%p↑) / 3년 순부채 +587억 vs EBITDA합 211억 / 매출 1원 성장에 순부채 9.49원 / 유동비율 63% / 영업적자 2/3년
69.7,88.6,20,주광정밀(주),00573311,,false,제조업,기타 기계·장비,DISTRESS(구조조정형),450.1,-0.143,5.1,0.011,373.4,73.9,6.924,0.766,29.8,414.7,3,,81,23,UNLISTED_BLIND,,,순부채/EBITDA 73.9x / 부채비율 692% (3년 621%p↑) / 3년 순부채 +415억 vs EBITDA합 -192억 / 유동비율 77% / 현금 2년 연속 감소 / 영업적자 3/3년 / 런웨이 23개월
69.7,60,72.2,(주)한타특수운송,01023424,,false,운수·물류,육상운송·파이프라인,WC_BURN(운전자본형),669.5,0.116,46,0.069,398.1,8.7,1.604,0.465,23.6,210.5,1.128,1.117,86,,UNLISTED_BLIND,,,순부채/EBITDA 8.7x / EBITDA마진 9%→7% / 3년 순부채 +211억 vs EBITDA합 187억 / 매출 1원 성장에 순부채 1.12원 / 유동비율 47% / 현금/매출 4%
69.7,66.5,60.3,케이비와이퍼시스템(주),01104589,,false,제조업,자동차·트레일러,TIGHT(유동성형),2941.4,0.118,32.5,0.011,793.7,24.4,23.553,0.54,64.1,-84,-5.923,-0.101,26,69,UNLISTED_BLIND,,,순부채/EBITDA 24.4x / 부채비율 2355% (3년 3386%p↑) / 유동비율 54% / 현금/매출 2% / 영업적자 3/3년
69.7,72,75.3,태림페이퍼(주),00118460,019300,true,제조업,펄프·종이 제조,WC_BURN(운전자본형),12542.7,0.122,1084.5,0.087,10688.9,9.9,2.099,0.786,555.2,6920.4,1.615,1.894,2234,,PRE_SIGNAL,,,"순부채/EBITDA 9.9x / 부채비율 210% / EBITDA마진 17%→9% / 3년 순부채 +6,920억 vs EBITDA합 4,285억 / 매출 1원 성장에 순부채 1.89원 / 유동비율 79% / 현금/매출 4%"
69.7,54.8,81.7,매크로통상(주),01156810,,false,도소매,도매·상품중개,WC_BURN(운전자본형),825,0.212,69.2,0.084,328.7,4.8,0.999,0.746,0.3,262.8,1.58,0.726,95,,UNLISTED_BLIND,,,순부채/EBITDA 4.8x / 3년 순부채 +263억 vs EBITDA합 166억 / 매출 1원 성장에 순부채 0.73원 / 유동비율 75% / 현금/매출 0% / 현금 2년 연속 감소
69.7,68.1,57.5,버슘머트리얼즈피엠코리아,01526772,,false,제조업,화학물질·화학제품,WC_BURN(운전자본형),755.6,0.358,-148.6,-0.197,46.2,,0.162,2.643,25.8,330,1.745,0.727,207,2,UNLISTED_BLIND,,,EBITDA 적자 -149억 / EBITDA마진 19%→-20% / 3년 순부채 +330억 vs EBITDA합 189억 / 매출 1원 성장에 순부채 0.73원 / 현금/매출 3% / 영업적자 2/3년 / 런웨이 2개월
69.6,90.1,16.8,여천NCC(주),00278373,,false,제조업,화학물질·화학제품,DISTRESS(구조조정형),64488.7,-0.001,580.6,0.009,18375.4,31.6,3.314,0.698,0.8,2879.6,3,,165,0,IN_MOTION,2025-11-25,주요사항보고서(유상증자결정),"순부채/EBITDA 31.6x / 부채비율 331% (3년 150%p↑) / 3년 순부채 +2,880억 vs EBITDA합 -1,810억 / 유동비율 70% / 현금/매출 0% / 현금 2년 연속 감소 / 영업적자 3/3년 / 런웨이 0개월"
69.6,77.5,40,한솔페이퍼텍(주),00364263,,false,제조업,펄프·종이 제조,DISTRESS(구조조정형),1216.8,-0.034,-18.6,-0.015,164.9,,0.685,0.837,1.3,91,1.019,,38,1,UNLISTED_BLIND,,,EBITDA 적자 -19억 / EBITDA마진 5%→-2% / 3년 순부채 +91억 vs EBITDA합 89억 / 유동비율 84% / 현금/매출 0% / 현금 2년 연속 감소 / 영업적자 2/3년 / 런웨이 1개월
69.6,73.1,48,헬름코리아(주),01035526,,false,도소매,도매·상품중개,DISTRESS(구조조정형),1355.3,0.034,-24.3,-0.018,182.1,,4.558,1.244,1.8,81.2,1.158,0.619,35,1,UNLISTED_BLIND,,,EBITDA 적자 -24억 / 부채비율 456% / EBITDA마진 4%→-2% / 3년 순부채 +81억 vs EBITDA합 70억 / 매출 1원 성장에 순부채 0.62원 / 현금/매출 0% / 런웨이 1개월
69.6,89.7,17.5,승윤종합건설(주),01254750,,false,제조업,식료품 제조,DISTRESS(구조조정형),333.2,-0.233,-35.3,-0.106,226.5,,3.558,1.025,11.4,133.9,1.906,,70,3,DISTRESS_EVENT,,,EBITDA 적자 -35억 / 부채비율 356% (3년 121%p↑) / EBITDA마진 5%→-11% / 3년 순부채 +134억 vs EBITDA합 70억 / 유동비율 103% / 현금/매출 3% / 현금 2년 연속 감소 / 런웨이 3개월
69.6,75.9,42.9,(주)마트킹안녕,01405345,,false,도소매,소매(자동차 제외),REFI(롤오버형),320.3,-0.017,19.7,0.061,783.2,39.8,3.842,0.114,26.9,622.2,13.134,,208,12,UNLISTED_BLIND,,,순부채/EBITDA 39.8x / 부채비율 384% (3년 137%p↑) / 3년 순부채 +622억 vs EBITDA합 47억 / 유동비율 11% / 현금 2년 연속 감소 / 런웨이 12개월
69.5,69.5,54.3,우림레미콘(주),01677942,,false,제조업,비금속 광물제품,REFI(롤오버형),611,,31.1,0.051,159.2,5.1,7.551,0.454,9.3,159.2,1.464,0.261,53,,UNLISTED_BLIND,,,순부채/EBITDA 5.1x / 부채비율 755% (3년 755%p↑) / 3년 순부채 +159억 vs EBITDA합 109억 / 유동비율 45% / 현금/매출 2% / 현금 2년 연속 감소
69.5,62.4,67.2,신진엠텍(주),00182836,,false,제조업,기타 기계·장비,DISTRESS(구조조정형),1168.5,0.32,51.4,0.044,208.1,4.1,8.737,0.741,60.2,102.3,3,0.155,1,,UNLISTED_BLIND,,,순부채/EBITDA 4.1x / 부채비율 874% (3년 375%p↑) / 3년 순부채 +102억 vs EBITDA합 -47억 / 유동비율 74% / 영업적자 2/3년
69.5,68.8,55.6,대지철강(주),00238339,,false,제조업,1차 금속,REFI(롤오버형),3173.4,0.043,76.6,0.024,732,9.6,3.224,0.734,100.3,374.1,1.81,0.983,121,,UNLISTED_BLIND,,,순부채/EBITDA 9.6x / 부채비율 322% / 3년 순부채 +374억 vs EBITDA합 207억 / 매출 1원 성장에 순부채 0.98원 / 유동비율 73% / 현금/매출 3%
69.5,74.5,45,선인자동차(주),00161620,,false,도소매,자동차·부품 판매,REFI(롤오버형),2946.7,-0.091,50.6,0.017,1168,23.1,1.941,0.935,136.6,988.8,4.46,,271,86,UNLISTED_BLIND,,,순부채/EBITDA 23.1x / 3년 순부채 +989억 vs EBITDA합 222억 / 유동비율 94% / 현금/매출 5% / 현금 2년 연속 감소
69.5,77.7,39.3,(주)정석케미칼,00201070,,false,제조업,화학물질·화학제품,WC_BURN(운전자본형),836.1,0.06,-76.3,-0.091,368.1,,1.597,1.253,59.9,414,3,3.083,133,7,UNLISTED_BLIND,,,EBITDA 적자 -76억 / EBITDA마진 -0%→-9% / 3년 순부채 +414억 vs EBITDA합 -77억 / 매출 1원 성장에 순부채 3.08원 / 영업적자 2/3년 / 런웨이 7개월
69.5,55.7,79.7,유성씨앤에프(주),00184597,,false,제조업,고무·플라스틱제품,GROWTH(성장자금형),749.9,0.141,61.3,0.082,294.4,4.8,1.838,0.767,25.5,141.1,1.433,0.575,39,,UNLISTED_BLIND,,,순부채/EBITDA 4.8x / 3년 순부채 +141억 vs EBITDA합 98억 / 매출 1원 성장에 순부채 0.57원 / 유동비율 77% / 현금/매출 3% / 영업적자 2/3년
69.5,82.7,30.2,(주)모팜,00528436,,false,제조업,자동차·트레일러,DISTRESS(구조조정형),559,0.032,-20.3,-0.036,346.5,,3.224,0.82,6.4,20.8,3,0.411,52,2,UNLISTED_BLIND,,,EBITDA 적자 -20억 / 부채비율 322% (3년 163%p↑) / 3년 순부채 +21억 vs EBITDA합 -150억 / 유동비율 82% / 현금/매출 1% / 현금 2년 연속 감소 / 영업적자 3/3년 / 런웨이 2개월
69.5,61.9,68.1,(주)세고스,00657428,,false,제조업,금속가공제품,REFI(롤오버형),1171.6,0.029,105,0.09,906.6,8.6,3.704,0.37,25.8,83.5,0.434,0.874,20,,UNLISTED_BLIND,,,순부채/EBITDA 8.6x / 부채비율 370% / 3년 순부채 +83억 vs EBITDA합 193억 / 매출 1원 성장에 순부채 0.87원 / 유동비율 37% / 현금/매출 2% / 현금 2년 연속 감소
69.5,67.7,57.5,(주)유니코글로벌아이앤씨,00815633,,false,제조업,의복·모피 제조,DISTRESS(구조조정형),994,0.172,-16.4,-0.016,309.7,,2.929,0.682,2.4,82.6,0.864,0.219,52,1,UNLISTED_BLIND,,,EBITDA 적자 -16억 / 부채비율 293% / EBITDA마진 3%→-2% / 3년 순부채 +83억 vs EBITDA합 96억 / 유동비율 68% / 현금/매출 0% / 런웨이 1개월
69.5,74.7,44.6,제이티비씨(주),00922702,,false,정보통신,방송업,REFI(롤오버형),3800.9,0.006,85.3,0.022,2362.2,27.7,14.403,0.731,653,820.5,617.826,11.819,0,176,DISTRESS_EVENT,2026-05-21,주요사항보고서(자본으로인정되는채무증권발행결정),순부채/EBITDA 27.7x / 부채비율 1440% / 3년 순부채 +820억 vs EBITDA합 1억 / 매출 1원 성장에 순부채 11.82원 / 유동비율 73% / 영업적자 3/3년
69.5,81.5,32.1,(주)폴,01155325,,false,제조업,전기장비,DISTRESS(구조조정형),496.6,0.028,-3.6,-0.007,827,,2.094,0.325,50.3,495.9,6.688,12.437,146,12,DISTRESS_EVENT,,,EBITDA 적자 -4억 / 부채비율 209% (3년 120%p↑) / EBITDA마진 10%→-1% / 3년 순부채 +496억 vs EBITDA합 74억 / 매출 1원 성장에 순부채 12.44원 / 유동비율 32% / 영업적자 2/3년 / 런웨이 12개월
69.4,73.8,70.9,아미코젠,00545734,092040,true,제조업,식료품 제조,WC_BURN(운전자본형),1736,0.116,69,0.04,1208.7,17.5,1.39,0.885,61,786.9,2.624,1.615,287,,RECENTLY_FUNDED,2026-08-04,[기재정정]주요사항보고서(유상증자결정),순부채/EBITDA 17.5x / EBITDA마진 7%→4% / 3년 순부채 +787억 vs EBITDA합 300억 / 매출 1원 성장에 순부채 1.62원 / 유동비율 89% / 현금/매출 4% / 영업적자 2/3년
69.4,86.6,47.5,유일에너테크,01368637,340930,true,제조업,기타 기계·장비,DISTRESS(구조조정형),596.9,0.267,-145.9,-0.244,497,,3.079,0.664,6.8,374.3,3,1.234,221,0,DISTRESS_EVENT,2026-08-04,[기재정정]주요사항보고서(유상증자결정),EBITDA 적자 -146억 / 부채비율 308% (3년 216%p↑) / 3년 순부채 +374억 vs EBITDA합 -421억 / 매출 1원 성장에 순부채 1.23원 / 유동비율 66% / 현금/매출 1% / 영업적자 3/3년 / 런웨이 0개월
69.4,78.5,37.5,(주)아이도요,01643501,,false,제조업,가구 제조,REFI(롤오버형),317.5,,2.7,0.008,160.5,59.8,8.11,1.155,5.7,160.5,5.456,0.505,54,11,DISTRESS_EVENT,,,순부채/EBITDA 59.8x / 부채비율 811% (3년 811%p↑) / EBITDA마진 7%→1% / 3년 순부채 +160억 vs EBITDA합 29억 / 매출 1원 성장에 순부채 0.51원 / 유동비율 115% / 현금/매출 2% / 런웨이 11개월
69.4,75.1,43.5,(주)우리와인,00838096,,false,도소매,도매·상품중개,REFI(롤오버형),824.3,0.021,7.4,0.009,135.1,18.3,4.298,1.352,1.1,135.1,2.97,2.73,48,9,UNLISTED_BLIND,,,순부채/EBITDA 18.3x / 부채비율 430% (3년 70%p↑) / 3년 순부채 +135억 vs EBITDA합 45억 / 매출 1원 성장에 순부채 2.73원 / 현금/매출 0% / 런웨이 9개월
69.4,64.4,63.1,(주)애즈랜드,01074844,,false,제조업,인쇄·기록매체 복제,TIGHT(유동성형),335,0.073,28.5,0.085,218.8,7.7,2.681,0.158,7.3,101.2,1.377,1.593,30,,UNLISTED_BLIND,,,순부채/EBITDA 7.7x / 부채비율 268% / 3년 순부채 +101억 vs EBITDA합 73억 / 매출 1원 성장에 순부채 1.59원 / 유동비율 16% / 현금/매출 2%
69.4,77.3,39.5,(주)트레바이오,01284627,,false,도소매,도매·상품중개,REFI(롤오버형),741.9,-0.003,26,0.035,138,5.3,42.124,0.621,6.7,124.6,3,,29,,UNLISTED_BLIND,,,순부채/EBITDA 5.3x / 부채비율 4212% (3년 3727%p↑) / 3년 순부채 +125억 vs EBITDA합 -20억 / 유동비율 62% / 현금/매출 1%
69.4,65.4,61.5,(주)서울푸드시스템,01382345,,false,도소매,소매(자동차 제외),TIGHT(유동성형),658.2,0.143,7.1,0.011,118.9,16.7,2.766,0.702,13.4,49.8,2.099,0.228,24,621,UNLISTED_BLIND,,,순부채/EBITDA 16.7x / 부채비율 277% (3년 55%p↑) / 3년 순부채 +50억 vs EBITDA합 24억 / 유동비율 70% / 현금/매출 2%
69.4,93.3,10.2,성지피에스(주),01369821,,false,제조업,금속가공제품,DISTRESS(구조조정형),578.6,0.024,-43.2,-0.075,350.1,,-44.925,0.64,0.3,132.8,3,3.305,43,0,DISTRESS_EVENT,,,EBITDA 적자 -43억 / 자본잠식 / EBITDA마진 -1%→-7% / 3년 순부채 +133억 vs EBITDA합 -116억 / 매출 1원 성장에 순부채 3.31원 / 유동비율 64% / 현금/매출 0% / 현금 2년 연속 감소 / 영업적자 2/3년 / 런웨이 0개월
69.4,62.1,67.5,(주)헤라몬드,01729564,,false,제조업,기타 제품 제조,REFI(롤오버형),426.2,,94.8,0.223,775.9,8.2,3.773,0.333,53.3,775.9,4.469,1.821,244,,UNLISTED_BLIND,,,순부채/EBITDA 8.2x / 부채비율 377% (3년 377%p↑) / 3년 순부채 +776억 vs EBITDA합 174억 / 매출 1원 성장에 순부채 1.82원 / 유동비율 33%
69.4,74.3,45,(주)수석네트웍스,01767281,,false,도소매,도매·상품중개,REFI(롤오버형),511.3,,4.7,0.009,67.2,14.2,7.995,1.009,1.4,67.2,4.001,0.131,24,,UNLISTED_BLIND,,,순부채/EBITDA 14.2x / 부채비율 799% (3년 799%p↑) / 3년 순부채 +67억 vs EBITDA합 17억 / 유동비율 101% / 현금/매출 0% / 현금 2년 연속 감소
69.3,71.9,49.3,라온건설(주),00173388,,false,건설업,종합 건설,REFI(롤오버형),2069.5,0.043,5.1,0.003,1060.5,208.6,3.073,1.212,123.4,690.9,3,2.808,141,28,UNLISTED_BLIND,,,순부채/EBITDA 208.6x / 부채비율 307% (3년 124%p↑) / 3년 순부채 +691억 vs EBITDA합 -200억 / 매출 1원 성장에 순부채 2.81원
69.3,78.2,37.5,(주)디브이홀딩스,00986889,,false,도소매,도매·상품중개,REFI(롤오버형),518,-0.048,7.9,0.015,133.7,16.9,6.539,0.623,1.1,80.3,3.256,,27,14,UNLISTED_BLIND,,,순부채/EBITDA 16.9x / 부채비율 654% (3년 128%p↑) / 3년 순부채 +80억 vs EBITDA합 25억 / 유동비율 62% / 현금/매출 0% / 런웨이 14개월
69.3,80.2,34.1,(주)제이에스케이,01080696,,false,제조업,기타 기계·장비,DISTRESS(구조조정형),317.8,0.076,-8.1,-0.025,235.8,,2.209,0.882,13.6,68.7,3,1.099,22,8,UNLISTED_BLIND,,,EBITDA 적자 -8억 / 부채비율 221% (3년 56%p↑) / EBITDA마진 3%→-3% / 3년 순부채 +69억 vs EBITDA합 -6억 / 매출 1원 성장에 순부채 1.10원 / 유동비율 88% / 현금/매출 4% / 영업적자 2/3년 / 런웨이 8개월
69.2,74.9,68.4,동양고속,00540641,084670,true,운수·물류,육상운송·파이프라인,WC_BURN(운전자본형),1217.2,0.145,41.5,0.034,740,17.8,2.084,0.191,81.9,261.5,8.026,0.645,92,,PRE_SIGNAL,,,순부채/EBITDA 17.8x / 부채비율 208% (3년 109%p↑) / 3년 순부채 +262억 vs EBITDA합 33억 / 매출 1원 성장에 순부채 0.65원 / 유동비율 19% / 현금 2년 연속 감소 / 영업적자 3/3년
69.2,80.9,57.5,에이팩트,00667425,200470,true,제조업,전자부품·컴퓨터·통신장비,WC_BURN(운전자본형),867.2,0.225,3.9,0.005,784.4,199,1.942,0.307,141.6,551.1,2.952,1.395,64,43,RECENTLY_FUNDED,2026-06-26,[기재정정]주요사항보고서(전환사채권발행결정),순부채/EBITDA 199.0x / EBITDA마진 21%→0% / 3년 순부채 +551억 vs EBITDA합 187억 / 매출 1원 성장에 순부채 1.40원 / 유동비율 31% / 영업적자 2/3년
69.2,89.5,16.6,설로인(주),01640221,,false,제조업,식료품 제조,DISTRESS(구조조정형),556.5,0.417,-52.7,-0.095,524.6,,9.865,0.391,5.7,537.5,3,1.489,265,1,UNLISTED_BLIND,,,EBITDA 적자 -53억 / 부채비율 986% (3년 962%p↑) / 3년 순부채 +537억 vs EBITDA합 -212억 / 매출 1원 성장에 순부채 1.49원 / 유동비율 39% / 현금/매출 1% / 영업적자 3/3년 / 런웨이 1개월
69.2,59.5,71.5,마성산업(주),00393353,,false,제조업,기타 기계·장비,TIGHT(유동성형),1079.5,0.328,45.1,0.042,176,3.9,1.401,0.907,16.7,271.5,3.352,0.439,81,,UNLISTED_BLIND,,,순부채/EBITDA 3.9x / 3년 순부채 +271억 vs EBITDA합 81억 / 유동비율 91% / 현금/매출 2% / 영업적자 3/3년
69.2,48.1,92.5,(주)호원오토,00496012,,false,제조업,자동차·트레일러,WC_BURN(운전자본형),996,0.348,145.6,0.146,803.9,5.5,3.083,0.333,29.1,323.8,0.888,0.549,106,,UNLISTED_BLIND,,,순부채/EBITDA 5.5x / 부채비율 308% / 3년 순부채 +324억 vs EBITDA합 365억 / 매출 1원 성장에 순부채 0.55원 / 유동비율 33% / 현금/매출 3%
69.2,65.8,59.9,(주)제이앤엘테크,00812043,,false,제조업,의료·정밀·광학기기,REFI(롤오버형),451.4,0.019,45.4,0.101,361.3,8,1.61,0.555,31.2,309.3,1.455,12.689,101,,UNLISTED_BLIND,,,순부채/EBITDA 8.0x / EBITDA마진 18%→10% / 3년 순부채 +309억 vs EBITDA합 213억 / 매출 1원 성장에 순부채 12.69원 / 유동비율 56%
69.2,78.8,36.3,명산건설(주),01156421,,false,건설업,종합 건설,DISTRESS(구조조정형),357.1,0.091,-25.5,-0.071,536.8,,7.584,2.121,111.1,462.1,3,5.636,86,24,UNLISTED_BLIND,,,EBITDA 적자 -25억 / 부채비율 758% (3년 613%p↑) / EBITDA마진 1%→-7% / 3년 순부채 +462억 vs EBITDA합 -22억 / 매출 1원 성장에 순부채 5.64원 / 영업적자 2/3년
69.2,71.1,50.3,나투라페이퍼(주),01295766,,false,제조업,펄프·종이 제조,REFI(롤오버형),1118,0.014,23.3,0.021,587.7,25.2,2.234,0.298,1.7,79.1,0.612,1.744,30,2,UNLISTED_BLIND,,,순부채/EBITDA 25.2x / 부채비율 223% (3년 88%p↑) / EBITDA마진 5%→2% / 3년 순부채 +79억 vs EBITDA합 129억 / 매출 1원 성장에 순부채 1.74원 / 유동비율 30% / 현금/매출 0% / 런웨이 2개월
69.2,82.4,29.5,아이배냇(주),01293652,,false,도소매,도매·상품중개,DISTRESS(구조조정형),345.4,0.045,4.4,0.013,115.8,26,6.05,0.523,2.3,19,3,0.448,9,14,UNLISTED_BLIND,,,순부채/EBITDA 26.0x / 부채비율 605% (3년 311%p↑) / 3년 순부채 +19억 vs EBITDA합 -21억 / 유동비율 52% / 현금/매출 1% / 영업적자 3/3년 / 런웨이 14개월
69.2,70.3,51.8,(주)우리에프엔비,01292556,,false,제조업,식료품 제조,REFI(롤오버형),394.5,0.042,24.6,0.062,170,6.9,2.39,0.624,18.9,137.1,1.412,3.002,48,,UNLISTED_BLIND,,,순부채/EBITDA 6.9x / 부채비율 239% (3년 94%p↑) / EBITDA마진 10%→6% / 3년 순부채 +137억 vs EBITDA합 97억 / 매출 1원 성장에 순부채 3.00원 / 유동비율 62% / 현금/매출 5%
69.2,56.2,77.5,롯데지에스화학(주),01452130,,false,제조업,화학물질·화학제품,REFI(롤오버형),3065,,508.3,0.166,5538.2,10.9,1.63,0.462,410.6,5544.2,6.955,1.809,1709,,UNLISTED_BLIND,,,"순부채/EBITDA 10.9x / 3년 순부채 +5,544억 vs EBITDA합 797억 / 매출 1원 성장에 순부채 1.81원 / 유동비율 46%"
69.2,72.6,47.5,바이에른오토(주),01830189,,false,도소매,자동차·부품 판매,DISTRESS(구조조정형),1012.1,,-37.1,-0.037,84.6,,3.649,1.007,25.7,84.6,3,0.084,59,7,UNLISTED_BLIND,,,EBITDA 적자 -37억 / 부채비율 365% (3년 365%p↑) / 3년 순부채 +85억 vs EBITDA합 -37억 / 유동비율 101% / 현금/매출 3% / 런웨이 7개월
69.1,75.1,42.7,삼성여객(주),00234768,,false,운수·물류,육상운송·파이프라인,REFI(롤오버형),368.2,0.048,10.8,0.029,82.8,7.7,2.901,0.271,4.5,29.9,0.671,0.621,8,,UNLISTED_BLIND,,,순부채/EBITDA 7.7x / 부채비율 290% (3년 106%p↑) / EBITDA마진 6%→3% / 3년 순부채 +30억 vs EBITDA합 44억 / 매출 1원 성장에 순부채 0.62원 / 유동비율 27% / 현금/매출 1% / 현금 2년 연속 감소 / 영업적자 2/3년
69.1,87.5,20,(주)꼬끼오,00966627,,false,도소매,소매(자동차 제외),DISTRESS(구조조정형),430,-0.086,0,0,65.7,1327.7,2.884,0.95,2.7,18.4,3,,4,9,UNLISTED_BLIND,,,순부채/EBITDA 1327.7x / 부채비율 288% (3년 158%p↑) / 3년 순부채 +18억 vs EBITDA합 -2억 / 유동비율 95% / 현금/매출 1% / 현금 2년 연속 감소 / 영업적자 3/3년 / 런웨이 9개월
69.1,71.8,48.8,(주)더마펌,01290789,,false,제조업,화학물질·화학제품,WC_BURN(운전자본형),679.4,0.091,-146.3,-0.215,71.2,,0.206,2.263,17.9,521.8,10.69,3.354,198,1,UNLISTED_BLIND,,,EBITDA 적자 -146억 / EBITDA마진 23%→-22% / 3년 순부채 +522억 vs EBITDA합 49억 / 매출 1원 성장에 순부채 3.35원 / 현금/매출 3% / 현금 2년 연속 감소 / 런웨이 1개월
69.1,81.8,30.5,농업회사법인(주)참연푸드웰,01548321,,false,제조업,식료품 제조,DISTRESS(구조조정형),343.7,0.051,-1.7,-0.005,99,,8.086,0.379,11.5,32.8,3,0.686,10,19,DISTRESS_EVENT,,,EBITDA 적자 -2억 / 부채비율 809% (3년 543%p↑) / 3년 순부채 +33억 vs EBITDA합 -7억 / 매출 1원 성장에 순부채 0.69원 / 유동비율 38% / 현금/매출 3% / 영업적자 2/3년 / 런웨이 19개월
69.1,63.7,63.5,(주)유에이치씨,01752827,,false,숙박·음식,숙박업,REFI(롤오버형),360.9,,38.5,0.107,214.6,5.6,10.741,0.256,23,214.6,2.482,0.595,62,,UNLISTED_BLIND,,,순부채/EBITDA 5.6x / 부채비율 1074% (3년 1074%p↑) / EBITDA마진 13%→11% / 3년 순부채 +215억 vs EBITDA합 86억 / 매출 1원 성장에 순부채 0.59원 / 유동비율 26%
69,92.5,35.5,큐로홀딩스,00296324,051780,true,도소매,소매(자동차 제외),DISTRESS(구조조정형),611,0.001,-14,-0.023,406.8,,3.056,0.77,10.8,263.3,9.62,277.398,97,4,RECENTLY_FUNDED,2026-05-08,[기재정정]주요사항보고서(유상증자결정),EBITDA 적자 -14억 / 부채비율 306% (3년 234%p↑) / EBITDA마진 4%→-2% / 3년 순부채 +263억 vs EBITDA합 27억 / 매출 1원 성장에 순부채 277.40원 / 유동비율 77% / 현금/매출 2% / 현금 2년 연속 감소 / 런웨이 4개월
69,74.5,68.4,비씨엔씨,01301623,146320,true,제조업,전자부품·컴퓨터·통신장비,REFI(롤오버형),773.7,0.064,63.5,0.082,713.6,11.2,1.211,0.73,35.5,441.4,1.615,3.371,149,,IN_MOTION,2025-02-21,주요사항보고서(전환사채권발행결정),순부채/EBITDA 11.2x / EBITDA마진 16%→8% / 3년 순부채 +441억 vs EBITDA합 273억 / 매출 1원 성장에 순부채 3.37원 / 유동비율 73% / 현금/매출 5% / 현금 2년 연속 감소 / 영업적자 2/3년
69,73.6,45,애경자산관리(주),00139472,,false,도소매,소매(자동차 제외),DISTRESS(구조조정형),311.9,0.238,-160.5,-0.515,535.7,,0.402,0.041,0.6,309.4,3,2.097,283,0,RECENTLY_FUNDED,2026-04-13,전환사채발행결정,EBITDA 적자 -160억 / 3년 순부채 +309억 vs EBITDA합 -298억 / 매출 1원 성장에 순부채 2.10원 / 유동비율 4% / 현금/매출 0% / 현금 2년 연속 감소 / 영업적자 2/3년 / 런웨이 0개월
69,73.3,45.6,폴리미래(주),00372703,,false,제조업,화학물질·화학제품,REFI(롤오버형),8690.7,-0.063,191.2,0.022,1677.2,8.8,3.503,1.183,66.3,1024,1.21,,280,,UNLISTED_BLIND,,,"순부채/EBITDA 8.8x / 부채비율 350% (3년 120%p↑) / EBITDA마진 5%→2% / 3년 순부채 +1,024억 vs EBITDA합 846억 / 유동비율 118% / 현금/매출 1%"
69,50.7,87,(주)한국기능공사,00408637,,false,제조업,자동차·트레일러,WC_BURN(운전자본형),880.2,0.124,100.6,0.114,662.6,6.6,2.108,0.547,57.5,210.6,0.958,0.809,45,,UNLISTED_BLIND,,,순부채/EBITDA 6.6x / 부채비율 211% / 3년 순부채 +211억 vs EBITDA합 220억 / 매출 1원 성장에 순부채 0.81원 / 유동비율 55%
69,83.2,27.5,(주)동진엠아이,00678184,,false,제조업,금속가공제품,DISTRESS(구조조정형),729,-0.042,-77.9,-0.107,379.7,,1.731,0.88,3.5,46.4,3,,49,0,UNLISTED_BLIND,,,EBITDA 적자 -78억 / EBITDA마진 3%→-11% / 3년 순부채 +46억 vs EBITDA합 -37억 / 유동비율 88% / 현금/매출 0% / 현금 2년 연속 감소 / 영업적자 2/3년 / 런웨이 0개월
69,75.6,41.5,(주)오알켐,00697338,,false,제조업,화학물질·화학제품,REFI(롤오버형),604.9,-0.052,20.1,0.033,352.9,17.6,1.112,0.679,63.7,271.4,2.806,,42,,UNLISTED_BLIND,,,순부채/EBITDA 17.6x / EBITDA마진 8%→3% / 3년 순부채 +271억 vs EBITDA합 97억 / 유동비율 68% / 현금 2년 연속 감소 / 영업적자 2/3년
69,68,55.2,디케이동신(주),00760069,,false,제조업,1차 금속,REFI(롤오버형),2509.1,0.009,99.2,0.04,689,6.9,2.155,1.044,6.8,315.1,1.532,4.524,83,,UNLISTED_BLIND,,,순부채/EBITDA 6.9x / 부채비율 216% / 3년 순부채 +315억 vs EBITDA합 206억 / 매출 1원 성장에 순부채 4.52원 / 유동비율 104% / 현금/매출 0% / 현금 2년 연속 감소
69,55.5,78.1,(주)에스와이테크,01306381,,false,제조업,고무·플라스틱제품,WC_BURN(운전자본형),744.3,0.211,53.7,0.072,215.9,4,3.462,0.627,2.4,187.9,1.505,0.578,74,,UNLISTED_BLIND,,,순부채/EBITDA 4.0x / 부채비율 346% / 3년 순부채 +188억 vs EBITDA합 125억 / 매출 1원 성장에 순부채 0.58원 / 유동비율 63% / 현금/매출 0%
69,59.1,71.5,(주)천하자동차,01219748,,false,도소매,자동차·부품 판매,TIGHT(유동성형),1118.6,0.146,30.2,0.027,248.4,8.2,2.452,0.857,21.3,118.6,1.021,0.316,45,,UNLISTED_BLIND,,,순부채/EBITDA 8.2x / 부채비율 245% (3년 58%p↑) / 3년 순부채 +119억 vs EBITDA합 116억 / 유동비율 86% / 현금/매출 2%
69,76.4,40,(주)강동물류,01741168,,false,운수·물류,창고·운송관련 서비스,REFI(롤오버형),548.8,,4.1,0.007,36.8,9,5.813,0.932,1.7,36.8,977.612,0.067,12,,UNLISTED_BLIND,,,순부채/EBITDA 9.0x / 부채비율 581% (3년 581%p↑) / 3년 순부채 +37억 vs EBITDA합 0억 / 유동비율 93% / 현금/매출 0% / 영업적자 2/3년
68.9,73,45.8,(주)신세계토건,00238694,,false,건설업,종합 건설,REFI(롤오버형),461.4,-0.042,33.5,0.073,385.3,11.5,3.84,0.532,25.1,402.1,5.621,,128,,UNLISTED_BLIND,,,순부채/EBITDA 11.5x / 부채비율 384% (3년 112%p↑) / 3년 순부채 +402억 vs EBITDA합 72억 / 유동비율 53%
68.9,79.3,34.2,(주)서우리테일,01174490,,false,도소매,소매(자동차 제외),REFI(롤오버형),677,-0.058,17.3,0.026,578.9,33.4,3.373,0.184,13.1,143.8,54.029,,41,10,UNLISTED_BLIND,,,순부채/EBITDA 33.4x / 부채비율 337% (3년 58%p↑) / 3년 순부채 +144억 vs EBITDA합 3억 / 유동비율 18% / 현금/매출 2% / 영업적자 2/3년 / 런웨이 10개월
68.9,51.6,85,(주)샤프테크닉스케이,01205824,,false,제조업,산업용기계·장비 수리,WC_BURN(운전자본형),426.3,0.245,54.3,0.127,311.8,5.7,1.344,0.828,14.9,133.9,0.747,0.652,36,,UNLISTED_BLIND,,,순부채/EBITDA 5.7x / EBITDA마진 22%→13% / 3년 순부채 +134억 vs EBITDA합 179억 / 매출 1원 성장에 순부채 0.65원 / 유동비율 83% / 현금/매출 3%
68.9,77,38.6,(주)부릉,01246885,,false,정보통신,정보서비스,DISTRESS(구조조정형),3400.2,0.038,-257.7,-0.076,5,,5.714,0.886,95,38.8,3,0.107,307,4,UNLISTED_BLIND,,,EBITDA 적자 -258억 / 부채비율 571% (3년 353%p↑) / 3년 순부채 +39억 vs EBITDA합 -909억 / 유동비율 89% / 현금/매출 3% / 영업적자 3/3년 / 런웨이 4개월
68.9,59.8,70,(주)코멧온,01554924,,false,도소매,소매(자동차 제외),TIGHT(유동성형),1189.9,0.195,0.8,0.001,4.2,5.5,17.43,0.897,1.1,10.1,1.737,0.02,20,,DISTRESS_EVENT,,,순부채/EBITDA 5.5x / 부채비율 1743% / 3년 순부채 +10억 vs EBITDA합 6억 / 유동비율 90% / 현금/매출 0%
68.9,70.7,50,(주)두원에이앤씨,01501861,,false,사업지원·임대,사업시설관리·조경,TIGHT(유동성형),464.3,0.176,5.1,0.011,42.7,8.3,2.453,0.723,12.6,49.8,8.722,0.278,20,,UNLISTED_BLIND,,,순부채/EBITDA 8.3x / 부채비율 245% (3년 176%p↑) / 3년 순부채 +50억 vs EBITDA합 6억 / 유동비율 72% / 현금/매출 3% / 영업적자 2/3년
68.8,60.2,68.8,명성운수(주),00216373,,false,운수·물류,육상운송·파이프라인,WC_BURN(운전자본형),597.6,0.154,24.6,0.041,284.3,11.6,1.084,0.317,16.6,125.5,1.374,0.602,61,,UNLISTED_BLIND,,,순부채/EBITDA 11.6x / 3년 순부채 +125억 vs EBITDA합 91억 / 매출 1원 성장에 순부채 0.60원 / 유동비율 32% / 현금/매출 3% / 현금 2년 연속 감소
68.8,73.3,44.9,한국차체(주),00228642,,false,제조업,자동차·트레일러,REFI(롤오버형),815.6,0.021,20.1,0.025,221.2,11,2.924,0.466,27.2,133.2,2.312,2.669,47,,UNLISTED_BLIND,,,순부채/EBITDA 11.0x / 부채비율 292% (3년 71%p↑) / 3년 순부채 +133억 vs EBITDA합 58억 / 매출 1원 성장에 순부채 2.67원 / 유동비율 47% / 현금/매출 3%
68.8,67.2,56.1,이코리아산업(주),00510932,,false,제조업,전자부품·컴퓨터·통신장비,REFI(롤오버형),947.2,-0.013,74.6,0.079,825.6,11.1,2.257,0.285,11,403,1.758,,139,,UNLISTED_BLIND,,,순부채/EBITDA 11.1x / 부채비율 226% / 3년 순부채 +403억 vs EBITDA합 229억 / 유동비율 28% / 현금/매출 1%
68.8,65.7,58.9,해원엠에스씨(주),00489854,,false,제조업,1차 금속,REFI(롤오버형),691.2,0.055,37.7,0.055,600.1,15.9,1.767,0.77,20,197.3,1.132,1.92,87,,DISTRESS_EVENT,,,순부채/EBITDA 15.9x / 3년 순부채 +197억 vs EBITDA합 174억 / 매출 1원 성장에 순부채 1.92원 / 유동비율 77% / 현금/매출 3%
68.8,79,34.6,중흥토건(주),00916862,,false,건설업,종합 건설,DISTRESS(구조조정형),11613.8,0.015,-660.1,-0.057,28321.9,,1.488,0.726,566.1,24068.9,24.571,48.389,8271,3,UNLISTED_BLIND,,,EBITDA 적자 -660억 / EBITDA마진 7%→-6% / 3년 순부채 +2.4조 vs EBITDA합 980억 / 매출 1원 성장에 순부채 48.39원 / 유동비율 73% / 현금/매출 5% / 런웨이 3개월
68.8,66.2,57.8,(주)뉴텍웰니스,01148732,,false,제조업,기타 제품 제조,REFI(롤오버형),327.4,0.061,23.8,0.073,348.5,14.6,1.795,1.136,0.5,214.6,2.267,4.001,78,,UNLISTED_BLIND,,,순부채/EBITDA 14.6x / EBITDA마진 12%→7% / 3년 순부채 +215억 vs EBITDA합 95억 / 매출 1원 성장에 순부채 4.00원 / 유동비율 114% / 현금/매출 0%
68.8,59.7,70,해유건설,01219492,,false,건설업,종합 건설,WC_BURN(운전자본형),2003,0.138,52.1,0.026,350.6,6.7,1.766,1.559,72.4,416.7,2.836,0.648,158,,DISTRESS_EVENT,,,순부채/EBITDA 6.7x / 3년 순부채 +417억 vs EBITDA합 147억 / 매출 1원 성장에 순부채 0.65원 / 현금/매출 4%
68.8,60.2,69,LS이브이코리아,01269390,,false,제조업,자동차·트레일러,REFI(롤오버형),3344,0.055,211.6,0.063,1413.5,6.7,1.984,0.979,350.8,780.8,1.864,1.572,9,,UNLISTED_BLIND,,,순부채/EBITDA 6.7x / 3년 순부채 +781억 vs EBITDA합 419억 / 매출 1원 성장에 순부채 1.57원 / 유동비율 98%
68.7,89.5,40,해성옵틱스,00483735,076610,true,제조업,의료·정밀·광학기기,DISTRESS(구조조정형),1085.3,-0.083,-51.6,-0.048,248.4,,5.039,0.609,96.1,340.4,7.034,,66,18,RECENTLY_FUNDED,2026-06-01,주요사항보고서(유상증자결정),EBITDA 적자 -52억 / 부채비율 504% (3년 386%p↑) / EBITDA마진 4%→-5% / 3년 순부채 +340억 vs EBITDA합 48억 / 유동비율 61% / 영업적자 2/3년 / 런웨이 18개월
68.7,77.1,37.5,(주)에스더블유헬스케어,01634655,,false,도소매,도매·상품중개,REFI(롤오버형),436.6,,3.1,0.007,195.9,63.9,3.432,4.21,3.6,195.9,2.171,0.449,67,6,UNLISTED_BLIND,,,순부채/EBITDA 63.9x / 부채비율 343% (3년 343%p↑) / EBITDA마진 14%→1% / 3년 순부채 +196억 vs EBITDA합 90억 / 현금/매출 1% / 런웨이 6개월
68.7,80.9,30.8,(주)나라산업,01681431,,false,전기·가스·환경,폐기물 처리·자원재생,REFI(롤오버형),350.6,-0.134,8,0.023,200,25.1,7.11,0.049,0.6,139.9,4.705,,50,2,UNLISTED_BLIND,,,순부채/EBITDA 25.1x / 부채비율 711% (3년 441%p↑) / 3년 순부채 +140억 vs EBITDA합 30억 / 유동비율 5% / 현금/매출 0% / 런웨이 2개월
68.7,70.6,49.5,경동건설(주),00427173,,false,건설업,전문직별 공사,REFI(롤오버형),1552.9,-0.06,54.3,0.035,3941.6,72.6,1.413,1.429,22.5,3204.7,6.249,,1137,2,UNLISTED_BLIND,,,"순부채/EBITDA 72.6x / EBITDA마진 11%→4% / 3년 순부채 +3,205억 vs EBITDA합 513억 / 현금/매출 1% / 런웨이 2개월"
68.7,67.3,55.5,(주)교동식품,01088379,,false,제조업,식료품 제조,REFI(롤오버형),513,-0.015,39.7,0.077,300.7,7.6,2.191,0.458,0.6,109.9,1.468,,36,,UNLISTED_BLIND,,,순부채/EBITDA 7.6x / 부채비율 219% / 3년 순부채 +110억 vs EBITDA합 75억 / 유동비율 46% / 현금/매출 0%
68.7,53.9,80.2,(주)일렉스,01226313,,false,제조업,고무·플라스틱제품,GROWTH(성장자금형),1359.9,0.256,96.3,0.071,318.3,3.3,4.756,0.864,5,214.7,1.209,0.319,90,,UNLISTED_BLIND,,,순부채/EBITDA 3.3x / 부채비율 476% (3년 58%p↑) / 3년 순부채 +215억 vs EBITDA합 178억 / 유동비율 86% / 현금/매출 0%
68.7,71.5,48,(주)이솔산업,01288711,,false,사업지원·임대,사업지원 서비스,WC_BURN(운전자본형),306.6,0.09,8,0.026,142.3,17.8,2.131,0.775,4,110,3.196,1.577,39,715,UNLISTED_BLIND,,,순부채/EBITDA 17.8x / 부채비율 213% / EBITDA마진 5%→3% / 3년 순부채 +110억 vs EBITDA합 34억 / 매출 1원 성장에 순부채 1.58원 / 유동비율 78% / 현금/매출 1%
68.7,67.7,54.8,에이치모터스판매(주),01361892,,false,도소매,자동차·부품 판매,REFI(롤오버형),658.3,0.002,44.3,0.067,602.9,13.6,2.898,0.086,6.2,265.6,1.868,89.386,96,,UNLISTED_BLIND,,,순부채/EBITDA 13.6x / 부채비율 290% / 3년 순부채 +266억 vs EBITDA합 142억 / 매출 1원 성장에 순부채 89.39원 / 유동비율 9% / 현금/매출 1%
68.7,72.7,45.8,(주)정원철강,01365782,,false,제조업,1차 금속,REFI(롤오버형),615.7,-0.061,39.6,0.064,306.5,7.7,4.543,0.591,21.1,155.4,24.709,,36,,UNLISTED_BLIND,,,순부채/EBITDA 7.7x / 부채비율 454% / 3년 순부채 +155억 vs EBITDA합 6억 / 유동비율 59% / 현금/매출 3%
68.7,78.6,34.9,(주)나인미라클,01467646,,false,도소매,도매·상품중개,REFI(롤오버형),739.4,-0.004,12.4,0.017,135.3,10.9,9.102,1.048,0.2,116.1,8.971,,38,,UNLISTED_BLIND,,,순부채/EBITDA 10.9x / 부채비율 910% (3년 784%p↑) / 3년 순부채 +116억 vs EBITDA합 13억 / 유동비율 105% / 현금/매출 0%
68.7,88.1,17.5,준스틸(주),01549861,,false,도소매,도매·상품중개,DISTRESS(구조조정형),390.8,-0.173,-6,-0.015,74.4,,4.635,0.459,6.3,10.7,1.721,,4,7,UNLISTED_BLIND,,,EBITDA 적자 -6억 / 부채비율 463% (3년 99%p↑) / EBITDA마진 2%→-2% / 3년 순부채 +11억 vs EBITDA합 6억 / 유동비율 46% / 현금/매출 2% / 런웨이 7개월
68.6,71.6,47.5,지에스차지비(주),01424696,,false,전기·가스·환경,전기·가스·증기 공급,DISTRESS(구조조정형),730.4,0.595,-75.3,-0.103,439.9,,1.319,0.961,117.6,503.7,3,0.915,144,14,UNLISTED_BLIND,,,EBITDA 적자 -75억 / EBITDA마진 -7%→-10% / 3년 순부채 +504억 vs EBITDA합 -172억 / 매출 1원 성장에 순부채 0.92원 / 유동비율 96% / 영업적자 3/3년 / 런웨이 14개월
68.6,58,72.3,(주)리치코리아,01682157,,false,제조업,식료품 제조,WC_BURN(운전자본형),410.2,0.089,44.3,0.108,212,4.8,2.666,0.935,19.4,180.6,1.923,1.959,65,,UNLISTED_BLIND,,,순부채/EBITDA 4.8x / 부채비율 267% (3년 92%p↑) / 3년 순부채 +181억 vs EBITDA합 94억 / 매출 1원 성장에 순부채 1.96원 / 유동비율 94% / 현금/매출 5%
68.6,63.7,62,(주)오동,01660854,,false,도소매,소매(자동차 제외),REFI(롤오버형),529.8,0.01,46,0.087,460,10,2.988,0.361,9.9,223.1,1.533,14.007,79,,UNLISTED_BLIND,,,순부채/EBITDA 10.0x / 부채비율 299% / 3년 순부채 +223억 vs EBITDA합 146억 / 매출 1원 성장에 순부채 14.01원 / 유동비율 36% / 현금/매출 2%
68.6,71.8,46.9,오진상사(주),00141945,,false,도소매,도매·상품중개,REFI(롤오버형),2693.9,-0.007,15.1,0.006,745.1,49.3,1.671,0.925,1.7,367.4,2.136,,129,1,UNLISTED_BLIND,,,순부채/EBITDA 49.3x / EBITDA마진 3%→1% / 3년 순부채 +367억 vs EBITDA합 172억 / 유동비율 92% / 현금/매출 0% / 런웨이 1개월
68.6,67.1,55.6,(주)한국산업양행,00442233,,false,도소매,도매·상품중개,REFI(롤오버형),529.5,-0.002,37.8,0.071,413.2,10.9,0.681,0.494,31.7,294.9,1.413,,103,,UNLISTED_BLIND,,,순부채/EBITDA 10.9x / EBITDA마진 13%→7% / 3년 순부채 +295억 vs EBITDA합 209억 / 유동비율 49%
68.6,79.7,32.5,에스디상사(주),00974103,,false,도소매,도매·상품중개,REFI(롤오버형),857.6,-0.114,5.5,0.006,302.4,55.2,3.952,1.442,16.4,63.6,3,,14,18,UNLISTED_BLIND,,,순부채/EBITDA 55.2x / 부채비율 395% (3년 199%p↑) / 3년 순부채 +64억 vs EBITDA합 -6억 / 현금/매출 2% / 영업적자 2/3년 / 런웨이 18개월
68.6,93.3,7.5,(주)다름플러스,01451681,,false,도소매,도매·상품중개,DISTRESS(구조조정형),391.2,-0.148,-28.5,-0.073,150,,-3.828,0.46,0.2,78.4,2.471,,39,0,DISTRESS_EVENT,,,EBITDA 적자 -28억 / 자본잠식 / EBITDA마진 5%→-7% / 3년 순부채 +78억 vs EBITDA합 32억 / 유동비율 46% / 현금/매출 0% / 현금 2년 연속 감소 / 영업적자 2/3년 / 런웨이 0개월
68.6,84.1,24.5,(주)한컴금거래소,01477263,,false,도소매,도매·상품중개,DISTRESS(구조조정형),4316.4,-0.197,4.7,0.001,81.3,17.3,3.793,0.669,8.7,34,3,,10,224,UNLISTED_BLIND,,,순부채/EBITDA 17.3x / 부채비율 379% (3년 211%p↑) / 3년 순부채 +34억 vs EBITDA합 -0억 / 유동비율 67% / 현금/매출 0% / 영업적자 2/3년
68.5,51.8,83.2,성호전자,01292404,,false,제조업,전자부품·컴퓨터·통신장비,WC_BURN(운전자본형),2073.3,0.159,132.5,0.064,1254,9.5,1.56,1.131,369.2,578.8,1.102,0.781,0,,UNLISTED_BLIND,,,순부채/EBITDA 9.5x / EBITDA마진 8%→6% / 3년 순부채 +579억 vs EBITDA합 525억 / 매출 1원 성장에 순부채 0.78원 / 유동비율 113%
68.5,71.8,46.7,동일석유(주),00118381,,false,도소매,도매·상품중개,REFI(롤오버형),2919.3,-0.008,14.6,0.005,1131.1,77.5,1.986,0.313,6.5,305.9,4.596,,114,2,UNLISTED_BLIND,,,순부채/EBITDA 77.5x / 3년 순부채 +306억 vs EBITDA합 67억 / 유동비율 31% / 현금/매출 0% / 런웨이 2개월
68.5,63.2,62.5,태아산업(주),00302139,,false,숙박·음식,음식점·주점,TIGHT(유동성형),951.2,0.574,12.5,0.013,69.5,5.6,3.388,0.395,4,46.3,1.132,0.065,4,,UNLISTED_BLIND,,,순부채/EBITDA 5.6x / 부채비율 339% / EBITDA마진 4%→1% / 3년 순부채 +46억 vs EBITDA합 41억 / 유동비율 39% / 현금/매출 0% / 현금 2년 연속 감소
68.5,80.1,31.6,(주)아이에스엘티,00605142,,false,제조업,전기장비,DISTRESS(구조조정형),469.9,0.025,-24.2,-0.051,263.1,,2.557,0.812,42.8,131.5,1.978,3.966,36,13,DISTRESS_EVENT,,,EBITDA 적자 -24억 / 부채비율 256% / EBITDA마진 8%→-5% / 3년 순부채 +132억 vs EBITDA합 66억 / 매출 1원 성장에 순부채 3.97원 / 유동비율 81% / 런웨이 13개월
68.5,73.4,43.8,(주)진영R&S,00604912,,false,제조업,고무·플라스틱제품,DISTRESS(구조조정형),317.9,0.108,-12.1,-0.038,180,,4.139,0.814,0.2,-115.3,-6.554,-1.372,6,0,UNLISTED_BLIND,,,EBITDA 적자 -12억 / 부채비율 414% (3년 241%p↑) / EBITDA마진 6%→-4% / 유동비율 81% / 현금/매출 0% / 현금 2년 연속 감소 / 런웨이 0개월
68.5,77.4,36.4,(주)꼬망스,00806501,,false,도소매,도매·상품중개,REFI(롤오버형),373.9,-0.095,21.7,0.058,230.2,10.6,7.988,0.848,0.7,126,5.545,,42,,UNLISTED_BLIND,,,순부채/EBITDA 10.6x / 부채비율 799% (3년 584%p↑) / 3년 순부채 +126억 vs EBITDA합 23억 / 유동비율 85% / 현금/매출 0%
68.5,64.8,59.4,(주)에이패스,00921110,,false,제조업,금속가공제품,WC_BURN(운전자본형),353.1,0.087,23.1,0.065,216,9.4,3.725,0.81,0.5,52.7,0.82,0.672,24,,UNLISTED_BLIND,,,순부채/EBITDA 9.4x / 부채비율 373% (3년 47%p↑) / 3년 순부채 +53억 vs EBITDA합 64억 / 매출 1원 성장에 순부채 0.67원 / 유동비율 81% / 현금/매출 0%
68.5,66.4,56.6,기린정밀공업(주),00919814,,false,제조업,금속가공제품,TIGHT(유동성형),1806.4,0.093,22.9,0.013,165.5,7.2,4.544,0.589,2.3,37.9,3,0.09,0,,UNLISTED_BLIND,,,순부채/EBITDA 7.2x / 부채비율 454% / 3년 순부채 +38억 vs EBITDA합 -3억 / 유동비율 59% / 현금/매출 0%
68.5,56.8,74.3,(주)서정인터내셔날,01101087,,false,운수·물류,창고·운송관련 서비스,GROWTH(성장자금형),341.8,0.369,34.5,0.101,370.7,10.7,1.05,1.172,5.4,437.9,16.846,2.099,210,,UNLISTED_BLIND,,,순부채/EBITDA 10.7x / 3년 순부채 +438억 vs EBITDA합 26억 / 매출 1원 성장에 순부채 2.10원 / 유동비율 117% / 현금/매출 2%
68.5,86.4,20,(주)삼우에스앤티,01148440,,false,도소매,도매·상품중개,DISTRESS(구조조정형),381.1,-0.068,-11.8,-0.031,40.3,,7.471,1.207,11.5,24.5,3,,7,10,UNLISTED_BLIND,,,EBITDA 적자 -12억 / 부채비율 747% (3년 213%p↑) / EBITDA마진 2%→-3% / 3년 순부채 +25억 vs EBITDA합 -9억 / 현금/매출 3% / 영업적자 2/3년 / 런웨이 10개월
68.5,57.4,73.2,(주)씨케이텍,01140758,,false,제조업,자동차·트레일러,REFI(롤오버형),577,0.019,76.1,0.132,416.8,5.5,3.803,0.487,0.3,66.9,0.242,2.156,31,,UNLISTED_BLIND,,,순부채/EBITDA 5.5x / 부채비율 380% (3년 94%p↑) / 3년 순부채 +67억 vs EBITDA합 276억 / 매출 1원 성장에 순부채 2.16원 / 유동비율 49% / 현금/매출 0% / 현금 2년 연속 감소
68.5,66.3,56.8,농업회사법인(주)청정식품,01761542,,false,제조업,식료품 제조,REFI(롤오버형),307,,25.9,0.084,150.5,5.8,3.115,0.282,1.9,150.5,3.328,0.49,47,,UNLISTED_BLIND,,,순부채/EBITDA 5.8x / 부채비율 311% (3년 311%p↑) / 3년 순부채 +151억 vs EBITDA합 45억 / 유동비율 28% / 현금/매출 1%
68.4,88.9,40,소니드,00363510,060230,true,제조업,화학물질·화학제품,DISTRESS(구조조정형),488.5,0.185,-47.2,-0.097,616.9,,1.785,0.626,16.1,262.6,3,1.345,109,2,DISTRESS_EVENT,2026-07-28,증권발행결과(자율공시)              (제3자배정 유상증자),EBITDA 적자 -47억 / EBITDA마진 -3%→-10% / 3년 순부채 +263억 vs EBITDA합 -110억 / 매출 1원 성장에 순부채 1.34원 / 유동비율 63% / 현금/매출 3% / 현금 2년 연속 감소 / 영업적자 3/3년 / 런웨이 2개월
68.4,70.7,48.5,(주)코르웰,00533827,,false,운수·물류,창고·운송관련 서비스,WC_BURN(운전자본형),338.1,0.14,-2.4,-0.007,18.9,,1.699,1.546,10.9,86.1,2.4,0.785,36,38,UNLISTED_BLIND,,,EBITDA 적자 -2억 / EBITDA마진 5%→-1% / 3년 순부채 +86억 vs EBITDA합 36억 / 매출 1원 성장에 순부채 0.78원 / 현금/매출 3% / 현금 2년 연속 감소
68.4,58.4,70.8,(주)에이치앤에스티,00929291,,false,제조업,자동차·트레일러,GROWTH(성장자금형),359.7,0.252,26.2,0.073,205.6,7.8,3.755,0.919,34.4,56.1,0.777,0.318,0,,UNLISTED_BLIND,,,순부채/EBITDA 7.8x / 부채비율 376% (3년 102%p↑) / EBITDA마진 12%→7% / 3년 순부채 +56억 vs EBITDA합 72억 / 유동비율 92%
68.4,64,60.8,(주)윌앤비전,01081312,,false,사업지원·임대,사업지원 서비스,TIGHT(유동성형),1829.2,0.085,38.4,0.021,280.7,7.3,2.635,0.744,19.5,171.5,1.648,0.431,57,,UNLISTED_BLIND,,,순부채/EBITDA 7.3x / 부채비율 263% / 3년 순부채 +171억 vs EBITDA합 104억 / 유동비율 74% / 현금/매출 1%
68.4,72.6,45,화신자원(주),01091629,,false,전기·가스·환경,폐기물 처리·자원재생,REFI(롤오버형),695.7,,8.9,0.013,59.2,6.6,2.811,0.755,5.8,59.2,2.064,0.085,20,,UNLISTED_BLIND,,,순부채/EBITDA 6.6x / 부채비율 281% (3년 281%p↑) / 3년 순부채 +59억 vs EBITDA합 29억 / 유동비율 76% / 현금/매출 1% / 영업적자 2/3년
68.4,64.1,60.6,굿모닝아이텍(주),01070741,,false,도소매,도매·상품중개,REFI(롤오버형),1306.6,0.062,41.2,0.032,278,6.7,3.913,1.206,140,211.7,2.449,0.974,0,,UNLISTED_BLIND,,,순부채/EBITDA 6.7x / 부채비율 391% (3년 66%p↑) / 3년 순부채 +212억 vs EBITDA합 86억 / 매출 1원 성장에 순부채 0.97원
68.4,76.6,37.5,(주)미니에너지,01786967,,false,도소매,소매(자동차 제외),REFI(롤오버형),480.3,,0,0,43.4,985.4,165.898,0.712,10.8,43.4,9.573,0.09,15,55,DISTRESS_EVENT,,,순부채/EBITDA 985.4x / 부채비율 16590% (3년 16590%p↑) / 3년 순부채 +43억 vs EBITDA합 5억 / 유동비율 71% / 현금/매출 2%
68.4,73.6,43.2,(주)와이비테크,01841291,,false,제조업,자동차·트레일러,REFI(롤오버형),366.2,,14.2,0.039,160.1,11.2,4.681,0.296,0,160.1,5.888,0.437,55,,UNLISTED_BLIND,,,순부채/EBITDA 11.2x / 부채비율 468% (3년 468%p↑) / 3년 순부채 +160억 vs EBITDA합 27억 / 유동비율 30% / 현금/매출 0%
68.3,95.7,27.3,젬백스,00492894,082270,true,제조업,기타 기계·장비,DISTRESS(구조조정형),626.9,0.013,-340,-0.542,697,,4.197,0.358,35.7,969.8,3,41.782,387,1,RECENTLY_FUNDED,2026-05-22,[기재정정]주요사항보고서(유상증자결정),EBITDA 적자 -340억 / 부채비율 420% (3년 408%p↑) / EBITDA마진 -3%→-54% / 3년 순부채 +970억 vs EBITDA합 -388억 / 매출 1원 성장에 순부채 41.78원 / 유동비율 36% / 영업적자 3/3년 / 런웨이 1개월
68.3,81.9,27.5,(주)재영텍,01633513,,false,제조업,화학물질·화학제품,DISTRESS(구조조정형),356.3,,-133.2,-0.374,717.3,,2.045,0.205,41.1,717.3,10.106,2.013,289,3,UNLISTED_BLIND,,,EBITDA 적자 -133억 / 부채비율 205% (3년 205%p↑) / EBITDA마진 15%→-37% / 3년 순부채 +717억 vs EBITDA합 71억 / 매출 1원 성장에 순부채 2.01원 / 유동비율 21% / 영업적자 2/3년 / 런웨이 3개월
68.3,57.5,72.1,파코스(주),00818144,,false,제조업,기타 운송장비,WC_BURN(운전자본형),530.9,0.211,27.6,0.052,164.7,6,1.684,1.826,10.9,163.6,2.372,0.706,65,,UNLISTED_BLIND,,,순부채/EBITDA 6.0x / 3년 순부채 +164억 vs EBITDA합 69억 / 매출 1원 성장에 순부채 0.71원 / 현금/매출 2% / 현금 2년 연속 감소
68.3,66.7,55.5,네파(주),00932930,,false,제조업,의복·모피 제조,REFI(롤오버형),2973.1,-0.013,153.3,0.052,2180.1,14.2,3.512,0.612,80.6,-587.7,-0.702,,0,,UNLISTED_BLIND,,,순부채/EBITDA 14.2x / 부채비율 351% (3년 90%p↑) / EBITDA마진 11%→5% / 유동비율 61% / 현금/매출 3% / 현금 2년 연속 감소
68.3,58.4,70.5,세진밸브공업(주),00985260,,false,제조업,기타 기계·장비,GROWTH(성장자금형),318.8,0.138,24.7,0.077,261.8,10.6,2.724,1.637,20.9,213.6,3.524,2.083,81,,UNLISTED_BLIND,,,순부채/EBITDA 10.6x / 부채비율 272% (3년 109%p↑) / 3년 순부채 +214억 vs EBITDA합 61억 / 매출 1원 성장에 순부채 2.08원
68.3,68.7,51.8,(주)비타바이오,01018732,,false,제조업,식료품 제조,REFI(롤오버형),309.5,0.05,18.1,0.058,191.2,10.6,1.989,0.745,8.2,89.1,2.131,2.107,30,,UNLISTED_BLIND,,,순부채/EBITDA 10.6x / 3년 순부채 +89억 vs EBITDA합 42억 / 매출 1원 성장에 순부채 2.11원 / 유동비율 74% / 현금/매출 3% / 현금 2년 연속 감소
68.3,70.5,48.4,(주)동일오토모티브,01819256,,false,제조업,자동차·트레일러,REFI(롤오버형),353.7,,19.9,0.056,240.1,12.1,3.783,0.905,2.2,240.1,7.111,0.679,83,,DISTRESS_EVENT,,,순부채/EBITDA 12.1x / 부채비율 378% (3년 378%p↑) / 3년 순부채 +240억 vs EBITDA합 34억 / 매출 1원 성장에 순부채 0.68원 / 유동비율 91% / 현금/매출 1%
68.2,68.7,51.5,동양,00973308,,false,제조업,자동차·트레일러,REFI(롤오버형),7504.1,0.024,151.4,0.02,3628.5,24,0.866,0.716,627.5,4923.5,6.378,9.685,1435,156,UNLISTED_BLIND,,,"순부채/EBITDA 24.0x / 3년 순부채 +4,924억 vs EBITDA합 772억 / 매출 1원 성장에 순부채 9.68원 / 유동비율 72%"
68.2,92.1,33.4,한국유니온제약,00532855,080720,true,제조업,의료용물질·의약품,DISTRESS(구조조정형),512.8,0.02,-105.7,-0.206,194.5,,8.079,0.629,43.2,30.7,3,1.03,47,4,DISTRESS_EVENT,2026-07-29,[기재정정]주요사항보고서(유상증자결정),EBITDA 적자 -106억 / 부채비율 808% (3년 681%p↑) / EBITDA마진 -2%→-21% / 3년 순부채 +31억 vs EBITDA합 -67억 / 매출 1원 성장에 순부채 1.03원 / 유동비율 63% / 영업적자 2/3년 / 런웨이 4개월
68.2,83,25,(주)에스디하이텍,01630534,,false,제조업,자동차·트레일러,DISTRESS(구조조정형),310.3,-0.047,-5.1,-0.016,132.8,,8.283,0.315,1.3,36.3,1.827,,15,1,UNLISTED_BLIND,,,EBITDA 적자 -5억 / 부채비율 828% / EBITDA마진 3%→-2% / 3년 순부채 +36억 vs EBITDA합 20억 / 유동비율 31% / 현금/매출 0% / 런웨이 1개월
68.2,64,59.9,(주)일화,00146694,,false,제조업,음료 제조,WC_BURN(운전자본형),1997.9,0.071,49.9,0.025,611.1,12.2,0.902,0.787,95.7,488.1,2.249,1.308,150,,UNLISTED_BLIND,,,순부채/EBITDA 12.2x / 3년 순부채 +488억 vs EBITDA합 217억 / 매출 1원 성장에 순부채 1.31원 / 유동비율 79% / 현금/매출 5%
68.2,56,74.8,한국학술정보(주),00618483,,false,제조업,인쇄·기록매체 복제,WC_BURN(운전자본형),400,0.081,52,0.13,305.2,5.9,2.753,0.713,10.5,136.8,0.867,1.647,49,,UNLISTED_BLIND,,,순부채/EBITDA 5.9x / 부채비율 275% / 3년 순부채 +137억 vs EBITDA합 158억 / 매출 1원 성장에 순부채 1.65원 / 유동비율 71% / 현금/매출 3% / 현금 2년 연속 감소
68.2,47.5,90.3,(주)경수제철건설,00657473,,false,제조업,금속가공제품,WC_BURN(운전자본형),1342,0.084,166.1,0.124,415.2,2.5,1.699,0.523,64.2,353.1,1.138,1.221,86,,UNLISTED_BLIND,,,3년 순부채 +353억 vs EBITDA합 310억 / 매출 1원 성장에 순부채 1.22원 / 유동비율 52% / 현금/매출 5% / 현금 2년 연속 감소
68.2,65.3,57.5,로지스올엔지니어링(주),01153707,,false,제조업,기타 기계·장비,DISTRESS(구조조정형),679.5,0.453,-18.4,-0.027,55.9,,2.331,0.52,2.4,8.3,0.519,0.018,21,1,UNLISTED_BLIND,,,EBITDA 적자 -18억 / 부채비율 233% (3년 1897%p↑) / EBITDA마진 -0%→-3% / 3년 순부채 +8억 vs EBITDA합 16억 / 유동비율 52% / 현금/매출 0% / 런웨이 1개월
68.2,57.1,72.7,(주)와이엠개발,01332030,,false,건설업,전문직별 공사,WC_BURN(운전자본형),410.3,0.612,32.5,0.079,287.1,8.8,0.928,1.465,12.1,318.5,1.445,1.019,169,,UNLISTED_BLIND,,,순부채/EBITDA 8.8x / EBITDA마진 12%→8% / 3년 순부채 +318억 vs EBITDA합 220억 / 매출 1원 성장에 순부채 1.02원 / 현금/매출 3%
68.2,76.3,37.5,(주)모아상사,01503708,,false,도소매,도매·상품중개,REFI(롤오버형),934.1,-0.095,16.8,0.018,191.9,11.4,2.816,0.496,0.5,126.6,2.112,,43,,UNLISTED_BLIND,,,순부채/EBITDA 11.4x / 부채비율 282% (3년 121%p↑) / 3년 순부채 +127억 vs EBITDA합 60억 / 유동비율 50% / 현금/매출 0%
68.1,71.8,70.5,한창제지,00163761,009460,true,제조업,펄프·종이 제조,WC_BURN(운전자본형),2942.6,0.173,113.1,0.038,1293.7,11.4,2.047,0.712,111.1,856.6,4.514,0.765,213,,IN_MOTION,2025-08-05,주요사항보고서(전환사채권발행결정),순부채/EBITDA 11.4x / 부채비율 205% (3년 76%p↑) / EBITDA마진 6%→4% / 3년 순부채 +857억 vs EBITDA합 190억 / 매출 1원 성장에 순부채 0.76원 / 유동비율 71% / 현금/매출 4%
68.1,73.5,42.1,(주)농협유통,00221171,,false,도소매,도매·상품중개,REFI(롤오버형),13580.9,0.031,81.5,0.006,774.7,9.5,0.708,0.511,19.7,987.6,1.795,0.819,335,,UNLISTED_BLIND,,,순부채/EBITDA 9.5x / 3년 순부채 +988억 vs EBITDA합 550억 / 매출 1원 성장에 순부채 0.82원 / 유동비율 51% / 현금/매출 0% / 현금 2년 연속 감소 / 영업적자 2/3년
68.1,82.9,25,세진산업개발(주),00367288,,false,광업,광업 지원 서비스,DISTRESS(구조조정형),450.5,-0.06,-28.8,-0.064,461.6,,1.504,0.679,3.5,136.7,69.92,,57,1,UNLISTED_BLIND,,,EBITDA 적자 -29억 / EBITDA마진 2%→-6% / 3년 순부채 +137억 vs EBITDA합 2억 / 유동비율 68% / 현금/매출 1% / 현금 2년 연속 감소 / 런웨이 1개월
68.1,64.4,58.8,(주)에너지프라자,00521211,,false,도소매,도매·상품중개,TIGHT(유동성형),1329.7,0.108,2.1,0.002,-38.4,-18.5,71.05,0.81,38.4,13.6,2.77,0.039,3,,UNLISTED_BLIND,,,부채비율 7105% (3년 3081%p↑) / 3년 순부채 +14억 vs EBITDA합 5억 / 유동비율 81% / 현금/매출 3% / 현금 2년 연속 감소 / 영업적자 2/3년
68.1,58.3,70,(주)더엔진,00547060,,false,제조업,의복·모피 제조,REFI(롤오버형),512.4,0.055,47,0.092,329.5,7,2.524,0.937,80.3,240.7,1.805,3.162,21,,UNLISTED_BLIND,,,순부채/EBITDA 7.0x / 부채비율 252% (3년 106%p↑) / 3년 순부채 +241억 vs EBITDA합 133억 / 매출 1원 성장에 순부채 3.16원 / 유동비율 94%
68.1,49.8,85.8,삼호건영(주),00684006,,false,건설업,전문직별 공사,WC_BURN(운전자본형),531.9,0.139,83.9,0.158,79.7,0.9,24.63,1.03,1.1,100.9,3,0.588,10,,DISTRESS_EVENT,,,부채비율 2463% (3년 2391%p↑) / 3년 순부채 +101억 vs EBITDA합 -117억 / 매출 1원 성장에 순부채 0.59원 / 유동비율 103% / 현금/매출 0%
68.1,76.1,37.5,동화일렉트로라이트(주),00792174,,false,제조업,화학물질·화학제품,REFI(롤오버형),660.3,-0.091,5.2,0.008,1072.9,206.2,1.825,0.466,134.3,533.2,1.739,,128,30,UNLISTED_BLIND,,,순부채/EBITDA 206.2x / EBITDA마진 10%→1% / 3년 순부채 +533억 vs EBITDA합 307억 / 유동비율 47%
68.1,81,28.6,대홍코스텍(주),00868778,,false,제조업,1차 금속,REFI(롤오버형),334.4,0.004,4,0.012,205,51.1,4.14,0.467,11.8,41.9,2.932,9.443,12,19,UNLISTED_BLIND,,,순부채/EBITDA 51.1x / 부채비율 414% (3년 60%p↑) / 3년 순부채 +42억 vs EBITDA합 14억 / 매출 1원 성장에 순부채 9.44원 / 유동비율 47% / 현금/매출 4% / 런웨이 19개월
68.1,49.8,85.8,만도브로제(주),00916437,,false,제조업,자동차·트레일러,GROWTH(성장자금형),2436.8,0.197,177.4,0.073,755,4.3,2.664,0.564,59.9,486.6,0.978,0.48,189,,UNLISTED_BLIND,,,순부채/EBITDA 4.3x / 부채비율 266% (3년 92%p↑) / 3년 순부채 +487억 vs EBITDA합 498억 / 유동비율 56% / 현금/매출 2%
68.1,64.3,59.1,(주)창암종합건설,00988504,,false,건설업,종합 건설,DISTRESS(구조조정형),868.9,0.158,36.4,0.042,2100.6,57.7,3.09,2.19,152,1263.5,3,4.084,326,21,UNLISTED_BLIND,,,"순부채/EBITDA 57.7x / 부채비율 309% (3년 182%p↑) / 3년 순부채 +1,264억 vs EBITDA합 -67억 / 매출 1원 성장에 순부채 4.08원 / 영업적자 2/3년 / 런웨이 21개월"
68.1,93.3,6,기흥인터내셔널유한회사,01432288,,false,도소매,소매(자동차 제외),DISTRESS(구조조정형),344.3,-0.145,-111.9,-0.325,332,,-1.791,0.375,0.3,191.2,3,,76,0,DISTRESS_EVENT,,,EBITDA 적자 -112억 / 자본잠식 / EBITDA마진 -3%→-33% / 3년 순부채 +191억 vs EBITDA합 -191억 / 유동비율 37% / 현금/매출 0% / 현금 2년 연속 감소 / 영업적자 2/3년 / 런웨이 0개월
68.1,87,17.5,바이크뱅크(주),01447086,,false,사업지원·임대,임대업(부동산 제외),DISTRESS(구조조정형),342.6,-0.188,-17.9,-0.052,544.5,,3.437,0.326,65.9,571.6,2.225,,188,17,UNLISTED_BLIND,,,EBITDA 적자 -18억 / 부채비율 344% (3년 297%p↑) / EBITDA마진 20%→-5% / 3년 순부채 +572억 vs EBITDA합 257억 / 유동비율 33% / 현금 2년 연속 감소 / 런웨이 17개월
68.1,74.4,40.5,(주)와식자재마트,01477096,,false,도소매,소매(자동차 제외),REFI(롤오버형),731.7,-0.026,21.9,0.03,324.4,14.8,4.089,0.972,11.3,120.7,1.135,,46,,UNLISTED_BLIND,,,순부채/EBITDA 14.8x / 부채비율 409% / EBITDA마진 5%→3% / 3년 순부채 +121억 vs EBITDA합 106억 / 유동비율 97% / 현금/매출 2% / 현금 2년 연속 감소
68.1,84.2,22.5,(주)충남철강,01486933,,false,도소매,도매·상품중개,DISTRESS(구조조정형),732.1,-0.149,-3.9,-0.005,28,,2.407,0.755,0.4,36.5,3,,6,1,UNLISTED_BLIND,,,EBITDA 적자 -4억 / 부채비율 241% (3년 100%p↑) / 3년 순부채 +36억 vs EBITDA합 -16억 / 유동비율 76% / 현금/매출 0% / 영업적자 3/3년 / 런웨이 1개월
68,77.3,35.1,(주)와이에이치티,01640993,,false,제조업,기타 기계·장비,REFI(롤오버형),311.7,,8.9,0.029,310.8,34.9,12.281,1.023,24.1,310.8,3,0.997,130,32,UNLISTED_BLIND,,,순부채/EBITDA 34.9x / 부채비율 1228% (3년 1228%p↑) / 3년 순부채 +311억 vs EBITDA합 -63억 / 매출 1원 성장에 순부채 1.00원 / 유동비율 102%
68,62.2,62.7,삼진정공(주),00169622,,false,제조업,금속가공제품,TIGHT(유동성형),1677.9,0.101,15.7,0.009,598.4,38.1,1.349,0.717,5.6,113.1,0.816,0.27,46,4,UNLISTED_BLIND,,,순부채/EBITDA 38.1x / EBITDA마진 4%→1% / 3년 순부채 +113억 vs EBITDA합 139억 / 유동비율 72% / 현금/매출 0% / 현금 2년 연속 감소 / 런웨이 4개월
68,73.1,42.5,동아베스텍(주),00247780,,false,제조업,비금속 광물제품,REFI(롤오버형),574.6,0.048,8.1,0.014,284.3,35.1,1.291,0.914,35.6,85.3,18.339,1.128,18,57,UNLISTED_BLIND,,,순부채/EBITDA 35.1x / 3년 순부채 +85억 vs EBITDA합 5억 / 매출 1원 성장에 순부채 1.13원 / 유동비율 91% / 현금 2년 연속 감소 / 영업적자 3/3년
68,64.8,57.8,신라철강(주),00136013,,false,제조업,1차 금속,REFI(롤오버형),5660.6,0.067,100.1,0.018,938.7,9.4,2.319,1.129,14.8,559.2,2.137,0.56,187,,UNLISTED_BLIND,,,순부채/EBITDA 9.4x / 부채비율 232% (3년 79%p↑) / 3년 순부채 +559억 vs EBITDA합 262억 / 매출 1원 성장에 순부채 0.56원 / 유동비율 113% / 현금/매출 0%
68,55.2,75.4,조일공업(주),00562023,,false,제조업,자동차·트레일러,WC_BURN(운전자본형),421,0.141,38.9,0.093,346.8,8.9,1.419,0.81,71.7,198.2,2.188,1.44,19,,UNLISTED_BLIND,,,순부채/EBITDA 8.9x / 3년 순부채 +198억 vs EBITDA합 91억 / 매출 1원 성장에 순부채 1.44원 / 유동비율 81%
68,50.2,84.5,디스커버믹스테크매뉴팩처링(주),00626525,,false,제조업,자동차·트레일러,WC_BURN(운전자본형),504.5,0.095,98.6,0.196,294.7,3,70.896,0.992,18.8,154.9,0.837,1.285,53,,UNLISTED_BLIND,,,부채비율 7090% (3년 4842%p↑) / 3년 순부채 +155억 vs EBITDA합 185억 / 매출 1원 성장에 순부채 1.28원 / 유동비율 99% / 현금/매출 4%
67.9,71.7,45,비케이원(주),01664832,,false,도소매,소매(자동차 제외),REFI(롤오버형),580.2,,1.6,0.003,60.4,37.8,6.423,0.435,1.4,60.4,7.118,0.104,23,9,DISTRESS_EVENT,,,순부채/EBITDA 37.8x / 부채비율 642% (3년 642%p↑) / 3년 순부채 +60억 vs EBITDA합 8억 / 유동비율 44% / 현금/매출 0% / 런웨이 9개월
67.9,70.5,47.1,농업회사법인(주)대경푸드빌,01647428,,false,전문·과학·기술,전문서비스업,REFI(롤오버형),320,,16.6,0.052,99.3,6,3.694,0.395,2.5,99.3,2.416,0.31,31,,UNLISTED_BLIND,,,순부채/EBITDA 6.0x / 부채비율 369% (3년 369%p↑) / 3년 순부채 +99억 vs EBITDA합 41억 / 유동비율 40% / 현금/매출 1% / 현금 2년 연속 감소
67.9,65.9,55.5,(주)거상,00820574,,false,도소매,도매·상품중개,REFI(롤오버형),1543.7,0.028,48,0.031,247.2,5.2,4.334,0.883,15.6,127.7,0.88,1.025,46,,UNLISTED_BLIND,,,순부채/EBITDA 5.2x / 부채비율 433% (3년 87%p↑) / 3년 순부채 +128억 vs EBITDA합 145억 / 매출 1원 성장에 순부채 1.02원 / 유동비율 88% / 현금/매출 1%
67.9,48.3,87.8,에스케이플라즈마(주),01079210,,false,제조업,의료용물질·의약품,GROWTH(성장자금형),2077.6,0.251,199.5,0.096,1340.4,6.7,0.915,1.182,1203.2,938.6,2.781,0.923,0,,IN_MOTION,2025-04-09,[기재정정]주요사항보고서(유상증자결정),순부채/EBITDA 6.7x / 3년 순부채 +939억 vs EBITDA합 338억 / 매출 1원 성장에 순부채 0.92원 / 유동비율 118%
67.9,86.8,17.2,세종기술(주),01456242,,false,전문·과학·기술,건축기술·엔지니어링,DISTRESS(구조조정형),735.4,0.267,-203.3,-0.276,391.2,,-46.375,0.367,18.6,320.8,3,0.857,175,1,UNLISTED_BLIND,,,EBITDA 적자 -203억 / 자본잠식 / EBITDA마진 10%→-28% / 3년 순부채 +321억 vs EBITDA합 -110억 / 매출 1원 성장에 순부채 0.86원 / 유동비율 37% / 현금/매출 3% / 런웨이 1개월
67.9,49.9,85,엠피닉스(주),01266588,,false,제조업,의료·정밀·광학기기,GROWTH(성장자금형),307.4,0.195,90.3,0.294,246.1,2.7,17.507,0.536,54.8,175.4,1.323,1.376,26,,UNLISTED_BLIND,,,부채비율 1751% (3년 1641%p↑) / 3년 순부채 +175억 vs EBITDA합 133억 / 매출 1원 성장에 순부채 1.38원 / 유동비율 54%
67.9,51.3,82.4,(주)골프존카운티,01304037,,false,예술·여가,스포츠·오락,REFI(롤오버형),2943.4,0.031,1558.5,0.53,8651.7,5.6,1.963,0.269,591,5116.9,1.05,20.075,1368,,UNLISTED_BLIND,,,"순부채/EBITDA 5.6x / EBITDA마진 55%→53% / 3년 순부채 +5,117억 vs EBITDA합 4,872억 / 매출 1원 성장에 순부채 20.07원 / 유동비율 27% / 현금 2년 연속 감소"
67.9,60.4,65.6,(주)메디라인액티브코리아,01466391,,false,제조업,의료용물질·의약품,TIGHT(유동성형),397.4,0.047,42.1,0.106,156.4,3.7,2.681,0.725,11.2,143.1,1.662,2.804,48,,UNLISTED_BLIND,,,순부채/EBITDA 3.7x / 부채비율 268% (3년 105%p↑) / 3년 순부채 +143억 vs EBITDA합 86억 / 매출 1원 성장에 순부채 2.80원 / 유동비율 73% / 현금/매출 3% / 현금 2년 연속 감소
67.9,78.5,32.5,(주)클릭나라,01457454,,false,도소매,소매(자동차 제외),DISTRESS(구조조정형),834,-0.08,-6.2,-0.007,132.7,,1.384,0.785,28.7,153.6,6.349,,41,25,UNLISTED_BLIND,,,EBITDA 적자 -6억 / EBITDA마진 4%→-1% / 3년 순부채 +154억 vs EBITDA합 24억 / 유동비율 78% / 현금/매출 3%
67.9,77,35,(주)에스엔모바일,01750971,,false,도소매,소매(자동차 제외),DISTRESS(구조조정형),659.4,,-10.5,-0.016,32.2,,22.136,0.85,3,32.2,3,0.049,13,3,UNLISTED_BLIND,,,EBITDA 적자 -10억 / 부채비율 2214% (3년 2214%p↑) / 3년 순부채 +32억 vs EBITDA합 -14억 / 유동비율 85% / 현금/매출 0% / 영업적자 2/3년 / 런웨이 3개월
67.9,52.4,80.4,SGC솔루션(주),01512973,,false,제조업,비금속 광물제품,WC_BURN(운전자본형),3292.9,0.095,268.7,0.082,1305.5,4.9,1.17,1.025,64.6,744.3,1.063,0.95,255,,UNLISTED_BLIND,,,순부채/EBITDA 4.9x / 3년 순부채 +744억 vs EBITDA합 700억 / 매출 1원 성장에 순부채 0.95원 / 유동비율 103% / 현금/매출 2% / 현금 2년 연속 감소
67.9,75.2,38.3,(주)자코모,01469875,,false,제조업,가구 제조,DISTRESS(구조조정형),1104.3,0.002,12.3,0.011,39.9,3.2,29.768,0.822,18.8,90.4,3,12.898,21,,UNLISTED_BLIND,,,순부채/EBITDA 3.2x / 부채비율 2977% (3년 2689%p↑) / 3년 순부채 +90억 vs EBITDA합 -52억 / 매출 1원 성장에 순부채 12.90원 / 유동비율 82% / 현금/매출 2% / 영업적자 2/3년
67.9,93.3,5.3,(주)에스엔디유통,01529609,,false,숙박·음식,음식점·주점,DISTRESS(구조조정형),483.1,-0.059,-34,-0.07,247.2,,9.821,0.066,0.1,100.7,3,,36,0,UNLISTED_BLIND,,,EBITDA 적자 -34억 / 부채비율 982% (3년 849%p↑) / EBITDA마진 -2%→-7% / 3년 순부채 +101억 vs EBITDA합 -63억 / 유동비율 7% / 현금/매출 0% / 영업적자 3/3년 / 런웨이 0개월
67.8,82.7,49.5,엘앤에프,00398701,066970,true,제조업,전기장비,DISTRESS(구조조정형),19074.8,0.253,-4953.1,-0.26,15027.1,,2.871,0.702,2795.2,16586.2,3,1.771,5555,6,IN_MOTION,2025-08-28,[기재정정]주요사항보고서(신주인수권부사채권발행결정),"EBITDA 적자 -4,953억 / 부채비율 287% (3년 146%p↑) / EBITDA마진 4%→-26% / 3년 순부채 +1.7조 vs EBITDA합 -3,736억 / 매출 1원 성장에 순부채 1.77원 / 유동비율 70% / 영업적자 2/3년 / 런웨이 6개월"
67.8,74.2,65,더블유씨피,01291317,393890,true,제조업,전기장비,DISTRESS(구조조정형),3220.7,0.202,-103.5,-0.032,6971.7,,0.869,0.743,597.3,6673.7,3.529,4.886,2387,15,RECENTLY_FUNDED,2026-05-11,[기재정정]주요사항보고서(전환사채권발행결정),"EBITDA 적자 -103억 / EBITDA마진 37%→-3% / 3년 순부채 +6,674억 vs EBITDA합 1,891억 / 매출 1원 성장에 순부채 4.89원 / 유동비율 74% / 현금 2년 연속 감소 / 런웨이 15개월"
67.8,68.6,50.2,(주)더리모,01636361,,false,도소매,도매·상품중개,WC_BURN(운전자본형),341.6,0.08,13,0.038,87.7,6.7,7.498,0.889,22.4,45.1,1.042,0.637,12,,UNLISTED_BLIND,,,순부채/EBITDA 6.7x / 부채비율 750% (3년 490%p↑) / EBITDA마진 6%→4% / 3년 순부채 +45억 vs EBITDA합 43억 / 매출 1원 성장에 순부채 0.64원 / 유동비율 89%
67.8,82.3,25,(주)해송엔지니어링,00366784,,false,제조업,자동차·트레일러,DISTRESS(구조조정형),365.9,-0.042,-10.9,-0.03,209.4,,2.571,0.516,0.1,46.5,1.402,,23,0,UNLISTED_BLIND,,,EBITDA 적자 -11억 / 부채비율 257% / EBITDA마진 4%→-3% / 3년 순부채 +47억 vs EBITDA합 33억 / 유동비율 52% / 현금/매출 0% / 런웨이 0개월
67.8,89.2,12.3,(주)에스제이트랜드,00816447,,false,제조업,의복·모피 제조,DISTRESS(구조조정형),466.5,0.089,-110.1,-0.236,169.2,,-2.962,0.493,4.6,87.4,3,0.831,69,0,DISTRESS_EVENT,,,EBITDA 적자 -110억 / 자본잠식 / EBITDA마진 -0%→-24% / 3년 순부채 +87억 vs EBITDA합 -86억 / 매출 1원 성장에 순부채 0.83원 / 유동비율 49% / 현금/매출 1% / 현금 2년 연속 감소 / 런웨이 0개월
67.8,87.8,15,"(주)피지티(PGTCo.,LTD)",01013612,,false,제조업,화학물질·화학제품,DISTRESS(구조조정형),465.7,0.173,-13.5,-0.029,985.2,,-12.438,0.186,17.3,678.8,8.003,3.836,302,3,UNLISTED_BLIND,,,EBITDA 적자 -13억 / 자본잠식 / EBITDA마진 8%→-3% / 3년 순부채 +679억 vs EBITDA합 85억 / 매출 1원 성장에 순부채 3.84원 / 유동비율 19% / 현금/매출 4% / 런웨이 3개월
67.8,68.8,50,진명산업(주),01213391,,false,제조업,자동차·트레일러,DISTRESS(구조조정형),683.3,0.099,-29,-0.042,360.9,,5.455,0.717,9.1,-52.6,-0.852,-0.312,5,2,DISTRESS_EVENT,,,EBITDA 적자 -29억 / 부채비율 545% (3년 219%p↑) / EBITDA마진 8%→-4% / 유동비율 72% / 현금/매출 1% / 런웨이 2개월
67.8,72.8,42.4,(주)지오티엔에스,01215760,,false,제조업,1차 금속,REFI(롤오버형),930.4,0.014,14.6,0.016,226.5,15.5,3.053,1.251,5.7,112.4,2.019,3.047,42,384,UNLISTED_BLIND,,,순부채/EBITDA 15.5x / 부채비율 305% (3년 54%p↑) / 3년 순부채 +112억 vs EBITDA합 56억 / 매출 1원 성장에 순부채 3.05원 / 현금/매출 1% / 현금 2년 연속 감소
67.8,62.9,60.7,제주비케이(주),01386989,,false,도소매,도매·상품중개,TIGHT(유동성형),557,0.073,28.7,0.052,297.1,10.3,1.679,0.881,16.6,159,1.758,1.491,60,,DISTRESS_EVENT,,,순부채/EBITDA 10.3x / 3년 순부채 +159억 vs EBITDA합 90억 / 매출 1원 성장에 순부채 1.49원 / 유동비율 88% / 현금/매출 3%
67.8,64.6,57.5,선산산업(주),01468894,,false,숙박·음식,음식점·주점,DISTRESS(구조조정형),819,0.206,-18,-0.022,129.4,,0.256,0.476,18.1,214.5,18.578,0.609,115,9,UNLISTED_BLIND,,,EBITDA 적자 -18억 / 3년 순부채 +214억 vs EBITDA합 12억 / 매출 1원 성장에 순부채 0.61원 / 유동비율 48% / 현금/매출 2% / 런웨이 9개월
67.8,66.1,54.7,농업회사법인(주)써니너스,01502347,,false,농림어업,농업,TIGHT(유동성형),327.6,0.117,11.5,0.035,164.5,14.3,27.607,0.423,1.3,30.5,0.771,0.329,15,,UNLISTED_BLIND,,,순부채/EBITDA 14.3x / 부채비율 2761% (3년 1780%p↑) / 3년 순부채 +30억 vs EBITDA합 40억 / 유동비율 42% / 현금/매출 0%
67.7,76.8,60,상상인,00306162,038540,true,정보통신,컴퓨터 프로그래밍·SI,DISTRESS(구조조정형),8702.5,0.152,-2002.8,-0.23,-574.6,,7.951,1.089,2643.6,4376.3,3,1.453,0,16,IN_MOTION,2025-09-03,[기재정정]주요사항보고서(유상증자결정),"EBITDA 적자 -2,003억 / 부채비율 795% (3년 178%p↑) / EBITDA마진 10%→-23% / 3년 순부채 +4,376억 vs EBITDA합 -1,751억 / 매출 1원 성장에 순부채 1.45원 / 유동비율 109% / 현금 2년 연속 감소 / 영업적자 2/3년 / 런웨이 16개월"
67.7,89.9,36,화인베스틸,00661847,133820,true,제조업,1차 금속,DISTRESS(구조조정형),1191.7,-0.013,-101.1,-0.085,818.2,,3.536,0.389,61,79.9,3,,53,5,IN_MOTION,2025-03-24,유상증자결정(종속회사의주요경영사항)              ,EBITDA 적자 -101억 / 부채비율 354% (3년 223%p↑) / EBITDA마진 3%→-8% / 3년 순부채 +80억 vs EBITDA합 -127억 / 유동비율 39% / 영업적자 2/3년 / 런웨이 5개월
67.7,89.3,12,제이티비씨디스커버리(주),01586710,,false,정보통신,방송업,DISTRESS(구조조정형),367,0.454,-289.7,-0.789,44,,-1.384,0.16,6,108,3,0.436,206,0,DISTRESS_EVENT,,,EBITDA 적자 -290억 / 자본잠식 / EBITDA마진 -6%→-79% / 3년 순부채 +108억 vs EBITDA합 -410억 / 유동비율 16% / 현금/매출 2% / 현금 2년 연속 감소 / 영업적자 3/3년 / 런웨이 0개월
67.7,57.6,70,일진에이테크(주),00215347,,false,제조업,기타 기계·장비,REFI(롤오버형),391.4,0.048,71.5,0.183,548.8,7.7,1.29,0.716,5.8,380.4,1.026,7.427,173,,UNLISTED_BLIND,,,순부채/EBITDA 7.7x / EBITDA마진 22%→18% / 3년 순부채 +380억 vs EBITDA합 371억 / 매출 1원 성장에 순부채 7.43원 / 유동비율 72% / 현금/매출 1%
67.7,75.4,37.5,(주)대덕강업,00410261,,false,도소매,도매·상품중개,REFI(롤오버형),903.7,-0.132,9.7,0.011,1449,149.6,2.677,0.242,79.3,538.2,3.107,,161,14,UNLISTED_BLIND,,,순부채/EBITDA 149.6x / 부채비율 268% (3년 87%p↑) / EBITDA마진 4%→1% / 3년 순부채 +538억 vs EBITDA합 173억 / 유동비율 24% / 런웨이 14개월
67.7,45.3,92.5,엔에이치엔링크(주),01361999,,false,정보통신,정보서비스,GROWTH(성장자금형),515.6,0.616,132.3,0.257,596.6,4.5,2.44,0.58,244.8,586.1,2.57,1.49,33,,UNLISTED_BLIND,,,순부채/EBITDA 4.5x / 부채비율 244% (3년 54%p↑) / 3년 순부채 +586억 vs EBITDA합 228억 / 매출 1원 성장에 순부채 1.49원 / 유동비율 58%
67.7,72.4,42.9,조일로지스(주),01371710,,false,운수·물류,육상운송·파이프라인,DISTRESS(구조조정형),860.8,0.079,19.7,0.023,124.8,6.3,8.123,0.6,4.4,16.6,1.996,0.095,0,,UNLISTED_BLIND,,,순부채/EBITDA 6.3x / 부채비율 812% (3년 521%p↑) / 3년 순부채 +17억 vs EBITDA합 8억 / 유동비율 60% / 현금/매출 1% / 영업적자 2/3년
67.7,79.5,30,(주)신진미트,01475724,,false,도소매,도매·상품중개,REFI(롤오버형),323.6,-0.027,2.5,0.008,132.9,52.7,19.19,1.052,1.6,112.6,13.761,,38,4,UNLISTED_BLIND,,,순부채/EBITDA 52.7x / 부채비율 1919% (3년 1516%p↑) / 3년 순부채 +113억 vs EBITDA합 8억 / 유동비율 105% / 현금/매출 1% / 런웨이 4개월
67.7,78.1,32.4,(주)명원목재,01546989,,false,도소매,도매·상품중개,REFI(롤오버형),307.8,-0.048,8.6,0.028,187.9,21.8,7.263,0.714,0.8,42.3,1.342,,15,3,UNLISTED_BLIND,,,순부채/EBITDA 21.8x / 부채비율 726% (3년 246%p↑) / 3년 순부채 +42억 vs EBITDA합 32억 / 유동비율 71% / 현금/매출 0% / 런웨이 3개월
67.7,78,32.5,(주)리버,01738809,,false,도소매,자동차·부품 판매,DISTRESS(구조조정형),478.4,,-15.9,-0.033,54.1,,9.899,1.325,0.2,54.1,2.882,0.113,26,0,UNLISTED_BLIND,,,EBITDA 적자 -16억 / 부채비율 990% (3년 990%p↑) / EBITDA마진 2%→-3% / 3년 순부채 +54억 vs EBITDA합 19억 / 현금/매출 0% / 런웨이 0개월
67.7,71.3,45,(주)아성통상,01827079,,false,도소매,도매·상품중개,REFI(롤오버형),738.7,,13.8,0.019,136.9,9.9,8.623,0.852,9.4,136.9,5.703,0.185,41,,DISTRESS_EVENT,,,순부채/EBITDA 9.9x / 부채비율 862% (3년 862%p↑) / 3년 순부채 +137억 vs EBITDA합 24억 / 유동비율 85% / 현금/매출 1%
67.7,41.9,98.7,에스케이에코프라임(주),01533444,,false,제조업,화학물질·화학제품,GROWTH(성장자금형),6424.7,0.395,743.9,0.116,3167.8,4.3,3.52,1.287,333.4,1402.1,0.583,0.345,587,,UNLISTED_BLIND,,,"순부채/EBITDA 4.3x / 부채비율 352% (3년 100%p↑) / 3년 순부채 +1,402억 vs EBITDA합 2,405억 / 현금 2년 연속 감소"
67.6,57.4,95,롯데관광개발,00231372,032350,true,사업지원·임대,사업지원 서비스,GROWTH(성장자금형),4714.7,0.639,1240.1,0.263,12330,9.9,5.921,0.188,443.3,1930.2,1.689,0.53,784,,IN_MOTION,2025-10-22,[기재정정]주요사항보고서(전환사채권발행결정),"순부채/EBITDA 9.9x / 부채비율 592% / 3년 순부채 +1,930억 vs EBITDA합 1,143억 / 매출 1원 성장에 순부채 0.53원 / 유동비율 19% / 영업적자 2/3년"
67.6,65.2,55.7,(주)유니베라,00369055,,false,제조업,식료품 제조,REFI(롤오버형),347.3,-0.126,36.7,0.106,510.4,13.9,1.867,0.347,3.7,233.9,1.583,,90,,UNLISTED_BLIND,,,순부채/EBITDA 13.9x / 3년 순부채 +234억 vs EBITDA합 148억 / 유동비율 35% / 현금/매출 1%
67.6,66.9,52.7,(주)송현홀딩스,00251880,,false,제조업,1차 금속,REFI(롤오버형),1260.7,-0.056,57.4,0.046,583.6,10.2,12.882,0.127,22.8,41.2,0.18,,21,,UNLISTED_BLIND,,,순부채/EBITDA 10.2x / 부채비율 1288% (3년 1833%p↑) / 3년 순부채 +41억 vs EBITDA합 229억 / 유동비율 13% / 현금/매출 2%
67.6,54,76.3,진양오토모티브(주),00134440,,false,제조업,자동차·트레일러,TIGHT(유동성형),1265.5,0.639,51.8,0.041,149.1,2.9,2.086,0.646,0.3,148.8,1.511,0.152,30,,UNLISTED_BLIND,,,부채비율 209% (3년 159%p↑) / 3년 순부채 +149억 vs EBITDA합 99억 / 유동비율 65% / 현금/매출 0%
67.6,66.6,53.1,(주)아진피앤피,00139108,,false,제조업,펄프·종이 제조,REFI(롤오버형),2515.2,-0.007,101.8,0.041,1564.7,15.4,2.561,0.619,288.6,669,1.031,,56,,UNLISTED_BLIND,,,순부채/EBITDA 15.4x / 부채비율 256% / EBITDA마진 9%→4% / 3년 순부채 +669억 vs EBITDA합 649억 / 유동비율 62%
67.6,62.5,60.9,(주)에치디엘,00837617,,false,운수·물류,육상운송·파이프라인,WC_BURN(운전자본형),474,0.086,33.7,0.071,310.9,9.2,3.484,0.409,45,145.7,1.258,1.402,31,,UNLISTED_BLIND,,,순부채/EBITDA 9.2x / 부채비율 348% / 3년 순부채 +146억 vs EBITDA합 116억 / 매출 1원 성장에 순부채 1.40원 / 유동비율 41%
67.6,73.6,40.5,(주)부영주택,00805201,,false,건설업,종합 건설,REFI(롤오버형),5330.2,-0.317,423.1,0.079,47503.7,112.3,5.467,0.406,2150.5,15259.8,3,,3004,12,UNLISTED_BLIND,,,순부채/EBITDA 112.3x / 부채비율 547% (3년 140%p↑) / 3년 순부채 +1.5조 vs EBITDA합 -199억 / 유동비율 41% / 영업적자 3/3년 / 런웨이 12개월
67.6,93.1,4.5,(주)텐바이텐,00928618,,false,도소매,소매(자동차 제외),DISTRESS(구조조정형),324.4,-0.053,-36.7,-0.113,22.9,,-17.761,0.663,2,40.3,3,,23,1,UNLISTED_BLIND,,,EBITDA 적자 -37억 / 자본잠식 / EBITDA마진 -3%→-11% / 3년 순부채 +40억 vs EBITDA합 -85억 / 유동비율 66% / 현금/매출 1% / 영업적자 3/3년 / 런웨이 1개월
67.6,84.8,20,(주)유선엔지니어링건축사사무소,01306293,,false,전문·과학·기술,건축기술·엔지니어링,DISTRESS(구조조정형),327.3,-0.085,-26.2,-0.08,62.6,,1.591,0.497,18.8,62.1,3,,17,8,UNLISTED_BLIND,,,EBITDA 적자 -26억 / EBITDA마진 1%→-8% / 3년 순부채 +62억 vs EBITDA합 -46억 / 유동비율 50% / 현금 2년 연속 감소 / 영업적자 2/3년 / 런웨이 8개월
67.6,90.9,8.6,(주)협화산업,01558045,,false,제조업,전기장비,DISTRESS(구조조정형),356.3,0.004,-42.8,-0.12,259.5,,-12.048,0.076,0.1,99.4,3,24.501,50,0,DISTRESS_EVENT,,,EBITDA 적자 -43억 / 자본잠식 / EBITDA마진 2%→-12% / 3년 순부채 +99억 vs EBITDA합 -5억 / 매출 1원 성장에 순부채 24.50원 / 유동비율 8% / 현금/매출 0% / 영업적자 2/3년 / 런웨이 0개월
67.5,76.4,35,롯데알미늄(주),00120535,,false,제조업,1차 금속,DISTRESS(구조조정형),7975.4,-0.023,-244.6,-0.031,8272.7,,1.725,0.75,1513.3,4957.8,42.209,,489,26,UNLISTED_BLIND,,,"EBITDA 적자 -245억 / EBITDA마진 3%→-3% / 3년 순부채 +4,958억 vs EBITDA합 117억 / 유동비율 75% / 영업적자 2/3년"
67.5,55.7,72.9,(주)소모,00119168,,false,도소매,소매(자동차 제외),TIGHT(유동성형),1870,0.403,55.6,0.03,955.1,17.2,1.042,0.747,19.3,204.6,1.814,0.171,61,58,UNLISTED_BLIND,,,순부채/EBITDA 17.2x / 3년 순부채 +205억 vs EBITDA합 113억 / 유동비율 75% / 현금/매출 1%
67.5,84.9,19.2,대도철강(주),00568832,,false,도소매,도매·상품중개,DISTRESS(구조조정형),636,-0.151,-12.5,-0.02,126.8,,2.528,0.686,0.8,10.8,3,,9,0,UNLISTED_BLIND,,,EBITDA 적자 -13억 / 부채비율 253% / EBITDA마진 1%→-2% / 3년 순부채 +11억 vs EBITDA합 -2억 / 유동비율 69% / 현금/매출 0% / 현금 2년 연속 감소 / 영업적자 2/3년 / 런웨이 0개월
67.5,77.7,32.5,성창보드(주),00699530,,false,제조업,목재·나무제품 제조,REFI(롤오버형),668.4,-0.064,5,0.007,176.6,35.5,0.447,0.712,14.5,98.9,1.377,,20,37,UNLISTED_BLIND,,,순부채/EBITDA 35.5x / EBITDA마진 10%→1% / 3년 순부채 +99억 vs EBITDA합 72억 / 유동비율 71% / 현금/매출 2% / 영업적자 2/3년
67.5,59.8,65.2,신송식품(주),00789453,,false,제조업,식료품 제조,REFI(롤오버형),664.1,0.032,57.6,0.087,826.7,14.3,1.079,0.336,2.8,417.5,2.88,7.008,157,,UNLISTED_BLIND,,,순부채/EBITDA 14.3x / 3년 순부채 +417억 vs EBITDA합 145억 / 매출 1원 성장에 순부채 7.01원 / 유동비율 34% / 현금/매출 0%
67.5,69.9,46.8,케이와이PC(주),00862871,,false,제조업,비금속 광물제품,REFI(롤오버형),344.1,-0.016,25.6,0.074,280.6,11,0.678,1.116,0.3,328,2.455,,117,,UNLISTED_BLIND,,,순부채/EBITDA 11.0x / EBITDA마진 14%→7% / 3년 순부채 +328억 vs EBITDA합 134억 / 유동비율 112% / 현금/매출 0% / 현금 2년 연속 감소
67.5,62.2,61.1,휴로스(주),01253326,,false,제조업,자동차·트레일러,WC_BURN(운전자본형),337.6,0.071,26.7,0.079,120.6,4.5,1.915,0.517,3.8,122,1.458,1.935,42,,UNLISTED_BLIND,,,순부채/EBITDA 4.5x / 3년 순부채 +122억 vs EBITDA합 84억 / 매출 1원 성장에 순부채 1.93원 / 유동비율 52% / 현금/매출 1%
67.5,76.3,35,(주)이건창호,01234950,,false,제조업,금속가공제품,DISTRESS(구조조정형),1344.3,-0.038,-44.4,-0.033,757.5,,1.521,0.394,53.9,180.6,3,,51,8,UNLISTED_BLIND,,,EBITDA 적자 -44억 / EBITDA마진 1%→-3% / 3년 순부채 +181억 vs EBITDA합 -38억 / 유동비율 39% / 현금/매출 4% / 영업적자 2/3년 / 런웨이 8개월
67.5,67.6,50.9,(주)디알종합건설,01227330,,false,건설업,종합 건설,REFI(롤오버형),358.6,-0.048,38.1,0.106,705.3,18.5,4.224,0.779,1.3,218.4,2.01,,87,3,DISTRESS_EVENT,,,순부채/EBITDA 18.5x / 부채비율 422% / 3년 순부채 +218억 vs EBITDA합 109억 / 유동비율 78% / 현금/매출 0% / 런웨이 3개월
67.5,90.9,8.2,성우건업,01286111,,false,건설업,종합 건설,DISTRESS(구조조정형),346.5,,-188.3,-0.543,688.3,,-3.298,0.689,0,534.9,3,1.544,242,0,DISTRESS_EVENT,,,EBITDA 적자 -188억 / 자본잠식 / EBITDA마진 3%→-54% / 3년 순부채 +535억 vs EBITDA합 -166억 / 매출 1원 성장에 순부채 1.54원 / 유동비율 69% / 현금/매출 0% / 영업적자 2/3년 / 런웨이 0개월
67.5,64.2,57.3,(주)일흥건설,01756577,,false,건설업,종합 건설,REFI(롤오버형),331.3,,28.5,0.086,174.9,6.1,5.46,1.186,20.2,174.9,2.46,0.528,63,,UNLISTED_BLIND,,,순부채/EBITDA 6.1x / 부채비율 546% (3년 546%p↑) / 3년 순부채 +175억 vs EBITDA합 71억 / 매출 1원 성장에 순부채 0.53원 / 유동비율 119% / 현금 2년 연속 감소
67.5,57.7,69.1,한화모멘텀(주),01857593,,false,제조업,기타 기계·장비,REFI(롤오버형),3078.9,,232.2,0.075,2271.2,9.8,2.731,1.302,806.6,2271.2,9.782,0.738,24,,UNLISTED_BLIND,,,"순부채/EBITDA 9.8x / 부채비율 273% (3년 273%p↑) / 3년 순부채 +2,271억 vs EBITDA합 232억 / 매출 1원 성장에 순부채 0.74원"
67.4,69,73.2,코스모화학,00160302,005420,true,제조업,화학물질·화학제품,WC_BURN(운전자본형),7492.8,0.135,286.1,0.038,4066.8,14.2,1.039,0.817,124.3,1875.4,1.518,0.792,710,,RECENTLY_FUNDED,2026-03-13,유상증자결정(종속회사의주요경영사항)              ,"순부채/EBITDA 14.2x / EBITDA마진 8%→4% / 3년 순부채 +1,875억 vs EBITDA합 1,236억 / 매출 1원 성장에 순부채 0.79원 / 유동비율 82% / 현금/매출 2%"
67.4,61.1,62.5,고덕청정에너지(주),01662047,,false,전기·가스·환경,전기·가스·증기 공급,REFI(롤오버형),491.9,,126.1,0.256,763.1,6.1,9.165,0.638,138.2,763.1,4.959,1.551,78,,UNLISTED_BLIND,,,순부채/EBITDA 6.1x / 부채비율 917% (3년 917%p↑) / 3년 순부채 +763억 vs EBITDA합 154억 / 매출 1원 성장에 순부채 1.55원 / 유동비율 64%
67.4,63.6,58.1,(주)도드람푸드,00354390,,false,제조업,식료품 제조,REFI(롤오버형),6285,0.069,17.8,0.003,289.2,16.3,4.683,1.205,28.8,194,1.438,0.169,66,,UNLISTED_BLIND,,,순부채/EBITDA 16.3x / 부채비율 468% / 3년 순부채 +194억 vs EBITDA합 135억 / 현금/매출 0%
67.4,93.3,3.7,성원제강(주),00133070,,false,제조업,1차 금속,DISTRESS(구조조정형),398.9,-0.262,-11.5,-0.029,424.3,,23.954,0.46,1.8,30.1,3,,32,1,DISTRESS_EVENT,,,EBITDA 적자 -11억 / 부채비율 2395% (3년 2097%p↑) / 3년 순부채 +30억 vs EBITDA합 -88억 / 유동비율 46% / 현금/매출 0% / 현금 2년 연속 감소 / 영업적자 3/3년 / 런웨이 1개월
67.4,93,4.2,에이치엔아이엔씨(주),00808156,,false,정보통신,출판업,DISTRESS(구조조정형),417.2,-0.448,-410.6,-0.984,582.9,,-1.473,0.274,10.9,164.1,3,,243,0,DISTRESS_EVENT,,,"EBITDA 적자 -411억 / 자본잠식 / EBITDA마진 -8%→-98% / 3년 순부채 +164억 vs EBITDA합 -1,035억 / 유동비율 27% / 현금/매출 3% / 현금 2년 연속 감소 / 영업적자 2/3년 / 런웨이 0개월"
67.4,59.8,65,롯데베르살리스엘라스토머스(주),01003378,,false,제조업,화학물질·화학제품,TIGHT(유동성형),2933.8,0.151,42.3,0.014,2523.2,59.6,3.747,0.395,36.5,-1021.2,-11.663,-1.012,82,5,RECENTLY_FUNDED,2026-02-10,유상증자결정,순부채/EBITDA 59.6x / 부채비율 375% / 유동비율 39% / 현금/매출 1% / 영업적자 3/3년 / 런웨이 5개월
67.4,77.6,32.5,금화식품(주),01012729,,false,제조업,식료품 제조,DISTRESS(구조조정형),991.1,-0.045,-27,-0.027,117.9,,1.757,0.924,17.7,54.1,1.133,,30,6,UNLISTED_BLIND,,,EBITDA 적자 -27억 / EBITDA마진 3%→-3% / 3년 순부채 +54억 vs EBITDA합 48억 / 유동비율 92% / 현금/매출 2% / 현금 2년 연속 감소 / 런웨이 6개월
67.4,76.4,34.6,농업회사법인(주)순우리,01133998,,false,도소매,도매·상품중개,DISTRESS(구조조정형),980.4,0.028,-9.8,-0.01,596,,2.245,0.841,82.5,158.2,3,2.025,0,23,UNLISTED_BLIND,,,EBITDA 적자 -10억 / 부채비율 225% (3년 93%p↑) / EBITDA마진 1%→-1% / 3년 순부채 +158억 vs EBITDA합 -60억 / 매출 1원 성장에 순부채 2.02원 / 유동비율 84% / 영업적자 2/3년 / 런웨이 23개월
67.4,87.7,14,(주)푸디버스,01449969,,false,도소매,도매·상품중개,DISTRESS(구조조정형),328.6,-0.27,-6.7,-0.02,54.8,,43.246,1.018,1.4,40.2,3,,3,2,UNLISTED_BLIND,,,EBITDA 적자 -7억 / 부채비율 4325% (3년 4227%p↑) / EBITDA마진 2%→-2% / 3년 순부채 +40억 vs EBITDA합 -28억 / 유동비율 102% / 현금/매출 0% / 영업적자 2/3년 / 런웨이 2개월
67.3,49.6,83.3,(주)아성프라텍,00193771,,false,제조업,고무·플라스틱제품,GROWTH(성장자금형),1652.9,0.174,106.1,0.064,505.3,4.8,3.335,0.429,20.7,137.2,0.456,0.217,44,,UNLISTED_BLIND,,,순부채/EBITDA 4.8x / 부채비율 333% (3년 48%p↑) / 3년 순부채 +137억 vs EBITDA합 301억 / 유동비율 43% / 현금/매출 1% / 현금 2년 연속 감소
67.3,91.9,5.8,선원건설(주),00415619,,false,건설업,종합 건설,DISTRESS(구조조정형),602.4,-0.199,-130.6,-0.217,145.2,,-5.114,0.729,28.5,175.2,3,,63,2,DISTRESS_EVENT,,,EBITDA 적자 -131억 / 자본잠식 / EBITDA마진 -1%→-22% / 3년 순부채 +175억 vs EBITDA합 -322억 / 유동비율 73% / 현금/매출 5% / 현금 2년 연속 감소 / 영업적자 2/3년 / 런웨이 2개월
67.3,67.7,50.3,(주)원일사,00521664,,false,제조업,1차 금속,REFI(롤오버형),1016.2,0.016,6.1,0.006,281.1,46.4,1.069,1.184,16.6,117.6,1.042,2.442,42,21,UNLISTED_BLIND,,,순부채/EBITDA 46.4x / EBITDA마진 5%→1% / 3년 순부채 +118억 vs EBITDA합 113억 / 매출 1원 성장에 순부채 2.44원 / 유동비율 118% / 현금/매출 2% / 런웨이 21개월
67.3,90.6,8.2,(주)이노피아테크,00964461,,false,정보통신,컴퓨터 프로그래밍·SI,DISTRESS(구조조정형),508.9,-0.117,-133.2,-0.262,221.2,,-17.095,0.808,12.2,31.6,3,,71,1,DISTRESS_EVENT,,,EBITDA 적자 -133억 / 자본잠식 / EBITDA마진 2%→-26% / 3년 순부채 +32억 vs EBITDA합 -143억 / 유동비율 81% / 현금/매출 2% / 영업적자 2/3년 / 런웨이 1개월
67.3,82.7,22.7,티케이지에코머티리얼(주),01021408,,false,제조업,고무·플라스틱제품,DISTRESS(구조조정형),532.6,-0.247,-60.6,-0.114,831.3,,2.588,0.398,28.7,84,7.333,,74,3,UNLISTED_BLIND,,,EBITDA 적자 -61억 / 부채비율 259% / EBITDA마진 -3%→-11% / 3년 순부채 +84억 vs EBITDA합 11억 / 유동비율 40% / 영업적자 2/3년 / 런웨이 3개월
67.3,91,7.5,(주)우정통상,01087176,,false,제조업,식료품 제조,DISTRESS(구조조정형),360.9,-0.022,-71,-0.197,101,,-5.555,0.805,0.4,10.7,3,,37,0,DISTRESS_EVENT,,,EBITDA 적자 -71억 / 자본잠식 / EBITDA마진 2%→-20% / 3년 순부채 +11억 vs EBITDA합 -55억 / 유동비율 81% / 현금/매출 0% / 현금 2년 연속 감소 / 런웨이 0개월
67.3,74.7,37.5,태림판지(주),01282036,,false,제조업,펄프·종이 제조,REFI(롤오버형),632.1,-0.062,7.6,0.012,96,12.7,1.004,0.67,15.4,153.3,2.006,,51,,UNLISTED_BLIND,,,순부채/EBITDA 12.7x / EBITDA마진 6%→1% / 3년 순부채 +153억 vs EBITDA합 76억 / 유동비율 67% / 현금/매출 2%
67.3,61,62.5,(주)케이솔라신안,01513963,,false,전기·가스·환경,전기·가스·증기 공급,REFI(롤오버형),341.2,,252.8,0.741,2535.7,10,21.097,1.532,254.6,2535.7,7.876,7.431,,,UNLISTED_BLIND,,,"순부채/EBITDA 10.0x / 부채비율 2110% (3년 2110%p↑) / 3년 순부채 +2,536억 vs EBITDA합 322억 / 매출 1원 성장에 순부채 7.43원 / 현금 2년 연속 감소"
67.3,65.8,53.6,(주)지엠알,01730287,,false,제조업,1차 금속,REFI(롤오버형),424.5,,38.3,0.09,243.7,6.4,14.062,1.819,3.1,243.7,5.647,0.574,84,,UNLISTED_BLIND,,,순부채/EBITDA 6.4x / 부채비율 1406% (3년 1406%p↑) / 3년 순부채 +244억 vs EBITDA합 43억 / 매출 1원 성장에 순부채 0.57원 / 현금/매출 1% / 영업적자 2/3년
67.2,75.8,60,에이엔피,00143314,015260,true,제조업,전자부품·컴퓨터·통신장비,DISTRESS(구조조정형),1134.9,0.179,-32.8,-0.029,327.6,,2.615,0.595,52,55,3,0.124,53,12,RECENTLY_FUNDED,2026-02-13,주요사항보고서(유상증자결정),EBITDA 적자 -33억 / 부채비율 262% (3년 115%p↑) / 3년 순부채 +55억 vs EBITDA합 -67억 / 유동비율 60% / 현금/매출 5% / 현금 2년 연속 감소 / 영업적자 3/3년 / 런웨이 12개월
67.2,75.9,59.7,KH 필룩스,00193009,033180,true,제조업,전자부품·컴퓨터·통신장비,WC_BURN(운전자본형),1661,0.114,33.2,0.02,1296.4,39.1,1.154,0.325,121.5,861.6,3,1.877,165,38,DISTRESS_EVENT,2026-07-20,[기재정정]주요사항보고서(유상증자결정),순부채/EBITDA 39.1x / 3년 순부채 +862억 vs EBITDA합 -62억 / 매출 1원 성장에 순부채 1.88원 / 유동비율 33% / 현금 2년 연속 감소 / 영업적자 3/3년
67.2,63.6,82.3,아이윈,00365624,090150,true,제조업,자동차·트레일러,WC_BURN(운전자본형),1193.2,0.096,104.2,0.087,576.7,5.5,2.18,0.78,66.7,443,1.849,1.544,120,,PRE_SIGNAL,,,순부채/EBITDA 5.5x / 부채비율 218% (3년 146%p↑) / 3년 순부채 +443억 vs EBITDA합 240억 / 매출 1원 성장에 순부채 1.54원 / 유동비율 78%
67.2,82.7,22.5,(주)동아일렉콤,00116772,,false,제조업,전기장비,DISTRESS(구조조정형),550.1,-0.145,-156.1,-0.284,279.3,,1.338,0.757,6,103.9,3,,114,0,UNLISTED_BLIND,,,EBITDA 적자 -156억 / EBITDA마진 -9%→-28% / 3년 순부채 +104억 vs EBITDA합 -283억 / 유동비율 76% / 현금/매출 1% / 영업적자 3/3년 / 런웨이 0개월
67.2,71.6,42.7,(주)유라코퍼레이션,00256478,,false,제조업,자동차·트레일러,REFI(롤오버형),24741.1,0.07,423.7,0.017,3956,9.3,3.127,1.09,327.4,1786.7,3,0.395,442,,UNLISTED_BLIND,,,"순부채/EBITDA 9.3x / 부채비율 313% (3년 107%p↑) / 3년 순부채 +1,787억 vs EBITDA합 -19억 / 유동비율 109% / 현금/매출 1% / 현금 2년 연속 감소"
67.2,52.7,77.4,(주)참고을,00484053,,false,제조업,식료품 제조,TIGHT(유동성형),1674.9,0.153,74.9,0.045,591.3,7.9,2.204,0.886,22.7,185.5,0.867,0.319,60,,UNLISTED_BLIND,,,순부채/EBITDA 7.9x / 부채비율 220% / 3년 순부채 +186억 vs EBITDA합 214억 / 유동비율 89% / 현금/매출 1%
67.2,77.1,32.5,고모텍(주),00565978,,false,제조업,금속가공제품,DISTRESS(구조조정형),882.4,-0.08,-20.4,-0.023,367.5,,1.571,0.91,15.1,263.6,8.271,,99,4,UNLISTED_BLIND,,,EBITDA 적자 -20억 / EBITDA마진 3%→-2% / 3년 순부채 +264억 vs EBITDA합 32억 / 유동비율 91% / 현금/매출 2% / 런웨이 4개월
67.2,76.6,33.6,남양부직포(주),00665409,,false,제조업,섬유제품 제조,REFI(롤오버형),309.8,-0.09,10,0.032,332.7,33.4,0.921,0.277,2.9,67.6,1.491,,19,4,UNLISTED_BLIND,,,순부채/EBITDA 33.4x / EBITDA마진 9%→3% / 3년 순부채 +68억 vs EBITDA합 45억 / 유동비율 28% / 현금/매출 1% / 영업적자 3/3년 / 런웨이 4개월
67.2,85.9,16.5,STX마린서비스(주),00884633,,false,도소매,도매·상품중개,DISTRESS(구조조정형),1926.2,0.117,-211.9,-0.11,1290.7,,-9.998,0.927,86.8,862.6,3,1.59,315,4,DISTRESS_EVENT,,,EBITDA 적자 -212억 / 자본잠식 / EBITDA마진 4%→-11% / 3년 순부채 +863억 vs EBITDA합 -149억 / 매출 1원 성장에 순부채 1.59원 / 유동비율 93% / 현금/매출 5% / 영업적자 2/3년 / 런웨이 4개월
67.2,58,67.5,새서울철도(주),01208584,,false,운수·물류,육상운송·파이프라인,REFI(롤오버형),386.1,,216.5,0.561,3355.1,15.5,25.64,2.533,0.3,403,0.943,1.044,93,,UNLISTED_BLIND,,,순부채/EBITDA 15.5x / 부채비율 2564% (3년 1841%p↑) / 3년 순부채 +403억 vs EBITDA합 427억 / 매출 1원 성장에 순부채 1.04원 / 현금/매출 0%
67.2,71.6,42.7,우리하나에너지(주),01457223,,false,도소매,소매(자동차 제외),REFI(롤오버형),781.7,0.05,1.3,0.002,36.8,28.1,2.756,0.825,0.6,19.4,3.807,0.184,7,8,UNLISTED_BLIND,,,순부채/EBITDA 28.1x / 부채비율 276% (3년 87%p↑) / 3년 순부채 +19억 vs EBITDA합 5억 / 유동비율 82% / 현금/매출 0% / 현금 2년 연속 감소 / 런웨이 8개월
67.1,73.5,63.8,알리코제약,00447007,260660,true,제조업,의료용물질·의약품,WC_BURN(운전자본형),1904.4,0.108,14.6,0.008,312.6,21.5,1.163,1.135,154.8,474.1,2.128,0.943,89,705,IN_MOTION,2025-12-18,주요사항보고서(전환사채권발행결정),순부채/EBITDA 21.5x / EBITDA마진 6%→1% / 3년 순부채 +474억 vs EBITDA합 223억 / 매출 1원 성장에 순부채 0.94원 / 유동비율 113% / 현금 2년 연속 감소
67.1,75.7,35,윈스틸,00115241,,false,제조업,1차 금속,DISTRESS(구조조정형),2150.8,-0.129,-17.6,-0.008,626.1,,1.451,0.641,11.9,81.5,2.524,,30,3,UNLISTED_BLIND,,,EBITDA 적자 -18억 / EBITDA마진 1%→-1% / 3년 순부채 +81억 vs EBITDA합 32억 / 유동비율 64% / 현금/매출 1% / 영업적자 2/3년 / 런웨이 3개월
67.1,74.3,37.5,(주)지원에스아이,00612805,,false,도소매,도매·상품중개,REFI(롤오버형),704,-0.05,13.8,0.02,111.4,8.1,3.123,0.789,14.7,84.1,1.515,,29,,UNLISTED_BLIND,,,순부채/EBITDA 8.1x / 부채비율 312% / 3년 순부채 +84억 vs EBITDA합 56억 / 유동비율 79% / 현금/매출 2%
67.1,74.3,37.5,에이샵(주),00809571,,false,도소매,소매(자동차 제외),REFI(롤오버형),825.6,-0.025,4,0.005,29.9,7.6,12.224,1.014,45.1,65.2,6.053,,0,,UNLISTED_BLIND,,,순부채/EBITDA 7.6x / 부채비율 1222% / 3년 순부채 +65억 vs EBITDA합 11억 / 유동비율 101% / 영업적자 2/3년
67.1,64.8,54.8,(주)신흥운수,00840392,,false,운수·물류,육상운송·파이프라인,REFI(롤오버형),310.9,0.032,24,0.077,152.4,6.3,1.994,0.341,7.7,83.7,1.035,3.029,34,,UNLISTED_BLIND,,,순부채/EBITDA 6.3x / 3년 순부채 +84억 vs EBITDA합 81억 / 매출 1원 성장에 순부채 3.03원 / 유동비율 34% / 현금/매출 2% / 현금 2년 연속 감소
67.1,61.3,61.4,(주)케이산업,00876281,,false,제조업,기타 기계·장비,WC_BURN(운전자본형),885.2,0.108,32.6,0.037,548.2,16.8,1.611,0.621,37.3,156.1,1.069,0.665,43,191,UNLISTED_BLIND,,,순부채/EBITDA 16.8x / EBITDA마진 7%→4% / 3년 순부채 +156억 vs EBITDA합 146억 / 매출 1원 성장에 순부채 0.66원 / 유동비율 62% / 현금/매출 4%
67.1,83.8,20,(주)선도,00872230,,false,제조업,의복·모피 제조,DISTRESS(구조조정형),395.5,-0.068,-29.4,-0.074,210,,2.36,0.922,3.8,15.4,3,,26,1,DISTRESS_EVENT,,,EBITDA 적자 -29억 / 부채비율 236% (3년 89%p↑) / EBITDA마진 -0%→-7% / 3년 순부채 +15억 vs EBITDA합 -27억 / 유동비율 92% / 현금/매출 1% / 영업적자 2/3년 / 런웨이 1개월
67.1,60.2,63.3,(주)코리아하이텍,00973955,,false,제조업,전기장비,TIGHT(유동성형),1944.2,0.1,43.1,0.022,404.5,9.4,1.798,0.92,0.8,214.2,1.263,0.443,77,,UNLISTED_BLIND,,,순부채/EBITDA 9.4x / 3년 순부채 +214억 vs EBITDA합 170억 / 유동비율 92% / 현금/매출 0%
67.1,83,21.4,(주)넥스파시스템,01015665,,false,제조업,전자부품·컴퓨터·통신장비,DISTRESS(구조조정형),334,0.023,-55.7,-0.167,110.3,,4.654,1.514,37,26.1,3,1.174,32,7,UNLISTED_BLIND,,,EBITDA 적자 -56억 / 부채비율 465% (3년 377%p↑) / EBITDA마진 -8%→-17% / 3년 순부채 +26억 vs EBITDA합 -103억 / 매출 1원 성장에 순부채 1.17원 / 영업적자 3/3년 / 런웨이 7개월
67.1,70.5,44.5,부경에너지(주),01085594,,false,도소매,도매·상품중개,REFI(롤오버형),904.5,0.028,12.6,0.014,163.7,13,2.459,0.614,4.6,75.7,1.945,1.065,27,,DISTRESS_EVENT,,,순부채/EBITDA 13.0x / 부채비율 246% / 3년 순부채 +76억 vs EBITDA합 39억 / 매출 1원 성장에 순부채 1.06원 / 유동비율 61% / 현금/매출 1%
67.1,76.2,34.1,태조건설(주),01495773,,false,건설업,종합 건설,DISTRESS(구조조정형),499,0.076,-18.4,-0.037,-5.1,,126.314,0.777,10.8,57.8,3,0.586,15,7,DISTRESS_EVENT,,,EBITDA 적자 -18억 / 부채비율 12631% (3년 12586%p↑) / 3년 순부채 +58억 vs EBITDA합 -69억 / 매출 1원 성장에 순부채 0.59원 / 유동비율 78% / 현금/매출 2% / 현금 2년 연속 감소 / 영업적자 2/3년 / 런웨이 7개월
67.1,72.4,40.9,(주)상기코퍼레이션,01546864,,false,도소매,도매·상품중개,REFI(롤오버형),409.1,0.054,3.8,0.009,239.4,62.5,2.557,0.31,17.3,49.2,1.075,0.817,19,22,UNLISTED_BLIND,,,순부채/EBITDA 62.5x / 부채비율 256% / EBITDA마진 5%→1% / 3년 순부채 +49억 vs EBITDA합 46억 / 매출 1원 성장에 순부채 0.82원 / 유동비율 31% / 현금/매출 4% / 현금 2년 연속 감소 / 런웨이 22개월
67,60.5,62.4,(주)시스템알앤디,01667033,,false,제조업,기타 기계·장비,REFI(롤오버형),1879.8,,99.5,0.053,762.4,7.7,1.994,1.085,43.6,762.4,3.027,0.406,265,,UNLISTED_BLIND,,,순부채/EBITDA 7.7x / 3년 순부채 +762억 vs EBITDA합 252억 / 유동비율 109% / 현금/매출 2%
67,61.3,60.8,(주)광진상공,00104111,,false,제조업,자동차·트레일러,REFI(롤오버형),1180.6,0.004,72.2,0.061,576.1,8,3.696,0.475,4.1,90.3,0.476,7.318,29,,UNLISTED_BLIND,,,순부채/EBITDA 8.0x / 부채비율 370% / 3년 순부채 +90억 vs EBITDA합 190억 / 매출 1원 성장에 순부채 7.32원 / 유동비율 47% / 현금/매출 0%
67,50.7,80.4,(주)선진엔지니어링종합건축사사무소,00189556,,false,전문·과학·기술,건축기술·엔지니어링,GROWTH(성장자금형),1291.2,0.212,70.4,0.055,406.1,5.8,1.345,1.23,140.2,513.5,3.558,0.909,124,,UNLISTED_BLIND,,,순부채/EBITDA 5.8x / 3년 순부채 +513억 vs EBITDA합 144억 / 매출 1원 성장에 순부채 0.91원
67,70.8,43.6,(주)와이비엠,00135591,,false,정보통신,출판업,DISTRESS(구조조정형),1304.4,0.039,-166.7,-0.128,934.9,,0.398,0.545,273.8,394.8,3,2.815,0,15,UNLISTED_BLIND,,,EBITDA 적자 -167억 / EBITDA마진 5%→-13% / 3년 순부채 +395억 vs EBITDA합 -136억 / 매출 1원 성장에 순부채 2.81원 / 유동비율 55% / 영업적자 2/3년 / 런웨이 15개월
67,57.5,67.8,평화씨엠비(주),00206163,,false,제조업,고무·플라스틱제품,TIGHT(유동성형),1244.3,0.123,53.2,0.043,233.5,4.4,13.477,0.904,0.7,85.8,0.98,0.235,27,,UNLISTED_BLIND,,,순부채/EBITDA 4.4x / 부채비율 1348% (3년 933%p↑) / 3년 순부채 +86억 vs EBITDA합 88억 / 유동비율 90% / 현금/매출 0%
67,69.7,45.7,에이스메디칼(주),00527589,,false,도소매,도매·상품중개,REFI(롤오버형),370.9,-0.119,26.8,0.072,485,18.1,1.717,0.977,17.3,373.8,3.641,,118,905,UNLISTED_BLIND,,,순부채/EBITDA 18.1x / EBITDA마진 13%→7% / 3년 순부채 +374억 vs EBITDA합 103억 / 유동비율 98% / 현금/매출 5%
67,64.7,54.8,(주)농경,00605513,,false,제조업,화학물질·화학제품,REFI(롤오버형),326.8,0.012,28.4,0.087,205.8,7.2,1.597,0.985,0,112.1,1.863,9.383,39,,UNLISTED_BLIND,,,순부채/EBITDA 7.2x / 3년 순부채 +112억 vs EBITDA합 60억 / 매출 1원 성장에 순부채 9.38원 / 유동비율 98% / 현금/매출 0% / 현금 2년 연속 감소
67,65.9,52.5,이브이시스(주),00656766,,false,제조업,전기장비,WC_BURN(운전자본형),886.2,0.312,-22.4,-0.025,570.5,,1.481,1.198,101.6,511.6,3,1.037,187,23,UNLISTED_BLIND,,,EBITDA 적자 -22억 / 3년 순부채 +512억 vs EBITDA합 -8억 / 매출 1원 성장에 순부채 1.04원 / 유동비율 120% / 영업적자 3/3년 / 런웨이 23개월
67,44.1,92.4,(주)네오바이오텍,00652779,,false,제조업,의료·정밀·광학기기,GROWTH(성장자금형),1127.9,0.161,106.9,0.095,580.2,5.4,2.746,1.095,102.8,208,0.775,0.511,0,,IN_MOTION,2025-07-01,[기재정정]주요사항보고서(유상증자결정),순부채/EBITDA 5.4x / 부채비율 275% (3년 92%p↑) / 3년 순부채 +208억 vs EBITDA합 268억 / 매출 1원 성장에 순부채 0.51원 / 유동비율 110%
67,49.3,82.9,대익이엔지(주),00866354,,false,건설업,종합 건설,GROWTH(성장자금형),980,0.164,86.2,0.088,512.1,5.9,3.837,0.749,28,125,0.532,0.348,43,,UNLISTED_BLIND,,,순부채/EBITDA 5.9x / 부채비율 384% (3년 50%p↑) / 3년 순부채 +125억 vs EBITDA합 235억 / 유동비율 75% / 현금/매출 3%
67,56.1,70.6,(주)부지런한사람들행암점,01141678,,false,도소매,소매(자동차 제외),GROWTH(성장자금형),456.1,0.448,32.8,0.072,201.7,6.1,2.274,0.556,0.8,119.6,1.522,0.391,46,,UNLISTED_BLIND,,,순부채/EBITDA 6.1x / 부채비율 227% / 3년 순부채 +120억 vs EBITDA합 79억 / 유동비율 56% / 현금/매출 0%
67,61.8,59.9,(주)선우프레시,01220142,,false,도소매,도매·상품중개,WC_BURN(운전자본형),4908.3,0.081,63.9,0.013,795.2,12.4,1.784,1.565,452.6,574.7,2.377,0.56,0,,UNLISTED_BLIND,,,순부채/EBITDA 12.4x / EBITDA마진 6%→1% / 3년 순부채 +575억 vs EBITDA합 242억 / 매출 1원 성장에 순부채 0.56원
67,59.7,63.9,영흥식품(주),01303986,,false,제조업,식료품 제조,WC_BURN(운전자본형),339.9,0.11,23.6,0.07,182.2,7.7,3.057,0.645,6.5,59.8,1.015,0.655,24,,UNLISTED_BLIND,,,순부채/EBITDA 7.7x / 부채비율 306% / 3년 순부채 +60억 vs EBITDA합 59억 / 매출 1원 성장에 순부채 0.66원 / 유동비율 64% / 현금/매출 2%
67,61.6,60.3,아이씨티웨이(주),01469671,,false,정보통신,컴퓨터 프로그래밍·SI,GROWTH(성장자금형),463.3,0.143,26.7,0.058,142.6,5.3,3.015,1.016,64,158.3,3.043,1.034,12,,UNLISTED_BLIND,,,순부채/EBITDA 5.3x / 부채비율 301% (3년 230%p↑) / 3년 순부채 +158억 vs EBITDA합 52억 / 매출 1원 성장에 순부채 1.03원 / 유동비율 102%
66.9,85,42.3,대산F&B,00390860,065150,true,도소매,도매·상품중개,REFI(롤오버형),1028.8,-0.005,0.4,0,219.2,607.3,2.609,0.816,1.4,229.7,3,,74,1,DISTRESS_EVENT,2025-01-23,[기재정정]주요사항보고서(유상증자결정),순부채/EBITDA 607.3x / 부채비율 261% (3년 192%p↑) / 3년 순부채 +230억 vs EBITDA합 -7억 / 유동비율 82% / 현금/매출 0% / 현금 2년 연속 감소 / 영업적자 2/3년 / 런웨이 1개월
66.9,73.9,37.5,신광약품(주),00182553,,false,도소매,도매·상품중개,REFI(롤오버형),866.1,-0.055,4.4,0.005,98.9,22.6,6.468,1.08,1.8,47.6,1.769,,16,14,UNLISTED_BLIND,,,순부채/EBITDA 22.6x / 부채비율 647% / 3년 순부채 +48억 vs EBITDA합 27억 / 유동비율 108% / 현금/매출 0% / 런웨이 14개월
66.9,58.5,65.6,(주)케이알산업,00168234,,false,건설업,종합 건설,REFI(롤오버형),7254.7,0.047,406.6,0.056,2711.8,6.7,2.183,1.244,476.6,2357.6,2.019,2.541,616,,UNLISTED_BLIND,,,"순부채/EBITDA 6.7x / 부채비율 218% (3년 69%p↑) / 3년 순부채 +2,358억 vs EBITDA합 1,168억 / 매출 1원 성장에 순부채 2.54원"
66.9,68.5,47.3,(주)알포메,00257811,,false,제조업,고무·플라스틱제품,REFI(롤오버형),578.2,-0.023,30.3,0.053,312.8,10.3,0.986,0.406,6.3,164.7,1.443,,54,,UNLISTED_BLIND,,,순부채/EBITDA 10.3x / EBITDA마진 8%→5% / 3년 순부채 +165억 vs EBITDA합 114억 / 유동비율 41% / 현금/매출 1% / 현금 2년 연속 감소
66.9,39.8,100,(주)KAL호텔네트워크,00405135,,false,숙박·음식,숙박업,GROWTH(성장자금형),1135.5,0.201,210.5,0.185,2591.6,12.3,1.521,0.087,18.5,93.5,0.225,0.195,21,,UNLISTED_BLIND,,,순부채/EBITDA 12.3x / 3년 순부채 +93억 vs EBITDA합 415억 / 유동비율 9% / 현금/매출 2%
66.9,42.6,94.8,(주)텍슨,00450278,,false,제조업,전자부품·컴퓨터·통신장비,GROWTH(성장자금형),3857.6,0.316,395.5,0.103,2025.3,5.1,2.845,1.37,210.6,895.8,1.298,0.414,209,,UNLISTED_BLIND,,,순부채/EBITDA 5.1x / 부채비율 284% / 3년 순부채 +896억 vs EBITDA합 690억
66.9,86.7,14,케이비오토텍(주),00847827,,false,제조업,자동차·트레일러,DISTRESS(구조조정형),2549.4,0.026,-0.9,0,628.3,,-26.925,0.691,7.5,211.6,1.875,1.104,97,3,UNLISTED_BLIND,,,EBITDA 적자 -1억 / 자본잠식 / 3년 순부채 +212억 vs EBITDA합 113억 / 매출 1원 성장에 순부채 1.10원 / 유동비율 69% / 현금/매출 0% / 현금 2년 연속 감소 / 영업적자 2/3년 / 런웨이 3개월
66.9,57.6,67.5,(주)다코넷,00917047,,false,운수·물류,창고·운송관련 서비스,REFI(롤오버형),450.1,0.053,49,0.109,739.9,15.1,2.256,0.254,1.5,122.2,0.918,1.878,36,,UNLISTED_BLIND,,,순부채/EBITDA 15.1x / 부채비율 226% / 3년 순부채 +122억 vs EBITDA합 133억 / 매출 1원 성장에 순부채 1.88원 / 유동비율 25% / 현금/매출 0%
66.9,80.8,25,(주)알피오,01568422,,false,도소매,도매·상품중개,REFI(롤오버형),369.2,-0.041,1.5,0.004,49.9,32.3,3.461,1.163,16.1,59.5,81.88,,18,147,UNLISTED_BLIND,,,순부채/EBITDA 32.3x / 부채비율 346% (3년 199%p↑) / 3년 순부채 +60억 vs EBITDA합 1억 / 유동비율 116% / 현금/매출 4% / 현금 2년 연속 감소
66.9,69.8,45,엘앤케이에너지(주),01732975,,false,도소매,소매(자동차 제외),REFI(롤오버형),562.1,,7.1,0.013,76.3,10.7,2.084,0.965,11.7,76.3,1.766,0.136,29,,UNLISTED_BLIND,,,순부채/EBITDA 10.7x / 부채비율 208% (3년 208%p↑) / 3년 순부채 +76억 vs EBITDA합 43억 / 유동비율 96% / 현금/매출 2% / 현금 2년 연속 감소
66.8,86,40,천일고속,00151395,000650,true,운수·물류,육상운송·파이프라인,DISTRESS(구조조정형),447.2,0.151,-25.3,-0.057,127.6,,2.798,0.179,15.3,135.3,3,0.88,66,6,PRE_SIGNAL,,,EBITDA 적자 -25억 / 부채비율 280% (3년 205%p↑) / 3년 순부채 +135억 vs EBITDA합 -97억 / 매출 1원 성장에 순부채 0.88원 / 유동비율 18% / 현금/매출 3% / 현금 2년 연속 감소 / 영업적자 3/3년 / 런웨이 6개월
66.8,42.5,94.6,칸플랜트(주),01656347,,false,제조업,기타 운송장비,GROWTH(성장자금형),1244.1,1.196,127,0.102,367.1,2.9,3.039,1.084,7.8,318.4,1.139,0.283,100,,DISTRESS_EVENT,,,부채비율 304% / 3년 순부채 +318억 vs EBITDA합 279억 / 유동비율 108% / 현금/매출 1% / 현금 2년 연속 감소
66.8,44.6,90.9,(주)경기고속,00101062,,false,운수·물류,육상운송·파이프라인,GROWTH(성장자금형),2892.7,0.159,259.1,0.09,1897.2,7.3,1.265,0.202,5.5,188.1,0.404,0.182,68,,UNLISTED_BLIND,,,순부채/EBITDA 7.3x / 3년 순부채 +188억 vs EBITDA합 465억 / 유동비율 20% / 현금/매출 0%
66.8,55.3,71.2,마리오쇼핑(주),00219954,,false,제조업,의복·모피 제조,REFI(롤오버형),406.8,0.056,108.4,0.267,1276.7,11.8,1.366,0.109,16.1,389.2,1.191,6.329,140,,UNLISTED_BLIND,,,순부채/EBITDA 11.8x / 3년 순부채 +389억 vs EBITDA합 327억 / 매출 1원 성장에 순부채 6.33원 / 유동비율 11% / 현금/매출 4%
66.8,62.2,58.7,(주)듀어코리아,00221612,,false,건설업,전문직별 공사,DISTRESS(구조조정형),1367.7,0.141,-59.1,-0.043,-271.8,,4.403,1.135,263.9,60.3,3,0.135,0,54,UNLISTED_BLIND,,,EBITDA 적자 -59억 / 부채비율 440% (3년 264%p↑) / EBITDA마진 -2%→-4% / 3년 순부채 +60억 vs EBITDA합 -62억 / 유동비율 113% / 영업적자 3/3년
66.8,65.7,52.1,삼우합금공업(주),00629197,,false,제조업,1차 금속,REFI(롤오버형),1039.4,-0.004,37.4,0.036,267.2,7.2,1.095,0.791,34.5,123.1,1.578,,37,,UNLISTED_BLIND,,,순부채/EBITDA 7.2x / 3년 순부채 +123억 vs EBITDA합 78억 / 유동비율 79% / 현금/매출 3%
66.8,58.1,66,모멘티브퍼포먼스머티리얼스코리아(주),00615103,,false,도소매,도매·상품중개,REFI(롤오버형),947.7,-0.028,109,0.115,2240.3,20.5,1.508,0.124,37.6,481.2,1.877,,149,13,UNLISTED_BLIND,,,순부채/EBITDA 20.5x / 3년 순부채 +481억 vs EBITDA합 256억 / 유동비율 12% / 현금/매출 4% / 런웨이 13개월
66.8,62.5,58.1,(주)에스엠씨티,01140156,,false,제조업,자동차·트레일러,TIGHT(유동성형),403.6,0.374,12.2,0.03,113.7,9.3,9.251,0.608,0.1,37.8,0.986,0.152,12,,UNLISTED_BLIND,,,순부채/EBITDA 9.3x / 부채비율 925% / 3년 순부채 +38억 vs EBITDA합 38억 / 유동비율 61% / 현금/매출 0%
66.8,57.9,66.6,(주)신풍산기,01420788,,false,제조업,기타 기계·장비,WC_BURN(운전자본형),307.4,0.156,18,0.059,138.1,7.7,2.438,1.036,20.2,68.1,1.017,0.628,30,,UNLISTED_BLIND,,,순부채/EBITDA 7.7x / 부채비율 244% / 3년 순부채 +68억 vs EBITDA합 67억 / 매출 1원 성장에 순부채 0.63원 / 유동비율 104% / 현금 2년 연속 감소
66.8,74.2,36.5,(주)몬즈컴퍼니,01557921,,false,도소매,도매·상품중개,REFI(롤오버형),777.8,0.007,3.8,0.005,36.3,9.6,127.57,0.776,1.4,4.2,3,0.264,1,,UNLISTED_BLIND,,,순부채/EBITDA 9.6x / 부채비율 12757% (3년 12215%p↑) / 3년 순부채 +4억 vs EBITDA합 -0억 / 유동비율 78% / 현금/매출 0%
66.8,71.1,42.3,(주)라라팜,01844687,,false,도소매,도매·상품중개,REFI(롤오버형),470.4,,16.9,0.036,266.6,15.7,1.955,0.977,1.8,266.6,11.825,0.567,82,22,UNLISTED_BLIND,,,순부채/EBITDA 15.7x / EBITDA마진 7%→4% / 3년 순부채 +267억 vs EBITDA합 23억 / 매출 1원 성장에 순부채 0.57원 / 유동비율 98% / 현금/매출 0% / 런웨이 22개월
66.8,49.7,81.7,(주)이엘일렉트릭,01546129,,false,제조업,전기장비,GROWTH(성장자금형),1104,0.387,65,0.059,344.6,5.3,3.213,1.289,20.5,246.6,1.557,0.357,92,,UNLISTED_BLIND,,,순부채/EBITDA 5.3x / 부채비율 321% / 3년 순부채 +247억 vs EBITDA합 158억 / 현금/매출 2%
66.8,71.7,41.1,(주)교림유통,01566822,,false,도소매,소매(자동차 제외),REFI(롤오버형),465.2,0.044,11.8,0.025,117.4,10,4.907,0.914,1.7,52.5,1.873,0.922,18,,DISTRESS_EVENT,,,순부채/EBITDA 10.0x / 부채비율 491% / 3년 순부채 +52억 vs EBITDA합 28억 / 매출 1원 성장에 순부채 0.92원 / 유동비율 91% / 현금/매출 0%
66.7,88.6,35,푸드나무,01259311,290720,true,도소매,소매(자동차 제외),DISTRESS(구조조정형),1241.3,-0.134,-98.5,-0.079,612.9,,49.131,0.654,278.7,802.3,3,,28,25,DISTRESS_EVENT,2026-08-04,[기재정정]주요사항보고서(유상증자결정),EBITDA 적자 -99억 / 부채비율 4913% (3년 4884%p↑) / EBITDA마진 -0%→-8% / 3년 순부채 +802억 vs EBITDA합 -140억 / 유동비율 65% / 영업적자 3/3년
66.7,69,45.9,디에스코리아(주),01630400,,false,제조업,기타 기계·장비,REFI(롤오버형),649,,14.9,0.023,150,10.1,2.701,1.058,9.8,150,2.869,0.231,49,,UNLISTED_BLIND,,,순부채/EBITDA 10.1x / 부채비율 270% (3년 270%p↑) / EBITDA마진 5%→2% / 3년 순부채 +150억 vs EBITDA합 52억 / 유동비율 106% / 현금/매출 2%
66.7,56.9,67.9,레오버넷(주),00225584,,false,전문·과학·기술,전문서비스업,WC_BURN(운전자본형),690.2,0.062,56.2,0.081,-172.4,-3.1,11.831,1.036,190.6,303.2,1.586,2.67,0,,UNLISTED_BLIND,,,부채비율 1183% (3년 763%p↑) / EBITDA마진 11%→8% / 3년 순부채 +303억 vs EBITDA합 191억 / 매출 1원 성장에 순부채 2.67원 / 유동비율 104% / 현금 2년 연속 감소
66.7,60.7,61.1,(주)에이치씨대하에너지,00366933,,false,도소매,도매·상품중개,TIGHT(유동성형),2042,0.089,6.2,0.003,159.3,25.8,2.422,0.914,1.2,52.3,1.07,0.113,20,4,UNLISTED_BLIND,,,순부채/EBITDA 25.8x / 부채비율 242% / 3년 순부채 +52억 vs EBITDA합 49억 / 유동비율 91% / 현금/매출 0% / 현금 2년 연속 감소 / 런웨이 4개월
66.7,48.8,82.8,영풍전자(주),00367154,,false,제조업,전기장비,WC_BURN(운전자본형),1053,0.231,66,0.063,177.1,2.7,3.22,1.242,92.5,277.8,2.899,0.568,42,,UNLISTED_BLIND,,,부채비율 322% (3년 74%p↑) / 3년 순부채 +278억 vs EBITDA합 96억 / 매출 1원 성장에 순부채 0.57원 / 현금 2년 연속 감소
66.7,68.7,46.4,두진양행(주),00819903,,false,제조업,의복·모피 제조,REFI(롤오버형),539.5,-0.003,31.4,0.058,318.4,10.1,3.36,0.916,9.6,44.3,0.732,,12,,UNLISTED_BLIND,,,순부채/EBITDA 10.1x / 부채비율 336% (3년 114%p↑) / 3년 순부채 +44억 vs EBITDA합 61억 / 유동비율 92% / 현금/매출 2%
66.7,91.5,4.7,(주)티몬,00867760,,false,도소매,소매(자동차 제외),DISTRESS(구조조정형),526.2,-0.259,-2449.3,-2,906.2,,-1.089,0.073,27.9,1832.7,3,,845,0,UNLISTED_BLIND,,,"EBITDA 적자 -2,449억 / 자본잠식 / EBITDA마진 -121%→-200% / 3년 순부채 +1,833억 vs EBITDA합 -6,362억 / 유동비율 7% / 영업적자 3/3년 / 런웨이 0개월"
66.7,55.2,71.2,(주)에스피네이처,00997210,,false,도소매,도매·상품중개,REFI(롤오버형),4316.4,-0.138,463.4,0.107,2374.1,5.1,0.492,0.412,121,2123.8,1.957,,759,,UNLISTED_BLIND,,,"순부채/EBITDA 5.1x / 3년 순부채 +2,124억 vs EBITDA합 1,085억 / 유동비율 41% / 현금/매출 3% / 현금 2년 연속 감소"
66.7,74.8,35.1,(주)스타리온기원,01343717,,false,제조업,전기장비,REFI(롤오버형),338.8,-0.043,12.5,0.037,191.1,15.3,1.822,0.433,8.9,279.7,7.301,,96,,UNLISTED_BLIND,,,순부채/EBITDA 15.3x / 3년 순부채 +280억 vs EBITDA합 38억 / 유동비율 43% / 현금/매출 3% / 현금 2년 연속 감소
66.7,66.7,49.9,데코밸리(주),01383876,,false,제조업,인쇄·기록매체 복제,REFI(롤오버형),354.7,0.044,19.5,0.055,128.3,6.6,2.934,0.909,2.7,56.3,1.297,1.312,19,,UNLISTED_BLIND,,,순부채/EBITDA 6.6x / 부채비율 293% / 3년 순부채 +56억 vs EBITDA합 43억 / 매출 1원 성장에 순부채 1.31원 / 유동비율 91% / 현금/매출 1% / 현금 2년 연속 감소
66.7,59.9,62.5,안좌쏠라시티2(주),01552324,,false,건설업,전문직별 공사,REFI(롤오버형),378.1,,283.7,0.75,2126.8,7.5,10.034,1.927,196.9,1731.9,3.029,4.58,330,,UNLISTED_BLIND,,,"순부채/EBITDA 7.5x / 부채비율 1003% (3년 3099%p↑) / 3년 순부채 +1,732억 vs EBITDA합 572억 / 매출 1원 성장에 순부채 4.58원"
66.7,72.2,40,(주)왕카,01753206,,false,도소매,자동차·부품 판매,REFI(롤오버형),861,,11.4,0.013,280.2,24.6,54.096,0.983,4.6,280.2,20.286,0.325,103,9,UNLISTED_BLIND,,,순부채/EBITDA 24.6x / 부채비율 5410% (3년 5410%p↑) / 3년 순부채 +280억 vs EBITDA합 14억 / 유동비율 98% / 현금/매출 1% / 런웨이 9개월
66.7,43.5,92.5,(주)더블유에스지,01528220,,false,제조업,1차 금속,WC_BURN(운전자본형),637.7,0.221,102.9,0.161,362.4,3.5,2.326,0.78,16.7,184.6,0.849,0.642,68,,UNLISTED_BLIND,,,순부채/EBITDA 3.5x / 부채비율 233% (3년 110%p↑) / 3년 순부채 +185억 vs EBITDA합 217억 / 매출 1원 성장에 순부채 0.64원 / 유동비율 78% / 현금/매출 3%
66.6,67.8,47.8,(주)동방플랜텍,00115311,,false,제조업,기타 기계·장비,WC_BURN(운전자본형),573.9,0.084,-5.8,-0.01,149.8,,0.921,1.398,28.8,107,14.674,0.866,33,25,UNLISTED_BLIND,,,EBITDA 적자 -6억 / EBITDA마진 1%→-1% / 3년 순부채 +107억 vs EBITDA합 7억 / 매출 1원 성장에 순부채 0.87원 / 현금 2년 연속 감소 / 영업적자 2/3년
66.6,65.2,52.5,네이처이앤티(주),00184533,,false,전기·가스·환경,폐기물 처리·자원재생,DISTRESS(구조조정형),549.9,0.218,-31.2,-0.057,375.2,,0.813,0.547,71.5,52.8,3,0.215,0,17,UNLISTED_BLIND,,,EBITDA 적자 -31억 / EBITDA마진 3%→-6% / 3년 순부채 +53억 vs EBITDA합 -0억 / 유동비율 55% / 영업적자 3/3년 / 런웨이 17개월
66.6,72.2,39.7,(주)한성피앤아이,00225760,,false,제조업,펄프·종이 제조,REFI(롤오버형),736.5,-0.003,26.4,0.036,164.8,6.2,1.391,0.499,41.2,190.2,6.3,,36,,UNLISTED_BLIND,,,순부채/EBITDA 6.2x / 3년 순부채 +190억 vs EBITDA합 30억 / 유동비율 50% / 영업적자 3/3년
66.6,45.7,88.2,(주)모아주택산업,00121358,,false,건설업,종합 건설,WC_BURN(운전자본형),873.7,1.181,92.4,0.106,426.2,4.6,0.817,1.562,38.4,508.3,3.689,0.644,229,,UNLISTED_BLIND,,,순부채/EBITDA 4.6x / 3년 순부채 +508억 vs EBITDA합 138억 / 매출 1원 성장에 순부채 0.64원 / 현금/매출 4% / 현금 2년 연속 감소
66.6,56.1,69,(주)에이테크오토모티브,00671279,,false,제조업,자동차·트레일러,REFI(롤오버형),1044.7,0.023,82.2,0.079,479,5.8,2.42,0.466,2.6,141.8,0.614,2.035,47,,UNLISTED_BLIND,,,순부채/EBITDA 5.8x / 부채비율 242% / 3년 순부채 +142억 vs EBITDA합 231억 / 매출 1원 성장에 순부채 2.04원 / 유동비율 47% / 현금/매출 0% / 현금 2년 연속 감소
66.6,88,10.5,하이네켄코리아(주),00470865,,false,도소매,도매·상품중개,DISTRESS(구조조정형),1010.5,-0.099,-15.2,-0.015,225.7,,-5.789,0.905,54.3,201.9,1.804,,41,24,UNLISTED_BLIND,,,EBITDA 적자 -15억 / 자본잠식 / EBITDA마진 8%→-2% / 3년 순부채 +202억 vs EBITDA합 112억 / 유동비율 90% / 영업적자 2/3년 / 런웨이 24개월
66.6,89.2,8.3,중아건설(주),00814661,,false,건설업,종합 건설,DISTRESS(구조조정형),315.8,-0.002,-24,-0.076,117.5,,-31.341,0.858,0.7,40.6,3,,27,0,UNLISTED_BLIND,,,EBITDA 적자 -24억 / 자본잠식 / EBITDA마진 -2%→-8% / 3년 순부채 +41억 vs EBITDA합 -8억 / 유동비율 86% / 현금/매출 0% / 현금 2년 연속 감소 / 런웨이 0개월
66.6,91.6,4.2,(주)유에스컴로지스틱스,00873080,,false,운수·물류,창고·운송관련 서비스,DISTRESS(구조조정형),343.4,-0.151,-16.5,-0.048,99.7,,-6.674,0.259,6.4,137.8,3,,51,3,UNLISTED_BLIND,,,EBITDA 적자 -17억 / 자본잠식 / EBITDA마진 -0%→-5% / 3년 순부채 +138억 vs EBITDA합 -4억 / 유동비율 26% / 현금/매출 2% / 현금 2년 연속 감소 / 영업적자 2/3년 / 런웨이 3개월
66.6,51.9,76.7,(주)현진캐스트,01030600,,false,제조업,1차 금속,TIGHT(유동성형),583.1,0.075,60.5,0.104,352.7,5.8,2.406,0.467,10.9,152.2,0.906,1.331,57,,UNLISTED_BLIND,,,순부채/EBITDA 5.8x / 부채비율 241% / 3년 순부채 +152억 vs EBITDA합 168억 / 매출 1원 성장에 순부채 1.33원 / 유동비율 47% / 현금/매출 2%
66.6,75.6,33.5,(주)헬리녹스,01108530,,false,제조업,섬유제품 제조,REFI(롤오버형),412.6,-0.085,13,0.032,623.8,48,1.222,0.763,27.3,375.3,2.157,,134,15,UNLISTED_BLIND,,,순부채/EBITDA 48.0x / EBITDA마진 13%→3% / 3년 순부채 +375억 vs EBITDA합 174억 / 유동비율 76% / 런웨이 15개월
66.6,87.4,11.7,(주)한주하이텍,01148495,,false,제조업,기타 기계·장비,DISTRESS(구조조정형),604.3,0.092,-45.9,-0.076,462.9,,-8.005,0.572,8.2,224.1,3,1.591,237,1,UNLISTED_BLIND,,,EBITDA 적자 -46억 / 자본잠식 / 3년 순부채 +224억 vs EBITDA합 -154억 / 매출 1원 성장에 순부채 1.59원 / 유동비율 57% / 현금/매출 1% / 현금 2년 연속 감소 / 영업적자 3/3년 / 런웨이 1개월
66.6,56.1,69.2,(주)신한씨에스,01288687,,false,제조업,금속가공제품,REFI(롤오버형),306.3,0.069,32.8,0.107,236.1,7.2,3.157,0.522,9.2,45.8,0.489,0.83,18,,UNLISTED_BLIND,,,순부채/EBITDA 7.2x / 부채비율 316% / 3년 순부채 +46억 vs EBITDA합 94억 / 매출 1원 성장에 순부채 0.83원 / 유동비율 52% / 현금/매출 3% / 현금 2년 연속 감소
66.6,91.3,4.5,(주)얌테이블,01459753,,false,도소매,소매(자동차 제외),DISTRESS(구조조정형),339.9,-0.097,-43.2,-0.127,102,,-10.011,0.096,0.1,49.8,3,,42,0,UNLISTED_BLIND,,,EBITDA 적자 -43억 / 자본잠식 / EBITDA마진 -10%→-13% / 3년 순부채 +50억 vs EBITDA합 -182억 / 유동비율 10% / 현금/매출 0% / 현금 2년 연속 감소 / 영업적자 3/3년 / 런웨이 0개월
66.6,73.4,37.5,광신홀딩스(주),01553475,,false,도소매,소매(자동차 제외),REFI(롤오버형),681.9,-0.03,12.5,0.018,273,21.8,4.182,0.089,1.5,56.4,0.942,,22,4,UNLISTED_BLIND,,,순부채/EBITDA 21.8x / 부채비율 418% / 3년 순부채 +56억 vs EBITDA합 60억 / 유동비율 9% / 현금/매출 0% / 현금 2년 연속 감소 / 런웨이 4개월
66.6,69.2,45,(주)삼미지엘에스,01741663,,false,운수·물류,육상운송·파이프라인,REFI(롤오버형),797.1,,5,0.006,30.9,6.2,4.333,0.998,8.3,30.9,1.048,0.039,10,,UNLISTED_BLIND,,,순부채/EBITDA 6.2x / 부채비율 433% (3년 433%p↑) / 3년 순부채 +31억 vs EBITDA합 30억 / 유동비율 100% / 현금/매출 1% / 현금 2년 연속 감소
66.6,76,32.5,(주)늘푸른동방,01776960,,false,제조업,기타 기계·장비,DISTRESS(구조조정형),436.3,,-10.3,-0.024,68,,5.77,1.126,8.8,68,6.538,0.156,28,8,UNLISTED_BLIND,,,EBITDA 적자 -10억 / 부채비율 577% (3년 577%p↑) / EBITDA마진 2%→-2% / 3년 순부채 +68억 vs EBITDA합 10억 / 유동비율 113% / 현금/매출 2% / 런웨이 8개월
66.6,66.8,49.6,(주)템스코,01745359,,false,제조업,1차 금속,REFI(롤오버형),398.6,,24.1,0.061,186.3,7.7,3.185,0.85,34,186.3,2.589,0.467,52,,UNLISTED_BLIND,,,순부채/EBITDA 7.7x / 부채비율 318% (3년 318%p↑) / 3년 순부채 +186억 vs EBITDA합 72억 / 유동비율 85%
66.6,61,60.3,(주)덕양가스,01523650,,false,제조업,화학물질·화학제품,WC_BURN(운전자본형),888.2,0.115,26.5,0.03,160.4,6,1.985,1.251,22.2,147.1,1.471,0.596,53,,UNLISTED_BLIND,,,순부채/EBITDA 6.0x / 3년 순부채 +147억 vs EBITDA합 100억 / 매출 1원 성장에 순부채 0.60원 / 현금/매출 3% / 현금 2년 연속 감소
66.6,61.1,60,(주)원스탑우드,01566798,,false,제조업,목재·나무제품 제조,TIGHT(유동성형),345.5,0.629,12.6,0.037,155.1,12.3,1.644,0.752,7.1,33.2,0.941,0.125,5,,UNLISTED_BLIND,,,순부채/EBITDA 12.3x / EBITDA마진 7%→4% / 3년 순부채 +33억 vs EBITDA합 35억 / 유동비율 75% / 현금/매출 2%
66.5,56.9,92.5,엘앤씨바이오,01181515,290650,true,제조업,의료용물질·의약품,WC_BURN(운전자본형),720.9,0.164,93,0.129,1003.6,10.8,0.614,0.842,182.9,1131.5,3.052,4.283,256,,RECENTLY_FUNDED,2026-08-03,증권신고서(지분증권),"순부채/EBITDA 10.8x / EBITDA마진 28%→13% / 3년 순부채 +1,132억 vs EBITDA합 371억 / 매출 1원 성장에 순부채 4.28원 / 유동비율 84%"
66.5,70.7,42.1,종근당건강(주),00252223,,false,제조업,식료품 제조,REFI(롤오버형),5154.2,-0.057,139.3,0.027,1329.7,9.5,1.866,0.636,104.7,931.3,3.364,,228,,UNLISTED_BLIND,,,순부채/EBITDA 9.5x / 3년 순부채 +931억 vs EBITDA합 277억 / 유동비율 64% / 현금/매출 2%
66.5,39.1,99.9,(주)야놀자,00907864,,false,정보통신,정보서비스,WC_BURN(운전자본형),9245,0.409,1105.7,0.12,-706.8,-0.6,1.363,1.224,4790.2,10126.1,4.81,1.704,0,,UNLISTED_BLIND,,,"3년 순부채 +1.0조 vs EBITDA합 2,105억 / 매출 1원 성장에 순부채 1.70원 / 현금 2년 연속 감소"
66.5,39.1,100,(주)하이파킹,01151055,,false,운수·물류,창고·운송관련 서비스,GROWTH(성장자금형),1822.1,0.184,886.1,0.486,2513.1,2.8,3.866,0.62,218.4,338.9,0.13,0.469,0,,UNLISTED_BLIND,,,"부채비율 387% (3년 54%p↑) / EBITDA마진 55%→49% / 3년 순부채 +339억 vs EBITDA합 2,604억 / 유동비율 62%"
66.5,68.4,46.2,(주)한국아이티에스,01292060,,false,도소매,도매·상품중개,REFI(롤오버형),354.6,0.042,15.3,0.043,160.7,10.5,1.168,0.644,82.1,293,2.292,7.046,40,,UNLISTED_BLIND,,,순부채/EBITDA 10.5x / EBITDA마진 18%→4% / 3년 순부채 +293억 vs EBITDA합 128억 / 매출 1원 성장에 순부채 7.05원 / 유동비율 64%
66.5,65.1,52.4,(주)에이치제이테크,01777367,,false,제조업,기타 기계·장비,REFI(롤오버형),309.6,,21.6,0.07,195.5,9.1,2.49,1.088,3.9,195.5,3.108,0.632,74,,UNLISTED_BLIND,,,순부채/EBITDA 9.1x / 부채비율 249% (3년 249%p↑) / 3년 순부채 +196억 vs EBITDA합 63억 / 매출 1원 성장에 순부채 0.63원 / 유동비율 109% / 현금/매출 1%
66.5,52.8,75,(주)케이씨더블유,01620591,,false,전문·과학·기술,전문서비스업,REFI(롤오버형),740.8,,108.8,0.147,793.8,7.3,2.208,1.234,102.4,793.8,3.632,1.072,170,,UNLISTED_BLIND,,,순부채/EBITDA 7.3x / 부채비율 221% (3년 221%p↑) / 3년 순부채 +794억 vs EBITDA합 219억 / 매출 1원 성장에 순부채 1.07원
66.5,78.7,27.5,(주)거성씨푸드,01747764,,false,도소매,도매·상품중개,DISTRESS(구조조정형),363.2,,-13.8,-0.038,68.6,,5.621,0.469,0.4,68.6,3,0.189,29,0,UNLISTED_BLIND,,,EBITDA 적자 -14억 / 부채비율 562% (3년 562%p↑) / 3년 순부채 +69억 vs EBITDA합 -20억 / 유동비율 47% / 현금/매출 0% / 영업적자 2/3년 / 런웨이 0개월
66.4,70.3,42.6,(주)미래유지,01659779,,false,전기·가스·환경,폐기물 처리·자원재생,REFI(롤오버형),852.5,,24.3,0.029,343.2,14.1,9.232,0.721,75.4,343.2,5.577,0.403,70,,UNLISTED_BLIND,,,순부채/EBITDA 14.1x / 부채비율 923% (3년 923%p↑) / 3년 순부채 +343억 vs EBITDA합 62억 / 유동비율 72%
66.4,77,30,애니스틸(주),01685561,,false,도소매,도매·상품중개,REFI(롤오버형),500,-0.078,5.3,0.011,56.1,10.7,7.044,1.047,1.5,34.1,1.657,,12,,UNLISTED_BLIND,,,순부채/EBITDA 10.7x / 부채비율 704% (3년 320%p↑) / 3년 순부채 +34억 vs EBITDA합 21억 / 유동비율 105% / 현금/매출 0%
66.4,74.4,35,씨제이웰케어(주),01662153,,false,제조업,식료품 제조,DISTRESS(구조조정형),714.2,,-16.9,-0.024,251.2,,2.24,0.812,4.6,251.2,3,0.352,100,2,UNLISTED_BLIND,,,EBITDA 적자 -17억 / 부채비율 224% (3년 224%p↑) / 3년 순부채 +251억 vs EBITDA합 -40억 / 유동비율 81% / 현금/매출 1% / 영업적자 2/3년 / 런웨이 2개월
66.4,53.7,72.8,아이아(주),00108852,,false,제조업,고무·플라스틱제품,TIGHT(유동성형),3991.3,0.173,116.9,0.029,883.9,7.6,3.831,0.493,29.5,212.5,0.492,0.14,107,,UNLISTED_BLIND,,,순부채/EBITDA 7.6x / 부채비율 383% / 3년 순부채 +212억 vs EBITDA합 432억 / 유동비율 49% / 현금/매출 1%
66.4,88.9,8.4,(주)참존,00180227,,false,제조업,화학물질·화학제품,DISTRESS(구조조정형),710.6,-0.009,-142.8,-0.201,177.9,,9.402,0.687,6.9,44.7,3,,98,1,UNLISTED_BLIND,,,EBITDA 적자 -143억 / 부채비율 940% / EBITDA마진 -5%→-20% / 3년 순부채 +45억 vs EBITDA합 -239억 / 유동비율 69% / 현금/매출 1% / 영업적자 3/3년 / 런웨이 1개월
66.4,66.6,49.1,(주)웅진북센,00233167,,false,운수·물류,창고·운송관련 서비스,REFI(롤오버형),1968.7,-0.005,51.7,0.026,731.9,14.1,2.348,0.611,8.6,355.5,3.076,,114,,UNLISTED_BLIND,,,순부채/EBITDA 14.1x / 부채비율 235% / 3년 순부채 +355억 vs EBITDA합 116억 / 유동비율 61% / 현금/매출 0%
66.4,50.9,78,(주)라한호텔,00359757,,false,숙박·음식,숙박업,REFI(롤오버형),976.3,0.052,244.7,0.251,1659.1,6.8,1.908,1.297,115.6,815.4,1.087,5.968,225,,UNLISTED_BLIND,,,순부채/EBITDA 6.8x / 3년 순부채 +815억 vs EBITDA합 750억 / 매출 1원 성장에 순부채 5.97원 / 현금 2년 연속 감소
66.4,63.5,55,융진기업(주),00416007,,false,제조업,자동차·트레일러,TIGHT(유동성형),423.3,0.163,4.6,0.011,79.7,17.4,2.07,0.9,1,42.4,0.752,0.275,22,,UNLISTED_BLIND,,,순부채/EBITDA 17.4x / 부채비율 207% / EBITDA마진 5%→1% / 3년 순부채 +42억 vs EBITDA합 56억 / 유동비율 90% / 현금/매출 0% / 영업적자 2/3년
66.4,59,63.2,(주)영화수출포장,00449096,,false,제조업,펄프·종이 제조,REFI(롤오버형),339.9,0.002,40.9,0.12,370.2,9.1,1.342,0.319,2.2,161.9,1.331,81.763,57,,UNLISTED_BLIND,,,순부채/EBITDA 9.1x / 3년 순부채 +162억 vs EBITDA합 122억 / 매출 1원 성장에 순부채 81.76원 / 유동비율 32% / 현금/매출 1%
66.4,84.5,16.5,(주)비에스제이홀딩스,00480525,,false,전문·과학·기술,전문서비스업,DISTRESS(구조조정형),1605,0.886,-129.4,-0.081,1103.2,,-4.032,0.531,154.8,1070.4,3,0.784,331,10,RECENTLY_FUNDED,2026-04-30,[기재정정]주요사항보고서(유상증자결정),"EBITDA 적자 -129억 / 자본잠식 / EBITDA마진 1%→-8% / 3년 순부채 +1,070억 vs EBITDA합 -222억 / 매출 1원 성장에 순부채 0.78원 / 유동비율 53% / 영업적자 3/3년 / 런웨이 10개월"
66.4,60.7,60,(주)아스트로너지쏠라코리아,00863418,,false,건설업,종합 건설,REFI(롤오버형),437.3,-0.059,64.7,0.148,568.2,8.8,4.669,1.636,50.7,465.7,4,,127,,UNLISTED_BLIND,,,순부채/EBITDA 8.8x / 부채비율 467% (3년 346%p↑) / 3년 순부채 +466억 vs EBITDA합 116억 / 현금 2년 연속 감소
66.4,59.8,61.6,(주)달솔,01101494,,false,제조업,식료품 제조,REFI(롤오버형),441.7,0.039,50,0.113,218.1,4.4,2.819,0.315,0.4,72.6,1.226,1.515,17,,UNLISTED_BLIND,,,순부채/EBITDA 4.4x / 부채비율 282% (3년 99%p↑) / 3년 순부채 +73억 vs EBITDA합 59억 / 매출 1원 성장에 순부채 1.51원 / 유동비율 31% / 현금/매출 0%
66.4,65,52.2,(주)대우컴프레셔,01152179,,false,제조업,전기장비,REFI(롤오버형),456.9,0.006,37.2,0.081,273.3,7.3,4.301,0.715,2.8,56.1,0.696,7.02,18,,UNLISTED_BLIND,,,순부채/EBITDA 7.3x / 부채비율 430% / 3년 순부채 +56억 vs EBITDA합 81억 / 매출 1원 성장에 순부채 7.02원 / 유동비율 71% / 현금/매출 1%
66.4,72.8,38,(주)이루테크,01228287,,false,제조업,자동차·트레일러,DISTRESS(구조조정형),304.7,0.034,16.3,0.054,126.4,7.7,2.209,0.692,4.7,32.8,5.168,1.142,7,,UNLISTED_BLIND,,,순부채/EBITDA 7.7x / 부채비율 221% (3년 49%p↑) / 3년 순부채 +33억 vs EBITDA합 6억 / 매출 1원 성장에 순부채 1.14원 / 유동비율 69% / 현금/매출 2% / 영업적자 3/3년
66.4,64.2,53.5,고려휴먼스(주),00890209,,false,사업지원·임대,사업지원 서비스,WC_BURN(운전자본형),790.8,0.07,23,0.029,129.3,5.6,1.426,0.495,46.7,196.2,2.341,1.345,45,,UNLISTED_BLIND,,,순부채/EBITDA 5.6x / EBITDA마진 5%→3% / 3년 순부채 +196억 vs EBITDA합 84억 / 매출 1원 성장에 순부채 1.35원 / 유동비율 49%
66.4,82.9,19.3,(주)와이엘피,01420414,,false,운수·물류,창고·운송관련 서비스,DISTRESS(구조조정형),1627.4,0.507,-32.8,-0.02,123.7,,18.082,0.851,46.8,316.1,3,0.274,145,14,UNLISTED_BLIND,,,EBITDA 적자 -33억 / 부채비율 1808% (3년 1775%p↑) / 3년 순부채 +316억 vs EBITDA합 -198억 / 유동비율 85% / 현금/매출 3% / 현금 2년 연속 감소 / 영업적자 3/3년 / 런웨이 14개월
66.3,77.7,53.7,DH오토웨어,00110583,025440,true,제조업,전자부품·컴퓨터·통신장비,REFI(롤오버형),3719.3,0.037,77.9,0.021,1396.8,17.9,3.727,0.835,16,868.1,3.437,2.236,346,72,IN_MOTION,2025-02-25,[기재정정]유상증자결정(종속회사의주요경영사항)              ,순부채/EBITDA 17.9x / 부채비율 373% (3년 100%p↑) / 3년 순부채 +868억 vs EBITDA합 253억 / 매출 1원 성장에 순부채 2.24원 / 유동비율 84% / 현금/매출 0%
66.3,58.7,63.5,서강기업(주),00198323,,false,운수·물류,창고·운송관련 서비스,WC_BURN(운전자본형),612.1,0.109,26.7,0.044,163.4,6.1,1.078,1.71,21,299.6,5.416,1.834,106,,UNLISTED_BLIND,,,순부채/EBITDA 6.1x / 3년 순부채 +300억 vs EBITDA합 55억 / 매출 1원 성장에 순부채 1.83원 / 현금/매출 3%
66.3,46,86.7,(주)서진캠,00361345,,false,제조업,자동차·트레일러,TIGHT(유동성형),4235.2,0.1,423.6,0.1,2627.7,6.2,1.71,0.626,36.4,522.3,0.397,0.495,168,,UNLISTED_BLIND,,,"순부채/EBITDA 6.2x / 3년 순부채 +522억 vs EBITDA합 1,316억 / 유동비율 63% / 현금/매출 1%"
66.3,85.4,14.4,(주)디디비코리아,00302847,,false,전문·과학·기술,전문서비스업,DISTRESS(구조조정형),486.3,0.136,-340.1,-0.699,59.5,,-2.035,0.4,0.4,108.8,3,0.704,193,0,UNLISTED_BLIND,,,EBITDA 적자 -340억 / 자본잠식 / EBITDA마진 1%→-70% / 3년 순부채 +109억 vs EBITDA합 -329억 / 매출 1원 성장에 순부채 0.70원 / 유동비율 40% / 현금/매출 0% / 런웨이 0개월
66.3,68.7,44.9,네이버시스템(주),00399001,,false,정보통신,출판업,REFI(롤오버형),786.6,0.006,25.2,0.032,201.7,8,2.587,1.088,9.9,79.3,0.692,5.886,32,,UNLISTED_BLIND,,,순부채/EBITDA 8.0x / 부채비율 259% (3년 50%p↑) / EBITDA마진 5%→3% / 3년 순부채 +79억 vs EBITDA합 115억 / 매출 1원 성장에 순부채 5.89원 / 유동비율 109% / 현금/매출 1% / 현금 2년 연속 감소
66.3,71.4,40,세중해운(주),00691778,,false,사업지원·임대,사업지원 서비스,REFI(롤오버형),1056.7,-0.138,20.9,0.02,230.4,11.1,1.963,0.937,5.4,170.1,2.89,,56,,UNLISTED_BLIND,,,순부채/EBITDA 11.1x / 3년 순부채 +170억 vs EBITDA합 59억 / 유동비율 94% / 현금/매출 1% / 현금 2년 연속 감소
66.3,42.8,92.5,(주)세프라,00767035,,false,제조업,화학물질·화학제품,GROWTH(성장자금형),824.5,0.298,105.6,0.128,517.3,4.9,10.539,0.297,28.5,155.3,0.731,0.347,57,,UNLISTED_BLIND,,,순부채/EBITDA 4.9x / 부채비율 1054% / 3년 순부채 +155억 vs EBITDA합 212억 / 유동비율 30% / 현금/매출 3%
66.3,68.4,45.5,(주)디에이치스틸,01565568,,false,제조업,1차 금속,REFI(롤오버형),636.1,-0.087,29.6,0.047,179.3,6.1,2.399,1.004,5.6,166.5,1.432,,69,,UNLISTED_BLIND,,,순부채/EBITDA 6.1x / 부채비율 240% (3년 132386%p↑) / 3년 순부채 +166억 vs EBITDA합 116억 / 유동비율 100% / 현금/매출 1%
66.3,86.8,12,(주)위메이드커넥트,01114629,,false,정보통신,출판업,DISTRESS(구조조정형),374.9,0.164,-15.5,-0.041,169.6,,-2.395,0.429,99.6,137.9,3,1.003,0,48,UNLISTED_BLIND,,,EBITDA 적자 -15억 / 자본잠식 / EBITDA마진 0%→-4% / 3년 순부채 +138억 vs EBITDA합 -45억 / 매출 1원 성장에 순부채 1.00원 / 유동비율 43% / 현금 2년 연속 감소 / 영업적자 3/3년
66.3,67.6,47.1,(주)네오마그네틱,01139530,,false,도소매,도매·상품중개,DISTRESS(구조조정형),573.8,0.079,-3,-0.005,245.3,,1.62,0.75,10.2,86,0.793,0.731,42,7,UNLISTED_BLIND,,,EBITDA 적자 -3억 / EBITDA마진 8%→-1% / 3년 순부채 +86억 vs EBITDA합 108억 / 매출 1원 성장에 순부채 0.73원 / 유동비율 75% / 현금/매출 2% / 런웨이 7개월
66.3,65.8,50.5,(주)에스엠브랜드마케팅,01460999,,false,도소매,소매(자동차 제외),WC_BURN(운전자본형),605.7,0.103,-12.4,-0.02,-28.4,,1.774,1.039,38.4,120.4,1.973,0.783,26,37,UNLISTED_BLIND,,,EBITDA 적자 -12억 / EBITDA마진 8%→-2% / 3년 순부채 +120억 vs EBITDA합 61억 / 매출 1원 성장에 순부채 0.78원 / 유동비율 104% / 현금 2년 연속 감소 / 영업적자 2/3년
66.2,74,60,까뮤이앤씨,00129420,013700,true,건설업,종합 건설,WC_BURN(운전자본형),2603.8,0.167,-147.1,-0.056,977,,1.896,1.211,45.4,528.2,3,0.546,244,3,PRE_SIGNAL,2024-09-19,주요사항보고서(유상증자결정),EBITDA 적자 -147억 / EBITDA마진 -2%→-6% / 3년 순부채 +528억 vs EBITDA합 -204억 / 매출 1원 성장에 순부채 0.55원 / 현금/매출 2% / 영업적자 2/3년 / 런웨이 3개월
66.2,52.1,100,오로라,00141556,039830,true,전문·과학·기술,기타 과학기술 서비스,GROWTH(성장자금형),2757,0.157,423.1,0.154,3190,7.5,2.693,0.531,341.8,1258.7,1.167,1.289,201,,IN_MOTION,2025-11-14,[기재정정]주요사항보고서(교환사채권발행결정),"순부채/EBITDA 7.5x / 부채비율 269% (3년 64%p↑) / 3년 순부채 +1,259억 vs EBITDA합 1,079억 / 매출 1원 성장에 순부채 1.29원 / 유동비율 53%"
66.2,58,64.4,(주)이스파이스,01632781,,false,정보통신,컴퓨터 프로그래밍·SI,GROWTH(성장자금형),444.4,0.487,22.7,0.051,87,3.8,6.744,0.816,25.7,72.6,1.667,0.235,13,,UNLISTED_BLIND,,,순부채/EBITDA 3.8x / 부채비율 674% (3년 406%p↑) / 3년 순부채 +73억 vs EBITDA합 44억 / 유동비율 82%
66.2,75.3,32.5,(주)레인보우미트,01696752,,false,도소매,도매·상품중개,DISTRESS(구조조정형),451.5,,-4.3,-0.01,101,,3.855,1.123,0.3,101,19.009,0.224,37,0,UNLISTED_BLIND,,,EBITDA 적자 -4억 / 부채비율 385% (3년 385%p↑) / EBITDA마진 1%→-1% / 3년 순부채 +101억 vs EBITDA합 5억 / 유동비율 112% / 현금/매출 0% / 런웨이 0개월
66.2,67.9,46.1,에이제이아이씨티(주),00366827,,false,정보통신,컴퓨터 프로그래밍·SI,DISTRESS(구조조정형),518.2,0.073,-37.7,-0.073,74.1,,28.461,0.876,0.4,-59.9,0,-0.608,22,0,UNLISTED_BLIND,,,EBITDA 적자 -38억 / 부채비율 2846% (3년 2393%p↑) / EBITDA마진 1%→-7% / 유동비율 88% / 현금/매출 0% / 런웨이 0개월
66.2,67.6,46.6,(주)동성진흥,00243207,,false,제조업,금속가공제품,REFI(롤오버형),572.7,0.021,17.2,0.03,328.4,19.1,2.449,1,1,59.9,0.47,1.693,33,14,UNLISTED_BLIND,,,순부채/EBITDA 19.1x / 부채비율 245% / EBITDA마진 8%→3% / 3년 순부채 +60억 vs EBITDA합 127억 / 매출 1원 성장에 순부채 1.69원 / 유동비율 100% / 현금/매출 0% / 런웨이 14개월
66.2,68.9,44.3,(주)종로아카데미,00381738,,false,정보통신,출판업,DISTRESS(구조조정형),469,0.111,-3,-0.006,81.8,,2.608,0.308,15.8,4.8,0.106,0.037,5,25,UNLISTED_BLIND,,,EBITDA 적자 -3억 / 부채비율 261% (3년 207%p↑) / EBITDA마진 5%→-1% / 3년 순부채 +5억 vs EBITDA합 45억 / 유동비율 31% / 현금/매출 3% / 현금 2년 연속 감소
66.2,71.3,40,공우이엔씨(주),00976411,,false,사업지원·임대,사업시설관리·조경,REFI(롤오버형),1001.1,-0.122,19.6,0.02,386.5,19.7,5.743,0.864,73,480.9,15.685,,110,300,UNLISTED_BLIND,,,순부채/EBITDA 19.7x / 부채비율 574% / 3년 순부채 +481억 vs EBITDA합 31억 / 유동비율 86%
66.2,55,69.7,(주)대명오앤씨,01150083,,false,제조업,식료품 제조,GROWTH(성장자금형),311.4,0.186,21.5,0.069,103.4,4.8,8.967,0.422,4.1,8.2,0.089,0.066,4,,UNLISTED_BLIND,,,순부채/EBITDA 4.8x / 부채비율 897% (3년 1333%p↑) / EBITDA마진 11%→7% / 3년 순부채 +8억 vs EBITDA합 92억 / 유동비율 42% / 현금/매출 1%
66.2,60.3,60,울산피피(주),01373480,,false,제조업,화학물질·화학제품,DISTRESS(구조조정형),4635.8,0.192,35.7,0.008,2644.6,74.1,2.666,0.678,7.1,-747.6,0,-0.394,159,1,UNLISTED_BLIND,,,순부채/EBITDA 74.1x / 부채비율 267% / 유동비율 68% / 현금/매출 0% / 현금 2년 연속 감소 / 영업적자 3/3년 / 런웨이 1개월
66.2,68.5,45,(주)보성메탈,01434675,,false,도소매,도매·상품중개,REFI(롤오버형),1750,-0.098,21,0.012,114.8,5.5,1.924,0.915,5.3,104.2,1.684,,37,,UNLISTED_BLIND,,,순부채/EBITDA 5.5x / 3년 순부채 +104억 vs EBITDA합 62억 / 유동비율 91% / 현금/매출 0% / 현금 2년 연속 감소
66.2,62.4,56.4,경남자동차판매(주),01529812,,false,도소매,자동차·부품 판매,TIGHT(유동성형),2137.3,0.024,78.2,0.037,287.2,3.7,3.142,0.987,36,272.2,1.055,1.884,92,,UNLISTED_BLIND,,,순부채/EBITDA 3.7x / 부채비율 314% (3년 156%p↑) / 3년 순부채 +272억 vs EBITDA합 258억 / 매출 1원 성장에 순부채 1.88원 / 유동비율 99% / 현금/매출 2%
66.2,56.3,67.5,(주)거림씨앤에프,01728282,,false,제조업,의복·모피 제조,REFI(롤오버형),389,,50.1,0.129,319.8,6.4,2.749,1.578,13,319.8,2.579,0.822,121,,UNLISTED_BLIND,,,순부채/EBITDA 6.4x / 부채비율 275% (3년 275%p↑) / 3년 순부채 +320억 vs EBITDA합 124억 / 매출 1원 성장에 순부채 0.82원 / 현금/매출 3%
66.1,91.2,28,이화공영,00145668,001840,true,건설업,종합 건설,DISTRESS(구조조정형),1100,-0.174,-404.9,-0.368,44.6,,2.878,0.851,1.5,256.5,3,,197,0,DISTRESS_EVENT,2026-04-06,[기재정정]주요사항보고서(유상증자결정),EBITDA 적자 -405억 / 부채비율 288% (3년 162%p↑) / EBITDA마진 -0%→-37% / 3년 순부채 +257억 vs EBITDA합 -393억 / 유동비율 85% / 현금/매출 0% / 영업적자 2/3년 / 런웨이 0개월
66.1,43.9,90,(주)아산플러스,01614828,,false,정보통신,출판업,DISTRESS(구조조정형),1937.6,5.861,304,0.157,591.9,1.9,92.061,2.929,32.8,330.9,1.488,0.171,422,,UNLISTED_BLIND,,,부채비율 9206% (3년 9734%p↑) / 3년 순부채 +331억 vs EBITDA합 222억 / 현금/매출 2% / 영업적자 2/3년
66.1,86.3,12,신동아건설(주),00135883,,false,건설업,종합 건설,DISTRESS(구조조정형),5580.5,-0.03,-731,-0.131,4856.7,,-12429.399,0.712,101.3,3912.3,3,,1417,1,UNLISTED_BLIND,,,"EBITDA 적자 -731억 / 자본잠식 / EBITDA마진 3%→-13% / 3년 순부채 +3,912억 vs EBITDA합 -467억 / 유동비율 71% / 현금/매출 2% / 런웨이 1개월"
66.1,84.7,15,팔미금속공업(주),00232380,,false,제조업,1차 금속,DISTRESS(구조조정형),316.1,-0.033,-12.1,-0.038,264.9,,2.943,0.366,1.4,50.3,3,,22,1,UNLISTED_BLIND,,,EBITDA 적자 -12억 / 부채비율 294% (3년 90%p↑) / EBITDA마진 -1%→-4% / 3년 순부채 +50억 vs EBITDA합 -25억 / 유동비율 37% / 현금/매출 0% / 영업적자 3/3년 / 런웨이 1개월
66.1,62.4,55.8,(주)정아마린,00563785,,false,제조업,기타 운송장비,WC_BURN(운전자본형),305.6,0.13,15,0.049,118.4,7.9,2.061,0.984,35.5,76.5,3.47,0.814,17,,UNLISTED_BLIND,,,순부채/EBITDA 7.9x / 부채비율 206% (3년 69%p↑) / 3년 순부채 +76억 vs EBITDA합 22억 / 매출 1원 성장에 순부채 0.81원 / 유동비율 98%
66.1,54.7,70.1,(주)영완,00602552,,false,제조업,금속가공제품,REFI(롤오버형),373.5,0.048,48.7,0.13,395.5,8.1,1.097,0.452,37.3,360.6,2.279,7.297,114,,UNLISTED_BLIND,,,순부채/EBITDA 8.1x / 3년 순부채 +361억 vs EBITDA합 158억 / 매출 1원 성장에 순부채 7.30원 / 유동비율 45%
66.1,63.8,53.2,동해기계(주),00667434,,false,제조업,기타 기계·장비,REFI(롤오버형),769.5,-0.054,55.6,0.072,783.9,14.1,2.212,0.658,42.8,233.1,0.814,,74,,UNLISTED_BLIND,,,순부채/EBITDA 14.1x / 부채비율 221% / EBITDA마진 12%→7% / 3년 순부채 +233억 vs EBITDA합 286억 / 유동비율 66%
66.1,82.2,19.5,(주)갑진,00838810,,false,제조업,전기장비,DISTRESS(구조조정형),1158.5,0.341,-249.5,-0.215,332.3,,-10.197,0.678,9.5,57.5,3,0.085,147,0,UNLISTED_BLIND,,,EBITDA 적자 -249억 / 자본잠식 / EBITDA마진 4%→-22% / 3년 순부채 +58억 vs EBITDA합 -134억 / 유동비율 68% / 현금/매출 1% / 현금 2년 연속 감소 / 런웨이 0개월
66.1,42.9,91.7,(주)전한,00914077,,false,숙박·음식,음식점·주점,GROWTH(성장자금형),928,0.145,128.7,0.139,471.1,3.7,1.989,0.289,36,343.8,0.933,1.112,124,,UNLISTED_BLIND,,,순부채/EBITDA 3.7x / 3년 순부채 +344억 vs EBITDA합 369억 / 매출 1원 성장에 순부채 1.11원 / 유동비율 29% / 현금/매출 4%
66.1,52.4,74.4,(주)세종기획,01305674,,false,제조업,인쇄·기록매체 복제,WC_BURN(운전자본형),491.7,0.078,68,0.138,623.6,9.2,2.103,0.676,1.4,143.6,0.737,1.45,52,,UNLISTED_BLIND,,,순부채/EBITDA 9.2x / 부채비율 210% / 3년 순부채 +144억 vs EBITDA합 195억 / 매출 1원 성장에 순부채 1.45원 / 유동비율 68% / 현금/매출 0%
66.1,63.2,54.3,(주)초.힐로에이플러스유,01490440,,false,전문·과학·기술,건축기술·엔지니어링,WC_BURN(운전자본형),850.9,0.092,18.1,0.021,137.4,7.6,1.117,1.748,5.8,183.3,1.884,0.927,63,,UNLISTED_BLIND,,,순부채/EBITDA 7.6x / EBITDA마진 7%→2% / 3년 순부채 +183억 vs EBITDA합 97억 / 매출 1원 성장에 순부채 0.93원 / 현금/매출 1%
66,81.3,46.1,셀루메드,00310156,049180,true,제조업,의료용물질·의약품,DISTRESS(구조조정형),1291.4,0.089,-56.5,-0.044,0.6,,6.75,0.895,96.2,115.3,3,0.395,0,20,DISTRESS_EVENT,2026-01-20,증권발행결과(자율공시)              (제3자배정 유상증자),EBITDA 적자 -57억 / 부채비율 675% (3년 579%p↑) / EBITDA마진 -1%→-4% / 3년 순부채 +115억 vs EBITDA합 -144억 / 유동비율 90% / 영업적자 3/3년 / 런웨이 20개월
66,55.6,67.9,동화지앤피(주),00164733,,false,제조업,비금속 광물제품,WC_BURN(운전자본형),311.1,0.08,30.2,0.097,173.5,5.7,0.986,0.594,41.5,180.3,2.09,2.801,45,,UNLISTED_BLIND,,,순부채/EBITDA 5.7x / 3년 순부채 +180억 vs EBITDA합 86억 / 매출 1원 성장에 순부채 2.80원 / 유동비율 59% / 현금 2년 연속 감소
66,68,45.4,(주)삼광윈테크,00820741,,false,제조업,전자부품·컴퓨터·통신장비,REFI(롤오버형),570.8,-0.003,21.7,0.038,520.3,24,1.461,0.855,0.6,76,1.325,,31,1,UNLISTED_BLIND,,,순부채/EBITDA 24.0x / 3년 순부채 +76억 vs EBITDA합 57억 / 유동비율 86% / 현금/매출 0% / 현금 2년 연속 감소 / 런웨이 1개월
66,62.6,55.1,조일산업(주),01011261,,false,제조업,자동차·트레일러,TIGHT(유동성형),375.8,0.151,13.9,0.037,198.1,14.2,2.289,0.422,9.6,43.9,2.273,0.34,17,,UNLISTED_BLIND,,,순부채/EBITDA 14.2x / 부채비율 229% / 3년 순부채 +44억 vs EBITDA합 19억 / 유동비율 42% / 현금/매출 3%
66,86.1,12,(주)윈플러스마트,01074163,,false,도소매,도매·상품중개,DISTRESS(구조조정형),541.7,0.032,0,0,218.3,,-2.27,0.966,4.4,153.5,12.837,3.162,57,4,UNLISTED_BLIND,,,EBITDA 적자 -0억 / 자본잠식 / 3년 순부채 +154억 vs EBITDA합 12억 / 매출 1원 성장에 순부채 3.16원 / 유동비율 97% / 현금/매출 1% / 현금 2년 연속 감소 / 영업적자 3/3년 / 런웨이 4개월
66,42.2,92.5,(주)하모니렌트카,01175781,,false,사업지원·임대,임대업(부동산 제외),GROWTH(성장자금형),953.2,0.445,607.6,0.637,1810.9,3,7.11,0.275,56.2,1016.6,0.73,1.596,227,,UNLISTED_BLIND,,,"부채비율 711% / 3년 순부채 +1,017억 vs EBITDA합 1,393억 / 매출 1원 성장에 순부채 1.60원 / 유동비율 27%"
66,76.4,29.9,(주)타임게이트,01133679,,false,정보통신,출판업,DISTRESS(구조조정형),552.6,0.03,-14.4,-0.026,18.9,,2.437,0.94,45.4,61.9,3,1.309,0,35,UNLISTED_BLIND,,,EBITDA 적자 -14억 / 부채비율 244% (3년 89%p↑) / 3년 순부채 +62억 vs EBITDA합 -40억 / 매출 1원 성장에 순부채 1.31원 / 유동비율 94% / 영업적자 3/3년
66,68.1,45,(주)이맥솔루션,01285635,,false,제조업,화학물질·화학제품,REFI(롤오버형),1822.7,-0.021,1.5,0.001,259.5,169.1,16.894,0.716,2.9,-0.7,-0.006,,17,3,UNLISTED_BLIND,,,순부채/EBITDA 169.1x / 부채비율 1689% (3년 1161%p↑) / 유동비율 72% / 현금/매출 0% / 런웨이 3개월
66,67.6,46.1,주식회시디오티디,01502392,,false,도소매,도매·상품중개,REFI(롤오버형),2266.7,-0.012,24.5,0.011,228.3,9.3,2.263,0.613,1.6,152.9,1.778,,57,,UNLISTED_BLIND,,,순부채/EBITDA 9.3x / 부채비율 226% / 3년 순부채 +153억 vs EBITDA합 86억 / 유동비율 61% / 현금/매출 0%
65.9,62.2,80.7,대화제약,00210740,067080,true,제조업,의료용물질·의약품,WC_BURN(운전자본형),1494.1,0.084,131.2,0.088,914.1,7,1.696,0.524,16.6,396.8,1.266,1.23,131,,IN_MOTION,2025-09-19,주요사항보고서(교환사채권발행결정),순부채/EBITDA 7.0x / 3년 순부채 +397억 vs EBITDA합 313억 / 매출 1원 성장에 순부채 1.23원 / 유동비율 52% / 현금/매출 1%
65.9,53.5,71.7,구주제약(주),00176127,,false,제조업,의료용물질·의약품,GROWTH(성장자금형),749.2,0.19,38.1,0.051,222.2,5.8,1.668,1.105,36.7,170.6,2.051,0.56,70,,UNLISTED_BLIND,,,순부채/EBITDA 5.8x / 3년 순부채 +171억 vs EBITDA합 83억 / 매출 1원 성장에 순부채 0.56원 / 유동비율 110% / 현금/매출 5%
65.9,65,50.6,(주)이스트밸리,00133788,,false,제조업,식료품 제조,WC_BURN(운전자본형),419.7,0.084,16,0.038,400,25.1,1.232,0.328,14.3,75,1.183,0.834,27,26,UNLISTED_BLIND,,,순부채/EBITDA 25.1x / EBITDA마진 6%→4% / 3년 순부채 +75억 vs EBITDA합 63억 / 매출 1원 성장에 순부채 0.83원 / 유동비율 33% / 현금/매출 3% / 현금 2년 연속 감소
65.9,60.2,59.4,삼원동관(주),00526632,,false,제조업,1차 금속,REFI(롤오버형),983.8,0.07,48.2,0.049,411.6,8.5,2.2,0.828,0.9,129.7,0.95,0.717,42,,UNLISTED_BLIND,,,순부채/EBITDA 8.5x / 부채비율 220% / 3년 순부채 +130억 vs EBITDA합 136억 / 매출 1원 성장에 순부채 0.72원 / 유동비율 83% / 현금/매출 0%
65.9,80.2,22.7,동창알앤에스(주),00612966,,false,제조업,1차 금속,REFI(롤오버형),611.9,-0.163,6.4,0.01,194.2,30.5,5.448,1.136,15.3,28.8,3,,7,42,UNLISTED_BLIND,,,순부채/EBITDA 30.5x / 부채비율 545% (3년 312%p↑) / 3년 순부채 +29억 vs EBITDA합 -10억 / 유동비율 114% / 현금/매출 2% / 영업적자 2/3년
65.9,43.8,89.2,(주)투데이아트,00942414,,false,제조업,인쇄·기록매체 복제,WC_BURN(운전자본형),1163.3,0.077,187.3,0.161,1084.4,5.8,1.252,0.699,75.5,189.8,0.257,0.819,38,,UNLISTED_BLIND,,,순부채/EBITDA 5.8x / EBITDA마진 21%→16% / 3년 순부채 +190억 vs EBITDA합 739억 / 매출 1원 성장에 순부채 0.82원 / 유동비율 70%
65.9,65.5,49.5,메가존(주),01073465,,false,정보통신,컴퓨터 프로그래밍·SI,DISTRESS(구조조정형),15106.5,1.603,-733.6,-0.049,2719.6,,11.934,1.502,3356.1,2556.6,3,0.179,0,46,UNLISTED_BLIND,,,"EBITDA 적자 -734억 / 부채비율 1193% (3년 1087%p↑) / EBITDA마진 -2%→-5% / 3년 순부채 +2,557억 vs EBITDA합 -1,034억 / 영업적자 2/3년"
65.8,70,40.9,(주)위드안,01632611,,false,도소매,도매·상품중개,REFI(롤오버형),597.5,-0.051,18.7,0.031,192.1,10.2,2.595,0.876,2.9,95.7,1.535,,34,,UNLISTED_BLIND,,,순부채/EBITDA 10.2x / 부채비율 259% / 3년 순부채 +96억 vs EBITDA합 62억 / 유동비율 88% / 현금/매출 0%
65.8,71.9,37.6,(주)에이치케이씨,01654473,,false,건설업,전문직별 공사,REFI(롤오버형),657.5,-0.02,2.9,0.004,39.5,13.8,2.504,1.044,4,61.3,2.703,,19,,UNLISTED_BLIND,,,순부채/EBITDA 13.8x / 부채비율 250% / 3년 순부채 +61억 vs EBITDA합 23억 / 유동비율 104% / 현금/매출 1%
65.8,37.9,100,(주)조선호텔앤리조트,00149053,,false,숙박·음식,숙박업,GROWTH(성장자금형),6550.5,0.282,1137.9,0.174,11173.8,9.8,1.667,0.13,29.2,870.7,0.294,0.253,298,,UNLISTED_BLIND,,,"순부채/EBITDA 9.8x / 3년 순부채 +871억 vs EBITDA합 2,961억 / 유동비율 13% / 현금/매출 0%"
65.8,70.7,39.7,(주)종이나라,00300894,,false,제조업,펄프·종이 제조,REFI(롤오버형),350,0.021,11.3,0.032,225.9,20,3.334,0.593,28.6,43.4,0.866,2.032,4,300,UNLISTED_BLIND,,,순부채/EBITDA 20.0x / 부채비율 333% (3년 84%p↑) / EBITDA마진 6%→3% / 3년 순부채 +43억 vs EBITDA합 50억 / 매출 1원 성장에 순부채 2.03원 / 유동비율 59%
65.8,71.7,37.9,(주)한가람약품,00256876,,false,도소매,도매·상품중개,DISTRESS(구조조정형),581.2,0.017,-2.5,-0.004,60.6,,2.259,0.859,0.2,12.6,11.294,0.443,3,0,UNLISTED_BLIND,,,EBITDA 적자 -3억 / 부채비율 226% (3년 80%p↑) / 3년 순부채 +13억 vs EBITDA합 1억 / 유동비율 86% / 현금/매출 0% / 런웨이 0개월
65.8,75.9,30.3,(주)정민전자,00482286,,false,제조업,전자부품·컴퓨터·통신장비,REFI(롤오버형),422,-0.018,4.1,0.01,61,14.8,7.074,0.501,4.7,3.4,0.244,,0,,UNLISTED_BLIND,,,순부채/EBITDA 14.8x / 부채비율 707% (3년 371%p↑) / 3년 순부채 +3억 vs EBITDA합 14억 / 유동비율 50% / 현금/매출 1% / 영업적자 3/3년
65.8,88.2,7.5,부강종합건설(주),00818807,,false,건설업,전문직별 공사,DISTRESS(구조조정형),439.6,-0.146,-34.3,-0.078,300.7,,-3.901,0.271,5.2,120,1.448,,65,1,UNLISTED_BLIND,,,EBITDA 적자 -34억 / 자본잠식 / EBITDA마진 6%→-8% / 3년 순부채 +120억 vs EBITDA합 83억 / 유동비율 27% / 현금/매출 1% / 런웨이 1개월
65.8,86.5,10.6,(주)디스트릭트코리아,00921004,,false,정보통신,영상·오디오 제작·배급,DISTRESS(구조조정형),459.7,0.084,-54.2,-0.118,969.9,,-6.207,0.961,12,820.7,10.633,8.283,325,1,UNLISTED_BLIND,,,EBITDA 적자 -54억 / 자본잠식 / EBITDA마진 17%→-12% / 3년 순부채 +821억 vs EBITDA합 77억 / 매출 1원 성장에 순부채 8.28원 / 유동비율 96% / 현금/매출 3% / 영업적자 2/3년 / 런웨이 1개월
65.8,77.1,28.1,(주)세진페이퍼,01019087,,false,제조업,펄프·종이 제조,DISTRESS(구조조정형),403.3,0.001,-11.3,-0.028,91.5,,2.142,0.697,2,18.2,0.675,12.975,10,1,UNLISTED_BLIND,,,EBITDA 적자 -11억 / 부채비율 214% / EBITDA마진 5%→-3% / 3년 순부채 +18억 vs EBITDA합 27억 / 매출 1원 성장에 순부채 12.97원 / 유동비율 70% / 현금/매출 0% / 현금 2년 연속 감소 / 런웨이 1개월
65.8,48.2,81.1,(주)석문에너지,01082296,,false,전기·가스·환경,전기·가스·증기 공급,TIGHT(유동성형),512.3,0.072,159,0.31,1143,7.2,2.607,0.727,0.2,-365.4,-0.555,-3.776,0,,UNLISTED_BLIND,,,순부채/EBITDA 7.2x / 부채비율 261% / EBITDA마진 42%→31% / 유동비율 73% / 현금/매출 0% / 현금 2년 연속 감소
65.8,72.3,36.7,신안건업(주),01086229,,false,제조업,금속가공제품,REFI(롤오버형),378,0.024,14.1,0.037,126.1,8.9,2.252,0.45,8.1,33.1,3,1.258,7,,UNLISTED_BLIND,,,순부채/EBITDA 8.9x / 부채비율 225% / 3년 순부채 +33억 vs EBITDA합 -12억 / 매출 1원 성장에 순부채 1.26원 / 유동비율 45% / 현금/매출 2% / 현금 2년 연속 감소
65.8,73.2,35,(주)씨메이트,01134526,,false,도소매,도매·상품중개,DISTRESS(구조조정형),508.2,,0.5,0.001,17.8,33.7,17.191,1.062,0.2,17.8,3,0.035,8,3,UNLISTED_BLIND,,,순부채/EBITDA 33.7x / 부채비율 1719% (3년 1719%p↑) / 3년 순부채 +18억 vs EBITDA합 -13억 / 유동비율 106% / 현금/매출 0% / 영업적자 2/3년 / 런웨이 3개월
65.8,87.4,9,(주)보스톤금거래소,01455368,,false,도소매,도매·상품중개,DISTRESS(구조조정형),2055.4,-0.047,-0.1,0,7.5,,-2.128,0.542,0,9,3,,2,0,UNLISTED_BLIND,,,EBITDA 적자 -0억 / 자본잠식 / 3년 순부채 +9억 vs EBITDA합 -8억 / 유동비율 54% / 현금/매출 0% / 현금 2년 연속 감소 / 영업적자 3/3년 / 런웨이 0개월
65.7,100,10.5,범양건영,00122694,002410,true,건설업,종합 건설,DISTRESS(구조조정형),1013.6,-0.032,-364.9,-0.36,921.4,,8.93,0.561,0.3,656.2,3,,247,0,DISTRESS_EVENT,2024-10-15,[기재정정]주요사항보고서(유상증자결정),EBITDA 적자 -365억 / 부채비율 893% (3년 752%p↑) / EBITDA마진 -4%→-36% / 3년 순부채 +656억 vs EBITDA합 -557억 / 유동비율 56% / 현금/매출 0% / 현금 2년 연속 감소 / 영업적자 3/3년 / 런웨이 0개월
65.7,64,51.5,삼보산업,00814184,,false,제조업,기타 제품 제조,REFI(롤오버형),3409.7,-0.014,133,0.039,1645.3,12.4,8.303,0.723,53.7,-94.8,-0.209,,0,,UNLISTED_BLIND,,,순부채/EBITDA 12.4x / 부채비율 830% (3년 320%p↑) / 유동비율 72% / 현금/매출 2%
65.7,76.7,28.5,에스엘에너지,01907630,,false,제조업,코크스·석유정제품,DISTRESS(구조조정형),352.5,0.072,-34.2,-0.097,253.1,,1.121,0.394,40,211.2,3,3.194,60,10,IN_MOTION,2025-04-24,주요사항보고서(유상증자결정),EBITDA 적자 -34억 / EBITDA마진 -6%→-10% / 3년 순부채 +211억 vs EBITDA합 -77억 / 매출 1원 성장에 순부채 3.19원 / 유동비율 39% / 영업적자 3/3년 / 런웨이 10개월
65.7,37.7,100,서울미라마유한회사,00130745,,false,숙박·음식,숙박업,WC_BURN(운전자본형),1457.4,0.253,296.8,0.204,2882.5,9.7,1.154,2.307,440.3,679.3,0.938,0.948,0,,UNLISTED_BLIND,,,순부채/EBITDA 9.7x / 3년 순부채 +679억 vs EBITDA합 724억 / 매출 1원 성장에 순부채 0.95원 / 현금 2년 연속 감소
65.7,81.7,19.2,(주)한샘이펙스,00106924,,false,제조업,목재·나무제품 제조,DISTRESS(구조조정형),617.6,-0.223,-66.2,-0.107,117.4,,0.96,0.706,3.9,220.4,3,,87,1,UNLISTED_BLIND,,,EBITDA 적자 -66억 / EBITDA마진 2%→-11% / 3년 순부채 +220억 vs EBITDA합 -31억 / 유동비율 71% / 현금/매출 1% / 현금 2년 연속 감소 / 영업적자 2/3년 / 런웨이 1개월
65.7,64.3,51,(주)와이티에스,00911265,,false,제조업,자동차·트레일러,WC_BURN(운전자본형),768.4,0.106,-7.9,-0.01,138.8,,0.678,2.071,255.9,271.3,1.486,1.357,0,197,UNLISTED_BLIND,,,EBITDA 적자 -8억 / EBITDA마진 7%→-1% / 3년 순부채 +271억 vs EBITDA합 183억 / 매출 1원 성장에 순부채 1.36원
65.7,55.3,67.5,영림화학(주),00621548,,false,제조업,고무·플라스틱제품,REFI(롤오버형),646.2,-0.135,90.4,0.14,1975,21.8,3.085,0.089,14,78.7,0.261,,32,6,UNLISTED_BLIND,,,순부채/EBITDA 21.8x / 부채비율 308% / EBITDA마진 16%→14% / 3년 순부채 +79억 vs EBITDA합 302억 / 유동비율 9% / 현금/매출 2% / 런웨이 6개월
65.7,63.5,52.5,(주)후니드,00812371,,false,숙박·음식,음식점·주점,REFI(롤오버형),2273.2,0.031,33.9,0.015,294.2,8.7,1.129,1.373,23.2,519.6,3.316,2.635,191,,UNLISTED_BLIND,,,순부채/EBITDA 8.7x / 3년 순부채 +520억 vs EBITDA합 157억 / 매출 1원 성장에 순부채 2.63원 / 현금/매출 1%
65.7,71.7,37.4,(주)포스코모빌리티솔루션,01479915,,false,제조업,1차 금속,REFI(롤오버형),11792.5,0,224.8,0.019,2179.5,9.7,0.743,1.203,35.2,1784,1.742,,583,,UNLISTED_BLIND,,,"순부채/EBITDA 9.7x / 3년 순부채 +1,784억 vs EBITDA합 1,024억 / 현금/매출 0% / 현금 2년 연속 감소 / 영업적자 2/3년"
65.6,87.1,33.9,광진실업,00104120,026910,true,제조업,1차 금속,DISTRESS(구조조정형),585.3,0.024,-45,-0.077,624.8,,2.804,0.882,25.1,526.9,3,13.366,183,4,RECENTLY_FUNDED,2026-07-31,[기재정정]주요사항보고서(유상증자결정),EBITDA 적자 -45억 / 부채비율 280% (3년 217%p↑) / EBITDA마진 -2%→-8% / 3년 순부채 +527억 vs EBITDA합 -88억 / 매출 1원 성장에 순부채 13.37원 / 유동비율 88% / 현금/매출 4% / 영업적자 2/3년 / 런웨이 4개월
65.6,72.9,35,홍원제지(주),00165769,,false,제조업,펄프·종이 제조,DISTRESS(구조조정형),1298.8,-0.042,-48.9,-0.038,911.9,,10.492,0.99,15.3,-72.2,0,,65,2,UNLISTED_BLIND,,,EBITDA 적자 -49억 / 부채비율 1049% (3년 727%p↑) / EBITDA마진 1%→-4% / 유동비율 99% / 현금/매출 1% / 영업적자 2/3년 / 런웨이 2개월
65.6,59.9,58.8,플라스틱옴니엄(주),00305978,,false,제조업,자동차·트레일러,TIGHT(유동성형),1908.1,0.093,51.7,0.027,170.7,3.3,2.68,0.996,33,138.6,2.598,0.309,43,,UNLISTED_BLIND,,,순부채/EBITDA 3.3x / 부채비율 268% (3년 88%p↑) / 3년 순부채 +139억 vs EBITDA합 53억 / 유동비율 100% / 현금/매출 2% / 영업적자 3/3년
65.6,74,33.1,가온아이,00529772,,false,정보통신,출판업,REFI(롤오버형),405.6,-0.045,12.3,0.03,252.7,20.5,2.381,1.001,77.4,393,3.8,,83,498,UNLISTED_BLIND,,,순부채/EBITDA 20.5x / 부채비율 238% (3년 110%p↑) / EBITDA마진 8%→3% / 3년 순부채 +393억 vs EBITDA합 103억 / 유동비율 100% / 현금 2년 연속 감소
65.6,42.2,91.2,태형물산(주),00893516,,false,제조업,펄프·종이 제조,WC_BURN(운전자본형),633.3,0.141,88.5,0.14,347,3.9,2.374,0.592,1.7,131.7,0.613,0.637,50,,UNLISTED_BLIND,,,순부채/EBITDA 3.9x / 부채비율 237% (3년 72%p↑) / 3년 순부채 +132억 vs EBITDA합 215억 / 매출 1원 성장에 순부채 0.64원 / 유동비율 59% / 현금/매출 0%
65.6,48.2,80.4,케이유엠에이피(주),00912972,,false,제조업,자동차·트레일러,GROWTH(성장자금형),1010.6,0.278,55.1,0.055,212.2,3.8,16.847,1.763,57.8,160.5,1.329,0.305,30,,UNLISTED_BLIND,,,순부채/EBITDA 3.8x / 부채비율 1685% (3년 2555%p↑) / 3년 순부채 +160억 vs EBITDA합 121억
65.6,55.1,67.5,(주)플리츠미,01837216,,false,제조업,의복·모피 제조,REFI(롤오버형),306.4,,42,0.137,205.9,4.9,3.196,1.2,4.9,205.9,3.233,0.672,66,,UNLISTED_BLIND,,,순부채/EBITDA 4.9x / 부채비율 320% (3년 320%p↑) / 3년 순부채 +206억 vs EBITDA합 64억 / 매출 1원 성장에 순부채 0.67원 / 유동비율 120% / 현금/매출 2%
65.6,70.2,40,와이즐리컴퍼니,01594630,,false,제조업,금속가공제품,WC_BURN(운전자본형),305.4,0.411,-18.5,-0.06,20.3,,1.14,1.897,2.7,148.3,3,0.754,89,2,UNLISTED_BLIND,,,EBITDA 적자 -18억 / 3년 순부채 +148억 vs EBITDA합 -95억 / 매출 1원 성장에 순부채 0.75원 / 현금/매출 1% / 현금 2년 연속 감소 / 영업적자 3/3년 / 런웨이 2개월
65.5,75.5,30,(주)이지스에어콘솔리데이터스,01644564,,false,운수·물류,항공 운송,REFI(롤오버형),452.5,-0.046,2.3,0.005,19.6,8.4,3.481,0.834,3.6,37.2,1.765,,13,,UNLISTED_BLIND,,,순부채/EBITDA 8.4x / 부채비율 348% / 3년 순부채 +37억 vs EBITDA합 21억 / 유동비율 83% / 현금/매출 1%
65.5,60.2,57.9,(주)금광케이엘,01655481,,false,제조업,1차 금속,REFI(롤오버형),334.1,0.062,24.2,0.073,153.5,6.3,2.766,0.992,4.5,82.7,1.124,1.489,30,,UNLISTED_BLIND,,,순부채/EBITDA 6.3x / 부채비율 277% / 3년 순부채 +83억 vs EBITDA합 74억 / 매출 1원 성장에 순부채 1.49원 / 유동비율 99% / 현금/매출 1%
65.5,37.2,100,(주)코아비스,00218760,,false,제조업,자동차·트레일러,GROWTH(성장자금형),2531.1,0.202,305,0.121,1202.4,3.9,2.503,0.646,169.4,365,0.433,0.34,0,,UNLISTED_BLIND,,,순부채/EBITDA 3.9x / 부채비율 250% (3년 63%p↑) / EBITDA마진 14%→12% / 3년 순부채 +365억 vs EBITDA합 843억 / 유동비율 65%
65.5,77.4,26.5,(주)매일마린,00603791,,false,도소매,도매·상품중개,DISTRESS(구조조정형),328.4,0.024,-9.5,-0.029,508.1,,0.818,0.58,7.9,603.9,3,26.271,212,3,UNLISTED_BLIND,,,EBITDA 적자 -10억 / EBITDA마진 1%→-3% / 3년 순부채 +604억 vs EBITDA합 -10억 / 매출 1원 성장에 순부채 26.27원 / 유동비율 58% / 현금/매출 2% / 영업적자 2/3년 / 런웨이 3개월
65.5,63.7,51.7,한국알루미나,00766832,,false,제조업,비금속 광물제품,REFI(롤오버형),533.3,0.045,18.8,0.035,239.8,12.8,1.762,0.782,82.1,194.3,2.836,2.921,7,,UNLISTED_BLIND,,,순부채/EBITDA 12.8x / 3년 순부채 +194억 vs EBITDA합 68억 / 매출 1원 성장에 순부채 2.92원 / 유동비율 78%
65.5,73.1,34.3,(주)투쿨포스쿨,01025060,,false,제조업,화학물질·화학제품,REFI(롤오버형),761.7,0.026,13.1,0.017,72.7,5.6,2.943,1.281,7.2,99.4,3,1.76,12,,UNLISTED_BLIND,,,순부채/EBITDA 5.6x / 부채비율 294% (3년 180%p↑) / 3년 순부채 +99억 vs EBITDA합 -81억 / 매출 1원 성장에 순부채 1.76원 / 현금/매출 1% / 영업적자 2/3년
65.5,65,49.1,(주)와이엠피라이팅,01115381,,false,제조업,고무·플라스틱제품,TIGHT(유동성형),589,0.086,13.9,0.024,128.3,9.2,13.965,0.531,0.2,9.5,0.447,0.074,0,,UNLISTED_BLIND,,,순부채/EBITDA 9.2x / 부채비율 1397% (3년 169%p↑) / 3년 순부채 +10억 vs EBITDA합 21억 / 유동비율 53% / 현금/매출 0%
65.5,66.1,47.2,(주)컬리,01153956,,false,도소매,소매(자동차 제외),DISTRESS(구조조정형),21956.5,0.12,593.4,0.027,1683.1,2.8,7.336,0.849,1351.7,75.1,3,0.012,0,,RECENTLY_FUNDED,2026-05-06,주요사항보고서(유상증자결정),"부채비율 734% (3년 169%p↑) / 3년 순부채 +75억 vs EBITDA합 -1,718억 / 유동비율 85% / 현금 2년 연속 감소 / 영업적자 3/3년"
65.5,77.4,26.3,(주)자영에너지,01466966,,false,도소매,도매·상품중개,REFI(롤오버형),711,-0.161,3,0.004,95.5,31.6,4.823,2.417,4.6,69.1,4.694,,25,19,UNLISTED_BLIND,,,순부채/EBITDA 31.6x / 부채비율 482% (3년 216%p↑) / 3년 순부채 +69억 vs EBITDA합 15억 / 현금/매출 1% / 현금 2년 연속 감소 / 런웨이 19개월
65.5,85.2,12,(주)에이플네이처,01427666,,false,도소매,소매(자동차 제외),DISTRESS(구조조정형),362.8,0.185,-2.3,-0.006,259.6,,-1.163,0.658,0.1,116.2,3,0.802,48,0,UNLISTED_BLIND,,,EBITDA 적자 -2억 / 자본잠식 / 3년 순부채 +116억 vs EBITDA합 -133억 / 매출 1원 성장에 순부채 0.80원 / 유동비율 66% / 현금/매출 0% / 현금 2년 연속 감소 / 영업적자 3/3년 / 런웨이 0개월
65.5,81.3,19.2,굿윌아이엔씨(주),01460810,,false,사업지원·임대,사업지원 서비스,DISTRESS(구조조정형),516.6,-0.181,3.1,0.006,24.7,8.1,8.636,1.084,5.5,2.2,3,,2,,UNLISTED_BLIND,,,순부채/EBITDA 8.1x / 부채비율 864% (3년 335%p↑) / 3년 순부채 +2억 vs EBITDA합 -9억 / 유동비율 108% / 현금/매출 1% / 영업적자 2/3년
65.4,83.5,40,성일하이텍,01274329,365340,true,제조업,화학물질·화학제품,DISTRESS(구조조정형),1362.2,-0.026,-500,-0.367,3732.9,,2.023,0.501,230,3341.7,24.603,,1171,4,RECENTLY_FUNDED,2026-05-08,증권발행결과(자율공시)              (제3자배정 유상증자),"EBITDA 적자 -500억 / 부채비율 202% (3년 120%p↑) / EBITDA마진 14%→-37% / 3년 순부채 +3,342억 vs EBITDA합 136억 / 유동비율 50% / 현금 2년 연속 감소 / 영업적자 2/3년 / 런웨이 4개월"
65.4,50.1,76.1,(주)장스푸드,01638970,,false,도소매,도매·상품중개,GROWTH(성장자금형),1642,0.699,93.4,0.057,194.6,2.1,2.483,0.726,15.4,248.4,1.797,0.19,86,,UNLISTED_BLIND,,,부채비율 248% (3년 96%p↑) / 3년 순부채 +248억 vs EBITDA합 138억 / 유동비율 73% / 현금/매출 1%
65.4,67,45,(주)드림메탈,01663879,,false,전기·가스·환경,폐기물 처리·자원재생,REFI(롤오버형),664.2,,11.4,0.017,49.4,4.3,8.49,0.818,0.3,49.4,1.634,0.074,17,,UNLISTED_BLIND,,,순부채/EBITDA 4.3x / 부채비율 849% (3년 849%p↑) / 3년 순부채 +49억 vs EBITDA합 30억 / 유동비율 82% / 현금/매출 0% / 현금 2년 연속 감소
65.4,56.2,64.8,(주)바이킹마켓,01615456,,false,도소매,도매·상품중개,TIGHT(유동성형),701.9,0.162,19.5,0.028,134.4,6.9,5.061,0.683,2.3,-5.1,-0.11,-0.02,0,,UNLISTED_BLIND,,,순부채/EBITDA 6.9x / 부채비율 506% (3년 102%p↑) / 유동비율 68% / 현금/매출 0%
65.4,65.1,48.7,삼익물류(주),00301088,,false,운수·물류,육상운송·파이프라인,REFI(롤오버형),1218.9,0.005,24.3,0.02,127.2,5.2,1.429,0.611,34.6,191,1.872,9.935,70,,UNLISTED_BLIND,,,순부채/EBITDA 5.2x / 3년 순부채 +191억 vs EBITDA합 102억 / 매출 1원 성장에 순부채 9.93원 / 유동비율 61% / 현금/매출 3% / 현금 2년 연속 감소
65.4,66.7,45.6,서부사료(주),00130365,,false,제조업,식료품 제조,REFI(롤오버형),1277.9,-0.023,49.5,0.039,524.4,10.6,4.287,0.566,3.8,20.2,0.235,,21,,UNLISTED_BLIND,,,순부채/EBITDA 10.6x / 부채비율 429% / 3년 순부채 +20억 vs EBITDA합 86억 / 유동비율 57% / 현금/매출 0% / 현금 2년 연속 감소
65.4,69.3,41.1,유진판지(주),00144924,,false,제조업,펄프·종이 제조,DISTRESS(구조조정형),1002.8,-0.012,-10.9,-0.011,109.6,,1.926,0.643,15.2,33.8,0.433,,18,11,UNLISTED_BLIND,,,EBITDA 적자 -11억 / EBITDA마진 5%→-1% / 3년 순부채 +34억 vs EBITDA합 78억 / 유동비율 64% / 현금/매출 2% / 런웨이 11개월
65.4,46.7,82.5,(주)우양통상,00447025,,false,제조업,의복·모피 제조,GROWTH(성장자금형),857.9,0.425,74.3,0.087,281.7,3.8,1.653,1.245,2.2,215.9,1.596,0.385,80,,UNLISTED_BLIND,,,순부채/EBITDA 3.8x / 3년 순부채 +216억 vs EBITDA합 135억 / 현금/매출 0% / 현금 2년 연속 감소
65.4,69.8,40,(주)경남금속,00505417,,false,제조업,1차 금속,REFI(롤오버형),1050.3,-0.021,6.8,0.006,127.3,18.8,33.158,0.767,9.9,-312.3,-7.958,,3,486,UNLISTED_BLIND,,,순부채/EBITDA 18.8x / 부채비율 3316% (3년 3804%p↑) / 유동비율 77% / 현금/매출 1% / 현금 2년 연속 감소 / 영업적자 2/3년
65.4,77.2,26.3,(주)경남,00511348,,false,도소매,도매·상품중개,REFI(롤오버형),584.1,-0.195,2,0.003,186.1,92.6,11.621,1.548,30.1,170.5,2.662,,52,44,UNLISTED_BLIND,,,순부채/EBITDA 92.6x / 부채비율 1162% (3년 1041%p↑) / EBITDA마진 3%→0% / 3년 순부채 +170억 vs EBITDA합 64억
65.4,59.7,58.6,대영코어텍(주),00769015,,false,제조업,금속가공제품,REFI(롤오버형),492.8,0.017,47.9,0.097,618.7,12.9,2.404,0.281,0.3,164.2,1.348,6.72,56,,UNLISTED_BLIND,,,순부채/EBITDA 12.9x / 부채비율 240% / 3년 순부채 +164억 vs EBITDA합 122억 / 매출 1원 성장에 순부채 6.72원 / 유동비율 28% / 현금/매출 0%
65.4,87.6,7.5,(주)성일이노텍,00805609,,false,제조업,인쇄·기록매체 복제,DISTRESS(구조조정형),444.7,-0.052,-41.6,-0.094,216.2,,-22.785,0.893,0.2,55.4,3,,29,0,UNLISTED_BLIND,,,EBITDA 적자 -42억 / 자본잠식 / EBITDA마진 4%→-9% / 3년 순부채 +55억 vs EBITDA합 -4억 / 유동비율 89% / 현금/매출 0% / 런웨이 0개월
65.4,54.1,68.9,(주)우신화장품,00812654,,false,제조업,화학물질·화학제품,GROWTH(성장자금형),395,0.26,26.2,0.066,188.5,7.2,1.872,0.899,29.1,127.3,1.903,0.644,42,,UNLISTED_BLIND,,,순부채/EBITDA 7.2x / 3년 순부채 +127억 vs EBITDA합 67억 / 매출 1원 성장에 순부채 0.64원 / 유동비율 90%
65.4,65.3,48.2,(주)이스턴네트웍스,00960225,,false,사업지원·임대,사업지원 서비스,REFI(롤오버형),316,-0.1,25.5,0.081,342.1,13.4,2.226,0.788,14.1,360.4,7.217,,123,,UNLISTED_BLIND,,,순부채/EBITDA 13.4x / 부채비율 223% / 3년 순부채 +360억 vs EBITDA합 50억 / 유동비율 79% / 현금/매출 4% / 현금 2년 연속 감소
65.4,67.1,45.1,(주)동양엘앤피,00973098,,false,제조업,펄프·종이 제조,REFI(롤오버형),666.9,-0.041,30.2,0.045,257.9,8.5,2.684,1.011,30.5,48.2,0.266,,13,,UNLISTED_BLIND,,,순부채/EBITDA 8.5x / 부채비율 268% (3년 63%p↑) / EBITDA마진 11%→5% / 3년 순부채 +48억 vs EBITDA합 181억 / 유동비율 101% / 현금/매출 5%
65.4,53,70.7,(주)대명티에스,01011702,,false,제조업,기타 기계·장비,WC_BURN(운전자본형),536.9,0.129,30.8,0.057,146.7,4.8,1.124,1.208,60.8,213.9,1.524,1.302,50,,UNLISTED_BLIND,,,순부채/EBITDA 4.8x / EBITDA마진 9%→6% / 3년 순부채 +214억 vs EBITDA합 140억 / 매출 1원 성장에 순부채 1.30원 / 현금 2년 연속 감소
65.4,85,12,(주)미미박스,01129621,,false,도소매,소매(자동차 제외),DISTRESS(구조조정형),330.1,0.154,-41.8,-0.126,349.9,,-1.453,0.767,2.9,204,3,1.772,96,1,UNLISTED_BLIND,,,EBITDA 적자 -42억 / 자본잠식 / 3년 순부채 +204억 vs EBITDA합 -98억 / 매출 1원 성장에 순부채 1.77원 / 유동비율 77% / 현금/매출 1% / 영업적자 3/3년 / 런웨이 1개월
65.4,48.9,78.3,(주)해농,01377699,,false,제조업,식료품 제조,GROWTH(성장자금형),704.7,0.357,51.1,0.073,307.6,6,2.313,1.358,6,110.1,1.335,0.261,26,,UNLISTED_BLIND,,,순부채/EBITDA 6.0x / 부채비율 231% / 3년 순부채 +110억 vs EBITDA합 83억 / 현금/매출 1%
65.4,67.1,45,(주)더마니카,01864283,,false,도소매,자동차·부품 판매,REFI(롤오버형),618.5,,5.9,0.01,35.9,6.1,4.357,1.2,0.3,35.9,2.778,0.058,9,,UNLISTED_BLIND,,,순부채/EBITDA 6.1x / 부채비율 436% (3년 436%p↑) / 3년 순부채 +36억 vs EBITDA합 13억 / 현금/매출 0%
65.3,86.9,33.3,이수화학,00145552,005950,true,제조업,화학물질·화학제품,DISTRESS(구조조정형),19162.3,0.04,-299.8,-0.016,3723.7,,3.317,0.83,860.8,1659.7,3,0.78,115,20,IN_MOTION,2025-05-14,유상증자결정(종속회사의주요경영사항)              ,"EBITDA 적자 -300억 / 부채비율 332% (3년 133%p↑) / EBITDA마진 2%→-2% / 3년 순부채 +1,660억 vs EBITDA합 -579억 / 매출 1원 성장에 순부채 0.78원 / 유동비율 83% / 현금/매출 4% / 영업적자 3/3년 / 런웨이 20개월"
65.3,50.6,100,진양제약,00150536,007370,true,제조업,의료용물질·의약품,WC_BURN(운전자본형),1133.3,0.217,137.3,0.121,776.7,5.7,0.898,2.19,17.8,725.3,1.884,1.436,291,,PRE_SIGNAL,,,순부채/EBITDA 5.7x / EBITDA마진 15%→12% / 3년 순부채 +725억 vs EBITDA합 385억 / 매출 1원 성장에 순부채 1.44원 / 현금/매출 2%
65.3,65.9,71.8,제이앤티씨,00447575,204270,true,제조업,전자부품·컴퓨터·통신장비,WC_BURN(운전자본형),2732.4,0.105,131.3,0.048,1697.9,12.9,0.898,0.713,457.4,1323.9,1.282,1.874,249,,RECENTLY_FUNDED,2026-06-15,유상증자결정(종속회사의주요경영사항)              ,"순부채/EBITDA 12.9x / EBITDA마진 11%→5% / 3년 순부채 +1,324억 vs EBITDA합 1,033억 / 매출 1원 성장에 순부채 1.87원 / 유동비율 71% / 영업적자 2/3년"
65.3,57.3,62.5,경일석유(주),00102229,,false,도소매,소매(자동차 제외),TIGHT(유동성형),554.2,0.166,2,0.004,30.5,15.2,2.331,0.754,0.2,-25.1,-0.732,-0.123,0,,UNLISTED_BLIND,,,순부채/EBITDA 15.2x / 부채비율 233% (3년 29132%p↑) / 유동비율 75% / 현금/매출 0%
65.3,52,72.3,(주)JH머티리얼즈,00939094,,false,제조업,전자부품·컴퓨터·통신장비,GROWTH(성장자금형),579.4,0.143,32.3,0.056,163.2,5,7.118,0.774,0.3,53.3,0.803,0.278,16,,UNLISTED_BLIND,,,순부채/EBITDA 5.0x / 부채비율 712% / 3년 순부채 +53억 vs EBITDA합 66억 / 유동비율 77% / 현금/매출 0%
65.3,36.9,100,범한메카텍(주),01182790,,false,제조업,금속가공제품,WC_BURN(운전자본형),5502,0.232,686.1,0.125,1475.4,2.2,1.606,1.456,156.5,2136.1,1.565,0.834,837,,UNLISTED_BLIND,,,"3년 순부채 +2,136억 vs EBITDA합 1,365억 / 매출 1원 성장에 순부채 0.83원 / 현금/매출 3%"
65.3,74.2,31.7,(주)에스텍에이스,01218493,,false,사업지원·임대,사업지원 서비스,DISTRESS(구조조정형),714.6,0.009,-4.6,-0.006,-50.7,,4.04,1.013,50.7,39.3,3,2.141,0,133,UNLISTED_BLIND,,,EBITDA 적자 -5억 / 부채비율 404% (3년 244%p↑) / 3년 순부채 +39억 vs EBITDA합 -12억 / 매출 1원 성장에 순부채 2.14원 / 유동비율 101% / 현금 2년 연속 감소 / 영업적자 2/3년
65.3,79.2,22.5,악조노벨인더스트리얼코팅유한회사,01463808,,false,제조업,화학물질·화학제품,DISTRESS(구조조정형),538.3,-0.054,-28.4,-0.053,158.8,,3.755,1.591,161.2,40.2,3,,0,52,UNLISTED_BLIND,,,EBITDA 적자 -28억 / 부채비율 375% (3년 145%p↑) / EBITDA마진 0%→-5% / 3년 순부채 +40억 vs EBITDA합 -61억 / 영업적자 3/3년
65.2,70.8,37.6,(주)명산,01697645,,false,도소매,도매·상품중개,REFI(롤오버형),556.6,-0.019,5.1,0.009,140,27.4,2.18,0.264,1.5,83.1,2.157,,34,7,UNLISTED_BLIND,,,순부채/EBITDA 27.4x / 부채비율 218% / 3년 순부채 +83억 vs EBITDA합 39억 / 유동비율 26% / 현금/매출 0% / 런웨이 7개월
65.2,64.7,48.8,(주)고아정공,00367172,,false,제조업,전자부품·컴퓨터·통신장비,REFI(롤오버형),1601.3,-0.066,52.2,0.033,654.2,12.5,1.222,1.033,0.4,288,1.908,,100,,UNLISTED_BLIND,,,순부채/EBITDA 12.5x / 3년 순부채 +288억 vs EBITDA합 151억 / 유동비율 103% / 현금/매출 0% / 현금 2년 연속 감소
65.2,47.3,80.5,코비코(주),00369259,,false,제조업,자동차·트레일러,TIGHT(유동성형),1993.5,0.085,172.8,0.087,941,5.4,1.722,0.485,55.1,395.1,0.763,0.912,153,,UNLISTED_BLIND,,,순부채/EBITDA 5.4x / 3년 순부채 +395억 vs EBITDA합 518억 / 매출 1원 성장에 순부채 0.91원 / 유동비율 49% / 현금/매출 3%
65.2,67.2,44.2,(주)경희,00175678,,false,제조업,고무·플라스틱제품,REFI(롤오버형),461.1,0.039,17.6,0.038,205.8,11.7,1.794,1.13,28.1,145.8,4.823,2.895,45,,UNLISTED_BLIND,,,순부채/EBITDA 11.7x / 3년 순부채 +146억 vs EBITDA합 30억 / 매출 1원 성장에 순부채 2.90원 / 유동비율 113%
65.2,36.8,100,한국컨테이너풀(주),00447098,,false,사업지원·임대,임대업(부동산 제외),WC_BURN(운전자본형),2947,0.17,569.2,0.193,1205.5,2.1,1.881,0.567,32.2,910.5,0.599,0.822,264,,UNLISTED_BLIND,,,"3년 순부채 +911억 vs EBITDA합 1,521억 / 매출 1원 성장에 순부채 0.82원 / 유동비율 57% / 현금/매출 1%"
65.2,73.6,32.5,알파(주),00482028,,false,도소매,도매·상품중개,DISTRESS(구조조정형),905.5,-0.037,-0.3,0,103.8,,1.744,0.891,14.8,74.9,1.277,,28,29,UNLISTED_BLIND,,,EBITDA 적자 -0억 / EBITDA마진 4%→-0% / 3년 순부채 +75억 vs EBITDA합 59억 / 유동비율 89% / 현금/매출 2%
65.2,77.4,25.4,(주)신광엠앤피,00485690,,false,제조업,화학물질·화학제품,REFI(롤오버형),427.2,-0.017,2.1,0.005,249.4,116.1,2.084,0.476,25.6,40.9,7.237,,2,27,UNLISTED_BLIND,,,순부채/EBITDA 116.1x / 부채비율 208% / EBITDA마진 4%→1% / 3년 순부채 +41억 vs EBITDA합 6억 / 유동비율 48% / 영업적자 3/3년
65.2,48.8,77.7,도양기업(주),00530237,,false,건설업,전문직별 공사,TIGHT(유동성형),2104.9,0.185,95.8,0.046,672.2,7,1.106,0.966,39.4,265.7,1.1,0.316,94,,UNLISTED_BLIND,,,순부채/EBITDA 7.0x / 3년 순부채 +266억 vs EBITDA합 242억 / 유동비율 97% / 현금/매출 2%
65.2,48.1,79,(주)서울에프엔비,00812344,,false,제조업,식료품 제조,WC_BURN(운전자본형),1807.7,0.098,136.5,0.076,791.9,5.8,1.903,0.407,87.5,235.5,0.482,0.533,49,,UNLISTED_BLIND,,,순부채/EBITDA 5.8x / EBITDA마진 10%→8% / 3년 순부채 +236억 vs EBITDA합 489억 / 매출 1원 성장에 순부채 0.53원 / 유동비율 41% / 현금/매출 5%
65.2,50.6,74.7,한국물류에스케이케이,01045912,,false,운수·물류,창고·운송관련 서비스,GROWTH(성장자금형),553.4,0.208,33.7,0.061,234,6.9,2.377,0.875,12.7,61.4,0.532,0.257,22,,UNLISTED_BLIND,,,순부채/EBITDA 6.9x / 부채비율 238% / 3년 순부채 +61억 vs EBITDA합 115억 / 유동비율 87% / 현금/매출 2%
65.2,77.5,25.4,(주)에스에이치비피,01085983,,false,제조업,자동차·트레일러,DISTRESS(구조조정형),364.7,-0.017,-17.6,-0.048,97.3,,12.302,0.751,34.5,19.4,0.434,,4,18,UNLISTED_BLIND,,,EBITDA 적자 -18억 / 부채비율 1230% (3년 718%p↑) / EBITDA마진 6%→-5% / 3년 순부채 +19억 vs EBITDA합 45억 / 유동비율 75% / 런웨이 18개월
65.2,81.7,17.5,동진파일(주),01179699,,false,제조업,비금속 광물제품,DISTRESS(구조조정형),341.2,-0.177,-40.1,-0.117,86.5,,0.782,0.907,4.1,97.9,4.852,,40,1,UNLISTED_BLIND,,,EBITDA 적자 -40억 / EBITDA마진 11%→-12% / 3년 순부채 +98억 vs EBITDA합 20억 / 유동비율 91% / 현금/매출 1% / 현금 2년 연속 감소 / 영업적자 2/3년 / 런웨이 1개월
65.2,72.8,33.9,(주)한백종합건설,01471010,,false,건설업,종합 건설,DISTRESS(구조조정형),874.6,-0.01,-183,-0.209,294.6,,4.633,1.112,16.8,-60.2,0,,97,1,UNLISTED_BLIND,,,EBITDA 적자 -183억 / 부채비율 463% (3년 214%p↑) / EBITDA마진 2%→-21% / 유동비율 111% / 현금/매출 2% / 현금 2년 연속 감소 / 런웨이 1개월
65.2,61.2,55,(주)바로고,01453014,,false,정보통신,출판업,DISTRESS(구조조정형),2316.3,0.366,-51.7,-0.022,-142.1,,2.342,0.98,156.8,220.1,3,0.156,159,36,UNLISTED_BLIND,,,EBITDA 적자 -52억 / 부채비율 234% (3년 127%p↑) / 3년 순부채 +220억 vs EBITDA합 -430억 / 유동비율 98% / 현금 2년 연속 감소 / 영업적자 3/3년
65.2,50.2,75.4,(주)허스델리,01552759,,false,제조업,식료품 제조,GROWTH(성장자금형),354.3,0.227,31.2,0.088,164.7,5.3,3.804,0.826,4.1,53,0.705,0.326,16,,UNLISTED_BLIND,,,순부채/EBITDA 5.3x / 부채비율 380% (3년 87%p↑) / 3년 순부채 +53억 vs EBITDA합 75억 / 유동비율 83% / 현금/매출 1%
65.2,54.5,67.5,패스트박스(주),01557514,,false,운수·물류,창고·운송관련 서비스,TIGHT(유동성형),449.3,,58.4,0.13,134.4,2.3,3.126,0.367,0.1,134.4,1.189,0.299,39,,UNLISTED_BLIND,,,부채비율 313% (3년 313%p↑) / 3년 순부채 +134억 vs EBITDA합 113억 / 유동비율 37% / 현금/매출 0% / 현금 2년 연속 감소 / 영업적자 3/3년
65.1,72.5,59.1,크리스에프앤씨,00522007,110790,true,제조업,의복·모피 제조,REFI(롤오버형),3312.8,-0.041,221.6,0.067,2250.3,10.2,0.84,0.715,148,2930.9,1.783,,939,,PRE_SIGNAL,,,"순부채/EBITDA 10.2x / EBITDA마진 21%→7% / 3년 순부채 +2,931억 vs EBITDA합 1,644억 / 유동비율 72% / 현금/매출 4% / 현금 2년 연속 감소"
65.1,65.7,46.4,(주)나노켐,00216106,,false,제조업,전자부품·컴퓨터·통신장비,WC_BURN(운전자본형),582.3,0.075,-0.1,0,1.2,,0.252,2.9,24.8,115.6,2.232,1.019,36,999,UNLISTED_BLIND,,,EBITDA 적자 -0억 / EBITDA마진 6%→-0% / 3년 순부채 +116억 vs EBITDA합 52억 / 매출 1원 성장에 순부채 1.02원 / 현금/매출 4%
65.1,73.3,32.5,홈플러스(주),00300061,,false,도소매,소매(자동차 제외),REFI(롤오버형),69314.5,-0.002,2720.9,0.039,61704.4,22.7,32.117,0.24,1558.4,471.7,0.057,,115,28,UNLISTED_BLIND,,,"순부채/EBITDA 22.7x / 부채비율 3212% (3년 2486%p↑) / 3년 순부채 +472억 vs EBITDA합 8,274억 / 유동비율 24% / 현금/매출 2% / 영업적자 3/3년"
65.1,49.7,75.8,수원여객운수(주),00135148,,false,운수·물류,육상운송·파이프라인,TIGHT(유동성형),870.7,0.036,141.6,0.163,406.3,2.9,1.884,0.615,16.4,546.4,1.874,6.17,207,,UNLISTED_BLIND,,,3년 순부채 +546억 vs EBITDA합 292억 / 매출 1원 성장에 순부채 6.17원 / 유동비율 61% / 현금/매출 2%
65.1,42.8,88.5,(주)새서울레저,00450649,,false,예술·여가,스포츠·오락,WC_BURN(운전자본형),554.7,0.123,138.7,0.25,575.7,4.2,29.387,0.508,88.3,166.9,0.37,1.027,0,,UNLISTED_BLIND,,,순부채/EBITDA 4.2x / 부채비율 2939% / EBITDA마진 29%→25% / 3년 순부채 +167억 vs EBITDA합 451억 / 매출 1원 성장에 순부채 1.03원 / 유동비율 51%
65.1,63.9,50,제이월드,00681717,,false,제조업,인쇄·기록매체 복제,REFI(롤오버형),1196,-0.091,63.6,0.053,394.1,6.2,1.758,0.708,35.1,230.3,0.799,,61,,UNLISTED_BLIND,,,순부채/EBITDA 6.2x / EBITDA마진 13%→5% / 3년 순부채 +230억 vs EBITDA합 288억 / 유동비율 71% / 현금/매출 3%
65.1,45.4,83.9,오케이에프(주),00820927,,false,제조업,음료 제조,GROWTH(성장자금형),1152.4,0.124,91.1,0.079,507.4,5.6,1.257,0.849,237.2,289.7,1.257,0.848,0,,UNLISTED_BLIND,,,순부채/EBITDA 5.6x / 3년 순부채 +290억 vs EBITDA합 231억 / 매출 1원 성장에 순부채 0.85원 / 유동비율 85%
65.1,61.1,55,(주)아이앤제이그룹,01382734,,false,제조업,가죽·가방·신발 제조,TIGHT(유동성형),459.4,0.326,4.1,0.009,86.9,21.1,3.214,0.768,0.7,15.7,0.532,0.06,6,7,UNLISTED_BLIND,,,순부채/EBITDA 21.1x / 부채비율 321% (3년 69%p↑) / 3년 순부채 +16억 vs EBITDA합 30억 / 유동비율 77% / 현금/매출 0% / 런웨이 7개월
65.1,87.5,6.7,(주)엔픽셀,01434912,,false,정보통신,출판업,DISTRESS(구조조정형),316.3,,-340.1,-1.075,1433.3,,-1.477,0.928,183.4,587.6,3,1.858,165,5,UNLISTED_BLIND,,,"EBITDA 적자 -340억 / 자본잠식 / EBITDA마진 -43%→-108% / 3년 순부채 +588억 vs EBITDA합 -1,011억 / 매출 1원 성장에 순부채 1.86원 / 유동비율 93% / 현금 2년 연속 감소 / 영업적자 3/3년 / 런웨이 5개월"
65.1,54.3,67.5,(주)슈올즈,01742194,,false,제조업,가죽·가방·신발 제조,REFI(롤오버형),302.7,,51.7,0.171,214.2,4.1,2.046,0.979,8.6,214.2,1.552,0.708,72,,UNLISTED_BLIND,,,순부채/EBITDA 4.1x / 부채비율 205% (3년 205%p↑) / 3년 순부채 +214억 vs EBITDA합 138억 / 매출 1원 성장에 순부채 0.71원 / 유동비율 98% / 현금/매출 3% / 현금 2년 연속 감소
65.1,66.9,44.2,성우산업(주),01752155,,false,제조업,비금속 광물제품,REFI(롤오버형),415.7,,24.6,0.059,141.6,5.8,3.215,0.385,0.4,141.6,3.133,0.341,64,,UNLISTED_BLIND,,,순부채/EBITDA 5.8x / 부채비율 322% (3년 322%p↑) / 3년 순부채 +142억 vs EBITDA합 45억 / 유동비율 38% / 현금/매출 0%
65.1,65.1,47.5,(주)에이투지엔터테인먼트,01530331,,false,정보통신,영상·오디오 제작·배급,DISTRESS(구조조정형),536.7,0.312,-7.2,-0.013,75.7,,1.988,0.701,158.4,58.9,3,0.197,0,167,UNLISTED_BLIND,,,EBITDA 적자 -7억 / 3년 순부채 +59억 vs EBITDA합 -71억 / 유동비율 70% / 영업적자 3/3년
65,77.1,50.4,엔비티,01051065,236810,true,전문·과학·기술,전문서비스업,WC_BURN(운전자본형),1051.2,0.085,-16.2,-0.015,186.5,,1.733,1.203,67.4,201.4,11.894,0.887,37,31,PRE_SIGNAL,,,EBITDA 적자 -16억 / EBITDA마진 3%→-2% / 3년 순부채 +201억 vs EBITDA합 17억 / 매출 1원 성장에 순부채 0.89원 / 현금 2년 연속 감소 / 영업적자 2/3년
65,59.1,58.3,디에스네트웍스(주),00238658,,false,건설업,종합 건설,REFI(롤오버형),7299.4,-0.052,469.5,0.064,15115.8,32.2,3.311,2.525,1372,7151.6,3.428,,1236,36,UNLISTED_BLIND,,,"순부채/EBITDA 32.2x / 부채비율 331% (3년 74%p↑) / 3년 순부채 +7,152억 vs EBITDA합 2,087억"
65,66.6,44.6,(주)하이호휠,00406949,,false,제조업,자동차·트레일러,REFI(롤오버형),995.6,-0.01,38.7,0.039,721.5,18.7,1,0.864,0.4,278.8,1.58,,109,2,UNLISTED_BLIND,,,순부채/EBITDA 18.7x / 3년 순부채 +279억 vs EBITDA합 176억 / 유동비율 86% / 현금/매출 0% / 런웨이 2개월
65,37.3,98.3,(주)디엠쉽핑,00920634,,false,운수·물류,수상 운송,WC_BURN(운전자본형),1532,0.138,188.4,0.123,793.4,4.2,1.407,0.829,94.3,320.2,0.536,0.649,71,,UNLISTED_BLIND,,,순부채/EBITDA 4.2x / 3년 순부채 +320억 vs EBITDA합 598억 / 매출 1원 성장에 순부채 0.65원 / 유동비율 83%
65,70.9,36.7,(주)피피앤와이인터내셔날,00984225,,false,도소매,도매·상품중개,DISTRESS(구조조정형),525.4,0.009,-2.2,-0.004,83.5,,0.977,0.247,10.2,17,4.487,1.246,6,18,UNLISTED_BLIND,,,EBITDA 적자 -2억 / 3년 순부채 +17억 vs EBITDA합 4억 / 매출 1원 성장에 순부채 1.25원 / 유동비율 25% / 현금/매출 2% / 런웨이 18개월
65,85.9,9.1,하이오아시스(주),01287934,,false,숙박·음식,음식점·주점,DISTRESS(구조조정형),383.5,0.017,-0.6,-0.001,356.4,,-10.077,0.11,1.6,78.8,18.694,4.279,29,1,UNLISTED_BLIND,,,EBITDA 적자 -1억 / 자본잠식 / 3년 순부채 +79억 vs EBITDA합 4억 / 매출 1원 성장에 순부채 4.28원 / 유동비율 11% / 현금/매출 0% / 영업적자 3/3년 / 런웨이 1개월
65,81.4,17.5,(주)평안철강,01329212,,false,도소매,도매·상품중개,DISTRESS(구조조정형),343.6,-0.203,-16.6,-0.048,169.6,,2.519,0.481,10.9,40.3,4.58,,19,5,UNLISTED_BLIND,,,EBITDA 적자 -17억 / 부채비율 252% / EBITDA마진 3%→-5% / 3년 순부채 +40억 vs EBITDA합 9억 / 유동비율 48% / 현금/매출 3% / 런웨이 5개월
65,75.9,27.5,(주)넥스트플레이어,01749674,,false,도소매,소매(자동차 제외),DISTRESS(구조조정형),404.7,,-2.6,-0.006,46.5,,961.681,0.817,5,46.5,3,0.115,68,11,UNLISTED_BLIND,,,EBITDA 적자 -3억 / 부채비율 96168% (3년 96168%p↑) / 3년 순부채 +46억 vs EBITDA합 -75억 / 유동비율 82% / 현금/매출 1% / 영업적자 2/3년 / 런웨이 11개월
65,69.1,40,(주)라인에너지,01870637,,false,도소매,도매·상품중개,DISTRESS(구조조정형),608.3,,-0.7,-0.001,8.1,,11.073,1.274,0.5,8.1,21.03,0.013,3,6,UNLISTED_BLIND,,,EBITDA 적자 -1억 / 부채비율 1107% (3년 1107%p↑) / 3년 순부채 +8억 vs EBITDA합 0억 / 현금/매출 0% / 런웨이 6개월
64.9,85.2,35,오텍,00397289,067170,true,제조업,자동차·트레일러,DISTRESS(구조조정형),9092.3,-0.037,-45.1,-0.005,2001.5,,3.234,0.937,395.6,595.5,3,,42,31,RECENTLY_FUNDED,2026-05-21,[기재정정]주요사항보고서(신주인수권부사채권발행결정),EBITDA 적자 -45억 / 부채비율 323% (3년 89%p↑) / 3년 순부채 +596억 vs EBITDA합 -128억 / 유동비율 94% / 현금/매출 4% / 현금 2년 연속 감소 / 영업적자 3/3년
64.9,85.3,34.9,바이오톡스텍,00447502,086040,true,전문·과학·기술,연구개발업,DISTRESS(구조조정형),413.4,0.081,-47.8,-0.116,306.7,,2.945,0.717,113.7,317.7,3,3.684,16,21,PRE_SIGNAL,2024-12-17,유상증자결정(종속회사의주요경영사항)              ,EBITDA 적자 -48억 / 부채비율 294% (3년 178%p↑) / EBITDA마진 4%→-12% / 3년 순부채 +318억 vs EBITDA합 -65억 / 매출 1원 성장에 순부채 3.68원 / 유동비율 72% / 영업적자 2/3년 / 런웨이 21개월
64.9,100,7.9,세토피아,01091382,222810,true,제조업,1차 금속,DISTRESS(구조조정형),551.6,-0.105,-67.6,-0.123,231,,12.119,0.423,2.2,257.7,3,,61,0,DISTRESS_EVENT,2025-04-10,[기재정정]주요사항보고서(전환사채권발행결정),EBITDA 적자 -68억 / 부채비율 1212% (3년 1148%p↑) / EBITDA마진 -6%→-12% / 3년 순부채 +258억 vs EBITDA합 -269억 / 유동비율 42% / 현금/매출 0% / 현금 2년 연속 감소 / 영업적자 3/3년 / 런웨이 0개월
64.9,53.3,68.7,한솔로지스유(주),01716986,,false,운수·물류,창고·운송관련 서비스,TIGHT(유동성형),841.9,,83.3,0.099,294.3,3.5,3.048,0.832,21.1,294.3,1.576,0.35,85,,UNLISTED_BLIND,,,순부채/EBITDA 3.5x / 부채비율 305% (3년 305%p↑) / 3년 순부채 +294억 vs EBITDA합 187억 / 유동비율 83% / 현금/매출 3%
64.9,60.2,56.1,대신전선(주),00365466,,false,제조업,전기장비,REFI(롤오버형),2042.1,0.039,57.7,0.028,557.8,9.7,1.981,4.519,16.6,244.6,1.779,1.111,91,,UNLISTED_BLIND,,,순부채/EBITDA 9.7x / 3년 순부채 +245억 vs EBITDA합 137억 / 매출 1원 성장에 순부채 1.11원 / 현금/매출 1%
64.9,70.3,37.5,(주)지화이브,00245490,,false,도소매,도매·상품중개,REFI(롤오버형),799.4,-0.061,9.1,0.011,62.7,6.9,2.79,1.421,27.3,70.4,1.868,,23,,UNLISTED_BLIND,,,순부채/EBITDA 6.9x / 부채비율 279% (3년 94%p↑) / 3년 순부채 +70억 vs EBITDA합 38억 / 현금/매출 3% / 현금 2년 연속 감소
64.9,68.5,40.6,현해건설(주),00530945,,false,건설업,종합 건설,REFI(롤오버형),646.2,0.035,3.3,0.005,62.4,18.8,1.576,1.764,11.9,151.9,3,2.397,54,347,UNLISTED_BLIND,,,순부채/EBITDA 18.8x / 3년 순부채 +152억 vs EBITDA합 -22억 / 매출 1원 성장에 순부채 2.40원 / 현금/매출 2% / 현금 2년 연속 감소
64.9,65.3,46.6,중흥에스클래스(주),00871532,,false,건설업,종합 건설,WC_BURN(운전자본형),429.5,0.127,-51.9,-0.121,1311.7,,0.352,5.243,103.7,1268.6,3.977,9.807,510,10,UNLISTED_BLIND,,,"EBITDA 적자 -52억 / EBITDA마진 13%→-12% / 3년 순부채 +1,269억 vs EBITDA합 319억 / 매출 1원 성장에 순부채 9.81원 / 현금 2년 연속 감소 / 런웨이 10개월"
64.9,53.6,67.9,(주)삼표산업,00999032,,false,제조업,비금속 광물제품,REFI(롤오버형),7124.4,0.003,605.8,0.085,5420.5,8.9,1.477,0.625,1414.1,2905.6,2.011,45.839,0,,UNLISTED_BLIND,,,"순부채/EBITDA 8.9x / 3년 순부채 +2,906억 vs EBITDA합 1,445억 / 매출 1원 성장에 순부채 45.84원 / 유동비율 63%"
64.9,63.1,50.8,(주)케이지에프,01013001,,false,제조업,비금속 광물제품,WC_BURN(운전자본형),350.6,0.077,14.7,0.042,163.8,11.1,0.838,0.91,5.8,55.8,1.834,0.801,18,,UNLISTED_BLIND,,,순부채/EBITDA 11.1x / 3년 순부채 +56억 vs EBITDA합 30억 / 매출 1원 성장에 순부채 0.80원 / 유동비율 91% / 현금/매출 2%
64.9,60.3,55.8,(주)서울개인택시복지법인,01237577,,false,도소매,소매(자동차 제외),REFI(롤오버형),1576.8,0.053,21.6,0.014,206.7,9.6,1.091,0.391,26.5,99.2,1.338,0.436,35,,UNLISTED_BLIND,,,순부채/EBITDA 9.6x / 3년 순부채 +99억 vs EBITDA합 74억 / 유동비율 39% / 현금/매출 2%
64.9,83.8,12.7,(주)윈플러스마트동부,01371880,,false,도소매,도매·상품중개,REFI(롤오버형),591.6,0.014,1.6,0.003,158,101.3,-3.234,1.029,8.6,120.8,4.926,5.123,44,15,UNLISTED_BLIND,,,순부채/EBITDA 101.3x / 자본잠식 / 3년 순부채 +121억 vs EBITDA합 25억 / 매출 1원 성장에 순부채 5.12원 / 유동비율 103% / 현금/매출 1% / 영업적자 3/3년 / 런웨이 15개월
64.9,52.3,70.3,(주)엠엘코리아,01462784,,false,제조업,기타 운송장비,GROWTH(성장자금형),523.8,0.23,32.9,0.063,91.4,2.8,12.976,0.877,44.4,20.3,3,0.084,24,,UNLISTED_BLIND,,,부채비율 1298% (3년 595%p↑) / 3년 순부채 +20억 vs EBITDA합 -15억 / 유동비율 88%
64.9,58.1,59.7,도레이배터리세퍼레이터필름한국유한회사,01490103,,false,제조업,전기장비,REFI(롤오버형),2959,-0.03,253.6,0.086,2016.5,8,0.825,0.509,56.3,125.2,0.379,,0,,UNLISTED_BLIND,,,순부채/EBITDA 8.0x / 3년 순부채 +125억 vs EBITDA합 331억 / 유동비율 51% / 현금/매출 2% / 영업적자 3/3년
64.8,66.9,68.3,일정실업,00146542,008500,true,제조업,섬유제품 제조,GROWTH(성장자금형),435,0.125,40.5,0.093,178.1,4.4,4.448,0.733,2.5,39.2,3,0.302,30,,DISTRESS_EVENT,,,순부채/EBITDA 4.4x / 부채비율 445% (3년 260%p↑) / 3년 순부채 +39억 vs EBITDA합 -20억 / 유동비율 73% / 현금/매출 1% / 현금 2년 연속 감소 / 영업적자 2/3년
64.8,64,73.5,우리기술,00231044,032820,true,제조업,전기장비,WC_BURN(운전자본형),712.5,0.11,54.5,0.077,947.5,17.4,1.368,1.133,108.9,808.3,3.272,4.23,211,,IN_MOTION,2025-11-20,주요사항보고서(전환사채권발행결정),순부채/EBITDA 17.4x / EBITDA마진 19%→8% / 3년 순부채 +808억 vs EBITDA합 247억 / 매출 1원 성장에 순부채 4.23원 / 유동비율 113% / 현금 2년 연속 감소
64.8,78.2,22.5,(주)어바웃펫,01616279,,false,도소매,소매(자동차 제외),DISTRESS(구조조정형),364,,-132.2,-0.363,122.2,,1.992,0.663,7.4,122.2,3,0.336,185,1,UNLISTED_BLIND,,,EBITDA 적자 -132억 / 3년 순부채 +122억 vs EBITDA합 -539억 / 유동비율 66% / 현금/매출 2% / 현금 2년 연속 감소 / 영업적자 3/3년 / 런웨이 1개월
64.8,44.1,85,경남고속뉴부산관광(주),01663666,,false,운수·물류,육상운송·파이프라인,GROWTH(성장자금형),472.8,0.354,64.9,0.137,183.2,2.8,28.102,0.391,13.2,120.2,0.779,0.426,37,,UNLISTED_BLIND,,,부채비율 2810% (3년 4820%p↑) / 3년 순부채 +120억 vs EBITDA합 154억 / 유동비율 39% / 현금/매출 3%
64.8,65.1,46.6,(주)더베스트미트,01674413,,false,도소매,도매·상품중개,REFI(롤오버형),586.8,,14.9,0.025,119.7,8.1,2.659,0.296,14.3,119.7,3.224,0.204,41,,UNLISTED_BLIND,,,순부채/EBITDA 8.1x / 부채비율 266% (3년 266%p↑) / 3년 순부채 +120억 vs EBITDA합 37억 / 유동비율 30% / 현금/매출 2%
64.8,58,59.6,광성기업(주),00103769,,false,제조업,자동차·트레일러,REFI(롤오버형),1237.8,-0.072,84.9,0.069,682.1,8,6.554,0.409,5.2,-670.7,-1.87,,0,,UNLISTED_BLIND,,,순부채/EBITDA 8.0x / 부채비율 655% (3년 357%p↑) / 유동비율 41% / 현금/매출 0%
64.8,61.8,52.6,석미건설(주),00216179,,false,건설업,종합 건설,REFI(롤오버형),327.3,0.053,19.5,0.06,963.5,49.5,19.614,1.543,85.8,1080.9,19.774,23.08,346,28,UNLISTED_BLIND,,,"순부채/EBITDA 49.5x / 부채비율 1961% (3년 1763%p↑) / 3년 순부채 +1,081억 vs EBITDA합 55억 / 매출 1원 성장에 순부채 23.08원"
64.8,60.3,55.4,(주)교보문고,00104175,,false,도소매,소매(자동차 제외),TIGHT(유동성형),9770.5,0.073,250.8,0.026,868.8,3.5,1.54,0.799,177.5,1335.6,3.769,0.717,398,,UNLISTED_BLIND,,,"순부채/EBITDA 3.5x / 3년 순부채 +1,336억 vs EBITDA합 354억 / 매출 1원 성장에 순부채 0.72원 / 유동비율 80% / 현금/매출 2% / 영업적자 3/3년"
64.8,47.5,78.9,(주)금양인터내셔날,00249973,,false,도소매,도매·상품중개,WC_BURN(운전자본형),1200.8,0.094,92.6,0.077,432.7,4.7,1.369,1.369,36,369.2,0.633,1.303,173,,UNLISTED_BLIND,,,순부채/EBITDA 4.7x / EBITDA마진 17%→8% / 3년 순부채 +369억 vs EBITDA합 583억 / 매출 1원 성장에 순부채 1.30원 / 현금/매출 3%
64.8,67.1,43.1,(주)케이.피.씨,00152446,,false,제조업,기타 기계·장비,REFI(롤오버형),786.1,0.018,0.3,0,295.8,934.1,0.734,1.034,21.5,184.8,3.268,4.569,73,16,UNLISTED_BLIND,,,순부채/EBITDA 934.1x / EBITDA마진 2%→0% / 3년 순부채 +185억 vs EBITDA합 57억 / 매출 1원 성장에 순부채 4.57원 / 유동비율 103% / 현금/매출 3% / 런웨이 16개월
64.8,62.2,52,우평건설(주),00210236,,false,건설업,종합 건설,REFI(롤오버형),585.6,0.069,14.5,0.025,328.3,22.6,1.213,1.472,50.5,198.3,1.742,1.866,43,97,UNLISTED_BLIND,,,순부채/EBITDA 22.6x / EBITDA마진 9%→2% / 3년 순부채 +198억 vs EBITDA합 114억 / 매출 1원 성장에 순부채 1.87원
64.8,72.1,33.8,신창제지공업(주),00409007,,false,제조업,펄프·종이 제조,WC_BURN(운전자본형),437,0.074,-2,-0.004,64.7,,0.716,1.035,11,52.3,2.191,0.622,21,24,UNLISTED_BLIND,,,EBITDA 적자 -2억 / EBITDA마진 3%→-0% / 3년 순부채 +52억 vs EBITDA합 24억 / 매출 1원 성장에 순부채 0.62원 / 유동비율 104% / 현금/매출 3% / 현금 2년 연속 감소 / 영업적자 2/3년 / 런웨이 24개월
64.8,69.2,39.2,(주)금성정공,00412223,,false,제조업,자동차·트레일러,REFI(롤오버형),309.2,-0.084,20.8,0.067,178,8.5,2.724,0.57,2.1,15.5,3.358,,0,,UNLISTED_BLIND,,,순부채/EBITDA 8.5x / 부채비율 272% / 3년 순부채 +16억 vs EBITDA합 5억 / 유동비율 57% / 현금/매출 1% / 영업적자 2/3년
64.8,64.3,48.2,서영이앤티(주),00449634,,false,제조업,기타 기계·장비,REFI(롤오버형),789.2,-0.014,41.5,0.053,1258.2,30.3,1.203,0.356,38,362.6,2.15,,121,13,UNLISTED_BLIND,,,순부채/EBITDA 30.3x / 3년 순부채 +363억 vs EBITDA합 169억 / 유동비율 36% / 현금/매출 5% / 런웨이 13개월
64.8,52,70.7,선보유니텍(주),00484178,,false,제조업,기타 운송장비,REFI(롤오버형),764.1,0.001,138,0.181,617.1,4.5,1.447,0.338,1.9,580.7,2.833,176.737,194,,UNLISTED_BLIND,,,순부채/EBITDA 4.5x / 3년 순부채 +581억 vs EBITDA합 205억 / 매출 1원 성장에 순부채 176.74원 / 유동비율 34% / 현금/매출 0%
64.8,86.5,7.3,에이치디씨신라면세점(주),01095476,,false,도소매,소매(자동차 제외),DISTRESS(구조조정형),2586.4,-0.152,-48.6,-0.019,1873.1,,16.864,0.823,71.5,304.7,3,,173,6,RECENTLY_FUNDED,2026-04-17,유상증자결정,EBITDA 적자 -49억 / 부채비율 1686% (3년 1218%p↑) / 3년 순부채 +305억 vs EBITDA합 -268억 / 유동비율 82% / 현금/매출 3% / 영업적자 3/3년 / 런웨이 6개월
64.8,70.5,36.6,태형리싸이클링(주),01144091,,false,제조업,비금속 광물제품,REFI(롤오버형),825.5,-0.092,27.8,0.034,134.8,4.8,10.843,1.052,23.3,86.7,2.473,,21,,UNLISTED_BLIND,,,순부채/EBITDA 4.8x / 부채비율 1084% (3년 842%p↑) / 3년 순부채 +87억 vs EBITDA합 35억 / 유동비율 105% / 현금/매출 3%
64.8,50.2,73.9,(주)지엔엠라이프,01287253,,false,제조업,식료품 제조,REFI(롤오버형),977,0.024,139.5,0.143,860.6,6.2,2.581,0.476,18.1,353.2,0.898,5.318,111,,UNLISTED_BLIND,,,순부채/EBITDA 6.2x / 부채비율 258% / 3년 순부채 +353억 vs EBITDA합 393억 / 매출 1원 성장에 순부채 5.32원 / 유동비율 48% / 현금/매출 2%
64.8,74.2,30,(주)신기석유,01498503,,false,도소매,도매·상품중개,REFI(롤오버형),456.1,-0.118,1.2,0.003,50.4,40.5,3.042,0.947,1.6,21.8,2.002,,9,13,UNLISTED_BLIND,,,순부채/EBITDA 40.5x / 부채비율 304% / 3년 순부채 +22억 vs EBITDA합 11억 / 유동비율 95% / 현금/매출 0% / 현금 2년 연속 감소 / 런웨이 13개월
64.8,65.2,46.6,(주)대성피앤티,01758034,,false,제조업,금속가공제품,REFI(롤오버형),393.5,,19.8,0.05,127.9,6.5,3.913,2.403,12.7,127.9,1.976,0.325,38,,UNLISTED_BLIND,,,순부채/EBITDA 6.5x / 부채비율 391% (3년 391%p↑) / EBITDA마진 10%→5% / 3년 순부채 +128억 vs EBITDA합 65억 / 현금/매출 3%
64.8,66,45,(주)슬링샷스튜디오,01770762,,false,정보통신,영상·오디오 제작·배급,REFI(롤오버형),676.2,,11,0.016,280.7,25.4,8.018,0.823,176.4,280.7,10.352,0.415,0,323,UNLISTED_BLIND,,,순부채/EBITDA 25.4x / 부채비율 802% (3년 802%p↑) / 3년 순부채 +281억 vs EBITDA합 27억 / 유동비율 82%
64.8,61.2,53.7,(주)우디스,01571648,,false,제조업,목재·나무제품 제조,WC_BURN(운전자본형),330.8,0.116,16.1,0.049,163.2,10.1,1.989,1.414,25.8,102.9,5.96,1.106,30,,UNLISTED_BLIND,,,순부채/EBITDA 10.1x / 3년 순부채 +103억 vs EBITDA합 17억 / 매출 1원 성장에 순부채 1.11원
64.8,44.2,85,(주)신한씨엠,01587515,,false,제조업,고무·플라스틱제품,WC_BURN(운전자본형),452.9,0.318,68.3,0.151,176.8,2.6,1.301,0.489,29.7,233.7,1.596,0.917,67,,UNLISTED_BLIND,,,3년 순부채 +234억 vs EBITDA합 146억 / 매출 1원 성장에 순부채 0.92원 / 유동비율 49%
64.7,83.8,12,에이치에스건설(주),01677298,,false,건설업,종합 건설,DISTRESS(구조조정형),528.2,,-98.5,-0.187,323.4,,-30.531,1.07,1.7,323.4,3,0.612,141,0,UNLISTED_BLIND,,,EBITDA 적자 -99억 / 자본잠식 / EBITDA마진 7%→-19% / 3년 순부채 +323억 vs EBITDA합 -32억 / 매출 1원 성장에 순부채 0.61원 / 유동비율 107% / 현금/매출 0% / 현금 2년 연속 감소 / 런웨이 0개월
64.7,69.9,37.5,(주)내외,01682412,,false,제조업,가구 제조,REFI(롤오버형),308.2,,1.7,0.006,45.2,26.8,6.92,0.992,20.8,45.2,5.287,0.147,15,312,UNLISTED_BLIND,,,순부채/EBITDA 26.8x / 부채비율 692% (3년 692%p↑) / 3년 순부채 +45억 vs EBITDA합 9억 / 유동비율 99%
64.7,58.1,59,(주)엠넥스,01661464,,false,제조업,자동차·트레일러,TIGHT(유동성형),3126.9,,130.3,0.042,404.1,3.1,4.762,0.893,69.2,404.1,2.001,0.129,106,,UNLISTED_BLIND,,,순부채/EBITDA 3.1x / 부채비율 476% (3년 476%p↑) / 3년 순부채 +404억 vs EBITDA합 202억 / 유동비율 89% / 현금/매출 2%
64.7,61.7,52.5,보령물산(주),00363422,,false,숙박·음식,음식점·주점,DISTRESS(구조조정형),582.8,0.278,5.9,0.01,132.9,22.5,0.512,0.219,1.1,36.9,3,0.121,13,9,UNLISTED_BLIND,,,순부채/EBITDA 22.5x / 3년 순부채 +37억 vs EBITDA합 -2억 / 유동비율 22% / 현금/매출 0% / 영업적자 2/3년 / 런웨이 9개월
64.7,88.4,3.7,(주)정필,00301307,,false,제조업,식료품 제조,DISTRESS(구조조정형),461.8,-0.218,-45.8,-0.099,153.3,,2031.083,0.957,16.6,166.6,3,,46,4,UNLISTED_BLIND,,,EBITDA 적자 -46억 / 부채비율 203108% (3년 202956%p↑) / EBITDA마진 -7%→-10% / 3년 순부채 +167억 vs EBITDA합 -188억 / 유동비율 96% / 현금/매출 4% / 영업적자 3/3년 / 런웨이 4개월
64.7,62.8,50.5,(주)한국로슈,00157308,,false,도소매,도매·상품중개,DISTRESS(구조조정형),4394.7,0.085,-522.4,-0.119,-704.8,,7.128,1.658,704.8,124.5,3,0.13,0,16,UNLISTED_BLIND,,,EBITDA 적자 -522억 / 부채비율 713% (3년 510%p↑) / EBITDA마진 -6%→-12% / 3년 순부채 +124억 vs EBITDA합 -494억 / 현금 2년 연속 감소 / 영업적자 2/3년 / 런웨이 16개월
64.7,44.3,84.3,풍일산업(주),00442543,,false,제조업,자동차·트레일러,GROWTH(성장자금형),924.5,0.172,85.8,0.093,511.5,6,1.727,0.138,8.4,129.1,0.664,0.368,34,,UNLISTED_BLIND,,,순부채/EBITDA 6.0x / 3년 순부채 +129억 vs EBITDA합 194억 / 유동비율 14% / 현금/매출 1%
64.7,49.1,75.6,(주)디에이치라이팅,00662350,,false,제조업,전기장비,WC_BURN(운전자본형),2248.3,0.098,144.4,0.064,823.4,5.7,2.42,1.071,23,326,0.836,0.593,118,,UNLISTED_BLIND,,,순부채/EBITDA 5.7x / 부채비율 242% / 3년 순부채 +326억 vs EBITDA합 390억 / 매출 1원 성장에 순부채 0.59원 / 유동비율 107% / 현금/매출 1%
64.7,80.6,18,(주)이씨스,00818490,,false,제조업,전자부품·컴퓨터·통신장비,DISTRESS(구조조정형),3392.2,0.391,-534.5,-0.158,1171.6,,-3.453,0.306,15.2,587.2,3,0.276,472,0,RECENTLY_FUNDED,2026-06-16,[기재정정]주요사항보고서(유상증자결정),EBITDA 적자 -534억 / 자본잠식 / EBITDA마진 -3%→-16% / 3년 순부채 +587억 vs EBITDA합 -542억 / 유동비율 31% / 현금/매출 0% / 영업적자 2/3년 / 런웨이 0개월
64.7,48.5,76.8,(주)케이아이비,00915243,,false,제조업,고무·플라스틱제품,WC_BURN(운전자본형),356.8,0.094,48.1,0.135,316.6,6.6,2.285,0.375,1.7,57.3,0.464,0.678,14,,UNLISTED_BLIND,,,순부채/EBITDA 6.6x / 부채비율 229% (3년 49%p↑) / 3년 순부채 +57억 vs EBITDA합 124억 / 매출 1원 성장에 순부채 0.68원 / 유동비율 37% / 현금/매출 0%
64.7,56.4,62.4,(주)현대캐터링시스템,00939058,,false,사업지원·임대,사업지원 서비스,TIGHT(유동성형),2043.2,0.132,41.5,0.02,30,0.7,66.031,0.828,19.9,57.3,1.303,0.09,5,,IN_MOTION,2025-11-05,유상증자결정,부채비율 6603% (3년 5658%p↑) / 3년 순부채 +57억 vs EBITDA합 44억 / 유동비율 83% / 현금/매출 1% / 영업적자 2/3년
64.7,47.6,78.3,강남건축(주),01290017,,false,건설업,종합 건설,GROWTH(성장자금형),387.9,0.513,37.9,0.098,151.9,4,8.124,1.119,39.6,221.5,3.87,0.803,54,,UNLISTED_BLIND,,,순부채/EBITDA 4.0x / 부채비율 812% / 3년 순부채 +221억 vs EBITDA합 57억 / 매출 1원 성장에 순부채 0.80원 / 유동비율 112%
64.7,73.8,30.2,"(주)스태리그룹(StarryGroupCo.,Ltd)",01562844,,false,제조업,기타 제품 제조,REFI(롤오버형),484.5,-0.102,10.1,0.021,76.1,7.6,3.335,1.121,2.8,63.6,2.371,,21,,UNLISTED_BLIND,2024-09-30,소액공모법인결산서류 (2024.06),순부채/EBITDA 7.6x / 부채비율 333% (3년 111%p↑) / 3년 순부채 +64억 vs EBITDA합 27억 / 유동비율 112% / 현금/매출 1%
64.6,53.3,92.5,제테마,01222867,216080,true,제조업,의료용물질·의약품,WC_BURN(운전자본형),685.2,0.273,132.1,0.193,952.1,7.2,2.118,0.364,231,1130.3,3.39,3.202,239,,RECENTLY_FUNDED,2026-07-07,[첨부정정]주요사항보고서(전환사채권발행결정),"순부채/EBITDA 7.2x / 부채비율 212% / 3년 순부채 +1,130억 vs EBITDA합 333억 / 매출 1원 성장에 순부채 3.20원 / 유동비율 36%"
64.6,68.4,40,(주)왕용건설,01630109,,false,건설업,전문직별 공사,REFI(롤오버형),526.8,,5.1,0.01,61.3,12,5.036,1.45,0.7,61.3,20.874,0.116,21,,UNLISTED_BLIND,,,순부채/EBITDA 12.0x / 부채비율 504% (3년 504%p↑) / 3년 순부채 +61억 vs EBITDA합 3억 / 현금/매출 0%
64.6,56,62.5,(주)에이치에스테크놀로지,01279838,,false,제조업,전자부품·컴퓨터·통신장비,TIGHT(유동성형),622.7,0.226,4.9,0.008,31.9,6.5,3.804,0.796,9.7,-19.8,-1.29,-0.069,0,,UNLISTED_BLIND,,,순부채/EBITDA 6.5x / 부채비율 380% (3년 77%p↑) / 유동비율 80% / 현금/매출 2%
64.6,63,49.7,(주)쟈뎅,00413301,,false,제조업,식료품 제조,REFI(롤오버형),852.9,0.004,41.6,0.049,278.4,6.7,1.753,0.854,22,99.7,1.346,9.29,27,,UNLISTED_BLIND,,,순부채/EBITDA 6.7x / 3년 순부채 +100억 vs EBITDA합 74억 / 매출 1원 성장에 순부채 9.29원 / 유동비율 85% / 현금/매출 3%
64.6,54.4,65.7,패션그룹형지(주),00531591,,false,제조업,의복·모피 제조,REFI(롤오버형),3010.9,0.015,216.1,0.072,2965.6,13.7,4.538,0.439,87.9,3,0.004,0.023,133,,UNLISTED_BLIND,,,순부채/EBITDA 13.7x / 부채비율 454% (3년 75697%p↑) / 3년 순부채 +3억 vs EBITDA합 734억 / 유동비율 44% / 현금/매출 3%
64.6,81.3,16.4,(주)알트론전주,00766753,,false,제조업,자동차·트레일러,DISTRESS(구조조정형),1184.1,0.149,-66,-0.056,145.8,,-3.379,0.722,0.2,28,3,0.07,58,0,UNLISTED_BLIND,,,EBITDA 적자 -66억 / 자본잠식 / EBITDA마진 -2%→-6% / 3년 순부채 +28억 vs EBITDA합 -131억 / 유동비율 72% / 현금/매출 0% / 영업적자 3/3년 / 런웨이 0개월
64.6,42,88.4,(주)오대,00874034,,false,제조업,자동차·트레일러,GROWTH(성장자금형),642.4,0.122,78.3,0.122,342.7,4.4,1.273,0.529,10.4,163.6,1.008,0.87,58,,UNLISTED_BLIND,,,순부채/EBITDA 4.4x / 3년 순부채 +164억 vs EBITDA합 162억 / 매출 1원 성장에 순부채 0.87원 / 유동비율 53% / 현금/매출 2%
64.6,39.7,92.5,(주)유송타일앤바스,00937087,,false,도소매,소매(자동차 제외),GROWTH(성장자금형),817.4,0.276,98.4,0.12,481.5,4.9,1.094,1.235,30.6,287.8,1.598,0.678,93,,UNLISTED_BLIND,,,순부채/EBITDA 4.9x / 3년 순부채 +288억 vs EBITDA합 180억 / 매출 1원 성장에 순부채 0.68원 / 현금/매출 4%
64.6,73.8,30,(주)케이프라이드,01072891,,false,제조업,식료품 제조,REFI(롤오버형),395.5,-0.116,4.3,0.011,140.6,32.9,3.356,1.015,42.9,52.4,3.39,,0,149,UNLISTED_BLIND,,,순부채/EBITDA 32.9x / 부채비율 336% (3년 101%p↑) / 3년 순부채 +52억 vs EBITDA합 15억 / 유동비율 101%
64.6,35.7,100,듀폰스페셜티솔루션스코리아유한회사,01462809,,false,제조업,화학물질·화학제품,WC_BURN(운전자본형),2189.2,0.304,909.5,0.416,1218.3,1.3,1.463,0.5,418.9,1749.1,1.167,1.456,289,,UNLISTED_BLIND,,,"3년 순부채 +1,749억 vs EBITDA합 1,499억 / 매출 1원 성장에 순부채 1.46원 / 유동비율 50%"
64.5,85.8,32.6,위니아에이드,01175499,377460,true,기타 서비스,수리업,REFI(롤오버형),1163,-0.379,48.8,0.042,649.7,13.3,8.157,0.264,34.2,594.8,3,,42,,DISTRESS_EVENT,2025-07-28,[기재정정]주요사항보고서(유상증자결정),순부채/EBITDA 13.3x / 부채비율 816% (3년 632%p↑) / 3년 순부채 +595억 vs EBITDA합 -530억 / 유동비율 26% / 현금/매출 3% / 현금 2년 연속 감소 / 영업적자 2/3년
64.5,61.3,52.5,(주)코아시아씨엠코리아,01613351,,false,제조업,의료·정밀·광학기기,REFI(롤오버형),2019.9,,7,0.004,89,12.8,1.114,0.773,14.8,89,1.163,0.044,38,,UNLISTED_BLIND,,,순부채/EBITDA 12.8x / 3년 순부채 +89억 vs EBITDA합 77억 / 유동비율 77% / 현금/매출 1%
64.5,41.2,89.4,대우공업(주),00202459,,false,제조업,자동차·트레일러,WC_BURN(운전자본형),1579.7,0.078,378.7,0.24,1374.6,3.6,3.265,0.204,43.1,256.3,0.261,0.805,56,,UNLISTED_BLIND,,,순부채/EBITDA 3.6x / 부채비율 327% (3년 59%p↑) / 3년 순부채 +256억 vs EBITDA합 982억 / 매출 1원 성장에 순부채 0.80원 / 유동비율 20% / 현금/매출 3%
64.5,67.5,41.2,새한(주),01214770,,false,제조업,자동차·트레일러,REFI(롤오버형),485.2,0.021,18,0.037,162,9,2.061,0.753,20.8,58.3,1.809,1.947,15,,,,,순부채/EBITDA 9.0x / 부채비율 206% / 3년 순부채 +58억 vs EBITDA합 32억 / 매출 1원 성장에 순부채 1.95원 / 유동비율 75% / 현금/매출 4%
64.5,82.7,13.5,(주)신안관광,00803984,,false,숙박·음식,숙박업,DISTRESS(구조조정형),364.9,0.214,-5.6,-0.015,664.4,,-2.049,0.302,3.6,92,3,0.571,66,1,,,,EBITDA 적자 -6억 / 자본잠식 / 3년 순부채 +92억 vs EBITDA합 -19억 / 매출 1원 성장에 순부채 0.57원 / 유동비율 30% / 현금/매출 1% / 현금 2년 연속 감소 / 영업적자 3/3년 / 런웨이 1개월
64.5,61,53.1,(주)동진테크윈,00454371,,false,제조업,전기장비,REFI(롤오버형),686.8,-0.034,49.5,0.072,530.6,10.7,1.266,0.614,12.2,134.2,1.136,,43,,,,,순부채/EBITDA 10.7x / 3년 순부채 +134억 vs EBITDA합 118억 / 유동비율 61% / 현금/매출 2% / 현금 2년 연속 감소
64.5,60.6,53.8,(주)프라스테크,00591946,,false,제조업,고무·플라스틱제품,REFI(롤오버형),644,0.034,30.8,0.048,242.9,7.9,1.456,0.659,5.8,73.3,1.073,1.195,19,,,,,순부채/EBITDA 7.9x / 3년 순부채 +73억 vs EBITDA합 68억 / 매출 1원 성장에 순부채 1.20원 / 유동비율 66% / 현금/매출 1%
64.5,75.7,26.3,(주)한길철강,01017858,,false,도소매,도매·상품중개,REFI(롤오버형),553.9,-0.213,0.3,0.001,118.5,398.5,1.628,0.573,2.3,46.8,1.496,,19,4,,,,순부채/EBITDA 398.5x / 3년 순부채 +47억 vs EBITDA합 31억 / 유동비율 57% / 현금/매출 0% / 현금 2년 연속 감소 / 런웨이 4개월
64.5,61.1,53,(주)디에이치글로벌,01139488,,false,제조업,전기장비,REFI(롤오버형),2018.3,-0.148,94.4,0.047,1107.6,11.7,1.955,0.556,141.4,634.8,2.086,,143,,,,,순부채/EBITDA 11.7x / 3년 순부채 +635억 vs EBITDA합 304억 / 유동비율 56%
64.5,58.5,57.6,우진전장(주),01460157,,false,제조업,전기장비,REFI(롤오버형),542.5,0.029,34.2,0.063,194.6,5.7,1.133,0.518,5.8,88.8,1.414,1.98,26,,,,,순부채/EBITDA 5.7x / 3년 순부채 +89억 vs EBITDA합 63억 / 매출 1원 성장에 순부채 1.98원 / 유동비율 52% / 현금/매출 1%
64.5,64.4,46.9,(주)케이엘페트로,01464597,,false,도소매,도매·상품중개,REFI(롤오버형),1071.3,-0.007,6.6,0.006,70,10.6,7.596,0.807,8.7,9.4,0.48,,4,,,,,순부채/EBITDA 10.6x / 부채비율 760% / 3년 순부채 +9억 vs EBITDA합 20억 / 유동비율 81% / 현금/매출 1%
64.5,72.3,32.5,(주)에프엔프레시,01759307,,false,도소매,도매·상품중개,DISTRESS(구조조정형),341.5,,-22.9,-0.067,180.7,,57.929,2.422,3.5,180.7,3,0.529,86,1,,,,EBITDA 적자 -23억 / 부채비율 5793% (3년 5793%p↑) / 3년 순부채 +181억 vs EBITDA합 -23억 / 매출 1원 성장에 순부채 0.53원 / 현금/매출 1% / 런웨이 1개월
64.5,58.3,58.1,씨트라스해운(주),01464630,,false,운수·물류,창고·운송관련 서비스,REFI(롤오버형),307.6,-0.054,35,0.114,202.2,5.8,2.335,0.534,0.9,161.1,1.538,,59,,,,,순부채/EBITDA 5.8x / 부채비율 233% / 3년 순부채 +161억 vs EBITDA합 105억 / 유동비율 53% / 현금/매출 0%
64.4,51,71.1,태양금속,01029464,,false,도소매,도매·상품중개,TIGHT(유동성형),6200.2,0.102,292.9,0.047,1943.7,6.6,3.788,0.858,78.1,24.3,0.025,0.015,31,,,,,순부채/EBITDA 6.6x / 부채비율 379% / 3년 순부채 +24억 vs EBITDA합 973억 / 유동비율 86% / 현금/매출 1% / 현금 2년 연속 감소
64.4,63.7,72.9,잉크테크,00261656,049550,true,제조업,화학물질·화학제품,WC_BURN(운전자본형),739.4,0.103,57.7,0.078,543.1,9.4,1.093,1.337,29.1,361.5,1.697,1.926,121,,PRE_SIGNAL,,,순부채/EBITDA 9.4x / EBITDA마진 14%→8% / 3년 순부채 +362억 vs EBITDA합 213억 / 매출 1원 성장에 순부채 1.93원 / 현금/매출 4%
64.4,50.8,96.5,원익QnC,00468374,074600,true,제조업,비금속 광물제품,WC_BURN(운전자본형),8915.4,0.126,1603.2,0.18,7304.7,4.6,1.696,1.01,440.3,5138.8,1.065,1.922,1624,,IN_MOTION,2025-10-22,유상증자결정(종속회사의주요경영사항)              ,"순부채/EBITDA 4.6x / EBITDA마진 21%→18% / 3년 순부채 +5,139억 vs EBITDA합 4,824억 / 매출 1원 성장에 순부채 1.92원 / 유동비율 101% / 현금/매출 5% / 현금 2년 연속 감소"
64.4,67.7,65.6,에코앤드림,00619640,101360,true,제조업,화학물질·화학제품,WC_BURN(운전자본형),1049,0.106,45.3,0.043,1410.4,31.1,0.831,0.906,57,1597.3,19.654,5.817,578,21,PRE_SIGNAL,,,"순부채/EBITDA 31.1x / 3년 순부채 +1,597억 vs EBITDA합 81억 / 매출 1원 성장에 순부채 5.82원 / 유동비율 91% / 현금 2년 연속 감소 / 런웨이 21개월"
64.4,70.7,35,농업회사법인(주)제일팜스,01136047,,false,농림어업,농업,DISTRESS(구조조정형),709.3,,-64.4,-0.091,150.9,,17.264,4.401,18.1,150.9,3,0.213,79,3,,,,EBITDA 적자 -64억 / 부채비율 1726% (3년 1726%p↑) / 3년 순부채 +151억 vs EBITDA합 -139억 / 현금/매출 3% / 영업적자 2/3년 / 런웨이 3개월
64.4,66.4,42.8,강남건설(주),00370884,,false,건설업,전문직별 공사,REFI(롤오버형),529.9,0.016,8.7,0.016,78.7,9.1,2.474,1.326,15.6,42.5,1.839,1.719,15,,,,,순부채/EBITDA 9.1x / 부채비율 247% (3년 58%p↑) / 3년 순부채 +43억 vs EBITDA합 23억 / 매출 1원 성장에 순부채 1.72원 / 현금/매출 3%
64.4,49.3,74.3,(주)듀링,00363750,,false,제조업,자동차·트레일러,TIGHT(유동성형),1437.3,-0.027,168.8,0.118,493,2.9,2.337,0.699,11.4,364.2,0.818,,117,,,,,부채비율 234% (3년 77%p↑) / 3년 순부채 +364억 vs EBITDA합 445억 / 유동비율 70% / 현금/매출 1% / 현금 2년 연속 감소
64.4,44.8,82.6,벡스인터코퍼레이션(주),00535180,,false,제조업,화학물질·화학제품,WC_BURN(운전자본형),556,0.128,54.5,0.098,200,3.7,0.506,0.847,46.5,200.3,1.291,1.191,42,,,,,순부채/EBITDA 3.7x / 3년 순부채 +200억 vs EBITDA합 155억 / 매출 1원 성장에 순부채 1.19원 / 유동비율 85%
64.4,65.2,45,한국광유(주),00550268,,false,도소매,도매·상품중개,REFI(롤오버형),1014.4,-0.035,18.6,0.018,290.2,15.6,0.999,0.212,0.7,118.1,2.928,,42,,,,,순부채/EBITDA 15.6x / 3년 순부채 +118억 vs EBITDA합 40억 / 유동비율 21% / 현금/매출 0%
64.4,61.1,52.7,(주)금아스틸,00623500,,false,제조업,1차 금속,REFI(롤오버형),1486,-0.075,67.8,0.046,613.4,9.1,1.998,0.373,5,113.9,0.524,,37,,,,,순부채/EBITDA 9.1x / 3년 순부채 +114억 vs EBITDA합 218억 / 유동비율 37% / 현금/매출 0% / 현금 2년 연속 감소
64.4,48.3,76.2,(주)드림아스콘,00806963,,false,제조업,비금속 광물제품,WC_BURN(운전자본형),389,0.09,66.3,0.17,292,4.4,2.247,0.398,9.8,233.4,1.153,2.629,94,,,,,순부채/EBITDA 4.4x / 부채비율 225% / 3년 순부채 +233억 vs EBITDA합 202억 / 매출 1원 성장에 순부채 2.63원 / 유동비율 40% / 현금/매출 3%
64.4,58.9,56.8,(주)훼밀리팜,00916172,,false,도소매,도매·상품중개,REFI(롤오버형),2946.9,0.06,31.5,0.011,261,8.3,2.625,0.914,13.9,96.6,0.961,0.203,37,,,,,순부채/EBITDA 8.3x / 부채비율 262% / 3년 순부채 +97억 vs EBITDA합 101억 / 유동비율 91% / 현금/매출 0% / 현금 2년 연속 감소
64.4,52.2,68.9,고젠코리아(주),01304532,,false,제조업,식료품 제조,GROWTH(성장자금형),430.5,0.27,28.5,0.066,134.8,4.7,4.57,0.954,14.1,60.9,0.784,0.276,17,,,,,순부채/EBITDA 4.7x / 부채비율 457% (3년 85%p↑) / EBITDA마진 9%→7% / 3년 순부채 +61억 vs EBITDA합 78억 / 유동비율 95% / 현금/매출 3%
64.4,80.9,16.5,에어로케이항공(주),01298550,,false,운수·물류,창고·운송관련 서비스,DISTRESS(구조조정형),1422.4,2.035,-185.5,-0.13,946.7,,-2.65,0.118,28.7,857.1,3,0.625,1190,1,,,,EBITDA 적자 -185억 / 자본잠식 / 3년 순부채 +857억 vs EBITDA합 -453억 / 매출 1원 성장에 순부채 0.62원 / 유동비율 12% / 현금/매출 2% / 영업적자 3/3년 / 런웨이 1개월
64.4,40.3,90.7,(주)에스쓰리알,01478873,,false,전기·가스·환경,폐기물 처리·자원재생,WC_BURN(운전자본형),634.3,0.202,72.3,0.114,320.3,4.4,2.789,1.091,21.2,145.1,0.754,0.539,54,,,,,순부채/EBITDA 4.4x / 부채비율 279% / 3년 순부채 +145억 vs EBITDA합 192억 / 매출 1원 성장에 순부채 0.54원 / 유동비율 109% / 현금/매출 3%
64.3,68.9,63.1,씨티알모빌리티,00450010,308170,true,제조업,자동차·트레일러,REFI(롤오버형),4322.7,0.055,188.3,0.044,1472.6,7.8,3.141,0.594,19.7,371,0.737,0.581,122,,IN_MOTION,2025-03-14,[기재정정]주요사항보고서(전환사채권발행결정),순부채/EBITDA 7.8x / 부채비율 314% (3년 130%p↑) / 3년 순부채 +371억 vs EBITDA합 503억 / 매출 1원 성장에 순부채 0.58원 / 유동비율 59% / 현금/매출 0% / 현금 2년 연속 감소
64.3,64.4,46.3,(주)위드모바일,01690730,,false,도소매,소매(자동차 제외),DISTRESS(구조조정형),561,0.074,-31.5,-0.056,61.6,,6.296,1.142,18.1,-37.3,-2.083,-0.344,5,6,,,,EBITDA 적자 -32억 / 부채비율 630% (3년 232%p↑) / EBITDA마진 5%→-6% / 유동비율 114% / 현금/매출 3% / 런웨이 6개월
64.3,64.5,46.2,(주)사이언스,01614758,,false,제조업,고무·플라스틱제품,REFI(롤오버형),428.9,,28.2,0.066,373.6,13.3,1.027,0.618,26.3,373.6,25.472,0.871,110,,,,,순부채/EBITDA 13.3x / 3년 순부채 +374억 vs EBITDA합 15억 / 매출 1원 성장에 순부채 0.87원 / 유동비율 62% / 영업적자 2/3년
64.3,40.2,90.6,에이치디씨리조트(주),00196370,,false,숙박·음식,숙박업,WC_BURN(운전자본형),1307.9,0.086,487.7,0.373,1355.8,2.8,2.529,0.02,2.5,647.8,0.434,2.258,238,,,,,"부채비율 253% / 3년 순부채 +648억 vs EBITDA합 1,494억 / 매출 1원 성장에 순부채 2.26원 / 유동비율 2% / 현금/매출 0% / 현금 2년 연속 감소"
64.3,43.2,85,정림개발(주),00368621,,false,숙박·음식,숙박업,WC_BURN(운전자본형),356.7,0.176,47.7,0.134,660.1,13.8,0.914,0.051,1.9,74.6,0.581,0.542,29,,,,,순부채/EBITDA 13.8x / 3년 순부채 +75억 vs EBITDA합 129억 / 매출 1원 성장에 순부채 0.54원 / 유동비율 5% / 현금/매출 1%
64.3,51.5,70,(주)태양전기,00570712,,false,제조업,전기장비,TIGHT(유동성형),529.2,0.078,42.7,0.081,311.9,7.3,3.155,0.454,5.4,49.8,0.391,0.469,18,,,,,순부채/EBITDA 7.3x / 부채비율 315% / 3년 순부채 +50억 vs EBITDA합 127억 / 유동비율 45% / 현금/매출 1%
64.3,73.2,30,(주)신오케미칼,00812760,,false,제조업,화학물질·화학제품,REFI(롤오버형),415.3,-0.054,6.6,0.016,178.5,27.1,1.373,0.483,10.7,90.9,2.492,,32,40,,,,순부채/EBITDA 27.1x / 3년 순부채 +91억 vs EBITDA합 36억 / 유동비율 48% / 현금/매출 3% / 현금 2년 연속 감소
64.3,54.8,63.9,(주)크로버,00911238,,false,제조업,기타 기계·장비,REFI(롤오버형),426,0.006,61.2,0.144,436.5,7.1,1.61,3.051,33.5,572,3.777,70.462,185,,,,,순부채/EBITDA 7.1x / 3년 순부채 +572억 vs EBITDA합 151억 / 매출 1원 성장에 순부채 70.46원 / 현금 2년 연속 감소
64.3,62.4,49.8,(주)에이이엠모빌리티,00916215,,false,제조업,자동차·트레일러,WC_BURN(운전자본형),308.8,0.073,12.5,0.041,205.4,16.4,2.123,1.371,16.9,101.2,1.609,1.729,42,,,,,순부채/EBITDA 16.4x / 부채비율 212% / EBITDA마진 7%→4% / 3년 순부채 +101억 vs EBITDA합 63억 / 매출 1원 성장에 순부채 1.73원
64.3,81.1,15.5,농업회사법인(주)팜스월드,01146691,,false,농림어업,농업,DISTRESS(구조조정형),1709.1,0.091,35,0.021,1496.4,42.8,-7.548,0.58,5.9,568.3,3,1.44,156,1,,,,순부채/EBITDA 42.8x / 자본잠식 / 3년 순부채 +568억 vs EBITDA합 -214억 / 매출 1원 성장에 순부채 1.44원 / 유동비율 58% / 현금/매출 0% / 영업적자 2/3년 / 런웨이 1개월
64.3,56.9,60,아이피엑스(주),01149625,,false,도소매,소매(자동차 제외),WC_BURN(운전자본형),1107.2,0.155,-333.4,-0.301,-462.9,,1.181,3.018,507.8,259.8,3,0.667,0,18,,,,EBITDA 적자 -333억 / EBITDA마진 -3%→-30% / 3년 순부채 +260억 vs EBITDA합 -244억 / 매출 1원 성장에 순부채 0.67원 / 현금 2년 연속 감소 / 영업적자 2/3년 / 런웨이 18개월
64.3,65.2,44.7,(주)페이퍼익스프레스,01299692,,false,도소매,도매·상품중개,REFI(롤오버형),354.5,0.066,15.3,0.043,78.4,5.1,3.7,1.057,9.1,35.5,2.144,0.57,11,,,,,순부채/EBITDA 5.1x / 부채비율 370% (3년 101%p↑) / 3년 순부채 +35억 vs EBITDA합 17억 / 매출 1원 성장에 순부채 0.57원 / 유동비율 106% / 현금/매출 3%
64.3,69.1,37.5,한일크린에너지(주),01716913,,false,도소매,도매·상품중개,REFI(롤오버형),417.9,,3.1,0.008,43.9,14,2.015,0.732,3.8,43.9,2.758,0.105,14,,,,,순부채/EBITDA 14.0x / 부채비율 202% (3년 202%p↑) / 3년 순부채 +44억 vs EBITDA합 16억 / 유동비율 73% / 현금/매출 1%
64.3,68.1,39.5,(주)글로벌하베스트,01864292,,false,도소매,도매·상품중개,REFI(롤오버형),449.4,,12,0.027,89.2,7.4,19.002,1.139,6.4,89.2,6.256,0.198,30,,,,,순부채/EBITDA 7.4x / 부채비율 1900% (3년 1900%p↑) / 3년 순부채 +89억 vs EBITDA합 14억 / 유동비율 114% / 현금/매출 1%
64.2,85.4,32.5,덕산테코피아,01021666,317330,true,제조업,화학물질·화학제품,DISTRESS(구조조정형),996.9,-0.039,-85.9,-0.086,1353.9,,2.222,0.513,202.5,1562.8,6.582,,364,15,PRE_SIGNAL,,,"EBITDA 적자 -86억 / 부채비율 222% (3년 181%p↑) / EBITDA마진 20%→-9% / 3년 순부채 +1,563억 vs EBITDA합 237억 / 유동비율 51% / 현금 2년 연속 감소 / 영업적자 2/3년 / 런웨이 15개월"
64.2,67.6,65,블루엠텍,01559637,439580,true,도소매,도매·상품중개,DISTRESS(구조조정형),1332.9,0.37,-50.7,-0.038,262.1,,1.454,0.85,156.5,197.4,3,0.242,2,29,RECENTLY_FUNDED,2026-06-26,주요사항보고서(신주인수권부사채권발행결정),EBITDA 적자 -51억 / EBITDA마진 -0%→-4% / 3년 순부채 +197억 vs EBITDA합 -18억 / 유동비율 85%
64.2,78.6,20,경북코일센타(주),00603612,,false,제조업,금속가공제품,DISTRESS(구조조정형),422.1,-0.028,-1.1,-0.003,99.3,,2.48,0.81,3.4,16.5,5.818,,5,6,,,,EBITDA 적자 -1억 / 부채비율 248% / 3년 순부채 +16억 vs EBITDA합 3억 / 유동비율 81% / 현금/매출 1% / 영업적자 2/3년 / 런웨이 6개월
64.2,57.3,59,(주)엘케이마끼다총판,00911751,,false,도소매,도매·상품중개,REFI(롤오버형),621.2,-0.091,56.9,0.092,475.3,8.3,0.791,14.43,49.7,642.6,2.051,,201,,,,,순부채/EBITDA 8.3x / EBITDA마진 18%→9% / 3년 순부채 +643억 vs EBITDA합 313억
64.2,63.5,47.5,(주)진원무역,01016877,,false,도소매,도매·상품중개,DISTRESS(구조조정형),1698.1,0.065,-9.4,-0.005,65.5,,26.599,0.964,1.3,-33.5,0,-0.115,16,1,,,,EBITDA 적자 -9억 / 부채비율 2660% (3년 6732%p↑) / 유동비율 96% / 현금/매출 0% / 영업적자 2/3년 / 런웨이 1개월
64.2,43.8,83.7,(주)베리콤,01131723,,false,제조업,의료용물질·의약품,WC_BURN(운전자본형),315.9,0.141,58.4,0.185,81.8,1.4,1.692,1.1,18.8,177.4,0.883,1.717,68,,,,,EBITDA마진 24%→18% / 3년 순부채 +177억 vs EBITDA합 201억 / 매출 1원 성장에 순부채 1.72원 / 유동비율 110%
64.2,75.7,25.1,탑앤탑미트(주),01468052,,false,도소매,도매·상품중개,REFI(롤오버형),480.2,-0.019,4.1,0.009,38,9.2,2.975,1.137,28.2,16.3,3,,0,,,,,순부채/EBITDA 9.2x / 부채비율 298% (3년 153%p↑) / 3년 순부채 +16억 vs EBITDA합 -2억 / 유동비율 114%
64.2,57.3,59.1,(주)클리어디스플레이,01556205,,false,도소매,도매·상품중개,REFI(롤오버형),327.5,0.067,24.4,0.075,165.7,6.8,1.636,0.866,28.3,73.9,0.808,1.284,16,,,,,순부채/EBITDA 6.8x / EBITDA마진 11%→7% / 3년 순부채 +74억 vs EBITDA합 92억 / 매출 1원 성장에 순부채 1.28원 / 유동비율 87%
64.1,67.5,65,엔켐,01011526,348370,true,제조업,화학물질·화학제품,DISTRESS(구조조정형),3657.1,0.195,-457.7,-0.125,1154,,1.414,0.701,1020.4,933.5,3,0.617,0,23,IN_MOTION,2026-02-02,[기재정정]주요사항보고서(전환사채권발행결정),EBITDA 적자 -458억 / EBITDA마진 -1%→-13% / 3년 순부채 +934억 vs EBITDA합 -96억 / 매출 1원 성장에 순부채 0.62원 / 유동비율 70% / 런웨이 23개월
64.1,54.3,64.1,(주)에이씨엠리서치코리아,01645095,,false,제조업,기타 기계·장비,TIGHT(유동성형),705.5,0.437,17.9,0.025,12.4,0.7,6.62,0.794,7.6,80,1.011,0.171,34,,,,,부채비율 662% / 3년 순부채 +80억 vs EBITDA합 79억 / 유동비율 79% / 현금/매출 1% / 현금 2년 연속 감소 / 영업적자 2/3년
64.1,63.2,47.9,(주)서림유통,01630020,,false,도소매,소매(자동차 제외),REFI(롤오버형),695,,32.2,0.046,147,4.6,5.325,0.295,13,147,6.493,0.212,45,,,,,순부채/EBITDA 4.6x / 부채비율 532% (3년 532%p↑) / 3년 순부채 +147억 vs EBITDA합 23억 / 유동비율 29% / 현금/매출 2%
64.1,62,49.9,(주)행성사,00164371,,false,제조업,전기장비,REFI(롤오버형),1118.7,0.013,15.8,0.014,120.2,7.6,0.215,2.857,39.1,238.8,2.602,5.475,81,,,,,순부채/EBITDA 7.6x / 3년 순부채 +239억 vs EBITDA합 92억 / 매출 1원 성장에 순부채 5.48원 / 현금/매출 3% / 현금 2년 연속 감소
64.1,53.4,65.6,(주)크린랩,00171140,,false,제조업,고무·플라스틱제품,REFI(롤오버형),1391.7,0.022,94.5,0.068,448.7,4.7,1.924,0.766,121,249.2,1.027,2.787,8,,,,,순부채/EBITDA 4.7x / 3년 순부채 +249억 vs EBITDA합 243억 / 매출 1원 성장에 순부채 2.79원 / 유동비율 77%
64.1,36.6,96.5,카이스(주),00157113,,false,제조업,자동차·트레일러,WC_BURN(운전자본형),1842.3,0.204,199.7,0.108,333.5,1.7,1.466,0.581,96.5,524.9,0.977,0.667,180,,,,,3년 순부채 +525억 vs EBITDA합 537억 / 매출 1원 성장에 순부채 0.67원 / 유동비율 58%
64.1,59.8,54.1,(주)하이랜드푸드,00668220,,false,도소매,도매·상품중개,REFI(롤오버형),8783.6,0.037,196.1,0.022,1272.3,6.5,1.492,1.288,166.8,981.7,1.009,1.081,274,,,,,순부채/EBITDA 6.5x / EBITDA마진 6%→2% / 3년 순부채 +982억 vs EBITDA합 973억 / 매출 1원 성장에 순부채 1.08원 / 현금/매출 2%
64.1,64.8,45,일등라이스(주),00865373,,false,도소매,도매·상품중개,REFI(롤오버형),1043.8,-0.089,13.1,0.013,186.8,14.2,2.15,2.042,10.2,90.2,2.073,,28,,,,,순부채/EBITDA 14.2x / 부채비율 215% (3년 51%p↑) / 3년 순부채 +90억 vs EBITDA합 44억 / 현금/매출 1%
64.1,56.5,60,머티리얼즈파크(주),00874991,,false,제조업,화학물질·화학제품,REFI(롤오버형),467,-0.146,67.8,0.145,424.5,6.3,1.74,0.339,55.5,507.6,1.955,,138,,,,,순부채/EBITDA 6.3x / 3년 순부채 +508억 vs EBITDA합 260억 / 유동비율 34%
64.1,60.6,52.5,(주)효산개발,00689320,,false,건설업,종합 건설,DISTRESS(구조조정형),508.6,0.855,-15.6,-0.031,20.7,,13.874,1.008,0.1,-95.9,0,-0.224,224,0,,,,EBITDA 적자 -16억 / 부채비율 1387% (3년 750%p↑) / 유동비율 101% / 현금/매출 0% / 영업적자 2/3년 / 런웨이 0개월
64.1,68.9,37.5,(주)엘피스테크,01726239,,false,제조업,금속가공제품,REFI(롤오버형),372.7,,4.1,0.011,91.1,22.3,1.753,0.609,5.1,91.1,3.586,0.244,34,61,,,,순부채/EBITDA 22.3x / 3년 순부채 +91억 vs EBITDA합 25억 / 유동비율 61% / 현금/매출 1%
64.1,64.5,45.4,(주)케이팝머치,01761357,,false,도소매,도매·상품중개,REFI(롤오버형),379.4,,17.6,0.046,101.1,5.7,3.651,1.44,1.3,101.1,2.542,0.267,25,,,,,순부채/EBITDA 5.7x / 부채비율 365% (3년 365%p↑) / EBITDA마진 9%→5% / 3년 순부채 +101억 vs EBITDA합 40억 / 현금/매출 0%
64.1,74.2,27.5,(주)엘아이지홈앤밀,01808348,,false,숙박·음식,음식점·주점,DISTRESS(구조조정형),333.4,,-15.1,-0.045,35.9,,2.401,0.699,9,35.9,3,0.108,18,6,,,,EBITDA 적자 -15억 / 부채비율 240% (3년 240%p↑) / EBITDA마진 -2%→-5% / 3년 순부채 +36억 vs EBITDA합 -17억 / 유동비율 70% / 현금/매출 3% / 영업적자 2/3년 / 런웨이 6개월
64.1,83.9,9.8,넷마블에프앤씨(주),01291016,,false,정보통신,출판업,DISTRESS(구조조정형),1071,-0.002,-42.4,-0.04,461.5,,-18.881,0.328,94.8,1045.3,3,,132,17,,,,"EBITDA 적자 -42억 / 자본잠식 / 3년 순부채 +1,045억 vs EBITDA합 -959억 / 유동비율 33% / 현금 2년 연속 감소 / 영업적자 3/3년 / 런웨이 17개월"
64,79.4,17.9,(주)대저건설,00112271,,false,건설업,종합 건설,DISTRESS(구조조정형),2813,0.147,-532.5,-0.189,218.7,,-11.987,0.833,34.5,104.4,3,0.11,305,1,,,,EBITDA 적자 -533억 / 자본잠식 / EBITDA마진 1%→-19% / 3년 순부채 +104억 vs EBITDA합 -498억 / 유동비율 83% / 현금/매출 1% / 영업적자 2/3년 / 런웨이 1개월
64,64.4,45.3,(주)원태,00216346,,false,제조업,기타 기계·장비,REFI(롤오버형),451.4,0.058,22.3,0.049,323.2,14.5,1.544,0.929,36.3,108,3.412,1.538,16,,,,,순부채/EBITDA 14.5x / 3년 순부채 +108억 vs EBITDA합 32억 / 매출 1원 성장에 순부채 1.54원 / 유동비율 93%
64,84.9,7.8,악조노벨분체도료,00431510,,false,제조업,화학물질·화학제품,DISTRESS(구조조정형),581.2,0.004,-36.8,-0.063,54.1,,-23.352,0.694,25.9,101.4,3,16.503,32,8,,,,EBITDA 적자 -37억 / 자본잠식 / 3년 순부채 +101억 vs EBITDA합 -110억 / 매출 1원 성장에 순부채 16.50원 / 유동비율 69% / 현금/매출 4% / 영업적자 3/3년 / 런웨이 8개월
64,45.2,80.6,이든텍(주),00523219,,false,제조업,자동차·트레일러,TIGHT(유동성형),591.9,0.295,47.6,0.08,254,5.3,2.289,0.538,0.6,-14.6,-0.121,-0.046,0,,,,,순부채/EBITDA 5.3x / 부채비율 229% / EBITDA마진 11%→8% / 유동비율 54% / 현금/매출 0% / 현금 2년 연속 감소
64,56.3,60,(주)한강이앰피,00926948,,false,전기·가스·환경,폐기물 처리·자원재생,REFI(롤오버형),767.3,0.045,48.5,0.063,366.3,7.6,1.331,0.793,34,106.3,0.562,1.123,23,,,,,순부채/EBITDA 7.6x / EBITDA마진 10%→6% / 3년 순부채 +106억 vs EBITDA합 189억 / 매출 1원 성장에 순부채 1.12원 / 유동비율 79% / 현금/매출 4%
64,50.2,71.2,(주)대진기계,00920616,,false,제조업,의료·정밀·광학기기,GROWTH(성장자금형),548.1,0.134,31.1,0.057,324.6,10.4,3.874,1.335,51.7,71.4,0.587,0.415,0,,,,,순부채/EBITDA 10.4x / 부채비율 387% / EBITDA마진 10%→6% / 3년 순부채 +71억 vs EBITDA합 122억
64,84.2,8.8,(주)리씽크,01508350,,false,도소매,도매·상품중개,DISTRESS(구조조정형),363.2,0.042,-21.9,-0.06,108.7,,-233.02,0.546,0.2,10.1,3,0.238,18,0,,,,EBITDA 적자 -22억 / 자본잠식 / EBITDA마진 -1%→-6% / 3년 순부채 +10억 vs EBITDA합 -35억 / 유동비율 55% / 현금/매출 0% / 현금 2년 연속 감소 / 영업적자 2/3년 / 런웨이 0개월
64,69.3,36.2,(주)쿱스토어광주,01457029,,false,도소매,도매·상품중개,REFI(롤오버형),462.5,0.009,12.1,0.026,97.5,8.1,1.816,1.051,0.8,72.8,3.176,5.783,23,,,,,순부채/EBITDA 8.1x / 3년 순부채 +73억 vs EBITDA합 23억 / 매출 1원 성장에 순부채 5.78원 / 유동비율 105% / 현금/매출 0%
64,74.1,27.5,커피몰,01732328,,false,도소매,도매·상품중개,DISTRESS(구조조정형),430.8,,0,0,46.4,,3.278,1.076,2.1,46.4,6.462,0.108,16,10,,,,EBITDA 적자 -0억 / 부채비율 328% (3년 328%p↑) / 3년 순부채 +46억 vs EBITDA합 7억 / 유동비율 108% / 현금/매출 0% / 영업적자 2/3년 / 런웨이 10개월
64,59.6,54.2,(주)엠코중앙,01743096,,false,도소매,소매(자동차 제외),REFI(롤오버형),312.6,,23.7,0.076,133.4,5.6,2.188,0.33,11.8,133.4,1.785,0.427,48,,,,,순부채/EBITDA 5.6x / 부채비율 219% (3년 219%p↑) / 3년 순부채 +133억 vs EBITDA합 75억 / 유동비율 33% / 현금/매출 4%
64,68.6,37.5,(주)다인푸드시스템,01787920,,false,도소매,도매·상품중개,REFI(롤오버형),436,,0.6,0.001,15.4,26.8,4.312,1.202,11.6,15.4,1.998,0.035,4,397,,,,순부채/EBITDA 26.8x / 부채비율 431% (3년 431%p↑) / 3년 순부채 +15억 vs EBITDA합 8억 / 현금/매출 3%
63.9,86.1,30,휴비스,00362238,079980,true,제조업,화학물질·화학제품,DISTRESS(구조조정형),9394.3,-0.046,-38.1,-0.004,3590.1,,2.257,0.719,141.7,2172.1,3,,561,7,IN_MOTION,2025-10-29,유상증자결정(종속회사의주요경영사항)              ,"EBITDA 적자 -38억 / 부채비율 226% (3년 145%p↑) / 3년 순부채 +2,172억 vs EBITDA합 -664억 / 유동비율 72% / 현금/매출 2% / 현금 2년 연속 감소 / 영업적자 3/3년 / 런웨이 7개월"
63.9,70.2,59.3,씨엔플러스,00660033,115530,true,제조업,전자부품·컴퓨터·통신장비,WC_BURN(운전자본형),474.9,0.145,17.4,0.037,166.7,9.6,4.215,1.118,79.5,127,1.756,0.8,0,,RECENTLY_FUNDED,2026-07-29,[기재정정]주요사항보고서(전환사채권발행결정),순부채/EBITDA 9.6x / 부채비율 422% (3년 289%p↑) / EBITDA마진 6%→4% / 3년 순부채 +127억 vs EBITDA합 72억 / 매출 1원 성장에 순부채 0.80원 / 유동비율 112%
63.9,62.1,49.2,(주)을지공조시스템,01649879,,false,도소매,도매·상품중개,REFI(롤오버형),695.3,0.045,18.8,0.027,148.5,7.9,1.688,1.448,3,100.5,1.613,1.161,36,,,,,순부채/EBITDA 7.9x / 3년 순부채 +101억 vs EBITDA합 62억 / 매출 1원 성장에 순부채 1.16원 / 현금/매출 0%
63.9,71.1,32.5,성림엔에스티(주),01680308,,false,도소매,소매(자동차 제외),REFI(롤오버형),444.5,,4.5,0.01,51.6,11.5,6.009,1.2,1.5,51.6,7.623,0.116,18,,,,,순부채/EBITDA 11.5x / 부채비율 601% (3년 601%p↑) / 3년 순부채 +52억 vs EBITDA합 7억 / 현금/매출 0%
63.9,68.4,37.5,고기연구소(주),01659034,,false,도소매,도매·상품중개,REFI(롤오버형),551.1,-0.115,2.9,0.005,26.3,9,2.42,1.55,7.8,22.1,2.355,,8,,,,,순부채/EBITDA 9.0x / 부채비율 242% (3년 117%p↑) / 3년 순부채 +22억 vs EBITDA합 9억 / 현금/매출 1%
63.9,64.1,45.4,(주)메가마트,00108250,,false,도소매,소매(자동차 제외),REFI(롤오버형),3867.7,-0.085,82.4,0.021,2336.7,28.4,1.974,0.413,131.3,200.8,0.613,,84,34,,,,순부채/EBITDA 28.4x / 3년 순부채 +201억 vs EBITDA합 327억 / 유동비율 41% / 현금/매출 3% / 영업적자 3/3년
63.9,41.8,86.2,에스엠인더스트리(주),00194460,,false,제조업,비금속 광물제품,TIGHT(유동성형),1613.4,0.1,158.8,0.098,1401.2,8.8,0.685,0.408,42.7,131,0.443,0.325,32,,,,,순부채/EBITDA 8.8x / 3년 순부채 +131억 vs EBITDA합 296억 / 유동비율 41% / 현금/매출 3%
63.9,65.3,43.4,(주)효림에이치에프,00188566,,false,제조업,금속가공제품,REFI(롤오버형),422.8,-0.042,27.3,0.065,363.3,13.3,1.938,0.4,18.3,180.6,2.269,,62,,,,,순부채/EBITDA 13.3x / 3년 순부채 +181억 vs EBITDA합 80억 / 유동비율 40% / 현금/매출 4%
63.9,68.7,37.2,주원테크(주),01016451,,false,제조업,고무·플라스틱제품,REFI(롤오버형),369.8,0.023,8.5,0.023,242,28.6,1.069,1.092,9.4,166,3.291,6.745,59,19,,,,순부채/EBITDA 28.6x / EBITDA마진 5%→2% / 3년 순부채 +166억 vs EBITDA합 50억 / 매출 1원 성장에 순부채 6.74원 / 유동비율 109% / 현금/매출 3% / 현금 2년 연속 감소 / 런웨이 19개월
63.9,58.7,55.4,(주)엠에프지코리아,01048432,,false,숙박·음식,음식점·주점,REFI(롤오버형),1057.2,0.051,18.8,0.018,168.5,9,4.148,1.013,151,-1.7,-0.005,-0.012,0,,,,,순부채/EBITDA 9.0x / 부채비율 415% (3년 203%p↑) / EBITDA마진 12%→2% / 유동비율 101%
63.9,65.1,43.5,범진시엔엘(주),01125458,,false,제조업,전자부품·컴퓨터·통신장비,TIGHT(유동성형),502.8,0.014,20.2,0.04,-5.1,-0.3,5.287,0.92,9.6,16.7,3.835,0.843,0,,,,,부채비율 529% (3년 309%p↑) / 3년 순부채 +17억 vs EBITDA합 4억 / 매출 1원 성장에 순부채 0.84원 / 유동비율 92% / 현금/매출 2% / 현금 2년 연속 감소
63.9,51.3,69,성림글로벌(주),01078840,,false,도소매,도매·상품중개,GROWTH(성장자금형),578.7,0.124,31.5,0.055,246.3,7.8,4.304,0.729,52.8,18,0.178,0.105,0,,,,,순부채/EBITDA 7.8x / 부채비율 430% (3년 112%p↑) / 3년 순부채 +18억 vs EBITDA합 102억 / 유동비율 73%
63.9,84.4,8.2,워너비데이터(주),01745207,,false,정보통신,정보서비스,DISTRESS(구조조정형),423.2,,-1562.3,-2,391.3,,-1.47,0.047,3.7,391.3,3,0.925,,0,,,,"EBITDA 적자 -1,562억 / 자본잠식 / 3년 순부채 +391억 vs EBITDA합 -2,167억 / 매출 1원 성장에 순부채 0.92원 / 유동비율 5% / 현금/매출 1% / 영업적자 2/3년 / 런웨이 0개월"
63.8,88.6,25.1,심텍홀딩스,00152127,036710,true,전문·과학·기술,전문서비스업,DISTRESS(구조조정형),13021.1,-0.016,-239.5,-0.018,5165.7,,4.273,0.467,1391.1,4366.1,1.678,,671,32,RECENTLY_FUNDED,2026-04-10,주요사항보고서(교환사채권발행결정),"EBITDA 적자 -240억 / 부채비율 427% (3년 316%p↑) / EBITDA마진 10%→-2% / 3년 순부채 +4,366억 vs EBITDA합 2,602억 / 유동비율 47% / 영업적자 2/3년"
63.8,85.5,31,풍원정밀,00417167,371950,true,제조업,전자부품·컴퓨터·통신장비,DISTRESS(구조조정형),492.6,0.055,-77.3,-0.157,314.9,,2.504,0.577,23.7,190.8,3,2.61,56,3,IN_MOTION,2025-06-26,[기재정정]주요사항보고서(유상증자결정),EBITDA 적자 -77억 / 부채비율 250% (3년 119%p↑) / EBITDA마진 -1%→-16% / 3년 순부채 +191억 vs EBITDA합 -155억 / 매출 1원 성장에 순부채 2.61원 / 유동비율 58% / 현금/매출 5% / 영업적자 2/3년 / 런웨이 3개월
63.8,73.8,52.5,파인엠텍,01686755,441270,true,제조업,전자부품·컴퓨터·통신장비,REFI(롤오버형),3821.7,,45.1,0.012,981.7,21.8,1.03,0.663,156.7,981.7,2.125,0.257,280,210,RECENTLY_FUNDED,2026-05-21,주요사항보고서(전환사채권발행결정),순부채/EBITDA 21.8x / EBITDA마진 8%→1% / 3년 순부채 +982억 vs EBITDA합 462억 / 유동비율 66% / 현금/매출 4% / 현금 2년 연속 감소
63.8,70.9,32.6,(주)소디프비앤에프,00217451,,false,제조업,식료품 제조,DISTRESS(구조조정형),369.4,0.012,17,0.046,275.7,16.2,2.058,0.229,4.7,39.5,3,2.989,9,,,,,순부채/EBITDA 16.2x / 부채비율 206% / 3년 순부채 +40억 vs EBITDA합 -14억 / 매출 1원 성장에 순부채 2.99원 / 유동비율 23% / 현금/매출 1% / 영업적자 2/3년
63.8,45.8,78.6,(주)천경,01332890,,false,건설업,종합 건설,WC_BURN(운전자본형),342.3,0.106,77.5,0.226,661.2,8.5,0.472,1.048,132,387.8,1.642,4.336,46,,,,,순부채/EBITDA 8.5x / 3년 순부채 +388억 vs EBITDA합 236억 / 매출 1원 성장에 순부채 4.34원 / 유동비율 105%
63.8,51.7,67.9,(주)가나스틸,00484886,,false,도소매,도매·상품중개,WC_BURN(운전자본형),578,0.116,31.8,0.055,352.3,11.1,0.947,2.741,6.5,144.8,1.012,0.896,59,,,,,순부채/EBITDA 11.1x / EBITDA마진 9%→6% / 3년 순부채 +145억 vs EBITDA합 143억 / 매출 1원 성장에 순부채 0.90원 / 현금/매출 1%
63.8,58.5,55.5,(주)하이시스이엔지,00624013,,false,제조업,금속가공제품,WC_BURN(운전자본형),575,0.085,16.5,0.029,147.7,9,1.3,1.367,11.4,86.5,1.779,0.693,32,,,,,순부채/EBITDA 9.0x / 3년 순부채 +86억 vs EBITDA합 49억 / 매출 1원 성장에 순부채 0.69원 / 현금/매출 2%
63.8,76.4,22.5,성창기업(주),00699521,,false,제조업,목재·나무제품 제조,DISTRESS(구조조정형),645.8,-0.03,-2.7,-0.004,574.1,,0.383,0.334,13,177,3,,72,5,,,,EBITDA 적자 -3억 / 3년 순부채 +177억 vs EBITDA합 -243억 / 유동비율 33% / 현금/매출 2% / 현금 2년 연속 감소 / 영업적자 3/3년 / 런웨이 5개월
63.8,91.9,19.3,대선조선(주),00110307,031990,true,제조업,기타 운송장비,DISTRESS(구조조정형),3225.1,0.168,-21.2,-0.007,2895.8,,160.684,0.385,57,1713.5,3,1.43,639,4,RECENTLY_FUNDED,2026-07-31,주요사항보고서(유상증자결정),"EBITDA 적자 -21억 / 부채비율 16068% (3년 15853%p↑) / 3년 순부채 +1,714억 vs EBITDA합 -1,841억 / 매출 1원 성장에 순부채 1.43원 / 유동비율 38% / 현금/매출 2% / 현금 2년 연속 감소 / 영업적자 3/3년 / 런웨이 4개월"
63.8,56,60.1,(주)골드앤드실버,01085752,,false,제조업,기타 제품 제조,TIGHT(유동성형),1668.3,0.082,31,0.019,147.9,4.8,2.626,0.506,1,76.6,1.321,0.217,24,,,,,순부채/EBITDA 4.8x / 부채비율 263% (3년 108%p↑) / 3년 순부채 +77억 vs EBITDA합 58억 / 유동비율 51% / 현금/매출 0%
63.8,71.1,32.3,한양식품(주),01468113,,false,제조업,식료품 제조,REFI(롤오버형),414.5,-0.004,4.2,0.01,95,22.5,27.04,0.72,31.6,35.9,2.522,,1,268,,,,순부채/EBITDA 22.5x / 부채비율 2704% / 3년 순부채 +36억 vs EBITDA합 14억 / 유동비율 72%
63.8,63.5,46.4,(주)한울맘,01780024,,false,도소매,도매·상품중개,REFI(롤오버형),652,,16,0.025,103.5,6.5,3.829,1.163,9.7,103.5,2.464,0.159,37,,,,,순부채/EBITDA 6.5x / 부채비율 383% (3년 383%p↑) / 3년 순부채 +104억 vs EBITDA합 42억 / 유동비율 116% / 현금/매출 1%
63.7,66.7,65,이렘,00116426,009730,true,제조업,1차 금속,WC_BURN(운전자본형),1098.3,0.34,-16.5,-0.015,475.5,,1.475,1.274,0.3,339.2,13.418,0.528,154,0,RECENTLY_FUNDED,2026-07-22,[기재정정]주요사항보고서(유상증자결정),EBITDA 적자 -17억 / EBITDA마진 3%→-2% / 3년 순부채 +339억 vs EBITDA합 25억 / 매출 1원 성장에 순부채 0.53원 / 현금/매출 0% / 런웨이 0개월
63.7,74.9,25,(주)진명스틸,01654561,,false,도소매,도매·상품중개,DISTRESS(구조조정형),393.2,-0.142,-1.1,-0.003,45.8,,2.623,0.809,0,24.1,1.271,,10,0,,,,EBITDA 적자 -1억 / 부채비율 262% / EBITDA마진 2%→-0% / 3년 순부채 +24억 vs EBITDA합 19억 / 유동비율 81% / 현금/매출 0% / 런웨이 0개월
63.7,69.1,35.7,(주)삼강금속,00124948,,false,제조업,1차 금속,REFI(롤오버형),468.2,-0.048,18.2,0.039,394.9,21.7,1.21,0.534,7.4,227,4.459,,76,14,,,,순부채/EBITDA 21.7x / 3년 순부채 +227억 vs EBITDA합 51억 / 유동비율 53% / 현금/매출 2% / 현금 2년 연속 감소 / 런웨이 14개월
63.7,74.9,25,신풍금속(주),00137322,,false,제조업,1차 금속,REFI(롤오버형),382.7,-0.052,3.7,0.01,129.2,35,2.327,1.333,7.7,46.6,5.32,,13,26,,,,순부채/EBITDA 35.0x / 부채비율 233% (3년 119%p↑) / 3년 순부채 +47억 vs EBITDA합 9억 / 현금/매출 2% / 현금 2년 연속 감소
63.7,56.4,58.8,(주)서연오토비전,00415202,,false,제조업,자동차·트레일러,TIGHT(유동성형),1612.1,0.074,21.4,0.013,196.4,9.2,3.539,0.558,1.4,-186.4,-1.301,-0.603,0,,,,,순부채/EBITDA 9.2x / 부채비율 354% / 유동비율 56% / 현금/매출 0%
63.7,42.5,84.5,(주)대일이노텍,00611064,,false,제조업,자동차·트레일러,GROWTH(성장자금형),1772.5,0.172,121.3,0.068,581.4,4.8,2.962,0.573,21.3,35.4,0.117,0.053,2,,,,,순부채/EBITDA 4.8x / 부채비율 296% / 3년 순부채 +35억 vs EBITDA합 302억 / 유동비율 57% / 현금/매출 1% / 현금 2년 연속 감소
63.7,75.1,24.5,(주)디비메탈,00652016,,false,제조업,1차 금속,DISTRESS(구조조정형),2002.5,-0.28,-35.6,-0.018,1348.2,,10.885,0.335,74.7,-1103,-0.916,,0,8,,,,EBITDA 적자 -36억 / 부채비율 1088% (3년 879%p↑) / EBITDA마진 13%→-2% / 유동비율 33% / 현금/매출 4% / 영업적자 2/3년 / 런웨이 8개월
63.7,71.5,31.4,한국신쇼(주),00769644,,false,도소매,도매·상품중개,REFI(롤오버형),365.4,-0.081,9,0.025,152.1,16.9,15.015,1.062,53.2,130.3,4.274,,7,558,,,,순부채/EBITDA 16.9x / 부채비율 1502% (3년 157%p↑) / 3년 순부채 +130억 vs EBITDA합 30억 / 유동비율 106%
63.7,37.3,93.8,오케이에프음료(주),00820909,,false,제조업,음료 제조,GROWTH(성장자금형),1465,0.128,161.2,0.11,817.7,5.1,2.126,0.281,25.9,122.9,0.262,0.276,25,,,,,순부채/EBITDA 5.1x / 부채비율 213% / 3년 순부채 +123억 vs EBITDA합 469억 / 유동비율 28% / 현금/매출 2%
63.7,41.8,85.6,(주)대원버스,00815396,,false,운수·물류,육상운송·파이프라인,GROWTH(성장자금형),1085.6,0.18,78.2,0.072,198.2,2.5,5.043,0.627,11.5,74.9,0.473,0.176,32,,,,,부채비율 504% / 3년 순부채 +75억 vs EBITDA합 158억 / 유동비율 63% / 현금/매출 1% / 영업적자 2/3년
63.7,68.3,37,대양프라텍(주),00814351,,false,제조업,고무·플라스틱제품,DISTRESS(구조조정형),525.2,0.007,20.2,0.039,135.9,6.7,2.366,0.885,11.4,17.5,3,1.586,1,,,,,순부채/EBITDA 6.7x / 부채비율 237% / 3년 순부채 +18억 vs EBITDA합 -8억 / 매출 1원 성장에 순부채 1.59원 / 유동비율 89% / 현금/매출 2% / 영업적자 2/3년
63.7,48.6,73.3,농업회사법인(주)다솔,00858285,,false,농림어업,농업,REFI(롤오버형),2488.9,0.001,258.4,0.104,1343.9,5.2,1.782,0.878,5.1,585.6,0.601,62.422,254,,,,,순부채/EBITDA 5.2x / 3년 순부채 +586억 vs EBITDA합 974억 / 매출 1원 성장에 순부채 62.42원 / 유동비율 88% / 현금/매출 0%
63.7,51.8,67.5,(주)정선골재,00927433,,false,제조업,비금속 광물제품,REFI(롤오버형),574.2,-0.05,163.7,0.285,1567.1,9.6,1.705,1.387,38.9,2053.6,4.432,,684,,,,,"순부채/EBITDA 9.6x / 3년 순부채 +2,054억 vs EBITDA합 463억"
63.7,69.6,34.8,센서텍(주),01015692,,false,제조업,전자부품·컴퓨터·통신장비,DISTRESS(구조조정형),314.6,-0.106,21.8,0.069,329.9,15.1,1.606,0.715,20.2,200.6,3,,55,,,,,순부채/EBITDA 15.1x / 3년 순부채 +201억 vs EBITDA합 -23억 / 유동비율 71% / 영업적자 2/3년
63.7,79.5,16.5,(주)신영이앤피,01020889,,false,제조업,목재·나무제품 제조,DISTRESS(구조조정형),2688.4,0.328,-218.3,-0.081,45.6,,-2.353,0.366,76.7,24.3,3,0.016,239,4,,,,EBITDA 적자 -218억 / 자본잠식 / EBITDA마진 -5%→-8% / 3년 순부채 +24억 vs EBITDA합 -593억 / 유동비율 37% / 현금/매출 3% / 영업적자 3/3년 / 런웨이 4개월
63.7,61.8,48.9,(주)진선팜,01503683,,false,도소매,도매·상품중개,TIGHT(유동성형),312.2,0.108,0,0,-2.5,-78.3,9.42,0.915,0.7,9.9,5.873,0.12,4,,,,,부채비율 942% (3년 163%p↑) / 3년 순부채 +10억 vs EBITDA합 2억 / 유동비율 91% / 현금/매출 0% / 현금 2년 연속 감소
63.7,62.4,47.9,수도산공원개발(주),01436761,,false,건설업,종합 건설,REFI(롤오버형),2304.6,,49.3,0.021,554.1,11.2,31.691,1.036,54.5,55.5,1.164,0.024,42,,,,,순부채/EBITDA 11.2x / 부채비율 3169% / 3년 순부채 +56억 vs EBITDA합 48억 / 유동비율 104% / 현금/매출 2%
63.6,47.5,75,코웰패션,00674249,,false,제조업,섬유제품 제조,REFI(롤오버형),8086.3,0.063,643.8,0.08,3569.6,5.5,1.533,0.463,359,625.7,0.302,0.465,27,,,,,"순부채/EBITDA 5.5x / EBITDA마진 11%→8% / 3년 순부채 +626억 vs EBITDA합 2,072억 / 유동비율 46% / 현금/매출 4% / 현금 2년 연속 감소"
63.6,66.1,40.9,(주)지디씨(GDC),01635265,,false,제조업,고무·플라스틱제품,REFI(롤오버형),321.3,,10.1,0.031,67.2,6.7,2.572,0.628,14.7,67.2,1.582,0.209,22,,,,,순부채/EBITDA 6.7x / 부채비율 257% (3년 257%p↑) / EBITDA마진 6%→3% / 3년 순부채 +67억 vs EBITDA합 42억 / 유동비율 63% / 현금/매출 5%
63.6,85,6.3,(주)에스와이에스리테일,00130976,,false,도소매,소매(자동차 제외),DISTRESS(구조조정형),5220,-0.159,-113.4,-0.022,1119,,-20.585,0.536,30.1,349.2,3,,127,2,,,,EBITDA 적자 -113억 / 자본잠식 / 3년 순부채 +349억 vs EBITDA합 -259억 / 유동비율 54% / 현금/매출 1% / 영업적자 3/3년 / 런웨이 2개월
63.6,60.4,51.4,(주)선양소주,00131984,,false,제조업,음료 제조,REFI(롤오버형),480.2,0.004,38.1,0.079,307.7,8.1,1.482,0.652,92.9,138.5,1.039,21.577,0,,,,,순부채/EBITDA 8.1x / EBITDA마진 11%→8% / 3년 순부채 +138억 vs EBITDA합 133억 / 매출 1원 성장에 순부채 21.58원 / 유동비율 65% / 현금 2년 연속 감소
63.6,67.4,38.4,리드산업개발(주),00495147,,false,건설업,종합 건설,REFI(롤오버형),515.2,-0.188,48.8,0.095,696.8,14.3,47.099,3.205,3.1,403.5,10.352,,115,,,,,순부채/EBITDA 14.3x / 부채비율 4710% (3년 5263%p↑) / 3년 순부채 +403억 vs EBITDA합 39억 / 현금/매출 1%
63.6,78.9,17.5,(주)대지에스텍,00770747,,false,도소매,도매·상품중개,DISTRESS(구조조정형),385.6,-0.281,-12.5,-0.032,134.2,,1.739,0.477,0.3,33.6,2.935,,17,0,,,,EBITDA 적자 -13억 / EBITDA마진 2%→-3% / 3년 순부채 +34억 vs EBITDA합 11억 / 유동비율 48% / 현금/매출 0% / 런웨이 0개월
63.6,69,35.4,(주)이건그린텍,00852795,,false,제조업,목재·나무제품 제조,REFI(롤오버형),328.6,-0.087,12.5,0.038,167.3,13.4,1.203,0.294,3,57.9,1.726,,19,,,,,순부채/EBITDA 13.4x / 3년 순부채 +58억 vs EBITDA합 34억 / 유동비율 29% / 현금/매출 1% / 현금 2년 연속 감소
63.6,63.6,45.4,(주)제이에이치테크놀러지,01154760,,false,제조업,자동차·트레일러,REFI(롤오버형),389.5,0.017,20.6,0.053,188.8,9.1,4.223,0.712,18.8,31.5,0.662,1.606,10,,,,,순부채/EBITDA 9.1x / 부채비율 422% / 3년 순부채 +31억 vs EBITDA합 48억 / 매출 1원 성장에 순부채 1.61원 / 유동비율 71% / 현금/매출 5%
63.6,81.9,11.7,에어인천(주),01217421,,false,운수·물류,항공 운송,DISTRESS(구조조정형),672.9,0.059,-248.9,-0.37,753,,-6.251,0.283,144,728.3,3,6.836,172,6,,,,EBITDA 적자 -249억 / 자본잠식 / EBITDA마진 9%→-37% / 3년 순부채 +728억 vs EBITDA합 -209억 / 매출 1원 성장에 순부채 6.84원 / 유동비율 28% / 영업적자 2/3년 / 런웨이 6개월
63.6,76.1,47.5,채비(주),01279698,0011T0,true,제조업,전기장비,DISTRESS(구조조정형),850.8,0.191,-129.3,-0.152,540.7,,1.095,0.862,196,833.6,3,2.398,151,15,RECENTLY_FUNDED,2026-04-17,[발행조건확정]증권신고서(지분증권),EBITDA 적자 -129억 / EBITDA마진 -10%→-15% / 3년 순부채 +834억 vs EBITDA합 -361억 / 매출 1원 성장에 순부채 2.40원 / 유동비율 86% / 영업적자 3/3년 / 런웨이 15개월
63.6,40.4,88,(주)아시아에너지,01372773,,false,도소매,도매·상품중개,GROWTH(성장자금형),1106.7,0.462,88.4,0.08,344.5,3.9,2.768,1.256,50,200.5,1.005,0.266,22,,,,,순부채/EBITDA 3.9x / 부채비율 277% / EBITDA마진 11%→8% / 3년 순부채 +201억 vs EBITDA합 199억 / 현금/매출 5%
63.6,67.9,37.5,(주)우리마트양산유통센터,01456330,,false,도소매,소매(자동차 제외),REFI(롤오버형),972.2,-0.043,12.6,0.013,152.5,12.1,9.049,2.501,13.4,100.8,2.589,,36,,,,,순부채/EBITDA 12.1x / 부채비율 905% / 3년 순부채 +101억 vs EBITDA합 39억 / 현금/매출 1%
63.5,73.2,27.5,남성,01221868,,false,도소매,도매·상품중개,DISTRESS(구조조정형),745.8,-0.1,-9.7,-0.013,514.3,,1.571,0.704,80.6,211.3,3,,4,25,,,,EBITDA 적자 -10억 / EBITDA마진 2%→-1% / 3년 순부채 +211억 vs EBITDA합 -20억 / 유동비율 70% / 영업적자 2/3년
63.5,44.3,80.3,서흥,01560509,,false,건설업,전문직별 공사,REFI(롤오버형),6532.6,0.031,737,0.113,4114.3,5.6,1.004,1.17,379.3,1026.1,0.409,1.815,98,,,,,"순부채/EBITDA 5.6x / EBITDA마진 16%→11% / 3년 순부채 +1,026억 vs EBITDA합 2,507억 / 매출 1원 성장에 순부채 1.82원 / 유동비율 117%"
63.5,82.7,35,삼진엘앤디,00239514,054090,true,제조업,기타 제품 제조,DISTRESS(구조조정형),1732.2,-0.079,-32.9,-0.019,442.5,,2.115,0.921,166.8,231.6,3,,0,35,PRE_SIGNAL,,,EBITDA 적자 -33억 / 부채비율 212% (3년 104%p↑) / EBITDA마진 1%→-2% / 3년 순부채 +232억 vs EBITDA합 -16억 / 유동비율 92% / 현금 2년 연속 감소 / 영업적자 3/3년
63.5,54.7,61.4,에스케이에코플랜트(주),00131799,,false,건설업,종합 건설,GROWTH(성장자금형),93176.2,0.204,5704.2,0.061,49629.8,8.7,2.33,0.744,16822.1,31302.7,2.352,0.786,0,,,,,순부채/EBITDA 8.7x / 부채비율 233% / 3년 순부채 +3.1조 vs EBITDA합 1.3조 / 매출 1원 성장에 순부채 0.79원 / 유동비율 74%
63.5,67.8,37.5,아비코테크(주),00151845,,false,제조업,전자부품·컴퓨터·통신장비,REFI(롤오버형),657.7,-0.037,10.7,0.016,161,15.1,2.656,1.581,59.1,119.7,1.476,,13,,,,,순부채/EBITDA 15.1x / 부채비율 266% (3년 120%p↑) / 3년 순부채 +120억 vs EBITDA합 81억 / 영업적자 2/3년
63.5,56.1,58.7,삼중테크(주),00340795,,false,제조업,기타 기계·장비,WC_BURN(운전자본형),1226.2,0.073,24.8,0.02,61.5,2.5,3.159,1.029,6.8,132.1,1.675,0.567,51,,,,,부채비율 316% (3년 48%p↑) / 3년 순부채 +132억 vs EBITDA합 79억 / 매출 1원 성장에 순부채 0.57원 / 유동비율 103% / 현금/매출 1% / 현금 2년 연속 감소
63.5,62.6,46.8,경성목재(주),00411242,,false,도소매,도매·상품중개,WC_BURN(운전자본형),324.6,0.094,2.1,0.006,105.9,51.1,1.582,1.499,5.3,51.8,1.259,0.675,21,16,,,,순부채/EBITDA 51.1x / EBITDA마진 5%→1% / 3년 순부채 +52억 vs EBITDA합 41억 / 매출 1원 성장에 순부채 0.68원 / 현금/매출 2% / 런웨이 16개월
63.5,44.8,79.6,나주관광개발(주),00411765,,false,예술·여가,스포츠·오락,WC_BURN(운전자본형),313.5,0.113,111.5,0.356,86.4,0.8,0.937,0.047,17.8,769.6,1.969,8.917,287,,,,,EBITDA마진 44%→36% / 3년 순부채 +770억 vs EBITDA합 391억 / 매출 1원 성장에 순부채 8.92원 / 유동비율 5%
63.5,43.8,81.5,티아이씨(주),00967732,,false,제조업,화학물질·화학제품,WC_BURN(운전자본형),1068.6,0.08,99.1,0.093,519.2,5.2,1.481,0.638,69,160.9,0.577,0.732,11,,,,,순부채/EBITDA 5.2x / 3년 순부채 +161억 vs EBITDA합 279억 / 매출 1원 성장에 순부채 0.73원 / 유동비율 64%
63.5,42,84.8,영화식품(주),00525192,,false,제조업,식료품 제조,GROWTH(성장자금형),859.5,0.179,81.2,0.094,478,5.9,1.392,0.787,14.4,125.3,0.616,0.375,33,,,,,순부채/EBITDA 5.9x / 3년 순부채 +125억 vs EBITDA합 203억 / 유동비율 79% / 현금/매출 2%
63.5,33.7,100,(주)메가젠임플란트,00573676,,false,제조업,의료·정밀·광학기기,WC_BURN(운전자본형),3047.8,0.226,387.4,0.127,1180.6,3,1.118,1.169,238.8,705.2,0.611,0.506,3,,,,,"순부채/EBITDA 3.0x / EBITDA마진 20%→13% / 3년 순부채 +705억 vs EBITDA합 1,153억 / 매출 1원 성장에 순부채 0.51원 / 유동비율 117%"
63.5,37.5,92.9,다이닝브랜즈그룹(주),00656988,,false,도소매,도매·상품중개,WC_BURN(운전자본형),5356.2,0.102,1279.3,0.239,1245.9,1,1.493,0.526,592.7,2434.5,0.524,1.8,504,,,,,"EBITDA마진 31%→24% / 3년 순부채 +2,435억 vs EBITDA합 4,643억 / 매출 1원 성장에 순부채 1.80원 / 유동비율 53% / 현금 2년 연속 감소"
63.5,60.9,50.1,(주)유진기전,00929750,,false,도소매,도매·상품중개,TIGHT(유동성형),320.2,0.098,9.2,0.029,203.5,22,2.046,0.441,0.5,30.4,0.673,0.388,9,2,,,,순부채/EBITDA 22.0x / 부채비율 205% / EBITDA마진 6%→3% / 3년 순부채 +30억 vs EBITDA합 45억 / 유동비율 44% / 현금/매출 0% / 현금 2년 연속 감소 / 런웨이 2개월
63.5,58.1,55,아우토슈타트(주),00961826,,false,도소매,자동차·부품 판매,REFI(롤오버형),3061.1,-0.004,139.6,0.046,845.3,6.1,1.249,1.158,1,661.4,1.024,,259,,,,,순부채/EBITDA 6.1x / EBITDA마진 7%→5% / 3년 순부채 +661억 vs EBITDA합 646억 / 유동비율 116% / 현금/매출 0%
63.5,56.8,57.4,동인중공업(주),01027536,,false,제조업,금속가공제품,REFI(롤오버형),605.4,-0.015,50.9,0.084,366.9,7.2,2.138,1.04,4.2,120.9,0.749,,46,,,,,순부채/EBITDA 7.2x / 부채비율 214% / 3년 순부채 +121억 vs EBITDA합 161억 / 유동비율 104% / 현금/매출 1% / 현금 2년 연속 감소
63.5,62.5,47.2,산전정밀(주),01497595,,false,제조업,전기장비,WC_BURN(운전자본형),464.2,0.077,14,0.03,83.1,5.9,2.252,0.947,3.6,68.3,1.67,0.74,25,,,,,순부채/EBITDA 5.9x / 부채비율 225% / 3년 순부채 +68억 vs EBITDA합 41억 / 매출 1원 성장에 순부채 0.74원 / 유동비율 95% / 현금/매출 1%
63.5,82.9,9.7,(주)이노바인코리아,01768855,,false,도소매,소매(자동차 제외),DISTRESS(구조조정형),354.6,,-198.2,-0.559,91.6,,-1.588,0.319,1.4,91.6,3,0.258,99,0,,,,EBITDA 적자 -198억 / 자본잠식 / EBITDA마진 6%→-56% / 3년 순부채 +92억 vs EBITDA합 -151억 / 유동비율 32% / 현금/매출 0% / 현금 2년 연속 감소 / 런웨이 0개월
63.5,53.6,63.4,(주)삼기레미콘,01827608,,false,제조업,비금속 광물제품,REFI(롤오버형),301.7,,32.1,0.106,131.7,4.1,1.3,0.326,0.3,131.7,1.472,0.436,43,,,,,순부채/EBITDA 4.1x / EBITDA마진 13%→11% / 3년 순부채 +132억 vs EBITDA합 89억 / 유동비율 33% / 현금/매출 0%
63.4,77.1,45,윌비스,00104999,008600,true,도소매,도매·상품중개,REFI(롤오버형),2173.8,-0.077,14.2,0.007,1468.9,103.4,2.403,1.067,55.1,360,1.108,,143,10,DISTRESS_EVENT,2026-03-30,[기재정정]주요사항보고서(유상증자결정),순부채/EBITDA 103.4x / 부채비율 240% (3년 65%p↑) / EBITDA마진 7%→1% / 3년 순부채 +360억 vs EBITDA합 325억 / 유동비율 107% / 현금/매출 3% / 영업적자 2/3년 / 런웨이 10개월
63.4,51.8,91.3,아난티,00161781,025980,true,숙박·음식,숙박업,WC_BURN(운전자본형),2851.6,0.091,366.8,0.129,5889.3,16.1,1.281,0.42,960.8,4658.4,0.983,7.13,1524,,RECENTLY_FUNDED,2026-07-08,[첨부정정]주요사항보고서(전환사채권발행결정),"순부채/EBITDA 16.1x / EBITDA마진 37%→13% / 3년 순부채 +4,658억 vs EBITDA합 4,738억 / 매출 1원 성장에 순부채 7.13원 / 유동비율 42%"
63.4,63.4,45.1,금강기계공업(주),00207612,,false,제조업,금속가공제품,WC_BURN(운전자본형),822.4,0.066,-9.2,-0.011,55.4,,0.753,1.82,14.2,102.2,1.851,0.715,43,14,,,,EBITDA 적자 -9억 / EBITDA마진 4%→-1% / 3년 순부채 +102억 vs EBITDA합 55억 / 매출 1원 성장에 순부채 0.71원 / 현금/매출 2% / 런웨이 14개월
63.4,56.7,57.3,신성약품(주),00136262,,false,도소매,도매·상품중개,REFI(롤오버형),4904.5,0.064,63.8,0.013,375.8,5.9,4,1.192,5.4,104.9,0.566,0.126,37,,,,,순부채/EBITDA 5.9x / 부채비율 400% (3년 82%p↑) / 3년 순부채 +105억 vs EBITDA합 186억 / 유동비율 119% / 현금/매출 0% / 현금 2년 연속 감소
63.4,62.7,46.3,일성기계공업(주),00146199,,false,제조업,기타 기계·장비,REFI(롤오버형),453.9,-0.063,41.4,0.091,371.8,9,2.784,0.691,40.7,101.5,2.904,,4,,,,,순부채/EBITDA 9.0x / 부채비율 278% / 3년 순부채 +101억 vs EBITDA합 35억 / 유동비율 69%
63.4,63.3,45.4,삼진기업(주),00128360,,false,전기·가스·환경,폐기물 처리·자원재생,REFI(롤오버형),411.8,0.014,22.5,0.055,111.4,4.9,5.873,0.643,12.6,28.6,0.383,1.672,10,,,,,순부채/EBITDA 4.9x / 부채비율 587% (3년 152%p↑) / 3년 순부채 +29억 vs EBITDA합 75억 / 매출 1원 성장에 순부채 1.67원 / 유동비율 64% / 현금/매출 3%
63.4,63.6,44.6,포인트임플란트(주),00494616,,false,제조업,의료·정밀·광학기기,REFI(롤오버형),419.8,0.034,17.7,0.042,445.8,25.3,1.161,1.337,26.7,120.9,1.607,2.993,34,47,,,,순부채/EBITDA 25.3x / EBITDA마진 8%→4% / 3년 순부채 +121억 vs EBITDA합 75억 / 매출 1원 성장에 순부채 2.99원 / 영업적자 2/3년
63.4,65.9,40.4,명신정보통신(주),00765888,,false,건설업,전문직별 공사,REFI(롤오버형),963.1,0.007,31.8,0.033,143.3,4.5,1.962,0.579,43.3,168.3,6.106,8.397,20,,,,,순부채/EBITDA 4.5x / 3년 순부채 +168억 vs EBITDA합 28억 / 매출 1원 성장에 순부채 8.40원 / 유동비율 58% / 현금/매출 4%
63.4,47.6,74.2,(주)에이치엘클레무브,00820024,,false,제조업,자동차·트레일러,GROWTH(성장자금형),16306.2,0.305,1126.5,0.069,5023.7,4.5,2.703,1.057,240.4,2952.3,0.903,0.329,1169,,,,,"순부채/EBITDA 4.5x / 부채비율 270% / 3년 순부채 +2,952억 vs EBITDA합 3,270억 / 유동비율 106% / 현금/매출 1% / 현금 2년 연속 감소"
63.4,60.4,50.6,(주)한신비텍,01013214,,false,제조업,금속가공제품,DISTRESS(구조조정형),538,0.103,-7.4,-0.014,-11.6,,3.852,0.878,59.3,34.9,4.418,0.254,0,96,,,,EBITDA 적자 -7억 / 부채비율 385% (3년 123%p↑) / EBITDA마진 2%→-1% / 3년 순부채 +35억 vs EBITDA합 8억 / 유동비율 88%
63.4,49.3,71.1,(주)자이언엔텍,01154496,,false,제조업,자동차·트레일러,TIGHT(유동성형),432.8,0.107,40.9,0.095,278,6.8,4.56,0.767,9.1,27.5,0.255,0.241,6,,,,,순부채/EBITDA 6.8x / 부채비율 456% (3년 67%p↑) / 3년 순부채 +27억 vs EBITDA합 108억 / 유동비율 77% / 현금/매출 2%
63.4,56.6,57.5,(주)버즈빌,01132281,,false,전문·과학·기술,전문서비스업,DISTRESS(구조조정형),967.2,0.442,-13,-0.013,-10.8,,2.662,0.838,128.7,170.9,6.387,0.265,0,119,,,,EBITDA 적자 -13억 / 부채비율 266% (3년 147%p↑) / 3년 순부채 +171억 vs EBITDA합 27억 / 유동비율 84%
63.4,67.6,37.5,동아전자(주),01216237,,false,제조업,전자부품·컴퓨터·통신장비,REFI(롤오버형),649.9,-0.036,4.4,0.007,95.1,21.6,1.872,1.415,0.9,102.2,1.833,,40,9,,,,순부채/EBITDA 21.6x / EBITDA마진 3%→1% / 3년 순부채 +102억 vs EBITDA합 56억 / 현금/매출 0% / 현금 2년 연속 감소 / 런웨이 9개월
63.4,59.2,52.9,(주)아산마트,01261255,,false,도소매,도매·상품중개,REFI(롤오버형),489,-0.027,47.1,0.096,434.7,9.2,1.965,0.235,14.8,271.9,2.825,,87,,,,,순부채/EBITDA 9.2x / 3년 순부채 +272억 vs EBITDA합 96억 / 유동비율 24% / 현금/매출 3%
63.4,68,36.6,(주)농업회사법인포프리,01305814,,false,제조업,식료품 제조,REFI(롤오버형),337.2,-0.038,19.7,0.059,351.2,17.8,2.956,0.556,1.6,44.4,1.059,,11,15,,,,순부채/EBITDA 17.8x / 부채비율 296% (3년 88%p↑) / 3년 순부채 +44억 vs EBITDA합 42억 / 유동비율 56% / 현금/매출 0% / 런웨이 15개월
63.4,79,16.5,(주)왓챠,01450424,,false,정보통신,영상·오디오 제작·배급,DISTRESS(구조조정형),438,0.048,45.3,0.103,616.1,13.6,-1.186,0.073,4.6,485.4,3,8.43,149,,,,,순부채/EBITDA 13.6x / 자본잠식 / 3년 순부채 +485억 vs EBITDA합 -86억 / 매출 1원 성장에 순부채 8.43원 / 유동비율 7% / 현금/매출 1% / 현금 2년 연속 감소 / 영업적자 3/3년
63.4,64.9,42.2,(주)서광메탈,01836493,,false,도소매,도매·상품중개,REFI(롤오버형),326.1,,11.6,0.036,123.8,10.7,2.992,0.944,12.9,123.8,4.706,0.38,43,,,,,순부채/EBITDA 10.7x / 부채비율 299% (3년 299%p↑) / 3년 순부채 +124억 vs EBITDA합 26억 / 유동비율 94% / 현금/매출 4%
63.3,76.9,45,DXVX,00995993,180400,true,전문·과학·기술,건축기술·엔지니어링,DISTRESS(구조조정형),339.5,0.656,-198.2,-0.584,316.7,,3.424,1.596,96.1,284.9,3,1.076,110,5,DISTRESS_EVENT,2025-12-30,증권발행결과(자율공시)              (제3자배정 유상증자),EBITDA 적자 -198억 / 부채비율 342% (3년 320%p↑) / EBITDA마진 -18%→-58% / 3년 순부채 +285억 vs EBITDA합 -288억 / 매출 1원 성장에 순부채 1.08원 / 영업적자 2/3년 / 런웨이 5개월
63.3,79.7,15,예선테크,00874487,,false,제조업,고무·플라스틱제품,DISTRESS(구조조정형),436.1,-0.129,-2,-0.004,262.2,,2.273,0.708,23.6,53.6,3,,26,17,,,,EBITDA 적자 -2억 / 부채비율 227% (3년 145%p↑) / 3년 순부채 +54억 vs EBITDA합 -105억 / 유동비율 71% / 영업적자 3/3년 / 런웨이 17개월
63.3,78.8,16.6,(주)넵튠코리아,01662649,,false,도소매,도매·상품중개,DISTRESS(구조조정형),943.2,0.404,-14.1,-0.015,261.9,,67.792,0.623,6.9,142.9,3,0.237,68,3,,,,EBITDA 적자 -14억 / 부채비율 6779% (3년 5415%p↑) / 3년 순부채 +143억 vs EBITDA합 -40억 / 유동비율 62% / 현금/매출 1% / 영업적자 3/3년 / 런웨이 3개월
63.3,50.9,67.8,기흥관광개발,00106720,,false,예술·여가,스포츠·오락,REFI(롤오버형),303.5,0.033,99,0.326,2289.1,23.1,8.571,1.192,195.6,614.5,2.327,21.877,42,55,,,,순부채/EBITDA 23.1x / 부채비율 857% / 3년 순부채 +615억 vs EBITDA합 264억 / 매출 1원 성장에 순부채 21.88원 / 유동비율 119%
63.3,56.1,58,(주)대현유통,00446664,,false,도소매,소매(자동차 제외),TIGHT(유동성형),673.8,0.119,3.3,0.005,82.3,25,12.768,0.516,6.3,3.4,0.176,0.017,2,55,,,,순부채/EBITDA 25.0x / 부채비율 1277% / 3년 순부채 +3억 vs EBITDA합 19억 / 유동비율 52% / 현금/매출 1%
63.3,62.2,46.9,(주)서현기술단,00871541,,false,전문·과학·기술,건축기술·엔지니어링,WC_BURN(운전자본형),496.1,0.076,14.5,0.029,85.2,5.9,0.951,0.757,18.8,101.7,0.798,1.036,46,,,,,순부채/EBITDA 5.9x / EBITDA마진 9%→3% / 3년 순부채 +102억 vs EBITDA합 127억 / 매출 1원 성장에 순부채 1.04원 / 유동비율 76% / 현금/매출 4%
63.3,77.7,18.4,빅토리오토모티브그룹(주),00964009,,false,도소매,자동차·부품 판매,REFI(롤오버형),358.1,-0.166,8.7,0.024,68.4,7.8,7.085,0.97,1.8,15.3,1.372,,0,,,,,순부채/EBITDA 7.8x / 부채비율 708% (3년 446%p↑) / 3년 순부채 +15억 vs EBITDA합 11억 / 유동비율 97% / 현금/매출 1%
63.3,55.4,59.4,크레텍책임(주),01023433,,false,도소매,도매·상품중개,REFI(롤오버형),3767.5,0.004,212.1,0.056,1380.7,6.5,0.955,1.369,3.1,674.8,0.882,17.024,236,,,,,순부채/EBITDA 6.5x / EBITDA마진 8%→6% / 3년 순부채 +675억 vs EBITDA합 765억 / 매출 1원 성장에 순부채 17.02원 / 현금/매출 0% / 현금 2년 연속 감소
63.3,61.6,47.9,(주)남상푸드,01081613,,false,도소매,도매·상품중개,REFI(롤오버형),2263.8,0.034,41.3,0.018,266.9,6.5,7.718,1.196,48.2,93.6,0.618,0.439,39,,,,,순부채/EBITDA 6.5x / 부채비율 772% (3년 444%p↑) / 3년 순부채 +94억 vs EBITDA합 151억 / 유동비율 120% / 현금/매출 2%
63.3,54,62.1,(주)광신종합건설,01155635,,false,건설업,종합 건설,REFI(롤오버형),1497.4,0.033,76,0.051,326,4.3,0.476,3.223,4.5,547.7,1.241,3.887,207,,,,,순부채/EBITDA 4.3x / EBITDA마진 12%→5% / 3년 순부채 +548억 vs EBITDA합 441억 / 매출 1원 성장에 순부채 3.89원 / 현금/매출 0%
63.3,67.3,37.6,현대주류(주),01740169,,false,도소매,도매·상품중개,REFI(롤오버형),427,,8.7,0.02,88.3,10.1,11.173,0.988,14.6,88.3,3.395,0.207,31,,,,,순부채/EBITDA 10.1x / 부채비율 1117% (3년 1117%p↑) / 3년 순부채 +88억 vs EBITDA합 26억 / 유동비율 99% / 현금/매출 3%
63.2,46.7,100,서부T&D,00130383,006730,true,숙박·음식,숙박업,GROWTH(성장자금형),1874.8,0.247,644.3,0.344,10049.4,15.6,1.333,0.3,970.8,3592.5,2.334,3.959,568,999,PRE_SIGNAL,,,"순부채/EBITDA 15.6x / 3년 순부채 +3,592억 vs EBITDA합 1,539억 / 매출 1원 성장에 순부채 3.96원 / 유동비율 30%"
63.2,67.5,37,흥진기업(주),00202167,,false,제조업,자동차·트레일러,DISTRESS(구조조정형),422.5,0.13,-14.2,-0.034,171.9,,1.057,0.519,2.9,14.4,3,0.111,38,1,,,,EBITDA 적자 -14억 / 3년 순부채 +14억 vs EBITDA합 -78억 / 유동비율 52% / 현금/매출 1% / 현금 2년 연속 감소 / 영업적자 3/3년 / 런웨이 1개월
63.2,59.3,51.8,순덕철강(주),00182456,,false,제조업,1차 금속,REFI(롤오버형),2528.6,0.026,23.5,0.009,411.9,17.5,2.697,1.351,16.5,126.9,0.827,0.668,58,62,,,,순부채/EBITDA 17.5x / 부채비율 270% (3년 52%p↑) / 3년 순부채 +127억 vs EBITDA합 153억 / 매출 1원 성장에 순부채 0.67원 / 현금/매출 1%
63.2,47.3,73.9,이니스트에스티(주),00606716,,false,제조업,의료용물질·의약품,REFI(롤오버형),582.6,0.023,83.5,0.143,560.4,6.7,1.033,1.108,11.5,321.4,1.209,8.26,116,,,,,순부채/EBITDA 6.7x / 3년 순부채 +321억 vs EBITDA합 266억 / 매출 1원 성장에 순부채 8.26원 / 유동비율 111% / 현금/매출 2%
63.2,44.9,78.2,중봉건설(주),00916871,,false,건설업,종합 건설,REFI(롤오버형),2576.2,0.055,241.6,0.094,2052.1,8.5,2.776,1.382,905.8,151.7,0.079,0.396,0,,,,,"순부채/EBITDA 8.5x / 부채비율 278% (3년 156%p↑) / EBITDA마진 23%→9% / 3년 순부채 +152억 vs EBITDA합 1,911억"
63.2,47.9,73,(주)한국로텍,01022294,,false,제조업,기타 운송장비,GROWTH(성장자금형),393.5,0.163,31.5,0.08,180,5.7,2.088,0.896,8.9,44.9,0.513,0.314,14,,,,,순부채/EBITDA 5.7x / 부채비율 209% (3년 51%p↑) / 3년 순부채 +45억 vs EBITDA합 88억 / 유동비율 90% / 현금/매출 2% / 현금 2년 연속 감소
63.2,58.5,53.3,(주)아이언모터스,01015735,,false,도소매,자동차·부품 판매,REFI(롤오버형),1071.4,-0.008,45,0.042,352,7.8,2.129,0.57,78.1,147.9,0.977,,6,,,,,순부채/EBITDA 7.8x / 부채비율 213% / 3년 순부채 +148억 vs EBITDA합 151억 / 유동비율 57%
63.2,56.4,57.1,(주)케이비아이에이스텍,01022984,,false,제조업,고무·플라스틱제품,TIGHT(유동성형),472.6,0.118,20.2,0.043,120,6,2.1,0.622,3.6,63.1,1.179,0.47,25,,,,,순부채/EBITDA 6.0x / 부채비율 210% / 3년 순부채 +63억 vs EBITDA합 54억 / 유동비율 62% / 현금/매출 1%
63.2,57,56.2,(주)에이젯시스템,01450594,,false,도소매,도매·상품중개,REFI(롤오버형),1871.1,0.056,4,0.002,36.1,9.1,0.2,4.698,28.9,136.9,1.434,0.483,23,,,,,순부채/EBITDA 9.1x / EBITDA마진 5%→0% / 3년 순부채 +137억 vs EBITDA합 95억 / 현금/매출 2%
63.2,66.8,38.1,(주)아이작,01292167,,false,제조업,식료품 제조,REFI(롤오버형),303.7,,6.7,0.022,63.7,9.5,2.595,0.771,6.9,63.7,2.166,0.21,23,,,,,순부채/EBITDA 9.5x / 부채비율 259% (3년 259%p↑) / 3년 순부채 +64억 vs EBITDA합 29억 / 유동비율 77% / 현금/매출 2%
63.2,51.4,66.4,다음전선(주),01307812,,false,제조업,전기장비,TIGHT(유동성형),1364.2,0.112,36.3,0.027,169.5,4.7,3.071,0.646,29.1,108.7,1.176,0.292,42,,,,,순부채/EBITDA 4.7x / 부채비율 307% / 3년 순부채 +109억 vs EBITDA합 92억 / 유동비율 65% / 현금/매출 2%
63.1,73.9,50,SGA솔루션즈,00988364,184230,true,정보통신,출판업,DISTRESS(구조조정형),429.2,0.251,-10.7,-0.025,258.2,,1.065,0.849,116.7,372.2,3.6,1.774,64,56,IN_MOTION,2025-12-29,[기재정정]주요사항보고서(전환사채권발행결정),EBITDA 적자 -11억 / EBITDA마진 18%→-2% / 3년 순부채 +372억 vs EBITDA합 103억 / 매출 1원 성장에 순부채 1.77원 / 유동비율 85% / 현금 2년 연속 감소
63.1,60.4,74.7,우정바이오,01065013,215380,true,전문·과학·기술,연구개발업,WC_BURN(운전자본형),432,0.114,59.9,0.139,465.4,7.8,2.224,0.636,40.2,139.2,1.837,1.163,28,,RECENTLY_FUNDED,2026-03-30,[기재정정]주요사항보고서(전환사채권발행결정),순부채/EBITDA 7.8x / 부채비율 222% / 3년 순부채 +139억 vs EBITDA합 76억 / 매출 1원 성장에 순부채 1.16원 / 유동비율 64% / 영업적자 2/3년
63,76.3,45,율촌화학,00145260,008730,true,제조업,고무·플라스틱제품,REFI(롤오버형),4570.8,-0.053,87.5,0.019,2445.3,27.9,1.253,1.012,158.7,1102.8,2.303,,341,41,PRE_SIGNAL,,,"순부채/EBITDA 27.9x / EBITDA마진 6%→2% / 3년 순부채 +1,103억 vs EBITDA합 479억 / 유동비율 101% / 현금/매출 3% / 영업적자 3/3년"
63,78.8,40.6,컴투스홀딩스,00535746,063080,true,정보통신,출판업,DISTRESS(구조조정형),1492.9,0.018,-81.1,-0.054,1411,,1.563,0.32,314,209.9,3,2.712,0,24,PRE_SIGNAL,,,EBITDA 적자 -81억 / EBITDA마진 11%→-5% / 3년 순부채 +210억 vs EBITDA합 -46억 / 매출 1원 성장에 순부채 2.71원 / 유동비율 32% / 영업적자 3/3년 / 런웨이 24개월
63,56.1,82,GH신소재,00491938,130500,true,제조업,섬유제품 제조,WC_BURN(운전자본형),837.2,0.079,110.8,0.132,733.9,6.6,0.952,0.824,26.6,522.2,2.159,3.068,198,,PRE_SIGNAL,,,순부채/EBITDA 6.6x / 3년 순부채 +522억 vs EBITDA합 242억 / 매출 1원 성장에 순부채 3.07원 / 유동비율 82% / 현금/매출 3%
62.9,61.8,71.5,위메이드플레이,00815767,123420,true,정보통신,출판업,REFI(롤오버형),1204.1,0.044,92.4,0.077,622.3,6.7,0.583,0.434,315.8,1705.6,5.777,11.62,307,,PRE_SIGNAL,,,"순부채/EBITDA 6.7x / 3년 순부채 +1,706억 vs EBITDA합 295억 / 매출 1원 성장에 순부채 11.62원 / 유동비율 43% / 현금 2년 연속 감소"
62.7,84,30,코맥스,00268118,036690,true,제조업,전자부품·컴퓨터·통신장비,DISTRESS(구조조정형),1171.6,-0.061,-103.9,-0.089,214.6,,3.138,0.647,32.3,196.2,3,,118,3,DISTRESS_EVENT,2026-02-05,증권발행결과(자율공시)              (제3자배정 유상증자),EBITDA 적자 -104억 / 부채비율 314% (3년 199%p↑) / 3년 순부채 +196억 vs EBITDA합 -391억 / 유동비율 65% / 현금/매출 3% / 영업적자 3/3년 / 런웨이 3개월
62.6,69.2,56.9,율호,00583026,072770,true,정보통신,컴퓨터 프로그래밍·SI,WC_BURN(운전자본형),1301.4,0.129,-9.6,-0.007,156.2,,1.464,1.763,69.7,334.4,11.751,0.842,96,46,RECENTLY_FUNDED,2026-04-27,[첨부정정]주요사항보고서(전환사채권발행결정),EBITDA 적자 -10억 / EBITDA마진 2%→-1% / 3년 순부채 +334억 vs EBITDA합 28억 / 매출 1원 성장에 순부채 0.84원 / 영업적자 2/3년
62.5,75.5,45,지엔코,00258102,065060,true,제조업,의복·모피 제조,REFI(롤오버형),1211.7,-0.036,9.7,0.008,614,63.4,0.887,0.796,42.7,284.9,1.794,,111,21,RECENTLY_FUNDED,2026-05-11,[기재정정]주요사항보고서(유상증자결정),순부채/EBITDA 63.4x / EBITDA마진 4%→1% / 3년 순부채 +285억 vs EBITDA합 159억 / 유동비율 80% / 현금/매출 4% / 영업적자 2/3년 / 런웨이 21개월
62.5,81.4,34.1,하이퍼코퍼레이션,00391197,065650,true,도소매,도매·상품중개,DISTRESS(구조조정형),584.6,0.059,-32.4,-0.055,136.3,,2.454,0.688,76.4,196.1,3,2.128,15,23,DISTRESS_EVENT,2026-08-04,[기재정정]주요사항보고서(유상증자결정),EBITDA 적자 -32억 / 부채비율 245% (3년 229%p↑) / EBITDA마진 -2%→-6% / 3년 순부채 +196억 vs EBITDA합 -74억 / 매출 1원 성장에 순부채 2.13원 / 유동비율 69% / 영업적자 3/3년 / 런웨이 23개월
62.4,68.5,57.3,TCC스틸,00117300,002710,true,제조업,1차 금속,REFI(롤오버형),5820.7,0.027,219.1,0.038,2179.2,9.9,1.216,0.836,77.9,1346.1,1.468,2.963,482,,RECENTLY_FUNDED,2026-05-14,[첨부정정]주요사항보고서(전환사채권발행결정),"순부채/EBITDA 9.9x / 3년 순부채 +1,346억 vs EBITDA합 917억 / 매출 1원 성장에 순부채 2.96원 / 유동비율 84% / 현금/매출 1% / 현금 2년 연속 감소"
62.3,61.4,70,다산네트웍스,00268251,039560,true,제조업,전자부품·컴퓨터·통신장비,WC_BURN(운전자본형),3376.1,0.66,26.5,0.008,852.3,32.2,0.92,1.403,551.4,1560.9,6.654,0.592,36,325,DISTRESS_EVENT,,,"순부채/EBITDA 32.2x / EBITDA마진 13%→1% / 3년 순부채 +1,561억 vs EBITDA합 235억 / 매출 1원 성장에 순부채 0.59원 / 영업적자 3/3년"
62.2,54.5,82.4,DB,00163345,012030,true,정보통신,컴퓨터 프로그래밍·SI,WC_BURN(운전자본형),5874.4,0.216,360.7,0.061,2014.4,5.6,1.207,0.88,736.2,1593.9,1.45,0.612,58,,PRE_SIGNAL,,,"순부채/EBITDA 5.6x / EBITDA마진 9%→6% / 3년 순부채 +1,594억 vs EBITDA합 1,099억 / 매출 1원 성장에 순부채 0.61원 / 유동비율 88%"
62.2,67.8,58.1,에이테크솔루션,00384887,071670,true,제조업,기타 기계·장비,REFI(롤오버형),2895.3,0.037,104.3,0.036,928.5,8.9,2.191,0.977,54.4,433.6,1.098,1.466,145,,PRE_SIGNAL,,,순부채/EBITDA 8.9x / 부채비율 219% (3년 64%p↑) / EBITDA마진 6%→4% / 3년 순부채 +434억 vs EBITDA합 395억 / 매출 1원 성장에 순부채 1.47원 / 유동비율 98% / 현금/매출 2%
62.2,66.7,60,아이씨에이치,01302853,368600,true,제조업,전자부품·컴퓨터·통신장비,DISTRESS(구조조정형),645.7,0.189,29.1,0.045,456.9,15.7,1.534,0.764,100.9,415.8,3,1.591,51,,RECENTLY_FUNDED,2026-02-10,[기재정정]주요사항보고서(유상증자결정),순부채/EBITDA 15.7x / 3년 순부채 +416억 vs EBITDA합 -76억 / 매출 1원 성장에 순부채 1.59원 / 유동비율 76% / 영업적자 3/3년
62.1,66.6,60,세원이앤씨,00585219,091090,true,제조업,금속가공제품,DISTRESS(구조조정형),1410.7,0.193,-108,-0.077,439.7,,0.669,0.912,26.1,116.7,3,0.202,105,2,DISTRESS_EVENT,2024-12-17,[기재정정]주요사항보고서(유상증자결정),EBITDA 적자 -108억 / EBITDA마진 -2%→-8% / 3년 순부채 +117억 vs EBITDA합 -88억 / 유동비율 91% / 현금/매출 2% / 영업적자 2/3년 / 런웨이 2개월
62,70.4,52.6,인디에프,00106881,014990,true,제조업,의복·모피 제조,REFI(롤오버형),1147.4,-0.083,71,0.062,481.6,6.8,2.205,0.934,19.9,120.6,1.193,,50,,PRE_SIGNAL,,,순부채/EBITDA 6.8x / 부채비율 220% / 3년 순부채 +121억 vs EBITDA합 101억 / 유동비율 93% / 현금/매출 2% / 현금 2년 연속 감소 / 영업적자 3/3년
62,56.3,78.6,인팩,00180795,023810,true,제조업,자동차·트레일러,TIGHT(유동성형),5638.7,0.087,449.4,0.08,2459.2,5.5,2.413,0.741,86.7,1410.4,1.068,1.132,526,,PRE_SIGNAL,,,"순부채/EBITDA 5.5x / 부채비율 241% (3년 49%p↑) / 3년 순부채 +1,410억 vs EBITDA합 1,320억 / 매출 1원 성장에 순부채 1.13원 / 유동비율 74% / 현금/매출 2%"
62,78.4,37.8,알비더블유,01303029,361570,true,정보통신,영상·오디오 제작·배급,DISTRESS(구조조정형),625.2,0.016,-65.2,-0.104,28.4,,1.342,0.592,215.3,256.4,5.199,8.841,0,39,IN_MOTION,2025-09-09,주요사항보고서(교환사채권발행결정),EBITDA 적자 -65억 / EBITDA마진 12%→-10% / 3년 순부채 +256억 vs EBITDA합 49억 / 매출 1원 성장에 순부채 8.84원 / 유동비율 59% / 현금 2년 연속 감소 / 영업적자 2/3년
61.9,68.7,55.3,깨끗한나라,00113492,004540,true,제조업,펄프·종이 제조,REFI(롤오버형),5370.5,-0.025,291.9,0.054,3090,10.6,2.267,0.469,122.5,747.2,0.891,,235,,RECENTLY_FUNDED,2026-07-10,주요사항보고서(자본으로인정되는채무증권발행결정),순부채/EBITDA 10.6x / 부채비율 227% (3년 66%p↑) / 3년 순부채 +747억 vs EBITDA합 838억 / 유동비율 47% / 현금/매출 2% / 영업적자 2/3년
61.8,73,47.3,파인테크닉스,00755739,106240,true,제조업,전기장비,REFI(롤오버형),577.7,0.047,1.1,0.002,413,369.3,0.74,0.646,29.1,239.2,2.839,3.229,60,16,IN_MOTION,2026-01-13,소액공모실적보고서,순부채/EBITDA 369.3x / EBITDA마진 14%→0% / 3년 순부채 +239억 vs EBITDA합 84억 / 매출 1원 성장에 순부채 3.23원 / 유동비율 65% / 런웨이 16개월
61.7,60.6,69.7,지역난방공사,00159698,071320,true,전기·가스·환경,전기·가스·증기 공급,WC_BURN(운전자본형),35703.1,0.121,6633.9,0.186,43235.6,6.5,2.687,0.62,68.9,13375.7,1.14,1.294,4169,,RECENTLY_FUNDED,2026-07-27,일괄신고추가서류,순부채/EBITDA 6.5x / 부채비율 269% / 3년 순부채 +1.3조 vs EBITDA합 1.2조 / 매출 1원 성장에 순부채 1.29원 / 유동비율 62% / 현금/매출 0% / 현금 2년 연속 감소
61.7,46,96.2,서울바이오시스,00488402,092190,true,제조업,전자부품·컴퓨터·통신장비,TIGHT(유동성형),6992.3,0.127,829.8,0.119,3055.5,3.7,4.942,0.529,94,-8.1,-0.009,-0.004,0,,IN_MOTION,2025-12-10,주요사항보고서(전환사채권발행결정),순부채/EBITDA 3.7x / 부채비율 494% (3년 293%p↑) / 유동비율 53% / 현금/매출 1% / 영업적자 2/3년
61.7,78.6,36.7,코오롱생명과학,00525642,102940,true,제조업,의료용물질·의약품,DISTRESS(구조조정형),1613.9,-0.008,-132.1,-0.082,1141,,1.81,0.495,125,730.9,3,,174,8,RECENTLY_FUNDED,2026-03-05,[기재정정]주요사항보고서(전환사채권발행결정),EBITDA 적자 -132억 / EBITDA마진 1%→-8% / 3년 순부채 +731억 vs EBITDA합 -164억 / 유동비율 49% / 영업적자 2/3년 / 런웨이 8개월
61.6,76.5,40,대림통상,00109824,006570,true,제조업,금속가공제품,REFI(롤오버형),1369.7,-0.041,10.1,0.007,744.7,73.6,1.778,0.97,25,210.8,2.17,,80,10,PRE_SIGNAL,,,순부채/EBITDA 73.6x / 3년 순부채 +211억 vs EBITDA합 97억 / 유동비율 97% / 현금/매출 2% / 영업적자 2/3년 / 런웨이 10개월
61.5,80.3,32.8,동성제약,00116268,002210,true,제조업,의료용물질·의약품,DISTRESS(구조조정형),884.5,0.016,-45.6,-0.051,489.5,,1.753,0.885,31.5,247.7,3,6.131,99,5,DISTRESS_EVENT,2026-04-22,[기재정정]주요사항보고서(유상증자결정),EBITDA 적자 -46억 / EBITDA마진 -1%→-5% / 3년 순부채 +248억 vs EBITDA합 -28억 / 매출 1원 성장에 순부채 6.13원 / 유동비율 88% / 현금/매출 4% / 영업적자 2/3년 / 런웨이 5개월
61.5,83.1,27.6,디티앤씨알오,01437432,383930,true,전문·과학·기술,연구개발업,DISTRESS(구조조정형),359.7,0.032,-62,-0.172,232.6,,1.829,0.563,46.7,254.9,3,7.911,70,7,RECENTLY_FUNDED,2026-02-26,[기재정정]주요사항보고서(신주인수권부사채권발행결정),EBITDA 적자 -62억 / EBITDA마진 5%→-17% / 3년 순부채 +255억 vs EBITDA합 -47억 / 매출 1원 성장에 순부채 7.91원 / 유동비율 56% / 현금 2년 연속 감소 / 영업적자 2/3년 / 런웨이 7개월
61.4,92.3,10.5,국보,00104519,001140,true,운수·물류,육상운송·파이프라인,DISTRESS(구조조정형),406.4,-0.251,-34.4,-0.085,355.1,,6.685,0.418,0.3,20.2,3,,52,0,DISTRESS_EVENT,2025-12-30,[기재정정]주요사항보고서(유상증자결정),EBITDA 적자 -34억 / 부채비율 668% (3년 447%p↑) / 3년 순부채 +20억 vs EBITDA합 -142억 / 유동비율 42% / 현금/매출 0% / 현금 2년 연속 감소 / 영업적자 3/3년 / 런웨이 0개월
61.4,73.5,45,네오리진,00599106,094860,true,정보통신,출판업,WC_BURN(운전자본형),351.2,0.194,-31.7,-0.09,32,,0.472,1.485,34.6,301.9,3,2.086,117,12,RECENTLY_FUNDED,2026-03-30,[기재정정]주요사항보고서(유상증자결정),EBITDA 적자 -32억 / EBITDA마진 -3%→-9% / 3년 순부채 +302억 vs EBITDA합 -37억 / 매출 1원 성장에 순부채 2.09원 / 현금 2년 연속 감소 / 영업적자 3/3년 / 런웨이 12개월
61.3,71.6,48.1,태림포장,00153524,011280,true,제조업,펄프·종이 제조,REFI(롤오버형),7153.8,0.001,134.3,0.019,2386.4,17.8,1.152,0.581,18.1,1054.2,0.872,42.034,416,,PRE_SIGNAL,,,"순부채/EBITDA 17.8x / EBITDA마진 7%→2% / 3년 순부채 +1,054억 vs EBITDA합 1,209억 / 매출 1원 성장에 순부채 42.03원 / 유동비율 58% / 현금/매출 0%"
61.3,68.4,54,마크로젠,00261373,038290,true,전문·과학·기술,기타 과학기술 서비스,REFI(롤오버형),1357.8,0.017,43.3,0.032,381.7,8.8,0.858,0.889,330.5,645.3,2.057,9.774,0,,PRE_SIGNAL,,,순부채/EBITDA 8.8x / EBITDA마진 12%→3% / 3년 순부채 +645억 vs EBITDA합 314억 / 매출 1원 성장에 순부채 9.77원 / 유동비율 89% / 영업적자 2/3년
61.3,85.6,22.5,아이에이,00252269,038880,true,제조업,전자부품·컴퓨터·통신장비,DISTRESS(구조조정형),507.2,-0.145,-47.3,-0.093,419,,0.821,0.483,11.2,418.6,3,,121,2,RECENTLY_FUNDED,2026-07-13,[첨부추가]주요사항보고서(전환사채권발행결정),EBITDA 적자 -47억 / EBITDA마진 -1%→-9% / 3년 순부채 +419억 vs EBITDA합 -146억 / 유동비율 48% / 현금/매출 2% / 현금 2년 연속 감소 / 영업적자 3/3년 / 런웨이 2개월
61.1,70.1,50,디와이디,01089378,219550,true,도소매,도매·상품중개,TIGHT(유동성형),373.8,0.386,2.6,0.007,86.8,32.9,2.002,0.496,3.4,53.9,3,0.231,67,19,DISTRESS_EVENT,2026-07-31,증권발행결과(자율공시)              (제3자배정 유상증자),순부채/EBITDA 32.9x / 부채비율 200% (3년 53%p↑) / 3년 순부채 +54억 vs EBITDA합 -18억 / 유동비율 50% / 현금/매출 1% / 현금 2년 연속 감소 / 영업적자 2/3년 / 런웨이 19개월
61,70.3,49.3,팜스코,00260408,036580,true,제조업,식료품 제조,REFI(롤오버형),15746.3,0.008,874.8,0.056,6412.4,7.3,6.068,0.804,515.6,2034.8,0.94,5.386,676,,PRE_SIGNAL,,,"순부채/EBITDA 7.3x / 부채비율 607% (3년 354%p↑) / 3년 순부채 +2,035억 vs EBITDA합 2,164억 / 매출 1원 성장에 순부채 5.39원 / 유동비율 80% / 현금/매출 3%"
61,62,64.7,수성웹툰,00243979,084180,true,제조업,기타 기계·장비,DISTRESS(구조조정형),686,0.228,41.6,0.061,391.8,9.4,0.795,0.452,69.6,177.4,3,0.562,10,,RECENTLY_FUNDED,2026-07-13,[기재정정]주요사항보고서(유상증자결정),순부채/EBITDA 9.4x / 3년 순부채 +177억 vs EBITDA합 -5억 / 매출 1원 성장에 순부채 0.56원 / 유동비율 45% / 현금 2년 연속 감소 / 영업적자 3/3년
61,43.9,97.8,선익시스템,00327819,171090,true,제조업,기타 기계·장비,GROWTH(성장자금형),1129.3,0.347,127.2,0.113,190.8,1.5,5.525,1.053,568.5,412,1.967,0.618,0,,PRE_SIGNAL,,,부채비율 553% (3년 525%p↑) / 3년 순부채 +412억 vs EBITDA합 210억 / 매출 1원 성장에 순부채 0.62원 / 유동비율 105%
60.8,54.1,78.6,(주)벡트,01453944,457600,true,제조업,전자부품·컴퓨터·통신장비,GROWTH(성장자금형),688.8,0.286,50.8,0.074,234.9,4.6,2.202,1.138,13.3,173.2,1.66,0.474,62,,RECENTLY_FUNDED,2026-07-22,[기재정정]주요사항보고서(유상증자결정),순부채/EBITDA 4.6x / 부채비율 220% (3년 80%p↑) / 3년 순부채 +173억 vs EBITDA합 104억 / 유동비율 114% / 현금/매출 2% / 현금 2년 연속 감소
60.7,53.5,79.1,고려산업,00102751,002140,true,제조업,식료품 제조,GROWTH(성장자금형),3076.6,0.13,185.9,0.06,1154.5,6.2,1.655,0.859,183.9,422.9,1.095,0.449,56,,PRE_SIGNAL,,,순부채/EBITDA 6.2x / 3년 순부채 +423억 vs EBITDA합 386억 / 유동비율 86% / 현금 2년 연속 감소
60.6,67.5,53.2,녹십자홀딩스,00108135,005250,true,전문·과학·기술,전문서비스업,REFI(롤오버형),22048.6,0.062,930.3,0.042,10420.3,11.2,0.982,1.083,773,3946.4,1.225,1.083,1126,,IN_MOTION,2025-06-26,투자설명서,"순부채/EBITDA 11.2x / EBITDA마진 6%→4% / 3년 순부채 +3,946억 vs EBITDA합 3,221억 / 매출 1원 성장에 순부채 1.08원 / 유동비율 108% / 현금/매출 4% / 현금 2년 연속 감소 / 영업적자 2/3년"
60.6,68.5,51.5,에이루트,00608839,096690,true,제조업,전자부품·컴퓨터·통신장비,WC_BURN(운전자본형),685.9,0.143,-168.6,-0.246,394.5,,0.824,1.178,238,861.7,3,3.796,158,15,DISTRESS_EVENT,2026-07-14,[기재정정]주요사항보고서(유상증자결정),EBITDA 적자 -169억 / EBITDA마진 -4%→-25% / 3년 순부채 +862억 vs EBITDA합 -201억 / 매출 1원 성장에 순부채 3.80원 / 유동비율 118% / 영업적자 2/3년 / 런웨이 15개월
60.6,58.3,70,인텔리안테크,00664181,189300,true,제조업,전자부품·컴퓨터·통신장비,WC_BURN(운전자본형),2577.7,0.232,34.1,0.013,656.3,19.2,0.665,2.457,214.9,727.8,1.182,0.608,210,999,PRE_SIGNAL,,,순부채/EBITDA 19.2x / EBITDA마진 10%→1% / 3년 순부채 +728억 vs EBITDA합 616억 / 매출 1원 성장에 순부채 0.61원
60.5,51.8,81.6,아이티엠반도체,00579980,084850,true,제조업,전자부품·컴퓨터·통신장비,WC_BURN(운전자본형),6479.1,0.081,599.3,0.093,2841.8,4.7,2.062,0.549,170.7,873.4,0.632,0.645,229,,RECENTLY_FUNDED,2026-07-22,주요사항보고서(전환사채권발행결정),"순부채/EBITDA 4.7x / 부채비율 206% (3년 71%p↑) / 3년 순부채 +873억 vs EBITDA합 1,381억 / 매출 1원 성장에 순부채 0.65원 / 유동비율 55% / 현금/매출 3% / 영업적자 2/3년"
60.4,73.1,42.3,SB성보,00132725,003080,true,제조업,화학물질·화학제품,REFI(롤오버형),598.4,0.012,4,0.007,599.4,148.8,0.73,1.741,6.8,959.1,11.13,44.359,351,3,PRE_SIGNAL,,,순부채/EBITDA 148.8x / EBITDA마진 7%→1% / 3년 순부채 +959억 vs EBITDA합 86억 / 매출 1원 성장에 순부채 44.36원 / 현금/매출 1% / 현금 2년 연속 감소 / 런웨이 3개월
60.4,55.6,74.5,에프에스티,00223434,036810,true,제조업,전자부품·컴퓨터·통신장비,REFI(롤오버형),2374.1,0.036,216.3,0.091,1852.4,8.6,1.073,0.903,282.6,1324.1,2.682,5.575,217,,IN_MOTION,2025-09-17,주요사항보고서(교환사채권발행결정),"순부채/EBITDA 8.6x / 3년 순부채 +1,324억 vs EBITDA합 494억 / 매출 1원 성장에 순부채 5.58원 / 유동비율 90%"
60.4,63.2,60.3,솔루스첨단소재,01412822,336370,true,제조업,전자부품·컴퓨터·통신장비,DISTRESS(구조조정형),5709.5,0.145,133.2,0.023,6114.2,45.9,0.905,0.725,1550.6,4459.1,151.125,2.339,309,92,RECENTLY_FUNDED,2026-04-29,유상증자결정(종속회사의주요경영사항)              ,"순부채/EBITDA 45.9x / 3년 순부채 +4,459억 vs EBITDA합 30억 / 매출 1원 성장에 순부채 2.34원 / 유동비율 73% / 영업적자 3/3년"
60.3,83.8,22.5,EG,00261054,037370,true,제조업,화학물질·화학제품,DISTRESS(구조조정형),652.1,-0.12,-9.1,-0.014,999.3,,4.674,0.161,56,510.5,3,,102,10,PRE_SIGNAL,,,EBITDA 적자 -9억 / 부채비율 467% (3년 319%p↑) / 3년 순부채 +511억 vs EBITDA합 -162억 / 유동비율 16% / 영업적자 3/3년 / 런웨이 10개월
60.3,51.1,82.3,텔레칩스,00423177,054450,true,제조업,전자부품·컴퓨터·통신장비,WC_BURN(운전자본형),1866.2,0.11,150.3,0.081,964.7,6.4,0.873,1.243,300,864.2,1.309,1.721,89,,PRE_SIGNAL,,,순부채/EBITDA 6.4x / EBITDA마진 15%→8% / 3년 순부채 +864억 vs EBITDA합 660억 / 매출 1원 성장에 순부채 1.72원
60.3,71.3,45.4,비나텍,00563518,126340,true,제조업,전기장비,DISTRESS(구조조정형),595.9,0.068,-11.7,-0.02,700.9,,1.099,0.811,115,398.4,1.865,3.746,74,27,RECENTLY_FUNDED,2026-03-19,[기재정정]주요사항보고서(전환사채권발행결정),EBITDA 적자 -12억 / EBITDA마진 18%→-2% / 3년 순부채 +398억 vs EBITDA합 214억 / 매출 1원 성장에 순부채 3.75원 / 유동비율 81%
60.3,63.3,60,라온피플,01251489,300120,true,정보통신,출판업,DISTRESS(구조조정형),2202.3,1.234,-122.8,-0.056,5.8,,2.456,0.922,385.1,429.3,3,0.214,401,38,RECENTLY_FUNDED,2026-02-10,[발행조건확정]증권신고서(지분증권),EBITDA 적자 -123억 / 부채비율 246% (3년 181%p↑) / 3년 순부채 +429억 vs EBITDA합 -198억 / 유동비율 92% / 영업적자 2/3년
60.3,41.4,100,(주)삼양컴텍,00141583,484590,true,제조업,금속가공제품,WC_BURN(운전자본형),1415.9,0.467,250.9,0.177,614.3,2.4,2.022,0.711,15.3,500.5,1.196,0.517,162,,IN_MOTION,2025-08-01,[기재정정]투자설명서,부채비율 202% (3년 54%p↑) / 3년 순부채 +501억 vs EBITDA합 419억 / 매출 1원 성장에 순부채 0.52원 / 유동비율 71% / 현금/매출 1% / 현금 2년 연속 감소
60.1,73.8,40,메디콕스,00356839,054180,true,제조업,기타 운송장비,DISTRESS(구조조정형),306.1,0.206,-79.4,-0.259,126.9,,0.553,0.557,12.3,118.1,3,0.897,123,2,DISTRESS_EVENT,2025-02-17,[기재정정]주요사항보고서(유상증자결정),EBITDA 적자 -79억 / 3년 순부채 +118억 vs EBITDA합 -239억 / 매출 1원 성장에 순부채 0.90원 / 유동비율 56% / 현금/매출 4% / 현금 2년 연속 감소 / 영업적자 3/3년 / 런웨이 2개월
60,49,85.2,KB오토시스,00157539,024120,true,제조업,자동차·트레일러,GROWTH(성장자금형),2102.3,0.173,148.3,0.071,820.3,5.5,1.023,1.205,83.3,655.7,1.673,0.819,241,,PRE_SIGNAL,,,순부채/EBITDA 5.5x / 3년 순부채 +656억 vs EBITDA합 392억 / 매출 1원 성장에 순부채 0.82원 / 현금/매출 4%
60,64.9,56.1,동아에스티,00956930,170900,true,제조업,의료용물질·의약품,REFI(롤오버형),6978.7,0.056,41.4,0.006,1946.4,47,0.964,2.377,1840.5,1985.5,2.507,1.897,0,336,IN_MOTION,2025-09-09,투자설명서,"순부채/EBITDA 47.0x / EBITDA마진 6%→1% / 3년 순부채 +1,986억 vs EBITDA합 792억 / 매출 1원 성장에 순부채 1.90원 / 현금 2년 연속 감소"
60,89.2,11.5,효성화학,01316236,298000,true,제조업,화학물질·화학제품,REFI(롤오버형),28381.9,0.04,504.6,0.018,26684.9,52.9,-49.123,0.348,371,6726.8,20.276,2.114,1594,5,RECENTLY_FUNDED,2026-05-21,주요사항보고서(자본으로인정되는채무증권발행결정),"순부채/EBITDA 52.9x / 자본잠식 / EBITDA마진 4%→2% / 3년 순부채 +6,727억 vs EBITDA합 332억 / 매출 1원 성장에 순부채 2.11원 / 유동비율 35% / 현금/매출 1% / 현금 2년 연속 감소 / 영업적자 3/3년 / 런웨이 5개월"
59.9,54.9,74.1,삼일제약,00128032,000520,true,제조업,의료용물질·의약품,TIGHT(유동성형),2197,0.178,73.8,0.034,1449.4,19.7,1.243,0.856,51.4,346.9,1.229,0.406,108,100,RECENTLY_FUNDED,2026-06-11,주요사항보고서(전환사채권발행결정),순부채/EBITDA 19.7x / 3년 순부채 +347억 vs EBITDA합 282억 / 유동비율 86% / 현금/매출 2%
59.9,54.1,75.5,영진약품,00141149,003520,true,제조업,의료용물질·의약품,WC_BURN(운전자본형),2520.4,0.087,174.4,0.069,616.5,3.5,1.609,1.08,34.4,490.5,1.654,0.876,195,,IN_MOTION,2025-11-20,주요사항보고서(전환사채권발행결정),순부채/EBITDA 3.5x / 3년 순부채 +491억 vs EBITDA합 297억 / 매출 1원 성장에 순부채 0.88원 / 유동비율 108% / 현금/매출 1%
59.9,65.5,54.6,이연제약,00145598,102460,true,제조업,의료용물질·의약품,REFI(롤오버형),1483,0.013,53.6,0.036,2143.9,40,1.001,0.66,102.1,1045.2,5.002,19.01,307,19,PRE_SIGNAL,2024-11-08,[기재정정]주요사항보고서(전환사채권발행결정),"순부채/EBITDA 40.0x / 3년 순부채 +1,045억 vs EBITDA합 209억 / 매출 1원 성장에 순부채 19.01원 / 유동비율 66% / 런웨이 19개월"
59.9,68,50,강동씨앤엘,01032583,198440,true,제조업,비금속 광물제품,DISTRESS(구조조정형),473.8,-0.103,108.3,0.229,721.7,6.7,2.276,0.052,15.7,936.9,3,,261,,PRE_SIGNAL,,,순부채/EBITDA 6.7x / 부채비율 228% (3년 202%p↑) / 3년 순부채 +937억 vs EBITDA합 -142억 / 유동비율 5% / 현금/매출 3% / 영업적자 2/3년
59.9,43.4,95.1,이지바이오,01480568,353810,true,제조업,식료품 제조,GROWTH(성장자금형),3843.3,0.437,399,0.104,1480.4,3.7,3.054,1.714,598.6,1183.8,1.407,0.464,0,,PRE_SIGNAL,,,"순부채/EBITDA 3.7x / 부채비율 305% (3년 146%p↑) / EBITDA마진 14%→10% / 3년 순부채 +1,184억 vs EBITDA합 841억"
59.9,77.7,32.1,넥스트칩,01515864,396270,true,제조업,전자부품·컴퓨터·통신장비,DISTRESS(구조조정형),322.5,0.096,-143.4,-0.445,9.6,,5.303,1.055,138,207.1,3,2.66,182,12,RECENTLY_FUNDED,2026-07-14,주요사항보고서(전환사채권발행결정),EBITDA 적자 -143억 / 부채비율 530% (3년 512%p↑) / 3년 순부채 +207억 vs EBITDA합 -605억 / 매출 1원 성장에 순부채 2.66원 / 유동비율 106% / 영업적자 3/3년 / 런웨이 12개월
59.9,47.6,87.5,티엑스알로보틱스,01458161,484810,true,제조업,기타 기계·장비,GROWTH(성장자금형),572.3,0.687,59.2,0.103,249.3,4.2,1.449,1.204,25.3,190.5,1.321,0.421,18,,IN_MOTION,2025-03-10,[기재정정]투자설명서,순부채/EBITDA 4.2x / EBITDA마진 24%→10% / 3년 순부채 +190억 vs EBITDA합 144억 / 현금/매출 4%
59.8,43.2,95,덕산하이메탈,00471068,077360,true,제조업,전자부품·컴퓨터·통신장비,GROWTH(성장자금형),2358.9,0.365,347.1,0.147,2175.1,6.3,0.8,1.977,693.9,2164.3,6.791,1.512,231,,RECENTLY_FUNDED,2026-07-24,유상증자결정(종속회사의주요경영사항)              ,"순부채/EBITDA 6.3x / 3년 순부채 +2,164억 vs EBITDA합 319억 / 매출 1원 성장에 순부채 1.51원 / 영업적자 2/3년"
59.8,71.1,44,나노캠텍,00542074,091970,true,제조업,고무·플라스틱제품,DISTRESS(구조조정형),555.1,0.057,20.8,0.038,246.3,11.8,1.553,0.801,34.4,507.1,80.377,6.006,185,,IN_MOTION,2025-09-25,[기재정정]주요사항보고서(전환사채권발행결정),순부채/EBITDA 11.8x / 3년 순부채 +507억 vs EBITDA합 6억 / 매출 1원 성장에 순부채 6.01원 / 유동비율 80% / 영업적자 2/3년
59.7,66.1,52.7,일동홀딩스,00146083,000230,true,제조업,의료용물질·의약품,DISTRESS(구조조정형),6575.7,0.035,341,0.052,2374.9,7,2.365,0.724,792.9,850.8,3,1.305,0,,PRE_SIGNAL,,,순부채/EBITDA 7.0x / 부채비율 237% / 3년 순부채 +851억 vs EBITDA합 -665억 / 매출 1원 성장에 순부채 1.31원 / 유동비율 72% / 영업적자 3/3년
59.7,45.4,90.7,PKC,00122472,001340,true,제조업,화학물질·화학제품,WC_BURN(운전자본형),2452.3,0.087,303.3,0.124,1568.2,5.2,1.175,0.452,272.9,590.7,0.501,1.092,6,,IN_MOTION,2025-05-15,[기재정정]주요사항보고서(전환사채권발행결정),"순부채/EBITDA 5.2x / EBITDA마진 19%→12% / 3년 순부채 +591억 vs EBITDA합 1,179억 / 매출 1원 성장에 순부채 1.09원 / 유동비율 45%"
59.7,65.5,54,모나미,00121288,005360,true,도소매,도매·상품중개,REFI(롤오버형),1330.8,0.002,52,0.039,518.1,10,1.131,1.055,104.5,405.6,1.674,48.024,78,,PRE_SIGNAL,,,순부채/EBITDA 10.0x / EBITDA마진 7%→4% / 3년 순부채 +406억 vs EBITDA합 242억 / 매출 1원 성장에 순부채 48.02원 / 유동비율 106% / 영업적자 2/3년
59.7,69.6,46.4,웰크론,00362159,065950,true,제조업,섬유제품 제조,REFI(롤오버형),3291.2,-0.054,81.2,0.025,1453.2,17.9,2.438,0.906,279.8,1540.7,5.11,,356,999,DISTRESS_EVENT,2025-09-19,주요사항보고서(교환사채권발행결정),"순부채/EBITDA 17.9x / 부채비율 244% (3년 141%p↑) / 3년 순부채 +1,541억 vs EBITDA합 302억 / 유동비율 91%"
59.7,53.4,76,동국생명과학(주),01233465,303810,true,제조업,의료용물질·의약품,REFI(롤오버형),1201.6,0.031,118.1,0.098,718.1,6.1,1.607,1.126,34.2,684.3,2.305,6.469,231,,PRE_SIGNAL,2025-01-31,[발행조건확정]증권신고서(지분증권),순부채/EBITDA 6.1x / 3년 순부채 +684억 vs EBITDA합 297억 / 매출 1원 성장에 순부채 6.47원 / 유동비율 113% / 현금/매출 3%
59.6,74.7,36.7,메타랩스,00442835,090370,true,제조업,의복·모피 제조,DISTRESS(구조조정형),383.6,0.093,-8,-0.021,409.1,,0.677,0.267,17,464.5,3,5.153,175,7,RECENTLY_FUNDED,2026-06-09,주요사항보고서(유상증자결정),EBITDA 적자 -8억 / EBITDA마진 1%→-2% / 3년 순부채 +464억 vs EBITDA합 -13억 / 매출 1원 성장에 순부채 5.15원 / 유동비율 27% / 현금/매출 4% / 영업적자 3/3년 / 런웨이 7개월
59.6,60.9,62,케이지에이(주),01638387,455180,true,제조업,기타 기계·장비,REFI(롤오버형),514.3,,39.4,0.077,345.3,8.8,2.011,1.11,8.3,345.3,5.548,0.671,114,,RECENTLY_FUNDED,2026-07-20,증권발행결과(자율공시)              (제3자배정 유상증자-소액공모),순부채/EBITDA 8.8x / 부채비율 201% (3년 201%p↑) / 3년 순부채 +345억 vs EBITDA합 62억 / 매출 1원 성장에 순부채 0.67원 / 유동비율 111% / 현금/매출 2%
59.5,75.5,35,금양,00106119,001570,true,제조업,화학물질·화학제품,DISTRESS(구조조정형),1537.3,-0.109,-319.6,-0.208,2863.9,,1.542,0.148,199.6,1863.4,3,,520,5,DISTRESS_EVENT,2026-06-30,[기재정정]주요사항보고서(유상증자결정),"EBITDA 적자 -320억 / EBITDA마진 3%→-21% / 3년 순부채 +1,863억 vs EBITDA합 -262억 / 유동비율 15% / 영업적자 2/3년 / 런웨이 5개월"
59.5,40.6,99,쏘카,01026157,403550,true,사업지원·임대,임대업(부동산 제외),WC_BURN(운전자본형),4317.6,0.143,943.5,0.219,2946.8,3.1,2.442,0.63,842.9,1274.9,0.491,0.893,0,,RECENTLY_FUNDED,2026-07-30,유상증자결정(종속회사의주요경영사항)              ,"순부채/EBITDA 3.1x / 부채비율 244% (3년 57%p↑) / 3년 순부채 +1,275억 vs EBITDA합 2,597억 / 매출 1원 성장에 순부채 0.89원 / 유동비율 63% / 현금 2년 연속 감소 / 영업적자 2/3년"
59.5,54.4,73.5,(주)보원케미칼,00871587,0010F0,true,제조업,고무·플라스틱제품,WC_BURN(운전자본형),397.3,0.072,93.2,0.235,401.4,4.3,10.138,0.259,0,110.2,0.544,1.479,44,,IN_MOTION,2026-01-14,투자설명서,순부채/EBITDA 4.3x / 부채비율 1014% (3년 822%p↑) / 3년 순부채 +110억 vs EBITDA합 202억 / 매출 1원 성장에 순부채 1.48원 / 유동비율 26% / 현금/매출 0%
59.4,73.6,37.9,코다코,00295857,046070,true,제조업,자동차·트레일러,DISTRESS(구조조정형),2514.3,0,-92.2,-0.037,1811,,26.669,0.389,43.9,-818.9,0,,95,3,DISTRESS_EVENT,2026-05-20,주요사항보고서(유상증자결정),EBITDA 적자 -92억 / 부채비율 2667% (3년 1260%p↑) / EBITDA마진 4%→-4% / 유동비율 39% / 현금/매출 2% / 영업적자 2/3년 / 런웨이 3개월
59.4,55.5,71.4,피앤씨테크,00525864,237750,true,제조업,전기장비,WC_BURN(운전자본형),347.3,0.17,25.9,0.075,163.3,6.3,0.433,1.467,43.5,495.1,5.63,3.801,165,,PRE_SIGNAL,,,순부채/EBITDA 6.3x / EBITDA마진 14%→7% / 3년 순부채 +495억 vs EBITDA합 88억 / 매출 1원 성장에 순부채 3.80원
59.3,88.9,9.8,이엔플러스,00469799,074610,true,제조업,기타 기계·장비,DISTRESS(구조조정형),583.1,0.017,-171.2,-0.294,619.2,,12.439,0.273,18.8,554.1,3,18.985,214,1,DISTRESS_EVENT,2026-07-03,[기재정정]주요사항보고서(전환사채권발행결정),EBITDA 적자 -171억 / 부채비율 1244% (3년 1202%p↑) / 3년 순부채 +554억 vs EBITDA합 -501억 / 매출 1원 성장에 순부채 18.99원 / 유동비율 27% / 현금/매출 3% / 영업적자 3/3년 / 런웨이 1개월
59.3,65.8,52,삼기에너지솔루션즈,01526806,419050,true,제조업,자동차·트레일러,REFI(롤오버형),987.1,-0.055,67.3,0.068,1219.7,18.1,1.764,1.024,235.7,983.7,3.317,,138,,IN_MOTION,2025-09-02,주요사항보고서(전환사채권발행결정),순부채/EBITDA 18.1x / EBITDA마진 11%→7% / 3년 순부채 +984억 vs EBITDA합 297억 / 유동비율 102%
59.2,76.3,32.5,영풍제지,00141404,006740,true,제조업,펄프·종이 제조,DISTRESS(구조조정형),881.1,-0.099,-71.4,-0.081,415.9,,0.697,0.645,78.7,380.1,4.548,,92,10,RECENTLY_FUNDED,2026-07-31,[기재정정]주요사항보고서(유상증자결정),EBITDA 적자 -71억 / EBITDA마진 9%→-8% / 3년 순부채 +380억 vs EBITDA합 84억 / 유동비율 65% / 영업적자 2/3년 / 런웨이 10개월
59.2,48.1,84.2,모나용평,00365989,070960,true,숙박·음식,숙박업,REFI(롤오버형),2677.8,0.043,468.6,0.175,2504.4,5.3,1.589,0.589,143.9,844.4,0.802,2.685,174,,IN_MOTION,2025-06-20,주요사항보고서(교환사채권발행결정),"순부채/EBITDA 5.3x / 3년 순부채 +844억 vs EBITDA합 1,053억 / 매출 1원 성장에 순부채 2.68원 / 유동비율 59% / 현금 2년 연속 감소"
59.2,53.8,73.7,제이에스코퍼레이션,00332927,194370,true,제조업,가죽·가방·신발 제조,REFI(롤오버형),11175,0.042,1440.1,0.129,7524.4,5.2,2.608,1.11,850.3,5739.2,1.673,4.399,1603,,RECENTLY_FUNDED,2026-06-26,주요사항보고서(전환사채권발행결정),"순부채/EBITDA 5.2x / 부채비율 261% (3년 87%p↑) / 3년 순부채 +5,739억 vs EBITDA합 3,431억 / 매출 1원 성장에 순부채 4.40원 / 유동비율 111%"
59.2,60.2,62.1,텔콘RF제약,00608802,200230,true,제조업,의료용물질·의약품,REFI(롤오버형),378.7,0,44.4,0.117,456.5,10.3,0.848,0.373,33.1,129.1,1.309,535.144,38,,RECENTLY_FUNDED,2026-07-06,주요사항보고서(유상증자결정),순부채/EBITDA 10.3x / 3년 순부채 +129억 vs EBITDA합 99억 / 매출 1원 성장에 순부채 535.14원 / 유동비율 37% / 현금 2년 연속 감소 / 영업적자 2/3년
59.2,91.6,4.5,미주제강(주),00115472,002670,true,제조업,1차 금속,DISTRESS(구조조정형),405.3,-0.106,-26.2,-0.065,60.7,,-4.507,0.765,39,2.4,3,,0,16,PRE_SIGNAL,,,EBITDA 적자 -26억 / 자본잠식 / EBITDA마진 2%→-6% / 3년 순부채 +2억 vs EBITDA합 -48억 / 유동비율 76% / 현금 2년 연속 감소 / 영업적자 3/3년 / 런웨이 16개월
59.1,69.4,44.7,지씨셀,01010642,144510,true,전문·과학·기술,기타 과학기술 서비스,DISTRESS(구조조정형),1744.5,0.012,-39.7,-0.023,795.9,,0.251,0.515,50.4,297.3,0.404,4.841,166,7,PRE_SIGNAL,,,EBITDA 적자 -40억 / EBITDA마진 20%→-2% / 3년 순부채 +297억 vs EBITDA합 736억 / 매출 1원 성장에 순부채 4.84원 / 유동비율 52% / 현금/매출 3% / 현금 2년 연속 감소 / 런웨이 7개월
58.9,56.2,68.3,종근당홀딩스,00149354,001630,true,제조업,의료용물질·의약품,REFI(롤오버형),9577.5,0.011,788.2,0.082,4185.8,5.3,0.76,0.873,294,2181.8,1.443,6.866,638,,DISTRESS_EVENT,2026-07-01,투자설명서,"순부채/EBITDA 5.3x / 3년 순부채 +2,182억 vs EBITDA합 1,512억 / 매출 1원 성장에 순부채 6.87원 / 유동비율 87% / 현금/매출 3%"
58.9,63.1,55.8,DS단석,00108612,017860,true,제조업,화학물질·화학제품,REFI(롤오버형),9617.2,0.029,307.7,0.032,3499.4,11.4,1.6,1.026,199.1,1298.2,0.613,1.652,504,,RECENTLY_FUNDED,2026-05-20,주요사항보고서(전환사채권발행결정),"순부채/EBITDA 11.4x / EBITDA마진 9%→3% / 3년 순부채 +1,298억 vs EBITDA합 2,117억 / 매출 1원 성장에 순부채 1.65원 / 유동비율 103% / 현금/매출 2%"
58.9,44.6,89.5,하나마이크론,00445054,067310,true,제조업,전자부품·컴퓨터·통신장비,WC_BURN(운전자본형),12506.9,0.232,2448.7,0.196,9886.7,4,2.21,0.994,1550.4,7083,1.142,1.219,1069,,IN_MOTION,2025-06-23,투자설명서,"순부채/EBITDA 4.0x / 부채비율 221% (3년 87%p↑) / EBITDA마진 23%→20% / 3년 순부채 +7,083억 vs EBITDA합 6,200억 / 매출 1원 성장에 순부채 1.22원 / 유동비율 99%"
58.9,56.8,67.1,이월드,00540605,084680,true,제조업,기타 제품 제조,REFI(롤오버형),1084.5,-0.048,101.7,0.094,1401.4,13.8,0.822,0.397,9.2,26.9,0.055,,38,,PRE_SIGNAL,,,순부채/EBITDA 13.8x / EBITDA마진 14%→9% / 3년 순부채 +27억 vs EBITDA합 492억 / 유동비율 40% / 현금/매출 1% / 현금 2년 연속 감소
58.9,59.8,61.7,에코프로비엠,01160363,247540,true,제조업,전기장비,WC_BURN(운전자본형),27668.4,0.23,755.4,0.027,14275.4,18.9,1.187,1.062,4991.9,9795.6,1.273,0.765,859,999,RECENTLY_FUNDED,2026-07-24,[기재정정]증권신고서(지분증권),"순부채/EBITDA 18.9x / EBITDA마진 8%→3% / 3년 순부채 +9,796억 vs EBITDA합 7,697억 / 매출 1원 성장에 순부채 0.76원 / 유동비율 106%"
58.7,77,29.5,SGC E&C,00141246,016250,true,건설업,종합 건설,REFI(롤오버형),12055.9,-0.027,217.4,0.018,3505.2,16.1,3.097,1.142,763.8,4478.1,9.146,,1072,,DISTRESS_EVENT,2025-06-10,[기재정정]주요사항보고서(유상증자결정),"순부채/EBITDA 16.1x / 부채비율 310% (3년 120%p↑) / 3년 순부채 +4,478억 vs EBITDA합 490억 / 유동비율 114% / 현금 2년 연속 감소"
58.5,62.5,55.4,우진플라임,00303217,049800,true,제조업,기타 기계·장비,REFI(롤오버형),2095.9,-0.036,114.8,0.055,1242.8,10.8,2.081,0.86,64.2,283.1,0.469,,115,,PRE_SIGNAL,,,순부채/EBITDA 10.8x / 부채비율 208% / EBITDA마진 11%→5% / 3년 순부채 +283억 vs EBITDA합 604억 / 유동비율 86% / 현금/매출 3%
58.5,66.1,48.8,하이즈항공,00688358,221840,true,제조업,기타 운송장비,WC_BURN(운전자본형),865.5,0.114,22,0.025,451.5,20.5,1.831,2.248,47.4,179.9,3,0.751,54,200,PRE_SIGNAL,,,순부채/EBITDA 20.5x / 3년 순부채 +180억 vs EBITDA합 -28억 / 매출 1원 성장에 순부채 0.75원 / 현금 2년 연속 감소 / 영업적자 3/3년
58.4,79.1,24.5,SKC,00139889,011790,true,제조업,화학물질·화학제품,DISTRESS(구조조정형),17215.6,-0.087,-1004,-0.058,28561.6,,1.944,0.688,4035.6,6951.9,2.338,,0,19,DISTRESS_EVENT,2026-05-12,[기재정정]주요사항보고서(유상증자결정),"EBITDA 적자 -1,004억 / EBITDA마진 14%→-6% / 3년 순부채 +6,952억 vs EBITDA합 2,974억 / 유동비율 69% / 현금 2년 연속 감소 / 영업적자 2/3년 / 런웨이 19개월"
58.4,79.2,24.5,시그네틱스,00158219,033170,true,제조업,전자부품·컴퓨터·통신장비,DISTRESS(구조조정형),1181.5,-0.241,-159.7,-0.135,85.8,,0.522,0.832,12,353.6,3,,150,1,PRE_SIGNAL,,,EBITDA 적자 -160억 / EBITDA마진 4%→-14% / 3년 순부채 +354억 vs EBITDA합 -33억 / 유동비율 83% / 현금/매출 1% / 영업적자 2/3년 / 런웨이 1개월
58.4,70.7,40,티사이언티픽,00372688,057680,true,정보통신,출판업,DISTRESS(구조조정형),430.2,0.622,-85,-0.197,25.4,,0.173,0.993,30.8,73.4,3,0.223,71,4,RECENTLY_FUNDED,2026-06-04,주요사항보고서(유상증자결정),EBITDA 적자 -85억 / EBITDA마진 -9%→-20% / 3년 순부채 +73억 vs EBITDA합 -148억 / 유동비율 99% / 현금 2년 연속 감소 / 영업적자 3/3년 / 런웨이 4개월
58.4,52.6,73.3,이원컴포텍,00409140,088290,true,제조업,자동차·트레일러,WC_BURN(운전자본형),524.9,0.113,38.9,0.074,82.5,2.1,1.208,0.646,7.6,263.2,2.819,1.824,94,,RECENTLY_FUNDED,2026-06-22,[기재정정]주요사항보고서(유상증자결정),3년 순부채 +263억 vs EBITDA합 93억 / 매출 1원 성장에 순부채 1.82원 / 유동비율 65% / 현금/매출 1% / 현금 2년 연속 감소
58.4,66.8,47.2,육일씨엔에쓰,00843900,191410,true,제조업,전자부품·컴퓨터·통신장비,REFI(롤오버형),375.4,0.068,12.9,0.034,249.5,19.3,1.555,0.801,22.4,360.5,8.297,5.391,150,328,PRE_SIGNAL,,,순부채/EBITDA 19.3x / 3년 순부채 +360억 vs EBITDA합 43억 / 매출 1원 성장에 순부채 5.39원 / 유동비율 80% / 영업적자 2/3년
58.3,77.3,27.5,SDN,00574611,099220,true,도소매,도매·상품중개,DISTRESS(구조조정형),843.6,-0.031,-15,-0.018,612.8,,1.492,0.9,77,210.6,3,,8,19,PRE_SIGNAL,,,EBITDA 적자 -15억 / EBITDA마진 3%→-2% / 3년 순부채 +211억 vs EBITDA합 -20억 / 유동비율 90% / 영업적자 2/3년 / 런웨이 19개월
58.3,52.5,73.2,비상교육,00520887,100220,true,정보통신,출판업,REFI(롤오버형),2464.6,0.046,201.4,0.082,1251.2,6.2,1.185,1.262,256.5,1365.4,2.826,4.421,294,,PRE_SIGNAL,,,"순부채/EBITDA 6.2x / 3년 순부채 +1,365억 vs EBITDA합 483억 / 매출 1원 성장에 순부채 4.42원"
58.3,51.6,74.8,삼기,00799177,122350,true,제조업,자동차·트레일러,REFI(롤오버형),5421.1,0.024,529.6,0.098,3185.4,6,2.636,0.635,276.3,690,0.406,1.835,157,,PRE_SIGNAL,,,"순부채/EBITDA 6.0x / 부채비율 264% / 3년 순부채 +690억 vs EBITDA합 1,699억 / 매출 1원 성장에 순부채 1.84원 / 유동비율 63%"
58.3,42.7,91.1,아모센스,01012987,357580,true,제조업,전자부품·컴퓨터·통신장비,GROWTH(성장자금형),1341.6,0.332,121.3,0.09,443.6,3.7,1.99,1.419,35.2,329.8,1.53,0.426,136,,IN_MOTION,2025-07-16,주요사항보고서(전환사채권발행결정),순부채/EBITDA 3.7x / 3년 순부채 +330억 vs EBITDA합 216억 / 현금/매출 3%
58.3,68,44.8,코오롱모빌리티그룹,01712485,450140,true,도소매,자동차·부품 판매,REFI(롤오버형),22580.2,,664.2,0.029,5083,7.7,2.802,0.706,250.6,5083,3.366,0.225,1813,,RECENTLY_FUNDED,2026-06-17,유상증자결정,"순부채/EBITDA 7.7x / 부채비율 280% (3년 280%p↑) / 3년 순부채 +5,083억 vs EBITDA합 1,510억 / 유동비율 71% / 현금/매출 1%"
58.2,74.5,32.5,뉴인텍,00105040,012340,true,제조업,자동차·트레일러,DISTRESS(구조조정형),795,0.048,-5.3,-0.007,279.3,,1.949,0.84,9.1,65,3,0.623,28,5,RECENTLY_FUNDED,2026-07-22,증권발행결과(자율공시)              (제3자배정 유상증자),EBITDA 적자 -5억 / 3년 순부채 +65억 vs EBITDA합 -106억 / 매출 1원 성장에 순부채 0.62원 / 유동비율 84% / 현금/매출 1% / 현금 2년 연속 감소 / 영업적자 3/3년 / 런웨이 5개월
58.1,67.5,45,흥구석유,00167004,024060,true,도소매,도매·상품중개,REFI(롤오버형),1168.5,-0.04,4.8,0.004,71.2,15,0.177,0.63,12,259.9,7.304,,86,,PRE_SIGNAL,,,순부채/EBITDA 15.0x / 3년 순부채 +260억 vs EBITDA합 36억 / 유동비율 63% / 현금/매출 1%
58.1,46.7,82.9,대주전자재료,00177816,078600,true,제조업,전자부품·컴퓨터·통신장비,REFI(롤오버형),2193.2,0.033,409.8,0.187,2442.2,6,1.706,0.555,820.6,1543.9,2.048,7.491,0,,PRE_SIGNAL,,,"순부채/EBITDA 6.0x / 3년 순부채 +1,544억 vs EBITDA합 754억 / 매출 1원 성장에 순부채 7.49원 / 유동비율 56%"
58.1,67.5,45,포커스에이아이,01393721,331380,true,제조업,전자부품·컴퓨터·통신장비,WC_BURN(운전자본형),581.8,0.065,-43.1,-0.074,129.6,,1.95,1.215,73,56.8,2.905,0.566,0,17,RECENTLY_FUNDED,2026-07-22,[기재정정]주요사항보고서(유상증자결정),EBITDA 적자 -43억 / EBITDA마진 6%→-7% / 3년 순부채 +57억 vs EBITDA합 20억 / 매출 1원 성장에 순부채 0.57원 / 런웨이 17개월
58.1,63.7,51.8,대주코레스(주),00133715,008340,true,제조업,1차 금속,REFI(롤오버형),1724.6,0.016,43.3,0.025,1109.2,25.6,1.725,0.627,12.4,70.4,0.232,0.886,40,8,PRE_SIGNAL,,,순부채/EBITDA 25.6x / EBITDA마진 8%→3% / 3년 순부채 +70억 vs EBITDA합 303억 / 매출 1원 성장에 순부채 0.89원 / 유동비율 63% / 현금/매출 1% / 런웨이 8개월
58,48.7,79,DL,00109693,000210,true,제조업,화학물질·화학제품,WC_BURN(운전자본형),56153.7,0.335,8678.5,0.155,49589.3,5.7,1.619,1.09,8775.6,38235.4,1.823,1.174,7914,,IN_MOTION,2025-08-11,유상증자결정(종속회사의주요경영사항)              ,순부채/EBITDA 5.7x / 3년 순부채 +3.8조 vs EBITDA합 2.1조 / 매출 1원 성장에 순부채 1.17원 / 유동비율 109% / 현금 2년 연속 감소
58,54.8,68,대호특수강,00166175,021040,true,제조업,1차 금속,TIGHT(유동성형),2963.9,0.118,85.9,0.029,910.2,10.6,3.51,0.987,5.5,-76.2,-0.308,-0.091,0,,PRE_SIGNAL,,,순부채/EBITDA 10.6x / 부채비율 351% (3년 59%p↑) / 유동비율 99% / 현금/매출 0% / 현금 2년 연속 감소
58,55.9,65.7,조선내화,01770203,462520,true,제조업,비금속 광물제품,REFI(롤오버형),5006.4,,320.5,0.064,1724.9,5.4,1.384,0.732,868.2,1724.9,2.469,0.345,0,,DISTRESS_EVENT,2025-04-30,[기재정정]유상증자결정(종속회사의주요경영사항)              ,"순부채/EBITDA 5.4x / EBITDA마진 14%→6% / 3년 순부채 +1,725억 vs EBITDA합 698억 / 유동비율 73%"
58,41.4,92.5,(주)엔알비,01708163,475230,true,제조업,금속가공제품,WC_BURN(운전자본형),528,0.944,237.1,0.449,590.8,2.5,2.418,0.188,33.5,599.6,1.229,1.314,207,,IN_MOTION,2025-07-16,[발행조건확정]증권신고서(지분증권),부채비율 242% / 3년 순부채 +600억 vs EBITDA합 488억 / 매출 1원 성장에 순부채 1.31원 / 유동비율 19%
57.9,57.8,62,사조씨푸드,00124780,014710,true,제조업,식료품 제조,REFI(롤오버형),1882.8,0.025,133.9,0.071,690.8,5.2,0.421,0.512,40.9,201.6,4325.251,1.475,1,,PRE_SIGNAL,,,순부채/EBITDA 5.2x / 3년 순부채 +202억 vs EBITDA합 0억 / 매출 1원 성장에 순부채 1.47원 / 유동비율 51% / 현금/매출 2%
57.8,65.7,47.1,사조산업,00124799,007160,true,제조업,식료품 제조,REFI(롤오버형),6352,0.025,136.9,0.022,2894.8,21.1,0.834,0.623,345.8,593.9,0.683,1.326,0,186,PRE_SIGNAL,,,순부채/EBITDA 21.1x / EBITDA마진 8%→2% / 3년 순부채 +594억 vs EBITDA합 870억 / 매출 1원 성장에 순부채 1.33원 / 유동비율 62% / 영업적자 2/3년
57.8,76.2,28,티케이케미칼,00693554,104480,true,제조업,화학물질·화학제품,REFI(롤오버형),3395.7,-0.212,9.8,0.003,2459.2,251.7,0.341,0.629,72.6,312.4,1.092,,98,7,PRE_SIGNAL,,,순부채/EBITDA 251.7x / EBITDA마진 5%→0% / 3년 순부채 +312억 vs EBITDA합 286억 / 유동비율 63% / 현금/매출 2% / 현금 2년 연속 감소 / 영업적자 2/3년 / 런웨이 7개월
57.7,58.5,60.2,현대약품,00164706,004310,true,제조업,의료용물질·의약품,WC_BURN(운전자본형),1757.4,0.079,38.7,0.022,378,9.8,0.978,1.356,102.8,298.7,1.178,0.831,80,,PRE_SIGNAL,,,순부채/EBITDA 9.8x / EBITDA마진 5%→2% / 3년 순부채 +299억 vs EBITDA합 254억 / 매출 1원 성장에 순부채 0.83원 / 현금 2년 연속 감소
57.7,77.6,25,메디앙스,00267854,014100,true,도소매,도매·상품중개,DISTRESS(구조조정형),489.9,-0.119,-74.4,-0.152,116.5,,0.53,0.821,47.9,26.4,3,,3,7,PRE_SIGNAL,,,EBITDA 적자 -74억 / EBITDA마진 5%→-15% / 3년 순부채 +26억 vs EBITDA합 -40억 / 유동비율 82% / 현금 2년 연속 감소 / 영업적자 2/3년 / 런웨이 7개월
57.6,61.1,54.9,조광페인트,00148920,004910,true,제조업,화학물질·화학제품,REFI(롤오버형),2480.2,0.013,91.4,0.037,1236.4,13.5,1.061,0.66,81.4,161.3,0.685,1.703,59,,IN_MOTION,2025-12-15,주요사항보고서(교환사채권발행결정),순부채/EBITDA 13.5x / 3년 순부채 +161억 vs EBITDA합 236억 / 매출 1원 성장에 순부채 1.70원 / 유동비율 66% / 현금/매출 3% / 현금 2년 연속 감소
57.6,61.7,53.8,브이원텍,01027794,251630,true,제조업,기타 기계·장비,WC_BURN(운전자본형),727.3,0.125,-19.8,-0.027,13.9,,0.418,1.42,140,225.6,6.121,1.042,0,82,PRE_SIGNAL,,,EBITDA 적자 -20억 / EBITDA마진 6%→-3% / 3년 순부채 +226억 vs EBITDA합 37억 / 매출 1원 성장에 순부채 1.04원
57.5,53.4,68.9,부산주공,00124151,005030,true,제조업,자동차·트레일러,REFI(롤오버형),2130.3,0.045,144.5,0.068,1219.1,8.4,9.88,0.744,0.1,-153.3,-0.512,-0.585,0,,DISTRESS_EVENT,2026-02-06,[기재정정]주요사항보고서(유상증자결정),순부채/EBITDA 8.4x / 부채비율 988% (3년 54%p↑) / 유동비율 74% / 현금/매출 0%
57.5,78.6,22.5,대구백화점,00108977,006370,true,도소매,소매(자동차 제외),DISTRESS(구조조정형),598.7,-0.099,-84.5,-0.141,2295,,1.604,0.819,39.8,530.5,3,,181,2,IN_MOTION,2025-05-15,유상증자결정(종속회사의주요경영사항)              ,EBITDA 적자 -85억 / EBITDA마진 -12%→-14% / 3년 순부채 +530억 vs EBITDA합 -263억 / 유동비율 82% / 영업적자 3/3년 / 런웨이 2개월
57.3,58.1,59.4,삼익THK,00127802,004380,true,제조업,기타 기계·장비,REFI(롤오버형),3044.3,-0.007,186.7,0.061,1689.4,9,1.332,0.921,323.8,755.7,0.98,,31,,PRE_SIGNAL,,,순부채/EBITDA 9.0x / EBITDA마진 9%→6% / 3년 순부채 +756억 vs EBITDA합 771억 / 유동비율 92%
57.3,50.2,74,홈센타홀딩스,00288495,060560,true,도소매,도매·상품중개,REFI(롤오버형),3690.4,0.043,316,0.086,1650.5,5.2,1.029,1,139.4,794.1,0.596,1.803,319,,RECENTLY_FUNDED,2026-02-13,주요사항보고서(전환사채권발행결정)(자회사의 주요경영사항)              (제5회차),"순부채/EBITDA 5.2x / EBITDA마진 11%→9% / 3년 순부채 +794억 vs EBITDA합 1,333억 / 매출 1원 성장에 순부채 1.80원 / 유동비율 100% / 현금/매출 4% / 현금 2년 연속 감소"
57.3,48.9,76.2,서플러스글로벌,00599285,140070,true,도소매,도매·상품중개,REFI(롤오버형),2516.2,0.068,203.2,0.081,1283.7,6.3,1.344,1.281,655,538.3,0.701,1.197,0,,IN_MOTION,2025-09-25,[기재정정]주요사항보고서(교환사채권발행결정),순부채/EBITDA 6.3x / EBITDA마진 15%→8% / 3년 순부채 +538억 vs EBITDA합 768억 / 매출 1원 성장에 순부채 1.20원
57.3,88.6,3.7,EDGC,01182550,245620,true,전문·과학·기술,연구개발업,DISTRESS(구조조정형),306,-0.3,-77.3,-0.253,841.3,,29.645,0.39,95.3,286.7,3,,17,9,DISTRESS_EVENT,2026-05-26,[기재정정]주요사항보고서(유상증자결정),EBITDA 적자 -77억 / 부채비율 2964% (3년 2748%p↑) / EBITDA마진 -6%→-25% / 3년 순부채 +287억 vs EBITDA합 -142억 / 유동비율 39% / 영업적자 3/3년 / 런웨이 9개월
57.3,75.5,27.5,소룩스,00605522,290690,true,제조업,전기장비,DISTRESS(구조조정형),506.9,-0.102,-57.5,-0.113,281.1,,0.497,0.957,32,171.2,3,,41,5,RECENTLY_FUNDED,2026-07-02,정정신고서제출요구( 2026.06.23. 제출 증권신고서(합병) ),EBITDA 적자 -58억 / EBITDA마진 2%→-11% / 3년 순부채 +171억 vs EBITDA합 -73억 / 유동비율 96% / 영업적자 2/3년 / 런웨이 5개월
57.3,38,96.2,삼보오토(주),00430089,070080,true,제조업,자동차·트레일러,GROWTH(성장자금형),1350.5,0.168,145.1,0.107,782,5.4,2.597,0.99,0.6,139.7,0.356,0.278,36,,PRE_SIGNAL,,,순부채/EBITDA 5.4x / 부채비율 260% (3년 46%p↑) / 3년 순부채 +140억 vs EBITDA합 392억 / 유동비율 99% / 현금/매출 0%
57.2,56.8,61.5,이건홀딩스,00184889,039020,true,제조업,목재·나무제품 제조,REFI(롤오버형),4973.7,0.016,287.2,0.058,2256.5,7.9,1.153,0.617,266.8,317.6,0.326,1.412,0,,PRE_SIGNAL,,,순부채/EBITDA 7.9x / EBITDA마진 9%→6% / 3년 순부채 +318억 vs EBITDA합 973억 / 매출 1원 성장에 순부채 1.41원 / 유동비율 62% / 현금 2년 연속 감소
57.2,68.5,40,블리츠웨이엔터테인먼트,01508855,369370,true,예술·여가,창작·예술·여가,WC_BURN(운전자본형),362.7,0.318,-25.9,-0.071,58.5,,0.699,1.158,45.4,209.9,3,1.028,78,19,RECENTLY_FUNDED,2026-05-21,유상증자결정(종속회사의주요경영사항)              ,EBITDA 적자 -26억 / 3년 순부채 +210억 vs EBITDA합 -106억 / 매출 1원 성장에 순부채 1.03원 / 유동비율 116% / 현금 2년 연속 감소 / 영업적자 3/3년 / 런웨이 19개월
57.2,68.6,40,비트맥스,01409095,377030,true,정보통신,출판업,DISTRESS(구조조정형),371.7,1.504,-163.6,-0.44,53,,1.002,0.996,31.7,181.4,3,0.521,546,2,DISTRESS_EVENT,2026-07-07,[기재정정]주요사항보고서(유상증자결정),EBITDA 적자 -164억 / 3년 순부채 +181억 vs EBITDA합 -417억 / 매출 1원 성장에 순부채 0.52원 / 유동비율 100% / 현금 2년 연속 감소 / 영업적자 3/3년 / 런웨이 2개월
57.2,69.1,39,포바이포,01513699,389140,true,정보통신,영상·오디오 제작·배급,WC_BURN(운전자본형),332.8,0.143,-67.5,-0.203,95.7,,0.934,1.007,88.3,308,3,2.8,32,15,IN_MOTION,2025-12-08,[기재정정]주요사항보고서(유상증자결정),EBITDA 적자 -67억 / EBITDA마진 -17%→-20% / 3년 순부채 +308억 vs EBITDA합 -241억 / 매출 1원 성장에 순부채 2.80원 / 유동비율 101% / 영업적자 3/3년 / 런웨이 15개월
57.1,43.6,85.4,동화약품,00119195,000020,true,제조업,의료용물질·의약품,WC_BURN(운전자본형),4648.7,0.166,330.8,0.071,649.2,2,0.543,1.775,256.6,1738,1.607,1.011,490,,PRE_SIGNAL,,,"EBITDA마진 11%→7% / 3년 순부채 +1,738억 vs EBITDA합 1,082억 / 매출 1원 성장에 순부채 1.01원"
57.1,73.7,30.2,TPC,00108649,048770,true,제조업,기타 기계·장비,DISTRESS(구조조정형),864.4,-0.002,-4.9,-0.006,288.3,,1.683,0.983,12.7,73.1,3,,20,7,PRE_SIGNAL,,,EBITDA 적자 -5억 / 3년 순부채 +73억 vs EBITDA합 -11억 / 유동비율 98% / 현금/매출 1% / 영업적자 2/3년 / 런웨이 7개월
57.1,37.4,96.7,흥국에프엔비,00916516,189980,true,제조업,음료 제조,GROWTH(성장자금형),1026.2,0.128,178.1,0.174,813.1,4.6,1.276,1.136,201.1,673.2,1.257,2.165,74,,IN_MOTION,2025-07-29,주요사항보고서(전환사채권발행결정),순부채/EBITDA 4.6x / 3년 순부채 +673억 vs EBITDA합 535억 / 매출 1원 성장에 순부채 2.17원 / 유동비율 114%
57.1,68.4,40,에코프로머티,01311408,450080,true,제조업,전기장비,DISTRESS(구조조정형),2998.5,-0.044,-207.6,-0.069,3503.9,,0.749,0.995,859.7,1634.7,2.029,,57,26,IN_MOTION,2025-03-26,주요사항보고서(유상증자결정),"EBITDA 적자 -208억 / EBITDA마진 7%→-7% / 3년 순부채 +1,635억 vs EBITDA합 806억 / 유동비율 100%"
57,59.8,55.5,인스코비,00122825,006490,true,정보통신,우편·통신업,DISTRESS(구조조정형),1005.3,0.119,-18.7,-0.019,97.8,,0.875,0.784,105,69.9,58.5,0.242,0,52,RECENTLY_FUNDED,2026-06-19,[기재정정]주요사항보고서(유상증자결정),EBITDA 적자 -19억 / 3년 순부채 +70억 vs EBITDA합 1억 / 유동비율 78% / 영업적자 2/3년
56.8,67.5,40.6,크린앤사이언스,00185222,045520,true,제조업,기타 기계·장비,REFI(롤오버형),846.2,-0.114,39.8,0.047,346.9,8.7,3.195,1.025,27.7,22,0.348,,0,,PRE_SIGNAL,,,순부채/EBITDA 8.7x / 부채비율 320% (3년 147%p↑) / 3년 순부채 +22억 vs EBITDA합 63억 / 유동비율 102% / 현금/매출 3% / 영업적자 2/3년
56.8,58.2,57.7,두산퓨얼셀,01412725,336260,true,제조업,전기장비,REFI(롤오버형),4117.8,0.026,164.1,0.04,3092,18.8,1.365,1.805,1375.6,4115.5,7.763,13.55,114,999,IN_MOTION,2025-08-27,투자설명서,"순부채/EBITDA 18.8x / EBITDA마진 7%→4% / 3년 순부채 +4,115억 vs EBITDA합 530억 / 매출 1원 성장에 순부채 13.55원"
56.7,48,76,국전약품,01329957,307750,true,제조업,의료용물질·의약품,WC_BURN(운전자본형),1364.7,0.169,54.7,0.04,184.9,3.4,1.177,1.188,468.2,498.5,2.485,0.975,0,,IN_MOTION,2025-03-17,[기재정정]주요사항보고서(유상증자결정),순부채/EBITDA 3.4x / EBITDA마진 7%→4% / 3년 순부채 +498억 vs EBITDA합 201억 / 매출 1원 성장에 순부채 0.98원 / 유동비율 119%
56.7,74.2,28,SK아이이테크놀로지,01386916,361610,true,제조업,전기장비,DISTRESS(구조조정형),2178.6,-0.288,-1345.5,-0.618,14071.1,,0.785,0.593,2762.5,16120.8,9.259,,3573,16,RECENTLY_FUNDED,2026-06-26,유상증자결정(종속회사의주요경영사항)              ,"EBITDA 적자 -1,346억 / EBITDA마진 28%→-62% / 3년 순부채 +1.6조 vs EBITDA합 1,741억 / 유동비율 59% / 영업적자 2/3년 / 런웨이 16개월"
56.6,68.3,38.3,한화솔루션,00162461,009830,true,제조업,화학물질·화학제품,REFI(롤오버형),123940.2,0.049,4152.2,0.034,106913.6,25.7,1.832,0.93,21843.8,60676.9,1.856,3.636,5231,152,RECENTLY_FUNDED,2026-07-20,[기재정정]주요사항보고서(유상증자결정),순부채/EBITDA 25.7x / EBITDA마진 12%→3% / 3년 순부채 +6.1조 vs EBITDA합 3.3조 / 매출 1원 성장에 순부채 3.64원 / 유동비율 93%
56.6,59.2,55,우진아이엔에스,00143262,010400,true,건설업,전문직별 공사,WC_BURN(운전자본형),1375.9,0.154,-160.2,-0.116,-77.9,,0.258,2.8,50,344.3,3,0.716,165,4,PRE_SIGNAL,,,EBITDA 적자 -160억 / EBITDA마진 -4%→-12% / 3년 순부채 +344억 vs EBITDA합 -211억 / 매출 1원 성장에 순부채 0.72원 / 현금/매출 4% / 영업적자 3/3년 / 런웨이 4개월
56.6,61.8,50.3,아이씨디,00298377,040910,true,제조업,기타 기계·장비,WC_BURN(운전자본형),1476.2,0.084,-202.5,-0.137,75.9,,0.97,1.534,233.5,593.4,3,1.863,69,14,RECENTLY_FUNDED,2026-05-11,주요사항보고서(신주인수권부사채권발행결정),EBITDA 적자 -202억 / 3년 순부채 +593억 vs EBITDA합 -512억 / 매출 1원 성장에 순부채 1.86원 / 영업적자 3/3년 / 런웨이 14개월
56.5,64.7,44.6,한화오션,00111704,042660,true,제조업,기타 운송장비,WC_BURN(운전자본형),107760,0.339,4175.1,0.039,47603.4,11.4,2.669,1.087,5882.6,40702.4,3,0.647,24635,,RECENTLY_FUNDED,2026-03-19,유상증자결정(종속회사의주요경영사항)              ,순부채/EBITDA 11.4x / 부채비율 267% / 3년 순부채 +4.1조 vs EBITDA합 -1.1조 / 매출 1원 성장에 순부채 0.65원 / 유동비율 109% / 영업적자 2/3년
56.5,44,82.5,종근당바이오,00390055,063160,true,제조업,의료용물질·의약품,REFI(롤오버형),1717.6,0.065,276.4,0.161,1300.4,4.7,1.172,1.271,10.9,242,0.858,0.82,35,,PRE_SIGNAL,,,순부채/EBITDA 4.7x / 3년 순부채 +242억 vs EBITDA합 282억 / 매출 1원 성장에 순부채 0.82원 / 현금/매출 1% / 현금 2년 연속 감소 / 영업적자 2/3년
56.5,44.2,82.3,한화시스템,00339391,272210,true,제조업,전자부품·컴퓨터·통신장비,WC_BURN(운전자본형),28036.9,0.103,3334.6,0.119,1544.4,0.5,1.369,0.854,1998.4,16565.2,2.294,2.319,4641,,RECENTLY_FUNDED,2026-02-11,투자설명서,"3년 순부채 +1.7조 vs EBITDA합 7,220억 / 매출 1원 성장에 순부채 2.32원 / 유동비율 85% / 현금 2년 연속 감소"
56.3,54.6,62.6,다원시스,00523307,068240,true,제조업,전기장비,REFI(롤오버형),3015.2,0.007,248.1,0.082,2412.9,9.7,1.88,1.083,509.9,1523.4,3,25.123,0,,DISTRESS_EVENT,2026-03-30,[기재정정]주요사항보고서(유상증자결정),"순부채/EBITDA 9.7x / 3년 순부채 +1,523억 vs EBITDA합 -743억 / 매출 1원 성장에 순부채 25.12원 / 유동비율 108%"
56.3,49.1,72.5,디티앤씨,00675594,187220,true,전문·과학·기술,건축기술·엔지니어링,REFI(롤오버형),1119.4,0.046,107.6,0.096,636.2,5.9,1.183,0.625,157.9,134.2,0.562,0.948,0,,IN_MOTION,2025-06-18,[첨부정정]주요사항보고서(전환사채권발행결정),순부채/EBITDA 5.9x / 3년 순부채 +134억 vs EBITDA합 239억 / 매출 1원 성장에 순부채 0.95원 / 유동비율 63% / 현금 2년 연속 감소 / 영업적자 2/3년
56.3,70.8,33,심텍,01095722,222800,true,제조업,전자부품·컴퓨터·통신장비,REFI(롤오버형),12314.2,-0.034,388.7,0.032,4232.1,10.9,2.218,0.653,1277.7,3090.3,0.664,,433,,IN_MOTION,2025-06-11,주요사항보고서(전환사채권발행결정),"순부채/EBITDA 10.9x / 부채비율 222% (3년 97%p↑) / EBITDA마진 14%→3% / 3년 순부채 +3,090억 vs EBITDA합 4,657억 / 유동비율 65% / 영업적자 2/3년"
56.1,42.2,84.6,코스모신소재,00129989,005070,true,제조업,화학물질·화학제품,GROWTH(성장자금형),5697.3,0.23,390.7,0.069,1749.7,4.5,0.583,1.067,19.8,1095.1,0.807,0.415,456,,RECENTLY_FUNDED,2026-03-13,주요사항보고서(유상증자결정),"순부채/EBITDA 4.5x / EBITDA마진 10%→7% / 3년 순부채 +1,095억 vs EBITDA합 1,358억 / 유동비율 107% / 현금/매출 0%"
56.1,60.9,50.2,삼아알미늄,00126779,006110,true,제조업,1차 금속,REFI(롤오버형),2517.3,-0.002,71.2,0.028,1057.8,14.9,0.79,1.435,112,464.8,0.849,,148,,PRE_SIGNAL,,,순부채/EBITDA 14.9x / EBITDA마진 9%→3% / 3년 순부채 +465억 vs EBITDA합 548억 / 현금/매출 4%
56,59.9,51.7,동국산업,00172680,005160,true,제조업,1차 금속,REFI(롤오버형),7902.9,0.027,282.5,0.036,2781,9.8,0.931,1.232,337.1,2886.8,6.33,4.721,824,,PRE_SIGNAL,,,"순부채/EBITDA 9.8x / 3년 순부채 +2,887억 vs EBITDA합 456억 / 매출 1원 성장에 순부채 4.72원 / 현금/매출 4%"
55.9,33.4,100,KSS해운,00160232,044450,true,운수·물류,수상 운송,GROWTH(성장자금형),5179.3,0.169,2063.2,0.398,11639.6,5.6,2.573,0.482,1156,1487.8,0.278,0.767,0,,PRE_SIGNAL,,,"순부채/EBITDA 5.6x / 부채비율 257% / 3년 순부채 +1,488억 vs EBITDA합 5,354억 / 매출 1원 성장에 순부채 0.77원 / 유동비율 48%"
55.9,59,53.1,다날,00389970,064260,true,정보통신,출판업,REFI(롤오버형),2609.4,-0.03,123,0.047,1872,15.2,1.405,1.265,612.4,1796.3,5.365,,39,,DISTRESS_EVENT,2024-10-30,[기재정정]주요사항보고서(전환사채권발행결정),"순부채/EBITDA 15.2x / 3년 순부채 +1,796억 vs EBITDA합 335억 / 현금 2년 연속 감소"
55.8,44.8,79,한화에어로스페이스,00126566,012450,true,제조업,기타 운송장비,GROWTH(성장자금형),112401.2,0.266,20628.3,0.184,74423.8,3.6,2.813,0.896,29677.3,72875.1,1.991,1.279,3384,,RECENTLY_FUNDED,2026-03-04,[기재정정]유상증자결정(종속회사의주요경영사항)              ,순부채/EBITDA 3.6x / 부채비율 281% (3년 100%p↑) / 3년 순부채 +7.3조 vs EBITDA합 3.7조 / 매출 1원 성장에 순부채 1.28원 / 유동비율 90%
55.8,44.4,79.7,킵스파마,01037214,256940,true,제조업,기타 기계·장비,GROWTH(성장자금형),1275.8,2.105,88,0.069,327.5,3.7,1.613,0.828,187.8,460.3,8.105,0.373,709,,RECENTLY_FUNDED,2026-07-06,[기재정정]주요사항보고서(전환사채권발행결정),순부채/EBITDA 3.7x / 3년 순부채 +460억 vs EBITDA합 57억 / 유동비율 83%
55.7,52.4,64.5,상신이디피,00480783,091580,true,제조업,전기장비,WC_BURN(운전자본형),2518,0.084,85.6,0.034,637,7.4,1.062,0.905,617.7,321.6,0.332,0.592,0,,RECENTLY_FUNDED,2026-05-06,[기재정정]주요사항보고서(전환사채권발행결정),순부채/EBITDA 7.4x / EBITDA마진 15%→3% / 3년 순부채 +322억 vs EBITDA합 969억 / 매출 1원 성장에 순부채 0.59원 / 유동비율 90%
55.7,67.4,37.1,나노팀,01524118,417010,true,제조업,기타 기계·장비,WC_BURN(운전자본형),323.9,0.062,-10.4,-0.032,342.1,,0.977,2.494,20.2,192.9,1.699,3.606,86,8,IN_MOTION,2025-11-17,[기재정정]주요사항보고서(전환사채권발행결정),EBITDA 적자 -10억 / EBITDA마진 16%→-3% / 3년 순부채 +193억 vs EBITDA합 113억 / 매출 1원 성장에 순부채 3.61원 / 런웨이 8개월
55.6,45.9,76.3,원익홀딩스,00216647,030530,true,제조업,화학물질·화학제품,REFI(롤오버형),6454.7,-0.011,787.2,0.122,3418.3,4.3,0.514,0.632,568.7,1656,0.511,,270,,DISTRESS_EVENT,,,"순부채/EBITDA 4.3x / EBITDA마진 17%→12% / 3년 순부채 +1,656억 vs EBITDA합 3,239억 / 유동비율 63% / 현금 2년 연속 감소"
55.5,40.2,86.4,신흥에스이씨,00807379,243840,true,제조업,전기장비,REFI(롤오버형),4328.3,0.057,705.8,0.163,3427.4,4.9,1.443,0.721,1125.5,2618.2,1.156,3.932,0,,PRE_SIGNAL,,,"순부채/EBITDA 4.9x / 3년 순부채 +2,618억 vs EBITDA합 2,265억 / 매출 1원 성장에 순부채 3.93원 / 유동비율 72%"
55.5,54.2,60.7,덕우전자,00571298,263600,true,제조업,전자부품·컴퓨터·통신장비,REFI(롤오버형),1609.5,-0.029,116.6,0.072,608.2,5.2,0.988,1.007,161,419,0.907,,44,,PRE_SIGNAL,,,순부채/EBITDA 5.2x / 3년 순부채 +419억 vs EBITDA합 462억 / 유동비율 101% / 현금 2년 연속 감소 / 영업적자 2/3년
55.3,55.3,58,포스코퓨처엠,00155276,003670,true,제조업,전기장비,WC_BURN(운전자본형),36999.4,0.23,1848.6,0.05,29135.9,15.8,1.389,1.346,6442.2,31627.1,5.13,1.849,7477,,IN_MOTION,2026-01-15,투자설명서,"순부채/EBITDA 15.8x / EBITDA마진 7%→5% / 3년 순부채 +3.2조 vs EBITDA합 6,165억 / 매출 1원 성장에 순부채 1.85원"
55.3,53.5,61.1,삼성중공업,00126478,010140,true,제조업,기타 운송장비,GROWTH(성장자금형),99030.8,0.144,7919,0.08,24809.2,3.1,3.586,0.779,9559.6,14383.4,2.355,0.438,1229,,DISTRESS_EVENT,2025-09-30,투자설명서,"순부채/EBITDA 3.1x / 부채비율 359% (3년 162%p↑) / 3년 순부채 +1.4조 vs EBITDA합 6,107억 / 유동비율 78%"
55.3,74.7,22.5,앤씨앤,00537337,092600,true,제조업,전자부품·컴퓨터·통신장비,DISTRESS(구조조정형),897,-0.079,-200,-0.223,53.8,,3.285,1.121,188.2,152.8,3,,69,11,DISTRESS_EVENT,2025-10-01,유상증자결정(종속회사의주요경영사항)              ,EBITDA 적자 -200억 / 부채비율 329% (3년 275%p↑) / 3년 순부채 +153억 vs EBITDA합 -803억 / 유동비율 112% / 영업적자 3/3년 / 런웨이 11개월
55.2,34.8,95.1,금강공업,00105299,014280,true,제조업,1차 금속,WC_BURN(운전자본형),8013.5,0.12,948,0.118,4029.1,4.3,1.327,0.884,874.6,1443.1,0.449,0.625,0,,RECENTLY_FUNDED,2026-06-01,주요사항보고서(교환사채권발행결정),"순부채/EBITDA 4.3x / EBITDA마진 14%→12% / 3년 순부채 +1,443억 vs EBITDA합 3,214억 / 매출 1원 성장에 순부채 0.63원 / 유동비율 88%"
55.2,55.5,57.1,마니커,00204208,027740,true,제조업,식료품 제조,DISTRESS(구조조정형),3327.9,0.096,-5.6,-0.002,433.2,,2.783,0.642,104.3,-155.1,-1.359,-0.194,10,42,PRE_SIGNAL,,,EBITDA 적자 -6억 / 부채비율 278% / 유동비율 64% / 현금/매출 3% / 영업적자 2/3년
55.2,58,52.5,대양제지공업(주),00111227,006580,true,제조업,펄프·종이 제조,REFI(롤오버형),1512.3,,18.6,0.012,185.6,10,0.527,0.907,99.5,185.6,9.953,0.123,4,,PRE_SIGNAL,,,순부채/EBITDA 10.0x / 3년 순부채 +186억 vs EBITDA합 19억 / 유동비율 91%
55.1,74.2,22.5,영우디에스피,00569646,143540,true,제조업,기타 기계·장비,DISTRESS(구조조정형),590.7,-0.095,-42.9,-0.073,130.9,,1.766,0.939,81.2,150.5,3,,5,19,PRE_SIGNAL,,,EBITDA 적자 -43억 / 3년 순부채 +151억 vs EBITDA합 -299억 / 유동비율 94% / 영업적자 3/3년 / 런웨이 19개월
55,61.4,45.9,GS건설,00120030,006360,true,건설업,종합 건설,WC_BURN(운전자본형),128638.1,0.125,4946.7,0.039,34854.2,7,2.5,0.96,20830.2,26116.7,2.443,0.682,0,,DISTRESS_EVENT,2025-12-17,주요사항보고서(자본으로인정되는채무증권발행결정),순부채/EBITDA 7.0x / 부채비율 250% / 3년 순부채 +2.6조 vs EBITDA합 1.1조 / 매출 1원 성장에 순부채 0.68원 / 유동비율 96%
55,59.4,49.5,HL D&I,00161116,014790,true,건설업,종합 건설,REFI(롤오버형),15788.3,0.023,774.5,0.049,6642.9,8.6,2.587,0.951,812.5,1736.8,0.798,1.678,144,,IN_MOTION,2025-09-23,주요사항보고서(자본으로인정되는채무증권발행결정),"순부채/EBITDA 8.6x / 부채비율 259% / 3년 순부채 +1,737억 vs EBITDA합 2,176억 / 매출 1원 성장에 순부채 1.68원 / 유동비율 95%"
55,60.2,48.1,휴맥스,00787057,115160,true,제조업,전자부품·컴퓨터·통신장비,REFI(롤오버형),5355.6,-0.06,162.2,0.03,1568.3,9.7,3.007,0.859,239.9,-280.4,-0.493,,0,,RECENTLY_FUNDED,2026-08-05,[기재정정]증권신고서(합병),순부채/EBITDA 9.7x / 부채비율 301% (3년 144%p↑) / 유동비율 86% / 현금/매출 4% / 현금 2년 연속 감소
54.9,62.7,42.9,성문전자,00132628,014910,true,제조업,전자부품·컴퓨터·통신장비,REFI(롤오버형),480.6,-0.009,27.7,0.058,218.9,7.9,0.825,1.042,35.8,232.8,2.492,,64,,PRE_SIGNAL,,,순부채/EBITDA 7.9x / EBITDA마진 8%→6% / 3년 순부채 +233억 vs EBITDA합 93억 / 유동비율 104% / 현금 2년 연속 감소
54.9,35.8,92.5,바이오플러스,00636656,099430,true,제조업,의료용물질·의약품,WC_BURN(운전자본형),664.1,0.211,269.4,0.406,186.4,0.7,0.789,0.684,386.7,574.9,0.679,1.983,0,,PRE_SIGNAL,2024-11-05,[기재정정]주요사항보고서(전환사채권발행결정),EBITDA마진 49%→41% / 3년 순부채 +575억 vs EBITDA합 846억 / 매출 1원 성장에 순부채 1.98원 / 유동비율 68%
54.9,64.3,40,아이윈플러스,00615723,123010,true,제조업,전자부품·컴퓨터·통신장비,WC_BURN(운전자본형),393.5,0.631,-22.8,-0.058,99.9,,0.729,1.353,35.6,238,3,0.786,117,15,RECENTLY_FUNDED,2026-07-24,[기재정정]주요사항보고서(유상증자결정),EBITDA 적자 -23억 / 3년 순부채 +238억 vs EBITDA합 -124억 / 매출 1원 성장에 순부채 0.79원 / 현금 2년 연속 감소 / 영업적자 3/3년 / 런웨이 15개월
54.8,77.1,16.2,삼부토건,00125974,001470,true,건설업,종합 건설,DISTRESS(구조조정형),4624.3,0.09,-1106.6,-0.239,523.3,,38.171,0.778,170.3,-134.3,0,-0.127,872,2,DISTRESS_EVENT,2026-06-29,주요사항보고서(유상증자결정),"EBITDA 적자 -1,107억 / 부채비율 3817% (3년 3695%p↑) / EBITDA마진 -11%→-24% / 유동비율 78% / 현금/매출 4% / 현금 2년 연속 감소 / 영업적자 3/3년 / 런웨이 2개월"
54.8,37.1,89.5,와이지-원,00139719,019210,true,제조업,금속가공제품,WC_BURN(운전자본형),5749.9,0.079,1001.5,0.174,5225.9,5.2,1.667,1.056,386.1,1331,0.423,1.136,253,,PRE_SIGNAL,2025-01-06,[기재정정]주요사항보고서(유상증자결정),"순부채/EBITDA 5.2x / 3년 순부채 +1,331억 vs EBITDA합 3,146억 / 매출 1원 성장에 순부채 1.14원 / 유동비율 106%"
54.8,77.5,15.7,케이엠더블유,00226352,032500,true,제조업,전자부품·컴퓨터·통신장비,DISTRESS(구조조정형),873.6,-0.248,-335.7,-0.384,141.7,,0.873,0.949,459.2,1063.7,3,,0,16,PRE_SIGNAL,,,"EBITDA 적자 -336억 / EBITDA마진 -24%→-38% / 3년 순부채 +1,064억 vs EBITDA합 -1,103억 / 유동비율 95% / 현금 2년 연속 감소 / 영업적자 3/3년 / 런웨이 16개월"
54.8,61.5,45,피씨디렉트,00297934,051380,true,도소매,도매·상품중개,REFI(롤오버형),3337.7,-0.029,27.2,0.008,287.7,10.6,1.355,1.714,87.4,214.9,2.574,,49,,PRE_SIGNAL,,,순부채/EBITDA 10.6x / 3년 순부채 +215억 vs EBITDA합 83억 / 현금/매출 3%
54.8,45,75,LB세미콘,00412348,061970,true,제조업,전자부품·컴퓨터·통신장비,REFI(롤오버형),4508.6,-0.031,776.3,0.172,3107,4,1.328,0.656,722.2,1505.2,0.489,,0,,RECENTLY_FUNDED,2026-07-30,효력발생안내( 2026.7.14. 제출 증권신고서(지분증권) ),"순부채/EBITDA 4.0x / EBITDA마진 24%→17% / 3년 순부채 +1,505억 vs EBITDA합 3,076억 / 유동비율 66% / 영업적자 2/3년"
54.8,36,91.7,유니테크노,00531865,241690,true,제조업,자동차·트레일러,WC_BURN(운전자본형),1051.3,0.096,125,0.119,383.6,3.1,0.658,0.918,199.3,433.1,1.138,1.714,0,,PRE_SIGNAL,,,순부채/EBITDA 3.1x / 3년 순부채 +433억 vs EBITDA합 380억 / 매출 1원 성장에 순부채 1.71원 / 유동비율 92%
54.7,77.6,15,진원생명과학,00118521,011000,true,제조업,의료용물질·의약품,DISTRESS(구조조정형),357.2,-0.026,-250.8,-0.702,259.5,,0.768,0.674,11.8,1148.6,3,,320,1,RECENTLY_FUNDED,2026-08-05,주요사항보고서(유상증자결정),"EBITDA 적자 -251억 / 3년 순부채 +1,149억 vs EBITDA합 -953억 / 유동비율 67% / 현금/매출 3% / 현금 2년 연속 감소 / 영업적자 3/3년 / 런웨이 1개월"
54.7,51.2,63.3,부산산업,00124027,011390,true,제조업,비금속 광물제품,REFI(롤오버형),1241.1,-0.01,94.9,0.076,970.5,10.2,0.922,1.425,88.2,930.7,2.395,,307,,PRE_SIGNAL,,,순부채/EBITDA 10.2x / 3년 순부채 +931억 vs EBITDA합 389억
54.7,42.3,79.7,한국팩키지,00198192,037230,true,제조업,펄프·종이 제조,GROWTH(성장자금형),2256,0.589,118.2,0.052,768.7,6.5,1.103,0.663,11.5,18.2,0.057,0.011,20,,PRE_SIGNAL,,,순부채/EBITDA 6.5x / 3년 순부채 +18억 vs EBITDA합 321억 / 유동비율 66% / 현금/매출 1% / 현금 2년 연속 감소
54.7,66.8,34.7,펨트론,00957373,168360,true,제조업,기타 기계·장비,DISTRESS(구조조정형),570,-0.005,-22.5,-0.039,164.8,,1.557,0.766,34.7,54.4,0.362,,26,13,IN_MOTION,2025-04-09,주요사항보고서(전환사채권발행결정),EBITDA 적자 -22억 / EBITDA마진 12%→-4% / 3년 순부채 +54억 vs EBITDA합 151억 / 유동비율 77% / 런웨이 13개월
54.7,77.6,15,(주)비츠로넥스텍,01194607,488900,true,제조업,기타 운송장비,DISTRESS(구조조정형),303.8,-0.136,-121.3,-0.399,158.8,,1.637,0.968,56,24.5,3,,40,5,IN_MOTION,2025-11-10,[발행조건확정]증권신고서(지분증권),EBITDA 적자 -121억 / EBITDA마진 -6%→-40% / 3년 순부채 +25억 vs EBITDA합 -225억 / 유동비율 97% / 현금 2년 연속 감소 / 영업적자 3/3년 / 런웨이 5개월
54.6,56.7,52.9,무림SP,00121507,001810,true,제조업,펄프·종이 제조,WC_BURN(운전자본형),1768.7,0.102,26.8,0.015,399.4,14.9,0.602,1.238,356.4,343,3,0.768,0,,PRE_SIGNAL,,,순부채/EBITDA 14.9x / 3년 순부채 +343억 vs EBITDA합 -72억 / 매출 1원 성장에 순부채 0.77원 / 영업적자 2/3년
54.6,66.9,34.2,다이나믹디자인,00453488,145210,true,제조업,기타 기계·장비,WC_BURN(운전자본형),625.7,0.059,-6.5,-0.01,221.3,,1.22,1.253,71.5,161.9,3,1.632,15,46,DISTRESS_EVENT,2026-05-06,[기재정정]주요사항보고서(유상증자결정),EBITDA 적자 -6억 / 3년 순부채 +162억 vs EBITDA합 -99억 / 매출 1원 성장에 순부채 1.63원 / 현금 2년 연속 감소 / 영업적자 3/3년
54.5,54.9,56.1,녹십자,00129679,006280,true,제조업,의료용물질·의약품,REFI(롤오버형),16798.9,0.03,1131.4,0.067,8041.5,7.1,0.853,1.562,225.6,4005.1,1.083,2.819,1418,,RECENTLY_FUNDED,2026-03-11,투자설명서,"순부채/EBITDA 7.1x / 3년 순부채 +4,005억 vs EBITDA합 3,698억 / 매출 1원 성장에 순부채 2.82원 / 현금/매출 1% / 현금 2년 연속 감소"
54.5,57.4,51.5,리드코프,00117708,012700,true,도소매,도매·상품중개,REFI(롤오버형),4204.8,-0.051,245.3,0.058,4000.1,16.3,1.143,1.905,170.5,3347.4,4.684,,1055,115,DISTRESS_EVENT,,,"순부채/EBITDA 16.3x / 3년 순부채 +3,347억 vs EBITDA합 715억 / 현금/매출 4%"
54.5,59.6,47.5,루닛,01397620,328130,true,정보통신,출판업,DISTRESS(구조조정형),541.8,1.013,-599.7,-1.107,79.7,,1.639,0.443,523.7,173.4,3,0.365,540,10,RECENTLY_FUNDED,2026-04-30,증권발행결과(자율공시)              (주주배정후 실권주 일반공모),"EBITDA 적자 -600억 / 3년 순부채 +173억 vs EBITDA합 -1,460억 / 유동비율 44% / 영업적자 3/3년 / 런웨이 10개월"
54.5,39.2,84.9,케이피항공산업(주),01101254,288180,true,제조업,기타 운송장비,GROWTH(성장자금형),496.5,0.347,59.5,0.12,267.4,4.5,3.343,0.883,67.5,110.1,0.995,0.375,0,,RECENTLY_FUNDED,2026-03-06,투자설명서,순부채/EBITDA 4.5x / 부채비율 334% / 3년 순부채 +110억 vs EBITDA합 111억 / 유동비율 88%
54.4,40.3,82.5,어보브반도체,00591441,102120,true,제조업,전자부품·컴퓨터·통신장비,WC_BURN(운전자본형),2321.2,0.115,183.4,0.079,395.6,2.2,0.896,1.127,309.7,519.9,0.771,0.805,0,,IN_MOTION,2025-09-09,유상증자결정(종속회사의주요경영사항)              ,EBITDA마진 11%→8% / 3년 순부채 +520억 vs EBITDA합 674억 / 매출 1원 성장에 순부채 0.80원 / 유동비율 113% / 영업적자 2/3년
54.3,46.7,70.3,일양약품,00146454,007570,true,제조업,의료용물질·의약품,REFI(롤오버형),2688.6,0.035,208.2,0.078,958.6,4.6,0.785,0.799,43,408.4,0.543,1.55,149,,PRE_SIGNAL,,,순부채/EBITDA 4.6x / EBITDA마진 11%→8% / 3년 순부채 +408억 vs EBITDA합 752억 / 매출 1원 성장에 순부채 1.55원 / 유동비율 80% / 현금/매출 2%
54.3,46.9,70,(주)모보,00347442,051810,true,제조업,전기장비,TIGHT(유동성형),2795.2,0.169,39.7,0.014,193.4,4.9,2.865,0.936,1.8,31.7,0.277,0.03,9,,PRE_SIGNAL,,,순부채/EBITDA 4.9x / 부채비율 287% / 3년 순부채 +32억 vs EBITDA합 115억 / 유동비율 94% / 현금/매출 0% / 현금 2년 연속 감소
54.1,36.8,88,동구바이오제약,00114686,006620,true,제조업,의료용물질·의약품,WC_BURN(운전자본형),2492.7,0.171,199.6,0.08,504,2.5,1.315,0.931,253.7,580.6,0.918,0.617,41,,DISTRESS_EVENT,2025-03-27,주요사항보고서(교환사채권발행결정),3년 순부채 +581억 vs EBITDA합 633억 / 매출 1원 성장에 순부채 0.62원 / 유동비율 93%
54.1,36.2,89.1,우신시스템,00142883,017370,true,제조업,기타 기계·장비,GROWTH(성장자금형),5636,0.29,471.5,0.084,1396.5,3,2.382,0.963,194.4,744.4,0.853,0.247,238,,PRE_SIGNAL,,,부채비율 238% / 3년 순부채 +744억 vs EBITDA합 873억 / 유동비율 96% / 현금/매출 3%
54,42.5,77.1,MH에탄올,00121534,023150,true,제조업,음료 제조,REFI(롤오버형),1004.2,-0.005,253.1,0.252,1649.1,6.5,4.21,0.208,278.8,-417.7,-0.44,,0,,DISTRESS_EVENT,,,순부채/EBITDA 6.5x / 부채비율 421% / EBITDA마진 34%→25% / 유동비율 21%
54,52.6,58.7,아스플로,00561732,159010,true,제조업,기타 기계·장비,WC_BURN(운전자본형),836.1,0.124,15,0.018,393.3,26.1,1.529,1.37,290.9,156.1,0.632,0.631,0,530,DISTRESS_EVENT,,,순부채/EBITDA 26.1x / EBITDA마진 12%→2% / 3년 순부채 +156억 vs EBITDA합 247억 / 매출 1원 성장에 순부채 0.63원
53.9,51.7,60,노랑풍선,00632845,104620,true,사업지원·임대,사업지원 서비스,DISTRESS(구조조정형),1319.1,2.558,-36.8,-0.028,45.3,,2.691,0.836,294.6,-227.6,0,-0.176,554,90,PRE_SIGNAL,,,EBITDA 적자 -37억 / 부채비율 269% (3년 167%p↑) / 유동비율 84% / 영업적자 2/3년
53.8,40.6,79.9,안국약품,00139205,001540,true,제조업,의료용물질·의약품,WC_BURN(운전자본형),2711.2,0.184,144,0.053,479.9,3.3,0.836,1.749,158.4,752.5,1.925,0.7,231,,PRE_SIGNAL,,,순부채/EBITDA 3.3x / 3년 순부채 +753억 vs EBITDA합 391억 / 매출 1원 성장에 순부채 0.70원
53.8,47.2,67.9,대동기어,00109310,008830,true,제조업,기타 기계·장비,TIGHT(유동성형),2570.6,0.082,118.8,0.046,876.7,7.4,1.915,0.796,21.1,142.6,0.347,0.263,46,,RECENTLY_FUNDED,2026-07-15,[발행조건확정]증권신고서(지분증권),순부채/EBITDA 7.4x / 3년 순부채 +143억 vs EBITDA합 411억 / 유동비율 80% / 현금/매출 1%
53.8,62.3,40,신세계건설,00217947,034300,true,건설업,종합 건설,DISTRESS(구조조정형),9549.7,-0.087,0,0,0,,0,0,0,332.6,3,,79,,PRE_SIGNAL,,,"EBITDA 적자 0억 / 3년 순부채 +333억 vs EBITDA합 -1,524억 / 유동비율 0% / 현금/매출 0% / 영업적자 3/3년"
53.7,62.1,40,플레이위드,00138367,023770,true,정보통신,출판업,DISTRESS(구조조정형),323.1,0.345,-52.7,-0.163,10.3,,0.941,0.931,63.9,172.7,3,0.907,31,14,PRE_SIGNAL,,,EBITDA 적자 -53억 / 3년 순부채 +173억 vs EBITDA합 -163억 / 매출 1원 성장에 순부채 0.91원 / 유동비율 93% / 영업적자 3/3년 / 런웨이 14개월
53.7,58.6,46.6,웰크론한텍,00487546,076080,true,건설업,종합 건설,REFI(롤오버형),2618.9,-0.009,36.6,0.014,151.4,4.1,1.984,1.024,126.8,391.3,3.967,,92,,DISTRESS_EVENT,,,순부채/EBITDA 4.1x / 3년 순부채 +391억 vs EBITDA합 99억 / 유동비율 102% / 현금/매출 5%
53.7,35.7,88.5,한국콜마,00939331,161890,true,제조업,화학물질·화학제품,WC_BURN(운전자본형),24520.6,0.156,2858.2,0.117,9465.8,3.3,1.077,0.707,1418.7,4616.8,0.695,0.533,819,,RECENTLY_FUNDED,2026-02-24,투자설명서,"순부채/EBITDA 3.3x / 3년 순부채 +4,617억 vs EBITDA합 6,644억 / 매출 1원 성장에 순부채 0.53원 / 유동비율 71% / 현금 2년 연속 감소"
53.5,72.8,20,브이씨,01354740,365900,true,제조업,기타 제품 제조,DISTRESS(구조조정형),441.4,-0.063,-10.6,-0.024,253.3,,1.427,0.71,67.8,182.7,3,,0,33,PRE_SIGNAL,,,EBITDA 적자 -11억 / EBITDA마진 2%→-2% / 3년 순부채 +183억 vs EBITDA합 -40억 / 유동비율 71% / 영업적자 2/3년
53.4,67.1,29.9,램테크놀러지,00654272,171010,true,제조업,화학물질·화학제품,REFI(롤오버형),445,-0.029,16.1,0.036,373.6,23.2,1.176,1.199,90.8,267.2,2.677,,24,246,PRE_SIGNAL,,,순부채/EBITDA 23.2x / EBITDA마진 9%→4% / 3년 순부채 +267억 vs EBITDA합 100억 / 유동비율 120% / 영업적자 2/3년
53.3,46.6,67.2,명문제약,00121039,017180,true,제조업,의료용물질·의약품,TIGHT(유동성형),1864.4,0.106,59.9,0.032,827.5,13.8,1.502,0.867,43.9,91.3,0.419,0.188,46,,PRE_SIGNAL,,,순부채/EBITDA 13.8x / 3년 순부채 +91억 vs EBITDA합 218억 / 유동비율 87% / 현금/매출 2%
53.3,48,64.6,에스티오,00612188,098660,true,제조업,의복·모피 제조,REFI(롤오버형),702.2,0.029,60.8,0.087,362.4,6,1.683,1.352,17.2,186,0.952,3.245,73,,PRE_SIGNAL,,,순부채/EBITDA 6.0x / 3년 순부채 +186억 vs EBITDA합 195억 / 매출 1원 성장에 순부채 3.25원 / 현금/매출 2%
53.3,32.8,92.5,(주)아이티켐,00914341,309710,true,제조업,의료용물질·의약품,GROWTH(성장자금형),621.7,0.338,97.8,0.157,382.8,3.9,1.38,0.949,71.7,226.2,1.38,0.624,48,,DISTRESS_EVENT,2026-02-19,주요사항보고서(전환사채권발행결정),순부채/EBITDA 3.9x / 3년 순부채 +226억 vs EBITDA합 164억 / 매출 1원 성장에 순부채 0.62원 / 유동비율 95%
53.2,28.5,100,케이아이엔엑스,00603348,093320,true,정보통신,정보서비스,WC_BURN(운전자본형),1389,0.18,418.8,0.302,233.6,0.6,0.465,1.733,251.8,878.8,0.713,1.614,84,,PRE_SIGNAL,,,"EBITDA마진 36%→30% / 3년 순부채 +879억 vs EBITDA합 1,232억 / 매출 1원 성장에 순부채 1.61원 / 현금 2년 연속 감소"
53,30.2,96.3,환인제약,00166573,016580,true,제조업,의료용물질·의약품,WC_BURN(운전자본형),2596,0.135,299.7,0.115,-516.5,-1.7,0.13,4.75,431.5,925.9,0.913,1.132,0,,PRE_SIGNAL,,,"EBITDA마진 18%→12% / 3년 순부채 +926억 vs EBITDA합 1,015억 / 매출 1원 성장에 순부채 1.13원"
53,41,76.4,대아티아이,00318316,045390,true,제조업,전기장비,WC_BURN(운전자본형),1491.5,0.087,108.1,0.073,272.6,2.5,1.186,1.061,427.5,682.3,2.305,2.074,0,,PRE_SIGNAL,2024-08-23,유상증자결정(종속회사의주요경영사항)              ,EBITDA마진 9%→7% / 3년 순부채 +682억 vs EBITDA합 296억 / 매출 1원 성장에 순부채 2.07원 / 유동비율 106%
53,48.2,63.3,이수스페셜티케미컬,01762569,457190,true,제조업,화학물질·화학제품,REFI(롤오버형),3320.7,,241.2,0.073,995.9,4.1,1.462,0.859,300,995.9,4.394,0.3,162,,PRE_SIGNAL,,,순부채/EBITDA 4.1x / 3년 순부채 +996억 vs EBITDA합 227억 / 유동비율 86%
52.9,42.4,73.6,평화홀딩스,00155124,010770,true,제조업,자동차·트레일러,TIGHT(유동성형),8351.9,0.1,473.4,0.057,2070.6,4.4,3.448,0.742,21.4,249.8,0.232,0.12,64,,PRE_SIGNAL,,,"순부채/EBITDA 4.4x / 부채비율 345% / 3년 순부채 +250억 vs EBITDA합 1,079억 / 유동비율 74% / 현금/매출 0%"
52.9,36.7,84,유비케어,00220057,032620,true,정보통신,출판업,WC_BURN(운전자본형),1906,0.195,127,0.067,-69.2,-0.5,0.485,1.781,203.2,585.3,1.775,0.742,43,,PRE_SIGNAL,,,EBITDA마진 9%→7% / 3년 순부채 +585억 vs EBITDA합 330억 / 매출 1원 성장에 순부채 0.74원 / 현금 2년 연속 감소
52.9,44,70.5,엠투엔,00143226,033310,true,제조업,전자부품·컴퓨터·통신장비,GROWTH(성장자금형),912.1,0.489,57.8,0.063,151.7,2.6,0.251,1.057,16.2,243.3,3.158,0.383,139,,PRE_SIGNAL,,,3년 순부채 +243억 vs EBITDA합 77억 / 유동비율 106% / 현금/매출 2% / 현금 2년 연속 감소
52.7,63.1,35,STX,00138297,011810,true,도소매,도매·상품중개,DISTRESS(구조조정형),8278,-0.037,-13.5,-0.002,2764.7,,3.858,0.676,449.8,-563.8,-48.022,,0,33,DISTRESS_EVENT,2025-04-21,[기재정정]유상증자결정(종속회사의주요경영사항)              ,EBITDA 적자 -14억 / 부채비율 386% / 유동비율 68% / 영업적자 3/3년
52.7,37.5,81.8,위지트,00258360,036090,true,제조업,기타 기계·장비,GROWTH(성장자금형),3577.6,1.256,212.6,0.059,916.6,4.3,0.745,1.944,511.9,995.1,3.351,0.305,0,,RECENTLY_FUNDED,2026-06-02,주요사항보고서(유상증자결정),순부채/EBITDA 4.3x / EBITDA마진 10%→6% / 3년 순부채 +995억 vs EBITDA합 297억
52.6,31.4,92.8,모트렉스,00876908,118990,true,제조업,자동차·트레일러,WC_BURN(운전자본형),5868.9,0.104,696.7,0.119,2853.8,4.1,2.428,1.127,695.2,1010.5,0.457,0.673,0,,DISTRESS_EVENT,2026-07-31,유상증자결정(종속회사의주요경영사항)              ,"순부채/EBITDA 4.1x / 부채비율 243% / 3년 순부채 +1,011억 vs EBITDA합 2,212억 / 매출 1원 성장에 순부채 0.67원 / 유동비율 113%"
52.5,27.2,100,일지테크,00146560,019540,true,제조업,자동차·트레일러,GROWTH(성장자금형),7573,0.57,913.7,0.121,1836.7,2,2.828,0.938,310.1,503.6,0.237,0.09,0,,RECENTLY_FUNDED,2026-05-27,유상증자결정(종속회사의주요경영사항)              ,"부채비율 283% / EBITDA마진 15%→12% / 3년 순부채 +504억 vs EBITDA합 2,127억 / 유동비율 94% / 현금/매출 4%"
52.5,51.4,55.6,일동제약,01168383,249420,true,제조업,의료용물질·의약품,DISTRESS(구조조정형),6149.4,0.032,390.5,0.064,1279,3.3,2.703,0.895,722.7,500.5,3,0.913,0,,PRE_SIGNAL,,,순부채/EBITDA 3.3x / 부채비율 270% / 3년 순부채 +501억 vs EBITDA합 -305억 / 매출 1원 성장에 순부채 0.91원 / 유동비율 90% / 영업적자 2/3년
52.4,37.3,81.4,아진전자부품,00111689,009320,true,제조업,자동차·트레일러,GROWTH(성장자금형),1435,0.131,120.6,0.084,368,3.1,2.547,0.676,16.8,52.6,0.272,0.119,0,,PRE_SIGNAL,,,순부채/EBITDA 3.1x / 부채비율 255% (3년 85%p↑) / 3년 순부채 +53억 vs EBITDA합 194억 / 유동비율 68% / 현금/매출 1%
52.4,44.8,67.5,한국항공우주,00309503,047810,true,제조업,기타 운송장비,WC_BURN(운전자본형),36337.4,0.124,3446,0.095,9327,2.7,3.647,1.107,1147.2,7801.2,0.788,0.728,3145,,RECENTLY_FUNDED,2026-02-05,주요사항보고서(전환사채권발행결정),"부채비율 365% / 3년 순부채 +7,801억 vs EBITDA합 9,899억 / 매출 1원 성장에 순부채 0.73원 / 유동비율 111% / 현금/매출 3% / 현금 2년 연속 감소"
52.4,44.1,68.8,티웨이항공,00671376,091810,true,운수·물류,항공 운송,GROWTH(성장자금형),15367.8,0.928,1042.3,0.068,2483.6,2.4,17.989,0.754,1058,75.2,0.023,0.006,449,,RECENTLY_FUNDED,2026-06-23,[기재정정]주요사항보고서(자본으로인정되는채무증권발행결정),"부채비율 1799% (3년 346%p↑) / 3년 순부채 +75억 vs EBITDA합 3,319억 / 유동비율 75% / 영업적자 2/3년"
52.3,44,68.7,SIMPAC,00138260,009160,true,제조업,1차 금속,WC_BURN(운전자본형),7850.6,0.086,370,0.047,1340.1,3.6,0.784,1.335,1300,1738.3,0.892,1.01,0,,PRE_SIGNAL,,,"순부채/EBITDA 3.6x / EBITDA마진 14%→5% / 3년 순부채 +1,738억 vs EBITDA합 1,949억 / 매출 1원 성장에 순부채 1.01원"
52.3,51.8,54.2,에넥스,00139764,011090,true,제조업,가구 제조,DISTRESS(구조조정형),2641.1,0.094,74.1,0.028,152.4,2.1,2.335,0.762,171.9,162.5,3,0.261,0,,RECENTLY_FUNDED,2026-07-21,주요사항보고서(유상증자결정),부채비율 234% (3년 133%p↑) / 3년 순부채 +162억 vs EBITDA합 -169억 / 유동비율 76% / 영업적자 2/3년
52.3,33.3,88.4,코렌텍,00541437,104540,true,제조업,의료·정밀·광학기기,WC_BURN(운전자본형),936.7,0.28,99.6,0.106,357,3.6,1.206,1.331,171.6,348.2,1.099,0.71,0,,IN_MOTION,2025-12-19,주요사항보고서(전환사채권발행결정),순부채/EBITDA 3.6x / EBITDA마진 15%→11% / 3년 순부채 +348억 vs EBITDA합 317억 / 매출 1원 성장에 순부채 0.71원
52.2,35.5,84,상신브레이크,00129642,041650,true,제조업,자동차·트레일러,GROWTH(성장자금형),5785.6,0.134,432.2,0.075,2028.5,4.7,1.541,1.136,263.7,416.2,0.313,0.229,33,,PRE_SIGNAL,,,"순부채/EBITDA 4.7x / 3년 순부채 +416억 vs EBITDA합 1,328억 / 유동비율 114% / 현금/매출 5% / 현금 2년 연속 감소"
52.2,41.1,73.6,엔브이에이치코리아,00146436,067570,true,제조업,자동차·트레일러,GROWTH(성장자금형),15873.5,0.141,1131.7,0.071,5067.5,4.5,2.865,0.829,1658.9,1966.9,0.625,0.379,0,,PRE_SIGNAL,,,"순부채/EBITDA 4.5x / 부채비율 287% (3년 53%p↑) / 3년 순부채 +1,967억 vs EBITDA합 3,146억 / 유동비율 83%"
52.1,26.5,100,뉴파워프라즈마,00521390,144960,true,제조업,기타 기계·장비,WC_BURN(운전자본형),5198.4,0.188,725,0.14,1854,2.6,1.383,0.833,703.2,1058.5,0.769,0.505,0,,IN_MOTION,2026-01-28,주요사항보고서(교환사채권발행결정),"3년 순부채 +1,058억 vs EBITDA합 1,377억 / 매출 1원 성장에 순부채 0.50원 / 유동비율 83%"
52,45,65.8,조비,00148948,001550,true,제조업,화학물질·화학제품,REFI(롤오버형),1024.5,0.066,65.5,0.064,382.1,5.8,1.277,1.28,53.5,134.7,0.843,0.755,24,,PRE_SIGNAL,,,순부채/EBITDA 5.8x / 3년 순부채 +135억 vs EBITDA합 160억 / 매출 1원 성장에 순부채 0.75원
52,73.2,14,나래나노텍,00362122,137080,true,제조업,기타 기계·장비,DISTRESS(구조조정형),404.3,-0.331,-167.7,-0.415,730.5,,1.269,0.604,44.7,421.2,3,,127,3,PRE_SIGNAL,,,EBITDA 적자 -168억 / EBITDA마진 2%→-41% / 3년 순부채 +421억 vs EBITDA합 -223억 / 유동비율 60% / 영업적자 2/3년 / 런웨이 3개월
52,38.3,78.1,화승엔터프라이즈,01128613,241590,true,제조업,가죽·가방·신발 제조,GROWTH(성장자금형),16096.2,0.122,1539.8,0.096,5442.3,3.5,1.728,0.83,1157.1,2210.8,0.607,0.469,120,,PRE_SIGNAL,2024-09-27,[기재정정]주요사항보고서(자본으로인정되는채무증권발행결정),"순부채/EBITDA 3.5x / 3년 순부채 +2,211억 vs EBITDA합 3,641억 / 유동비율 83% / 현금 2년 연속 감소"
51.9,37.6,79,대한항공,00113526,003490,true,운수·물류,항공 운송,GROWTH(성장자금형),178707.2,0.256,39062.3,0.219,127325.2,3.3,3.288,0.684,22156.2,43284.6,0.364,0.489,0,,RECENTLY_FUNDED,2026-07-24,효력발생안내( 2026.7.13. 제출 증권신고서(합병) ),순부채/EBITDA 3.3x / 부채비율 329% / EBITDA마진 29%→22% / 3년 순부채 +4.3조 vs EBITDA합 11.9조 / 유동비율 68%
51.8,35.6,82.3,우리산업홀딩스,00359623,072470,true,제조업,자동차·트레일러,GROWTH(성장자금형),6452.6,0.189,393.8,0.061,1030.5,2.6,1.468,1.045,216.3,679.7,0.804,0.26,183,,PRE_SIGNAL,,,3년 순부채 +680억 vs EBITDA합 845억 / 유동비율 105% / 현금/매출 3%
51.8,68.9,21.2,LK삼양,00992543,225190,true,제조업,의료·정밀·광학기기,REFI(롤오버형),320.2,-0.178,6.7,0.021,85.9,12.7,0.557,2.023,10.2,192.3,1.099,,79,,IN_MOTION,2025-11-06,[발행조건확정]증권신고서(지분증권),순부채/EBITDA 12.7x / EBITDA마진 20%→2% / 3년 순부채 +192억 vs EBITDA합 175억 / 현금/매출 3% / 현금 2년 연속 감소 / 영업적자 2/3년
51.7,52.7,50.8,삼일씨엔에스,00109806,004440,true,제조업,비금속 광물제품,REFI(롤오버형),2213,-0.008,73.9,0.033,360.3,4.9,0.476,1.291,488.3,404.4,1.588,,0,,PRE_SIGNAL,,,순부채/EBITDA 4.9x / EBITDA마진 6%→3% / 3년 순부채 +404억 vs EBITDA합 255억 / 영업적자 2/3년
51.6,48.6,57.9,한국특강,00124090,007280,true,제조업,1차 금속,REFI(롤오버형),7687.8,0.036,273.2,0.036,1827.5,6.7,1.48,1.081,354.6,522.9,0.403,0.677,56,,PRE_SIGNAL,,,"순부채/EBITDA 6.7x / EBITDA마진 7%→4% / 3년 순부채 +523억 vs EBITDA합 1,297억 / 매출 1원 성장에 순부채 0.68원 / 유동비율 108% / 현금/매출 5%"
51.5,38,77.1,HS화성,00174527,002460,true,건설업,종합 건설,WC_BURN(운전자본형),6127.8,0.132,320.9,0.052,832,2.6,1.177,1.415,1253.2,2687.8,2.872,1.411,0,,PRE_SIGNAL,,,"3년 순부채 +2,688억 vs EBITDA합 936억 / 매출 1원 성장에 순부채 1.41원"
51.5,50.1,54.7,한세예스24홀딩스,00161976,016450,true,제조업,의복·모피 제조,REFI(롤오버형),28308.5,0.004,2140.2,0.076,9511.2,4.4,1.841,0.864,895.6,3134.3,0.435,9.807,1343,,IN_MOTION,2025-06-23,[기재정정]주요사항보고서(유상증자결정)(자회사의 주요경영사항)              ,"순부채/EBITDA 4.4x / 3년 순부채 +3,134억 vs EBITDA합 7,204억 / 매출 1원 성장에 순부채 9.81원 / 유동비율 86% / 현금/매출 3% / 현금 2년 연속 감소"
51.5,25.5,100,동원금속,00118008,018500,true,제조업,자동차·트레일러,TIGHT(유동성형),5682.4,0.154,811.5,0.143,1962.1,2.4,3.496,0.714,87.7,-175,-0.082,-0.088,0,,PRE_SIGNAL,,,부채비율 350% / 유동비율 71% / 현금/매출 2%
51.5,54,47.5,바른손,00122205,018700,true,도소매,도매·상품중개,WC_BURN(운전자본형),678.8,0.24,-40.7,-0.06,-15.8,,0.602,1.684,77,318.2,3,0.987,90,23,RECENTLY_FUNDED,2026-07-28,증권발행결과(자율공시)              (제3자배정 유상증자),EBITDA 적자 -41억 / 3년 순부채 +318억 vs EBITDA합 -103억 / 매출 1원 성장에 순부채 0.99원 / 현금 2년 연속 감소 / 영업적자 3/3년 / 런웨이 23개월
51.5,25.5,100,자화전자,00146861,033240,true,제조업,전자부품·컴퓨터·통신장비,GROWTH(성장자금형),6811.4,0.251,1029.8,0.151,1376.3,1.3,0.792,1.077,594.2,1510.3,1.029,0.453,0,,IN_MOTION,2025-10-14,유상증자결정(종속회사의주요경영사항)              ,"3년 순부채 +1,510억 vs EBITDA합 1,468억 / 유동비율 108% / 영업적자 2/3년"
51.5,42.1,69.4,코스맥스엔비티,00656289,222040,true,제조업,식료품 제조,REFI(롤오버형),3179.9,0.032,240.7,0.076,1484,6.2,4.117,0.747,452.7,10.6,0.016,0.037,0,,DISTRESS_EVENT,2026-07-15,유상증자결정(종속회사의주요경영사항)              ,순부채/EBITDA 6.2x / 부채비율 412% / 3년 순부채 +11억 vs EBITDA합 676억 / 유동비율 75% / 현금 2년 연속 감소
51.4,48.7,57,바이오니아,00326731,064550,true,제조업,의료용물질·의약품,WC_BURN(운전자본형),2939.8,0.095,-42.9,-0.015,-205.4,,0.464,2.264,400.2,410.7,1.638,0.585,0,112,PRE_SIGNAL,,,EBITDA 적자 -43억 / EBITDA마진 12%→-1% / 3년 순부채 +411억 vs EBITDA합 251억 / 매출 1원 성장에 순부채 0.58원
51.4,57.8,40.4,위세아이텍,00374738,065370,true,정보통신,출판업,REFI(롤오버형),350.3,0.009,19.9,0.057,203.9,10.2,1.331,0.865,58.6,173.2,16.545,17.961,11,,PRE_SIGNAL,,,순부채/EBITDA 10.2x / 3년 순부채 +173억 vs EBITDA합 10억 / 매출 1원 성장에 순부채 17.96원 / 유동비율 87%
51.4,50.5,53.7,캐스텍코리아,00302582,071850,true,제조업,자동차·트레일러,REFI(롤오버형),1585.1,0.039,14,0.009,570.8,40.7,1.646,0.958,54.4,-563.8,-8.21,-3.265,15,38,PRE_SIGNAL,,,순부채/EBITDA 40.7x / 유동비율 96% / 현금/매출 3% / 영업적자 3/3년
51.2,46.8,59.8,신송홀딩스,00136402,006880,true,도소매,도매·상품중개,REFI(롤오버형),1645.8,-0.041,114,0.069,1021,9,1.388,0.56,50.6,19,0.056,,21,,DISTRESS_EVENT,,,순부채/EBITDA 9.0x / 3년 순부채 +19억 vs EBITDA합 340억 / 유동비율 56% / 현금/매출 3%
51.2,41.1,70.2,오리엔트정공,00300405,065500,true,제조업,자동차·트레일러,TIGHT(유동성형),1734,0.147,38.3,0.022,205.7,5.4,1.614,0.997,50.1,-211.9,-1.756,-0.362,0,,RECENTLY_FUNDED,2026-06-23,주요사항보고서(유상증자결정),순부채/EBITDA 5.4x / 유동비율 100% / 현금/매출 3% / 현금 2년 연속 감소
51.1,54.7,45.2,아모텍,00298447,052710,true,제조업,전자부품·컴퓨터·통신장비,DISTRESS(구조조정형),2294.4,0.049,-43.3,-0.019,857.2,,1.385,0.955,268.3,-94.9,-0.904,-0.307,0,36,RECENTLY_FUNDED,2026-07-30,[발행조건확정]증권신고서(지분증권),EBITDA 적자 -43억 / EBITDA마진 2%→-2% / 유동비율 95% / 현금 2년 연속 감소 / 영업적자 3/3년
51.1,51.6,50.7,옵트론텍,00327396,082210,true,제조업,의료·정밀·광학기기,REFI(롤오버형),2179.6,0.028,70.7,0.032,571.9,8.1,1.8,0.642,24.1,-1113.2,0,-6.525,0,,DISTRESS_EVENT,2026-06-26,유상증자결정(종속회사의주요경영사항)              ,순부채/EBITDA 8.1x / 유동비율 64% / 현금/매출 1% / 현금 2년 연속 감소 / 영업적자 2/3년
50.9,51.6,50,세기상사,00133618,002420,true,도소매,소매(자동차 제외),DISTRESS(구조조정형),320.3,0.215,-9.2,-0.029,169.7,,1.06,0.213,20.4,-23.2,0,-0.164,17,13,DISTRESS_EVENT,2025-04-11,[첨부정정]주요사항보고서(유상증자결정),EBITDA 적자 -9억 / 유동비율 21% / 영업적자 3/3년 / 런웨이 13개월
50.9,49.2,54.6,카스,00152260,016920,true,도소매,도매·상품중개,REFI(롤오버형),1560,-0.01,73.4,0.047,539.4,7.4,1.478,0.84,52.9,13.2,0.054,,0,,PRE_SIGNAL,,,순부채/EBITDA 7.4x / 3년 순부채 +13억 vs EBITDA합 243억 / 유동비율 84% / 현금/매출 3%
50.9,36.6,77.4,케이프,00152437,064820,true,제조업,기타 운송장비,TIGHT(유동성형),5165,0.065,446.6,0.087,1458.4,3.3,8.266,0.247,97.1,133.9,0.135,0.151,0,,PRE_SIGNAL,2024-12-12,유상증자결정(종속회사의주요경영사항)              ,순부채/EBITDA 3.3x / 부채비율 827% / 3년 순부채 +134억 vs EBITDA합 995억 / 유동비율 25% / 현금/매출 2%
50.9,41.3,69,AJ네트웍스,00365387,095570,true,사업지원·임대,임대업(부동산 제외),REFI(롤오버형),10141.6,0.011,2430.7,0.24,10343.9,4.3,2.871,0.533,1050.1,2638.5,0.364,8.192,248,,RECENTLY_FUNDED,2026-04-23,투자설명서,"순부채/EBITDA 4.3x / 부채비율 287% / 3년 순부채 +2,639억 vs EBITDA합 7,242억 / 매출 1원 성장에 순부채 8.19원 / 유동비율 53% / 현금 2년 연속 감소"
50.8,30.2,88.9,휴비츠,00398668,065510,true,제조업,의료·정밀·광학기기,WC_BURN(운전자본형),1178.8,0.074,188.1,0.16,585.3,3.1,0.824,1.153,78.8,303.3,0.468,1.327,76,,PRE_SIGNAL,,,순부채/EBITDA 3.1x / EBITDA마진 19%→16% / 3년 순부채 +303억 vs EBITDA합 648억 / 매출 1원 성장에 순부채 1.33원 / 유동비율 115%
50.8,39.1,72.7,조이시티,00397252,067000,true,정보통신,출판업,REFI(롤오버형),1428.5,-0.108,160.3,0.112,825.2,5.1,1.386,0.836,212.5,197.4,0.348,,0,,PRE_SIGNAL,,,순부채/EBITDA 5.1x / EBITDA마진 13%→11% / 3년 순부채 +197억 vs EBITDA합 568억 / 유동비율 84%
50.8,40.6,70,이큐셀,00818472,160600,true,제조업,기타 기계·장비,DISTRESS(구조조정형),1450.3,1.11,0,0,0,,0,0,0,-58.9,-0.972,-0.045,0,0,DISTRESS_EVENT,2024-10-18,[기재정정]주요사항보고서(유상증자결정),EBITDA 적자 0억 / EBITDA마진 5%→0% / 유동비율 0% / 현금/매출 0% / 런웨이 0개월
50.8,76.2,4.7,디에이테크놀로지,00660121,196490,true,제조업,기타 기계·장비,DISTRESS(구조조정형),432.9,-0.016,-209,-0.483,-8,,-9.318,0.547,37.4,104.7,3,,156,2,DISTRESS_EVENT,2026-05-07,[첨부정정]주요사항보고서(유상증자결정),EBITDA 적자 -209억 / 자본잠식 / EBITDA마진 -33%→-48% / 3년 순부채 +105억 vs EBITDA합 -794억 / 유동비율 55% / 영업적자 3/3년 / 런웨이 2개월
50.7,26.1,96,가비아,00506294,079940,true,정보통신,출판업,WC_BURN(운전자본형),2824.2,0.123,660.7,0.234,961.7,1.5,0.83,1.322,698.3,1554.1,0.782,1.873,0,,PRE_SIGNAL,2024-12-16,주요사항보고서(교환사채권발행결정),"EBITDA마진 27%→23% / 3년 순부채 +1,554억 vs EBITDA합 1,987억 / 매출 1원 성장에 순부채 1.87원"
50.7,37.6,75,테크윙,00535676,089030,true,제조업,기타 기계·장비,REFI(롤오버형),1855.1,-0.102,356.2,0.192,2245.8,6.3,1.688,0.714,254.8,310.8,0.263,,0,,IN_MOTION,2025-10-02,주요사항보고서(교환사채권발행결정),"순부채/EBITDA 6.3x / 3년 순부채 +311억 vs EBITDA합 1,180억 / 유동비율 71%"
50.7,76.2,4.2,선샤인푸드,01068658,217620,true,숙박·음식,음식점·주점,DISTRESS(구조조정형),351.6,-0.192,-29.4,-0.084,145.8,,-5.849,0.332,3.7,-269,0,,22,1,DISTRESS_EVENT,2025-06-25,[기재정정]주요사항보고서(전환사채권발행결정),EBITDA 적자 -29억 / 자본잠식 / EBITDA마진 0%→-8% / 유동비율 33% / 현금/매출 1% / 현금 2년 연속 감소 / 영업적자 3/3년 / 런웨이 1개월
50.6,53.7,45.2,극동유화,00105156,014530,true,제조업,코크스·석유정제품,REFI(롤오버형),10628.3,0.033,316.3,0.03,1851.3,5.9,1.061,0.935,308.3,1029.7,0.995,1.051,394,,PRE_SIGNAL,,,"순부채/EBITDA 5.9x / 3년 순부채 +1,030억 vs EBITDA합 1,035억 / 매출 1원 성장에 순부채 1.05원 / 유동비율 94% / 현금/매출 3%"
50.6,23.8,100,한국정보인증,00306454,053300,true,정보통신,출판업,WC_BURN(운전자본형),1218.9,0.275,278.6,0.229,-415.2,-1.5,0.746,1.227,363.5,641.9,0.908,1.019,0,,PRE_SIGNAL,,,3년 순부채 +642억 vs EBITDA합 707억 / 매출 1원 성장에 순부채 1.02원
50.6,30.5,87.8,케어젠,00549891,214370,true,제조업,의료용물질·의약품,WC_BURN(운전자본형),825.9,0.118,394.1,0.477,-442.6,-1.1,0.08,11.952,50.7,920.1,0.755,3.915,297,,PRE_SIGNAL,,,"EBITDA마진 54%→48% / 3년 순부채 +920억 vs EBITDA합 1,218억 / 매출 1원 성장에 순부채 3.92원"
50.6,51,50.3,인산가,01243161,277410,true,제조업,식료품 제조,REFI(롤오버형),324.8,-0.053,28.4,0.088,188.9,6.6,0.551,2.136,31.2,176.8,1.018,,50,,RECENTLY_FUNDED,2026-07-22,주요사항보고서(유상증자결정),순부채/EBITDA 6.6x / EBITDA마진 23%→9% / 3년 순부채 +177억 vs EBITDA합 174억
50.6,29.6,89.5,에어부산,00651901,298690,true,운수·물류,항공 운송,GROWTH(성장자금형),10067.6,0.787,2997.9,0.298,5297,1.8,9.191,0.695,1050.8,435.6,0.068,0.052,45,,IN_MOTION,2025-05-13,주요사항보고서(자본으로인정되는채무증권발행결정),"부채비율 919% (3년 246%p↑) / 3년 순부채 +436억 vs EBITDA합 6,437억 / 유동비율 69%"
50.6,52.5,47.5,고바이오랩,01399071,348150,true,전문·과학·기술,연구개발업,WC_BURN(운전자본형),683.6,1.869,-43.3,-0.063,-391.5,,0.84,4.824,56.9,403.4,3,0.616,611,16,PRE_SIGNAL,,,EBITDA 적자 -43억 / 3년 순부채 +403억 vs EBITDA합 -407억 / 매출 1원 성장에 순부채 0.62원 / 현금 2년 연속 감소 / 영업적자 3/3년 / 런웨이 16개월
50.5,30.1,88.2,대원제약,00111999,003220,true,제조업,의료용물질·의약품,GROWTH(성장자금형),5981.6,0.191,483.1,0.081,1411.3,2.9,1.05,1.283,170.6,719.8,0.449,0.295,235,,IN_MOTION,2025-09-02,주요사항보고서(교환사채권발행결정),"EBITDA마진 11%→8% / 3년 순부채 +720억 vs EBITDA합 1,605억 / 현금/매출 3%"
50.5,29.9,88.6,삼진제약,00128412,005500,true,제조업,의료용물질·의약품,TIGHT(유동성형),3083.5,0.072,490.4,0.159,1177.2,2.4,0.625,1,34.2,749.2,0.629,1.286,220,,PRE_SIGNAL,,,"3년 순부채 +749억 vs EBITDA합 1,191억 / 매출 1원 성장에 순부채 1.29원 / 유동비율 100% / 현금/매출 1%"
50.5,42.5,65.3,한올바이오파마,00162586,009420,true,제조업,의료용물질·의약품,WC_BURN(운전자본형),1389.4,0.11,33.5,0.024,-232.6,-6.9,0.265,2.458,163.9,559.8,4.187,1.499,60,,PRE_SIGNAL,,,EBITDA마진 7%→2% / 3년 순부채 +560억 vs EBITDA합 134억 / 매출 1원 성장에 순부채 1.50원
50.5,63.1,27.5,윈팩,00536286,097800,true,제조업,전자부품·컴퓨터·통신장비,DISTRESS(구조조정형),741.4,-0.099,-49.7,-0.067,577.9,,1.163,0.331,75.3,43.6,0.339,,0,11,IN_MOTION,2025-09-24,[기재정정]주요사항보고서(유상증자결정),EBITDA 적자 -50억 / EBITDA마진 7%→-7% / 3년 순부채 +44억 vs EBITDA합 129억 / 유동비율 33% / 영업적자 2/3년 / 런웨이 11개월
50.5,65.9,22.5,위지윅스튜디오,01276327,299900,true,정보통신,영상·오디오 제작·배급,DISTRESS(구조조정형),804.3,-0.126,-19.9,-0.025,95.9,,0.691,0.769,427.7,587.6,3,,0,204,IN_MOTION,2025-06-18,주요사항보고서(전환사채권발행결정),EBITDA 적자 -20억 / 3년 순부채 +588억 vs EBITDA합 -181억 / 유동비율 77% / 영업적자 3/3년
50.4,48.6,53.9,한솔제지,01060744,213500,true,제조업,펄프·종이 제조,REFI(롤오버형),22157.9,0.065,953.6,0.043,7837.9,8.2,1.935,0.95,505.1,467.6,0.106,0.123,188,,IN_MOTION,2025-04-29,투자설명서,"순부채/EBITDA 8.2x / EBITDA마진 8%→4% / 3년 순부채 +468억 vs EBITDA합 4,404억 / 유동비율 95% / 현금/매출 2%"
50.3,32.1,83.7,넥센타이어,00173874,002350,true,제조업,고무·플라스틱제품,WC_BURN(운전자본형),28479.3,0.111,4074.1,0.143,13970.4,3.4,1.444,1.289,1373.7,5048.9,0.541,0.657,1056,,IN_MOTION,2025-07-08,투자설명서,"순부채/EBITDA 3.4x / 3년 순부채 +5,049억 vs EBITDA합 9,330억 / 매출 1원 성장에 순부채 0.66원 / 현금/매출 5% / 현금 2년 연속 감소"
50.3,23.2,100,레드캡투어,00261355,038390,true,사업지원·임대,사업지원 서비스,WC_BURN(운전자본형),3588.8,0.162,1955.3,0.545,3049.4,1.6,2.233,0.408,724.6,790.8,0.149,0.609,0,,PRE_SIGNAL,,,"부채비율 223% (3년 48%p↑) / EBITDA마진 57%→54% / 3년 순부채 +791억 vs EBITDA합 5,309억 / 매출 1원 성장에 순부채 0.61원 / 유동비율 41%"
50.3,30,87.5,오로스테크놀로지,01016479,322310,true,제조업,기타 기계·장비,WC_BURN(운전자본형),614.1,0.158,101.8,0.166,-15.5,-0.2,0.385,2.57,141.1,307.6,1.998,1.406,0,,PRE_SIGNAL,,,3년 순부채 +308억 vs EBITDA합 154억 / 매출 1원 성장에 순부채 1.41원 / 현금 2년 연속 감소
50.3,33.7,80.9,(주)신세계톰보이,00132488,012580,true,도소매,소매(자동차 제외),GROWTH(성장자금형),2138.9,0.238,120.3,0.056,94.8,0.8,0.42,3.394,3,340.5,0.751,0.337,85,,PRE_SIGNAL,,,EBITDA마진 12%→6% / 3년 순부채 +340억 vs EBITDA합 453억 / 현금/매출 0%
50.2,57.1,37.6,진도,00557933,088790,true,도소매,도매·상품중개,REFI(롤오버형),441.5,-0.092,19.9,0.045,194.7,9.8,0.249,2.527,3.1,99.3,0.736,,48,,PRE_SIGNAL,,,순부채/EBITDA 9.8x / EBITDA마진 9%→5% / 3년 순부채 +99억 vs EBITDA합 135억 / 현금/매출 1% / 현금 2년 연속 감소
50.2,41.7,65.8,위메이드,00444329,112040,true,정보통신,출판업,DISTRESS(구조조정형),7118.7,0.286,279,0.039,-1218.5,-4.4,1.255,0.561,2706.9,1256.4,3,0.333,0,,PRE_SIGNAL,,,"3년 순부채 +1,256억 vs EBITDA합 -1,279억 / 유동비율 56% / 영업적자 2/3년"
50.2,23.1,100,두산테스나,00563545,131970,true,전문·과학·기술,기타 과학기술 서비스,WC_BURN(운전자본형),3731.2,0.216,2266.9,0.608,2505.2,1.1,0.8,0.62,649.9,902.6,0.14,0.545,0,,PRE_SIGNAL,,,"EBITDA마진 68%→61% / 3년 순부채 +903억 vs EBITDA합 6,464억 / 매출 1원 성장에 순부채 0.55원 / 유동비율 62%"
50.1,37.5,73.1,혜인,00165343,003010,true,도소매,도매·상품중개,WC_BURN(운전자본형),2488.3,0.064,179.7,0.072,522.8,2.9,1.186,1.381,112.7,327.9,0.872,0.772,71,,PRE_SIGNAL,,,3년 순부채 +328억 vs EBITDA합 376억 / 매출 1원 성장에 순부채 0.77원 / 현금/매출 5% / 현금 2년 연속 감소
50.1,41.9,65.2,경창산업,00102353,024910,true,제조업,자동차·트레일러,REFI(롤오버형),6380.5,0.042,362,0.057,1827.4,5,2.429,0.61,156.9,-364.1,-0.271,-0.489,0,,PRE_SIGNAL,,,순부채/EBITDA 5.0x / 부채비율 243% / EBITDA마진 8%→6% / 유동비율 61% / 현금/매출 2%
50.1,41.4,66.2,CMG제약,00380429,058820,true,제조업,의료용물질·의약품,WC_BURN(운전자본형),991,0.126,43.7,0.044,31.7,0.7,0.601,4.287,25.9,930,6.108,3.139,345,,RECENTLY_FUNDED,2026-06-30,주요사항보고서(전환사채권발행결정),3년 순부채 +930억 vs EBITDA합 152억 / 매출 1원 성장에 순부채 3.14원 / 현금/매출 3%
50.1,35.6,76.6,모다이노칩,00480048,080420,true,도소매,소매(자동차 제외),REFI(롤오버형),3889.4,-0.009,656.4,0.169,3967.5,6,1.537,0.506,471.5,73.9,0.045,,0,,PRE_SIGNAL,,,"순부채/EBITDA 6.0x / 3년 순부채 +74억 vs EBITDA합 1,631억 / 유동비율 51%"
50.1,53.7,43.4,애경케미칼,00936787,161000,true,제조업,화학물질·화학제품,REFI(롤오버형),16422.4,0.015,531.5,0.032,3245.3,6.1,0.831,1.156,668.9,1298.1,0.495,1.799,370,,DISTRESS_EVENT,2026-04-27,유상증자결정(종속회사의주요경영사항)              ,"순부채/EBITDA 6.1x / EBITDA마진 6%→3% / 3년 순부채 +1,298억 vs EBITDA합 2,624억 / 매출 1원 성장에 순부채 1.80원 / 유동비율 116% / 현금/매출 4% / 현금 2년 연속 감소"
50.1,28.6,89.5,서진시스템,00838005,178320,true,제조업,전기장비,GROWTH(성장자금형),12137.5,0.26,2022.2,0.167,7870,3.9,1.402,1.29,411.1,3723.1,0.821,0.613,941,,RECENTLY_FUNDED,2026-04-30,증권발행결과(자율공시)              (제3자배정 유상증자),"순부채/EBITDA 3.9x / 3년 순부채 +3,723억 vs EBITDA합 4,536억 / 매출 1원 성장에 순부채 0.61원 / 현금/매출 3%"
50,32.5,82.2,제주항공,00555874,089590,true,운수·물류,항공 운송,GROWTH(성장자금형),19357.9,0.921,2175.1,0.112,5138.8,2.4,5.167,0.422,1898.5,1281.6,0.276,0.077,2312,,IN_MOTION,2025-07-24,주요사항보고서(자본으로인정되는채무증권발행결정),"부채비율 517% / 3년 순부채 +1,282억 vs EBITDA합 4,647억 / 유동비율 42%"
50,63.6,25,저스템,01383229,417840,true,제조업,기타 기계·장비,DISTRESS(구조조정형),387,-0.048,-28.1,-0.073,102.8,,0.65,0.836,45.8,55,0.851,,0,16,PRE_SIGNAL,,,EBITDA 적자 -28억 / EBITDA마진 13%→-7% / 3년 순부채 +55억 vs EBITDA합 65억 / 유동비율 84% / 런웨이 16개월
49.9,52.5,45,캠시스,00330044,050110,true,제조업,전자부품·컴퓨터·통신장비,REFI(롤오버형),3781.9,-0.104,38.7,0.01,513.7,13.3,2.184,1.039,304.2,-100.8,-0.144,,0,,RECENTLY_FUNDED,2026-04-06,[기재정정]투자설명서,순부채/EBITDA 13.3x / 부채비율 218% / EBITDA마진 3%→1% / 유동비율 104% / 현금 2년 연속 감소
49.8,22.3,100,구영테크,00202060,053270,true,제조업,자동차·트레일러,GROWTH(성장자금형),3773.6,0.229,501.9,0.133,1231.4,2.5,1.947,0.863,179.8,375,0.311,0.216,48,,RECENTLY_FUNDED,2026-04-13,유상증자결정(종속회사의주요경영사항)              ,"3년 순부채 +375억 vs EBITDA합 1,205억 / 유동비율 86% / 현금/매출 5%"
49.8,33.4,79.9,비씨월드제약,00256043,200780,true,제조업,의료용물질·의약품,REFI(롤오버형),748.1,0.064,91.9,0.123,810.4,8.8,1.32,0.519,54.4,-34.8,-0.108,-0.273,0,,PRE_SIGNAL,,,순부채/EBITDA 8.8x / 유동비율 52%
49.7,30.6,84.4,STX엔진,00480455,077970,true,제조업,기타 기계·장비,GROWTH(성장자금형),7246.1,0.137,541.6,0.075,1838.2,3.4,2.503,0.884,1314.4,297.5,0.332,0.129,0,,PRE_SIGNAL,,,순부채/EBITDA 3.4x / 부채비율 250% (3년 55%p↑) / 3년 순부채 +298억 vs EBITDA합 897억 / 유동비율 88%
49.7,47.2,54,HS효성첨단소재,01316254,298050,true,제조업,화학물질·화학제품,REFI(롤오버형),33112.3,-0.027,4232.5,0.128,19634,4.6,2.301,0.637,196.2,4546.8,0.358,,1437,,RECENTLY_FUNDED,2026-07-09,유상증자결정(종속회사의주요경영사항)              ,"순부채/EBITDA 4.6x / 부채비율 230% / 3년 순부채 +4,547억 vs EBITDA합 1.3조 / 유동비율 64% / 현금/매출 1% / 현금 2년 연속 감소"
49.6,39.9,67.2,삼성SDI,00126362,006400,true,제조업,전기장비,REFI(롤오버형),165922.5,0.07,21483.1,0.13,97545.3,4.5,0.882,0.952,18850.7,75314.6,0.866,2.478,18400,,IN_MOTION,2025-05-20,[기재정정]투자설명서,순부채/EBITDA 4.5x / EBITDA마진 16%→13% / 3년 순부채 +7.5조 vs EBITDA합 8.7조 / 매출 1원 성장에 순부채 2.48원 / 유동비율 95%
49.6,28.1,88.7,SG&G,00264714,040610,true,제조업,자동차·트레일러,GROWTH(성장자금형),507.6,0.124,87.1,0.172,408.1,4.7,0.192,0.775,45.9,85.6,0.473,0.57,2,,PRE_SIGNAL,,,순부채/EBITDA 4.7x / 3년 순부채 +86억 vs EBITDA합 181억 / 매출 1원 성장에 순부채 0.57원 / 유동비율 77%
49.5,52.6,43.4,도화엔지니어링,00114552,002150,true,전문·과학·기술,건축기술·엔지니어링,DISTRESS(구조조정형),5827.9,0.003,-61.8,-0.011,-306.2,,1.36,0.871,710.6,162.3,0.402,3.009,0,138,PRE_SIGNAL,,,EBITDA 적자 -62억 / EBITDA마진 4%→-1% / 3년 순부채 +162억 vs EBITDA합 404억 / 매출 1원 성장에 순부채 3.01원 / 유동비율 87%
49.5,43.9,59.6,세종텔레콤,00268002,036630,true,건설업,전문직별 공사,WC_BURN(운전자본형),3713.9,0.079,74.7,0.02,-119.9,-1.6,0.829,1.982,699.7,2175.7,6.661,2.874,194,,RECENTLY_FUNDED,2026-07-06,주요사항보고서(유상증자결정),"3년 순부채 +2,176억 vs EBITDA합 327억 / 매출 1원 성장에 순부채 2.87원 / 영업적자 3/3년"
49.4,27.7,88.9,(주)에이아이코리아,01307593,364950,true,제조업,기타 기계·장비,GROWTH(성장자금형),1145.6,0.51,95,0.083,125.2,1.3,0.939,1.719,62.4,254.6,1.193,0.313,57,,PRE_SIGNAL,2025-01-22,투자설명서,3년 순부채 +255억 vs EBITDA합 213억 / 현금 2년 연속 감소
49.2,21.2,100,커넥트웨이브,00585608,119860,true,정보통신,출판업,WC_BURN(운전자본형),4602.7,0.257,591.1,0.128,232.2,0.4,0.504,3.102,361,1299.4,0.909,0.569,188,,PRE_SIGNAL,,,"3년 순부채 +1,299억 vs EBITDA합 1,430억 / 매출 1원 성장에 순부채 0.57원"
49.1,45,56.1,온타이드,00168331,005320,true,도소매,도매·상품중개,REFI(롤오버형),2659.2,0.056,13.4,0.005,123.6,9.2,0.506,2.02,163.5,-49.7,-0.191,-0.125,0,,DISTRESS_EVENT,,,순부채/EBITDA 9.2x / EBITDA마진 3%→1% / 현금 2년 연속 감소 / 영업적자 2/3년
49.1,35.6,73.5,비보존 제약,00533191,082800,true,제조업,의료용물질·의약품,GROWTH(성장자금형),876,0.15,64.2,0.073,265.1,4.1,0.733,0.615,65.2,64.5,0.618,0.215,15,,RECENTLY_FUNDED,2026-03-04,증권발행결과(자율공시)              (주주배정 후 실권주 일반공모),순부채/EBITDA 4.1x / 3년 순부채 +65억 vs EBITDA합 104억 / 유동비율 62%
49.1,36.5,71.7,평화산업,00573579,090080,true,제조업,자동차·트레일러,TIGHT(유동성형),5883.8,0.115,250.9,0.043,655.5,2.6,4.048,0.953,1,-132.1,-0.208,-0.08,0,,PRE_SIGNAL,,,부채비율 405% / 유동비율 95% / 현금/매출 0%
49.1,57.5,33.2,와이씨켐,00619507,112290,true,제조업,화학물질·화학제품,DISTRESS(구조조정형),703,0.019,-30.3,-0.043,409,,1.613,0.861,30.3,-44.3,-1.107,-1.143,8,7,IN_MOTION,2025-09-29,주요사항보고서(전환사채권발행결정),EBITDA 적자 -30억 / EBITDA마진 6%→-4% / 유동비율 86% / 현금/매출 4% / 영업적자 2/3년 / 런웨이 7개월
49,33.5,77,에스엠코어,00137915,007820,true,제조업,기타 기계·장비,GROWTH(성장자금형),1632.3,0.288,98.2,0.06,29.5,0.3,0.831,1.958,41,103.3,3,0.119,2,,PRE_SIGNAL,,,3년 순부채 +103억 vs EBITDA합 -21억 / 현금/매출 3%
49,22.6,96.9,제노레이,00799539,122310,true,제조업,의료·정밀·광학기기,WC_BURN(운전자본형),1069.8,0.129,137.6,0.129,107.9,0.8,0.448,2.423,161.9,274.7,0.557,0.84,0,,IN_MOTION,2026-01-22,주요사항보고서(교환사채권발행결정),EBITDA마진 22%→13% / 3년 순부채 +275억 vs EBITDA합 493억 / 매출 1원 성장에 순부채 0.84원
48.9,55.3,36.5,유비온,00531078,084440,true,정보통신,출판업,DISTRESS(구조조정형),332.8,0.058,-4.3,-0.013,11.8,,2.636,0.926,16.4,0.8,0.015,0.016,3,40,PRE_SIGNAL,,,EBITDA 적자 -4억 / 부채비율 264% / EBITDA마진 10%→-1% / 3년 순부채 +1억 vs EBITDA합 55억 / 유동비율 93% / 현금/매출 5%
48.9,31.4,80.5,화승알앤에이,01532603,378850,true,제조업,자동차·트레일러,TIGHT(유동성형),7071.3,0.118,500.2,0.071,1615.6,3.2,2.123,0.827,54.7,-408.9,-0.299,-0.203,0,,PRE_SIGNAL,,,순부채/EBITDA 3.2x / 부채비율 212% / 유동비율 83% / 현금/매출 1%
48.9,22.9,96.1,풍림산업(주),00155498,001310,true,건설업,종합 건설,GROWTH(성장자금형),1805.9,0.138,203.5,0.113,317.1,1.6,0.714,1.402,49.9,371.4,0.862,0.638,136,,PRE_SIGNAL,,,3년 순부채 +371억 vs EBITDA합 431억 / 매출 1원 성장에 순부채 0.64원 / 현금/매출 3%
48.9,24.9,92.5,(주)씨엠티엑스,01529982,388210,true,제조업,전자부품·컴퓨터·통신장비,GROWTH(성장자금형),686.4,0.875,97.9,0.143,231.7,2.4,0.818,1.252,188.1,166.1,0.876,0.285,0,,IN_MOTION,2025-11-07,[발행조건확정]증권신고서(지분증권),EBITDA마진 32%→14% / 3년 순부채 +166억 vs EBITDA합 190억
48.8,61.8,24.5,동국S&C,00415594,100130,true,제조업,금속가공제품,REFI(롤오버형),1657.8,-0.241,13,0.008,480.5,37,0.658,1.078,235.3,899.2,3,,0,210,PRE_SIGNAL,,,순부채/EBITDA 37.0x / 3년 순부채 +899억 vs EBITDA합 -314억 / 유동비율 108% / 영업적자 3/3년
48.7,33.5,75.8,하이트진로,00150244,000080,true,제조업,음료 제조,WC_BURN(운전자본형),25991.8,0.057,3571.9,0.137,7847.2,2.2,1.994,0.619,2591.8,3991.7,0.408,1.007,0,,RECENTLY_FUNDED,2026-03-03,투자설명서,"3년 순부채 +3,992억 vs EBITDA합 9,772억 / 매출 1원 성장에 순부채 1.01원 / 유동비율 62% / 현금 2년 연속 감소"
48.7,24.5,92.3,신신제약,00136448,002800,true,제조업,의료용물질·의약품,TIGHT(유동성형),1063.9,0.129,111.5,0.105,450.7,4,0.975,0.871,5.4,-3.7,-0.012,-0.011,3,,DISTRESS_EVENT,,,순부채/EBITDA 4.0x / 유동비율 87% / 현금/매출 1%
48.7,27,87.8,코나아이,00349732,052400,true,정보통신,출판업,WC_BURN(운전자본형),2363.1,0.067,445.6,0.189,-1163.4,-2.6,1.089,1.452,1498.3,7539.4,5.236,18.033,1240,,PRE_SIGNAL,,,"EBITDA마진 22%→19% / 3년 순부채 +7,539억 vs EBITDA합 1,440억 / 매출 1원 성장에 순부채 18.03원"
48.7,24.6,92.2,더네이쳐홀딩스,01214743,298540,true,제조업,의복·모피 제조,WC_BURN(운전자본형),5169,0.118,568.6,0.11,1097.7,1.9,0.747,1.208,771.1,981.2,0.404,0.669,0,,,,,"EBITDA마진 19%→11% / 3년 순부채 +981억 vs EBITDA합 2,431억 / 매출 1원 성장에 순부채 0.67원"
48.7,23,95.1,원준,01459212,382840,true,제조업,기타 기계·장비,GROWTH(성장자금형),1498.5,0.341,155.4,0.104,-236.3,-1.5,1.067,1.546,331.2,397.9,1.159,0.453,0,,,,,3년 순부채 +398억 vs EBITDA합 343억
48.6,54.1,37.9,금호전기,00106395,001210,true,제조업,전기장비,DISTRESS(구조조정형),531.7,0.085,-29.3,-0.055,85.9,,2.74,0.949,25,-47.5,0,-0.412,54,9,,,,EBITDA 적자 -29억 / 부채비율 274% / 유동비율 95% / 현금/매출 5% / 영업적자 3/3년 / 런웨이 9개월
48.6,32,78.3,이건산업,00145446,008250,true,제조업,목재·나무제품 제조,REFI(롤오버형),3269.7,0.057,305.1,0.093,1268.8,4.2,1.17,0.789,175.6,79.6,0.086,0.159,0,,,,,순부채/EBITDA 4.2x / EBITDA마진 12%→9% / 3년 순부채 +80억 vs EBITDA합 928억 / 유동비율 79%
48.6,43.7,57,예스24,00362858,053280,true,도소매,소매(자동차 제외),TIGHT(유동성형),6711.4,0.009,308.1,0.046,652.4,2.1,1.402,0.527,77.1,594.8,0.723,3.409,206,,,,,3년 순부채 +595억 vs EBITDA합 823억 / 매출 1원 성장에 순부채 3.41원 / 유동비율 53% / 현금/매출 1%
48.6,54.3,37.4,HJ중공업,00633835,097230,true,건설업,종합 건설,REFI(롤오버형),18859.6,0.034,357.3,0.019,3261.5,9.1,5.42,0.69,2071.3,-3488.6,0,-1.944,0,,,,,순부채/EBITDA 9.1x / 부채비율 542% (3년 90%p↑) / 유동비율 69%
48.5,30.7,80.5,우듬지팜,01299106,403490,true,제조업,식료품 제조,WC_BURN(운전자본형),639.1,0.111,63.4,0.099,121.2,1.9,0.737,1.142,123.7,125,0.676,0.725,0,,,,,EBITDA마진 16%→10% / 3년 순부채 +125억 vs EBITDA합 185억 / 매출 1원 성장에 순부채 0.72원 / 유동비율 114%
48.4,36.4,69.6,KG이니시스,00264547,035600,true,정보통신,출판업,WC_BURN(운전자본형),13543.4,0.102,1047.4,0.077,2536.8,2.4,1.477,0.864,1053,2001.8,0.492,0.585,13,,,,,"EBITDA마진 13%→8% / 3년 순부채 +2,002억 vs EBITDA합 4,071억 / 매출 1원 성장에 순부채 0.58원 / 유동비율 86%"
48.4,51.6,41.8,오르비텍,00297989,046120,true,전문·과학·기술,건축기술·엔지니어링,REFI(롤오버형),665.2,-0.052,45,0.068,223,5,0.894,1.164,113.6,22.2,3,,0,,,,,순부채/EBITDA 5.0x / 3년 순부채 +22억 vs EBITDA합 -40억 / 유동비율 116% / 현금 2년 연속 감소 / 영업적자 2/3년
48.4,44.4,55,범한퓨얼셀,01435489,382900,true,제조업,전기장비,REFI(롤오버형),361.9,-0.077,46.2,0.128,922,20,0.884,2.106,196,1037.3,29.832,,174,251,,,,"순부채/EBITDA 20.0x / 3년 순부채 +1,037억 vs EBITDA합 35억"
48.3,31.6,78.1,대웅제약,00427483,069620,true,제조업,의료용물질·의약품,WC_BURN(운전자본형),14226.8,0.073,1969.2,0.138,5679.7,2.9,1.133,0.974,1029.5,2777.3,0.557,1.03,376,,,,,"3년 순부채 +2,777억 vs EBITDA합 4,988억 / 매출 1원 성장에 순부채 1.03원 / 유동비율 97%"
48.3,26.8,86.9,아바코,00442145,083930,true,제조업,기타 기계·장비,GROWTH(성장자금형),3055.1,0.193,233.2,0.076,-167.9,-0.7,0.942,1.615,87.5,471.5,1.043,0.375,145,,,,,3년 순부채 +471억 vs EBITDA합 452억 / 현금/매출 3%
48.3,34.7,72.4,아이센스,00550994,099190,true,제조업,의료·정밀·광학기기,WC_BURN(운전자본형),2911.4,0.077,185.8,0.064,546.3,2.9,0.723,2.459,676.4,544.2,0.726,0.935,0,,,,,EBITDA마진 14%→6% / 3년 순부채 +544억 vs EBITDA합 749억 / 매출 1원 성장에 순부채 0.94원
48.3,27.4,85.6,HK이노엔,01012066,195940,true,제조업,의료용물질·의약품,WC_BURN(운전자본형),8971.4,0.052,1279.6,0.143,3614.6,2.8,0.51,0.831,453.6,705,0.22,0.554,32,,,,,"3년 순부채 +705억 vs EBITDA합 3,200억 / 매출 1원 성장에 순부채 0.55원 / 유동비율 83% / 현금 2년 연속 감소"
48.2,35.6,70.4,대원강업,00111847,000430,true,제조업,자동차·트레일러,GROWTH(성장자금형),13675.9,0.166,771.4,0.056,2394.1,3.1,0.912,0.982,174.8,951.4,0.383,0.188,317,,,,,"순부채/EBITDA 3.1x / 3년 순부채 +951억 vs EBITDA합 2,484억 / 유동비율 98% / 현금/매출 1% / 현금 2년 연속 감소"
48.2,49.8,44.4,SK가스,00144164,018670,true,도소매,도매·상품중개,REFI(롤오버형),70959,0.03,4506.7,0.064,30467.2,6.8,1.753,1.291,5845.2,14077.8,1.035,2.341,1848,,,,,순부채/EBITDA 6.8x / 3년 순부채 +1.4조 vs EBITDA합 1.4조 / 매출 1원 성장에 순부채 2.34원
48.1,33.3,74.3,모베이스전자,00137234,012860,true,제조업,자동차·트레일러,TIGHT(유동성형),9715.5,0.083,652.2,0.067,2371.6,3.6,2.456,0.988,29.8,116.2,0.058,0.056,39,,,,,"순부채/EBITDA 3.6x / 부채비율 246% / 3년 순부채 +116억 vs EBITDA합 2,020억 / 유동비율 99% / 현금/매출 0%"