priority,need,fit,name,corp_code,stock_code,listed,sector,industry,type,rev,cagr3,ebitda,ebitda_m,net_debt,nd_ebitda,debt_ratio,curr_ratio,cash,draw_3y,dep_ratio,nd_per_rev,gap_12m,gap_3y,gap_basis,fs_year,fs_source,fs_ocf,fs_capex,fs_dividend,fs_lease_repay,fs_fcf,fs_gross_debt,fs_borrowings_st,fs_d_net_debt_measured,fs_uses_direct,fs_residual,fs_residual_pct,fs_ebitda_source,angle_primary,angles_detail,min_cash_pct,min_cash_basis,runway_m,status,last_funding_date,last_funding_nm,drivers
87,71.2,100,한화컨버전스(주),00880266,,false,도소매,도매·상품중개,WC_BURN(운전자본형),1886.4,0.24,238.4,0.126,1163.1,4.9,3.387,0.7,86.2,1292.9,1.774,1.443,418,,netdebt_inferred,,,,,,,,,,,,,,,부실·리파이낸싱,부실·리파이낸싱(neutral): 레버리지·유동성 부담 — 구조적/일시적 판단 보류 | 성장자금형(negative): 매출 CAGR 24% 인데 EBITDA마진 9.4%p 훼손 — 기존사업 하락을 외형성장으로 마스킹하는지 확인 필요,0.046,company_history,,UNLISTED_BLIND,,,"순부채/EBITDA 4.9x / 부채비율 339% (3년 208%p↑) / EBITDA마진 22%→13% / 3년 순부채 +1,293억 vs EBITDA합 729억 / 매출 1원 성장에 순부채 1.44원 / 유동비율 70% / 현금/매출 5%"
85.9,78,83.1,(주)화인인터내셔날,00364014,,false,도소매,도매·상품중개,WC_BURN(운전자본형),515.6,0.257,45.7,0.089,578.8,12.7,34.83,0.195,10.3,209.3,2.918,1.676,117,330,measured_cashbridge,2025,audit,-66.4,0.7,,,-67.1,589.1,497.4,50.5,-15.1,-0.8,0.0015,op+dep,부실·리파이낸싱,부실·리파이낸싱(positive): 레버리지 부담은 크나 매출 회복 + 마진 반등 — 시황 저점 진입 가능성 | 성장자금형(positive): 매출 CAGR 26% + 마진 유지 · capex/매출 0.1%,0.008,company_history,2,DISTRESS_EVENT,,,순부채/EBITDA 12.7x / 부채비율 3483% (3년 2869%p↑) / 3년 순부채 +209억 vs EBITDA합 72억 / 매출 1원 성장에 순부채 1.68원 / 유동비율 19% / 현금/매출 2% / 현금 2년 연속 감소 / 런웨이 2개월
85.3,88.5,61.8,제일폴리캠(주),00934725,,false,제조업,화학물질·화학제품,WC_BURN(운전자본형),562.8,0.135,23.4,0.042,421.9,18,8.834,0.29,9.8,354.2,14.514,1.809,37,92,measured_cashbridge,2025,audit,-1.9,5.5,,,-7.4,431.7,198.5,2.2,3.8,1.4,0.0025,op+dep,부실·리파이낸싱,부실·리파이낸싱(negative): 구조적 악화 (영업적자 3/3년) | 성장자금형(positive): 매출 CAGR 14% + 마진 유지 · capex/매출 1.0%,0.02,company_history,62,UNLISTED_BLIND,,,순부채/EBITDA 18.0x / 부채비율 883% (3년 489%p↑) / 3년 순부채 +354억 vs EBITDA합 24억 / 매출 1원 성장에 순부채 1.81원 / 유동비율 29% / 현금/매출 2% / 현금 2년 연속 감소 / 영업적자 3/3년
85.2,88,62.5,프레시플러스(주),00968023,,false,제조업,식료품 제조,DISTRESS(구조조정형),797.9,0.223,-28.6,-0.036,448.5,,2.064,0.336,24.8,382.4,2.559,1,128,380,measured_cashbridge,2025,audit,19.2,99.9,,,-84.4,473.2,470.4,102.2,67.5,53.9,0.0675,op+dep,부실·리파이낸싱,부실·리파이낸싱(neutral): 레버리지·유동성 부담 — 구조적/일시적 판단 보류 | 성장자금형(negative): 매출 CAGR 22% 인데 EBITDA마진 12.3%p 훼손 — 기존사업 하락을 외형성장으로 마스킹하는지 확인 필요 | 이벤트(neutral): 분할·카브아웃 — 승계·증여·분쟁 여부는 주주 레벨 사건이라 재무로 안 보임. 대주주 연령·지분율 개별 확인 필요,0.03,company_history,,UNLISTED_BLIND,,,EBITDA 적자 -29억 / 부채비율 206% (3년 134%p↑) / EBITDA마진 9%→-4% / 3년 순부채 +382억 vs EBITDA합 149억 / 매출 1원 성장에 순부채 1.00원 / 유동비율 34% / 현금/매출 3% / 현금 2년 연속 감소
84.7,97.2,43.7,(주)아이언오토,01352511,,false,도소매,자동차·부품 판매,DISTRESS(구조조정형),637.6,0.09,-1.4,-0.002,355.6,,14.318,0.252,1.8,78.3,3,0.952,134,364,measured_cashbridge,2025,audit,-38.2,51,,,-89.2,357.4,327.4,110.8,72.6,0,0,op+dep,부실·리파이낸싱,부실·리파이낸싱(negative): 구조적 악화 (영업적자 2/3년) | 성장자금형(negative): 매출 CAGR 9% 인데 EBITDA마진 8.0%p 훼손 — 기존사업 하락을 외형성장으로 마스킹하는지 확인 필요,0.013,company_history,1,UNLISTED_BLIND,,,EBITDA 적자 -1억 / 부채비율 1432% (3년 3546%p↑) / EBITDA마진 0%→-0% / 3년 순부채 +78억 vs EBITDA합 -22억 / 매출 1원 성장에 순부채 0.95원 / 유동비율 25% / 현금/매출 0% / 현금 2년 연속 감소 / 영업적자 2/3년 / 런웨이 1개월
84.3,84.5,65,일진건설산업(주),01465408,,false,건설업,종합 건설,DISTRESS(구조조정형),2463.6,0.18,-74.2,-0.03,224.7,,19.701,0.942,0.1,220,178.861,0.228,91,,netdebt_inferred,,,,,,,,,,,,,,,부실·리파이낸싱,부실·리파이낸싱(neutral): 레버리지·유동성 부담 — 구조적/일시적 판단 보류 | 성장자금형(negative): 매출 CAGR 18% 인데 EBITDA마진 5.3%p 훼손 — 기존사업 하락을 외형성장으로 마스킹하는지 확인 필요,0.025,company_history,0,DISTRESS_EVENT,,,EBITDA 적자 -74억 / 부채비율 1970% (3년 1870%p↑) / EBITDA마진 2%→-3% / 3년 순부채 +220억 vs EBITDA합 1억 / 유동비율 94% / 현금/매출 0% / 현금 2년 연속 감소 / 런웨이 0개월
84.1,89.7,55,이누스(주),01494561,,false,제조업,비금속 광물제품,DISTRESS(구조조정형),1571.6,0.211,-184.1,-0.117,1431.5,,1.628,0.792,54.8,1037.4,3,1.03,120,354,measured_cashbridge,2025,audit,12.6,9.7,,,2.9,1486.3,1236.3,-13.1,4.7,-5.3,0.0033,op+dep,부실·리파이낸싱,부실·리파이낸싱(negative): 구조적 악화 (영업적자 3/3년) | 성장자금형(negative): 매출 CAGR 21% 인데 EBITDA마진 16.9%p 훼손 — 기존사업 하락을 외형성장으로 마스킹하는지 확인 필요,0.035,company_history,,DISTRESS_EVENT,,,"EBITDA 적자 -184억 / EBITDA마진 1%→-12% / 3년 순부채 +1,037억 vs EBITDA합 -491억 / 매출 1원 성장에 순부채 1.03원 / 유동비율 79% / 현금/매출 3% / 현금 2년 연속 감소 / 영업적자 3/3년"
83.9,78.8,73.6,(주)스튜디오프리즘,01394261,,false,정보통신,영상·오디오 제작·배급,WC_BURN(운전자본형),1576.7,0.247,50.3,0.032,1448.7,28.8,3.499,0.248,201.3,1604.3,3.819,1.476,54,454,measured_cashbridge,2025,audit,-35,0,,,-35.1,1650,1650,33.3,-9.6,7.9,0.005,op+dep,부실·리파이낸싱,부실·리파이낸싱(neutral): 레버리지·유동성 부담 — 구조적/일시적 판단 보류 | 성장자금형(negative): 매출 CAGR 25% 인데 EBITDA마진 10.3%p 훼손 — 기존사업 하락을 외형성장으로 마스킹하는지 확인 필요,0.035,company_history,69,UNLISTED_BLIND,,,"순부채/EBITDA 28.8x / 부채비율 350% (3년 300%p↑) / EBITDA마진 14%→3% / 3년 순부채 +1,604억 vs EBITDA합 420억 / 매출 1원 성장에 순부채 1.48원 / 유동비율 25%"
83.7,97.8,38.6,(주)비콘아이앤씨,01310542,,false,제조업,전자부품·컴퓨터·통신장비,DISTRESS(구조조정형),602.9,0.055,-54.3,-0.09,113.8,,5.214,0.68,1.2,102.6,3,1.139,38,,netdebt_inferred,,,,,,,,,,,,,,,부실·리파이낸싱,부실·리파이낸싱(negative): 구조적 악화 (영업적자 2/3년) | 성장자금형(negative): 매출 CAGR 6% 인데 EBITDA마진 10.2%p 훼손 — 기존사업 하락을 외형성장으로 마스킹하는지 확인 필요,0.02,company_history,0,DISTRESS_EVENT,,,EBITDA 적자 -54억 / 부채비율 521% (3년 465%p↑) / EBITDA마진 1%→-9% / 3년 순부채 +103억 vs EBITDA합 -67억 / 매출 1원 성장에 순부채 1.14원 / 유동비율 68% / 현금/매출 0% / 현금 2년 연속 감소 / 영업적자 2/3년 / 런웨이 0개월
83.5,67.5,92.5,화성광주고속도로(주),01205204,,false,건설업,종합 건설,WC_BURN(운전자본형),674,0.244,304.2,0.451,5792.3,19,20.242,0.52,240.6,803.5,0.715,1.344,0,0,measured_cashbridge,2025,audit,155.5,5,,,150.5,6032.9,176.8,-150.6,5.3,-0.4,0.0006,op+dep,부실·리파이낸싱,부실·리파이낸싱(neutral): 레버리지·유동성 부담 — 구조적/일시적 판단 보류 | 성장자금형(negative): 매출 CAGR 24% 인데 EBITDA마진 34.2%p 훼손 — 기존사업 하락을 외형성장으로 마스킹하는지 확인 필요,0.025,company_history,,UNLISTED_BLIND,,,"순부채/EBITDA 19.0x / 부채비율 2024% (3년 1287%p↑) / EBITDA마진 79%→45% / 3년 순부채 +803억 vs EBITDA합 1,124억 / 매출 1원 성장에 순부채 1.34원 / 유동비율 52% / 현금 2년 연속 감소"
83.4,93.7,45,(주)초록마을,00306463,,false,도소매,도매·상품중개,REFI(롤오버형),1787.9,-0.025,5,0.003,198.1,39.3,5.566,0.573,0.6,187.4,3.335,,66,,netdebt_inferred,,,,,,,,,,,,,,,부실·리파이낸싱,부실·리파이낸싱(negative): 구조적 악화 (영업적자 3/3년),0.008,company_history,1,DISTRESS_EVENT,,,순부채/EBITDA 39.3x / 부채비율 557% (3년 437%p↑) / 3년 순부채 +187억 vs EBITDA합 56억 / 유동비율 57% / 현금/매출 0% / 현금 2년 연속 감소 / 영업적자 3/3년 / 런웨이 1개월
83.4,90.9,50,에코에너지원(주),01378698,,false,제조업,목재·나무제품 제조,WC_BURN(운전자본형),441.6,0.381,5.3,0.012,490.3,93.1,4.377,0.177,0.1,304.3,3,1.11,119,,netdebt_inferred,,,,,,,,,,,,,,,부실·리파이낸싱,부실·리파이낸싱(negative): 구조적 악화 (영업적자 3/3년) | 성장자금형(positive): 매출 CAGR 38% + 마진 유지,0.02,company_history,0,DISTRESS_EVENT,,,순부채/EBITDA 93.1x / 부채비율 438% (3년 299%p↑) / 3년 순부채 +304억 vs EBITDA합 -3억 / 매출 1원 성장에 순부채 1.11원 / 유동비율 18% / 현금/매출 0% / 현금 2년 연속 감소 / 영업적자 3/3년 / 런웨이 0개월
83,80,68,핸즈식스(주),00951795,,false,제조업,자동차·트레일러,WC_BURN(운전자본형),2778.6,0.076,138.4,0.05,1289,9.3,2.877,0.912,2.4,855.9,1.614,1.729,0,0,measured_cashbridge,2025,audit,242.8,39.9,,,200.9,1291.4,1290.8,-186.7,35.7,20.4,0.0073,op+dep,부실·리파이낸싱,부실·리파이낸싱(neutral): 레버리지·유동성 부담 — 구조적/일시적 판단 보류 | 성장자금형(negative): 매출 CAGR 8% 인데 EBITDA마진 2.7%p 훼손 — 기존사업 하락을 외형성장으로 마스킹하는지 확인 필요,0.02,company_history,,DISTRESS_EVENT,,,순부채/EBITDA 9.3x / 부채비율 288% (3년 195%p↑) / EBITDA마진 9%→5% / 3년 순부채 +856억 vs EBITDA합 530억 / 매출 1원 성장에 순부채 1.73원 / 유동비율 91% / 현금/매출 0% / 현금 2년 연속 감소
82.7,86.9,54.4,(주)한결엘에스,00908863,,false,도소매,도매·상품중개,WC_BURN(운전자본형),2488.7,0.078,15.3,0.006,527.4,34.5,117.3,0.776,41.2,624.1,8.269,1.267,9,69,measured_cashbridge,2025,audit,5,0.8,,,4.2,568.6,432.9,-48.8,-1.2,7.5,0.003,op+dep,부실·리파이낸싱,부실·리파이낸싱(positive): 레버리지 부담은 크나 매출 회복 + 마진 반등 — 시황 저점 진입 가능성 | 성장자금형(positive): 매출 CAGR 8% + 마진 유지 · capex/매출 0.0%,0.008,company_history,,DISTRESS_EVENT,,,순부채/EBITDA 34.5x / 부채비율 11730% (3년 11621%p↑) / 3년 순부채 +624억 vs EBITDA합 75억 / 매출 1원 성장에 순부채 1.27원 / 유동비율 78% / 현금/매출 2% / 현금 2년 연속 감소
82.7,75.4,75.2,(주)거림씨앤에프,01728282,,false,제조업,의복·모피 제조,WC_BURN(운전자본형),644.6,0.209,40.1,0.062,342.2,8.5,2.747,1.295,6.7,319.8,2.579,0.822,32,68,measured_cashbridge,2025,audit,-6.1,4.1,1.3,,-10.2,348.9,68.9,22.4,16.6,-0.4,0.0006,op+dep,부실·리파이낸싱,부실·리파이낸싱(neutral): 레버리지·유동성 부담 — 구조적/일시적 판단 보류 | 성장자금형(negative): 매출 CAGR 21% 인데 EBITDA마진 4.9%p 훼손 — 기존사업 하락을 외형성장으로 마스킹하는지 확인 필요,0.02,company_history,13,UNLISTED_BLIND,,,순부채/EBITDA 8.5x / 부채비율 275% (3년 160%p↑) / EBITDA마진 11%→6% / 3년 순부채 +320억 vs EBITDA합 124억 / 매출 1원 성장에 순부채 0.82원 / 현금/매출 1% / 현금 2년 연속 감소 / 런웨이 13개월
82.5,71.2,81.8,갤럭시아코퍼레이션(주),00929705,,false,도소매,소매(자동차 제외),WC_BURN(운전자본형),884.7,0.271,74.6,0.084,575.7,7.7,12.887,1.242,5.9,541.1,3.639,1.191,193,,netdebt_inferred,,,,,,,,,,,,,,,부실·리파이낸싱,부실·리파이낸싱(positive): 레버리지 부담은 크나 매출 회복 + 마진 반등 — 시황 저점 진입 가능성 | 성장자금형(positive): 매출 CAGR 27% + 마진 유지,0.008,company_history,,DISTRESS_EVENT,,,순부채/EBITDA 7.7x / 부채비율 1289% (3년 930%p↑) / 3년 순부채 +541억 vs EBITDA합 149억 / 매출 1원 성장에 순부채 1.19원 / 현금/매출 1%
82.2,76.4,71.4,(주)유진정공,00448848,,false,제조업,자동차·트레일러,WC_BURN(운전자본형),580.6,0.139,31.9,0.055,183.2,5.7,8.197,0.306,13.6,127.7,2.453,0.551,24,52,measured_cashbridge,2025,audit,27.2,27.2,,,0.1,196.9,192.7,-0.5,33,-6.2,0.0107,op+dep,부실·리파이낸싱,부실·리파이낸싱(negative): 구조적 악화 (영업적자 2/3년) | 성장자금형(positive): 매출 CAGR 14% + 마진 유지 · capex/매출 4.7%,0.02,company_history,,UNLISTED_BLIND,,,순부채/EBITDA 5.7x / 부채비율 820% (3년 550%p↑) / 3년 순부채 +128억 vs EBITDA합 52억 / 매출 1원 성장에 순부채 0.55원 / 유동비율 31% / 현금/매출 2% / 현금 2년 연속 감소 / 영업적자 2/3년
82.2,82.8,59.8,(주)알테크노메탈,00534057,,false,제조업,1차 금속,DISTRESS(구조조정형),7518.1,0.02,626.5,0.083,3242.8,5.2,6.292,0.706,105,308,3,2.531,264,698,measured_cashbridge,2025,audit,166.4,187.6,3.3,,-21.2,3347.8,1962.3,-408.2,42.4,-284.1,0.0378,op+dep,부실·리파이낸싱,부실·리파이낸싱(negative): 구조적 악화 (영업적자 2/3년),0.02,company_history,,UNLISTED_BLIND,,,순부채/EBITDA 5.2x / 부채비율 629% (3년 521%p↑) / EBITDA마진 1%→8% / 3년 순부채 +308억 vs EBITDA합 -65억 / 매출 1원 성장에 순부채 2.53원 / 유동비율 71% / 현금/매출 1% / 영업적자 2/3년
82.1,97.8,32.5,(주)협화,00160533,,false,제조업,화학물질·화학제품,DISTRESS(구조조정형),624.9,-0.088,-89.4,-0.143,449.5,,11.889,0.779,8.5,100.9,2.452,1.824,48,123,measured_cashbridge,2025,audit,11.6,7.7,,,3.8,458,399.4,-4.5,6,1.1,0.0017,op+dep,부실·리파이낸싱,부실·리파이낸싱(negative): 구조적 악화 (영업적자 2/3년),0.02,company_history,,UNLISTED_BLIND,,,EBITDA 적자 -89억 / 부채비율 1189% (3년 720%p↑) / EBITDA마진 1%→-14% / 3년 순부채 +101억 vs EBITDA합 41억 / 매출 1원 성장에 순부채 1.82원 / 유동비율 78% / 현금/매출 1% / 현금 2년 연속 감소 / 영업적자 2/3년
82.1,61.8,97.2,영림산업(주),00816322,,false,제조업,목재·나무제품 제조,WC_BURN(운전자본형),1628.5,0.273,179.9,0.111,911.7,5.1,1.736,0.303,90,837.3,1.355,1.43,0,0,measured_cashbridge,2025,audit,235.5,64.7,,,170.8,1001.6,951.6,-172.3,57.1,6.1,0.0037,op+dep,부실·리파이낸싱,부실·리파이낸싱(neutral): 레버리지·유동성 부담 — 구조적/일시적 판단 보류 | 성장자금형(negative): 매출 CAGR 27% 인데 EBITDA마진 7.2%p 훼손 — 기존사업 하락을 외형성장으로 마스킹하는지 확인 필요,0.02,company_history,,UNLISTED_BLIND,,,순부채/EBITDA 5.1x / EBITDA마진 23%→11% / 3년 순부채 +837억 vs EBITDA합 618억 / 매출 1원 성장에 순부채 1.43원 / 유동비율 30%
82,86.7,51.9,(주)대한종건,01377112,,false,건설업,종합 건설,DISTRESS(구조조정형),1756.5,0.061,-78.3,-0.045,131.5,,8.499,0.671,1,53.5,11.171,0.187,35,,netdebt_inferred,,,,,,,,,,,,,,,부실·리파이낸싱,부실·리파이낸싱(neutral): 레버리지·유동성 부담 — 구조적/일시적 판단 보류 | 성장자금형(negative): 매출 CAGR 6% 인데 EBITDA마진 6.9%p 훼손 — 기존사업 하락을 외형성장으로 마스킹하는지 확인 필요,0.025,company_history,0,DISTRESS_EVENT,,,EBITDA 적자 -78억 / 부채비율 850% (3년 481%p↑) / EBITDA마진 2%→-4% / 3년 순부채 +54억 vs EBITDA합 5억 / 유동비율 67% / 현금/매출 0% / 현금 2년 연속 감소 / 런웨이 0개월
82,83.6,57.5,(주)로지스마일,01483389,,false,운수·물류,창고·운송관련 서비스,DISTRESS(구조조정형),617.7,0.348,-4.5,-0.007,67.7,,13.276,0.674,4.2,10,1.441,0.027,3,,netdebt_inferred,,,,,,,,,,,,,,,부실·리파이낸싱,부실·리파이낸싱(negative): 구조적 악화 (영업적자 2/3년) | 성장자금형(negative): 매출 CAGR 35% 인데 EBITDA마진 2.4%p 훼손 — 기존사업 하락을 외형성장으로 마스킹하는지 확인 필요 | 이벤트(neutral): 분할·카브아웃 · 합병 — 승계·증여·분쟁 여부는 주주 레벨 사건이라 재무로 안 보임. 대주주 연령·지분율 개별 확인 필요,0.015,company_history,6,UNLISTED_BLIND,,,EBITDA 적자 -4억 / 부채비율 1328% (3년 1012%p↑) / EBITDA마진 2%→-1% / 3년 순부채 +10억 vs EBITDA합 7억 / 유동비율 67% / 현금/매출 1% / 현금 2년 연속 감소 / 영업적자 2/3년 / 런웨이 6개월
81.9,79.3,64.9,(주)시앤유,01470932,,false,도소매,도매·상품중개,WC_BURN(운전자본형),503.9,0.102,25.9,0.052,330.8,12.8,8.243,0.86,36.5,211.7,1.726,0.881,55,192,measured_cashbridge,2025,audit,34.4,76.8,7,,-42.4,367.3,297.3,50.8,68.8,16.4,0.0325,op+dep,부실·리파이낸싱,부실·리파이낸싱(neutral): 레버리지·유동성 부담 — 구조적/일시적 판단 보류 | 성장자금형(negative): 매출 CAGR 10% 인데 EBITDA마진 2.2%p 훼손 — 기존사업 하락을 외형성장으로 마스킹하는지 확인 필요,0.008,company_history,,UNLISTED_BLIND,,,순부채/EBITDA 12.8x / 부채비율 824% (3년 313%p↑) / EBITDA마진 7%→5% / 3년 순부채 +212억 vs EBITDA합 123억 / 매출 1원 성장에 순부채 0.88원 / 유동비율 86% / 현금 2년 연속 감소
81.9,66.2,88.6,에스케이멀티유틸리티(주),01603114,,false,전기·가스·환경,전기·가스·증기 공급,WC_BURN(운전자본형),2196,0.164,180.1,0.082,5540.4,30.8,3.498,1.919,1168.8,5582.7,12.692,4.832,0,926,measured_cashbridge,2025,audit,398,1140.9,,,-742.9,6709.2,132,369.2,1344.9,13.3,0.006,op+dep,부실·리파이낸싱,부실·리파이낸싱(negative): 구조적 악화 (영업적자 2/3년) | 성장자금형(negative): 매출 CAGR 16% 인데 EBITDA마진 2.8%p 훼손 — 기존사업 하락을 외형성장으로 마스킹하는지 확인 필요,0.015,company_history,,IN_MOTION,2025-06-30,[기재정정]유상증자결정,"순부채/EBITDA 30.8x / 부채비율 350% (3년 266%p↑) / EBITDA마진 11%→8% / 3년 순부채 +5,583억 vs EBITDA합 440억 / 매출 1원 성장에 순부채 4.83원 / 영업적자 2/3년"
81.8,81.7,60,(주)신도디엑스,00919799,,false,도소매,도매·상품중개,DISTRESS(구조조정형),1009.8,0.171,-11,-0.011,60.3,,16.029,0.917,3.1,82.3,3,0.312,29,52,measured_cashbridge,2025,audit,-2,0.2,,,-6.8,63.4,61.1,-15.7,4.2,-1.8,0.0018,op+dep,부실·리파이낸싱,부실·리파이낸싱(negative): 구조적 악화 (영업적자 2/3년) | 성장자금형(positive): 매출 CAGR 17% + 마진 유지 · capex/매출 0.0%,0.008,company_history,19,UNLISTED_BLIND,,,EBITDA 적자 -11억 / 부채비율 1603% (3년 1174%p↑) / 3년 순부채 +82억 vs EBITDA합 -8억 / 유동비율 92% / 현금/매출 0% / 현금 2년 연속 감소 / 영업적자 2/3년 / 런웨이 19개월
81.8,77.3,68.1,(주)우리홀푸드마트,01374799,,false,도소매,소매(자동차 제외),WC_BURN(운전자본형),805.7,0.09,54.9,0.068,581.1,10.6,5.086,0.289,2.9,521.4,4.146,2.841,184,,netdebt_inferred,,,,,,,,,,,,,,,부실·리파이낸싱,부실·리파이낸싱(positive): 레버리지 부담은 크나 매출 회복 + 마진 반등 — 시황 저점 진입 가능성 | 성장자금형(positive): 매출 CAGR 9% + 마진 유지,0.008,company_history,,DISTRESS_EVENT,,,순부채/EBITDA 10.6x / 부채비율 509% (3년 240%p↑) / 3년 순부채 +521억 vs EBITDA합 126억 / 매출 1원 성장에 순부채 2.84원 / 유동비율 29% / 현금/매출 0%
81.7,90.3,44.2,KC글라스(주),00139311,,false,제조업,비금속 광물제품,DISTRESS(구조조정형),349.6,0.077,-58.8,-0.168,341.2,,4.65,0.201,11.4,205.4,1.257,2.761,46,98,measured_cashbridge,2025,audit,29.2,22.5,0,,6.3,352.6,352.2,-13.2,16.4,-0.4,0.0011,op+dep,부실·리파이낸싱,부실·리파이낸싱(neutral): 레버리지·유동성 부담 — 구조적/일시적 판단 보류 | 성장자금형(negative): 매출 CAGR 8% 인데 EBITDA마진 8.4%p 훼손 — 기존사업 하락을 외형성장으로 마스킹하는지 확인 필요,0.085,company_history,,DISTRESS_EVENT,,,EBITDA 적자 -59억 / 부채비율 465% (3년 410%p↑) / EBITDA마진 21%→-17% / 3년 순부채 +205억 vs EBITDA합 163억 / 매출 1원 성장에 순부채 2.76원 / 유동비율 20% / 현금/매출 3%
81.7,78.3,65.7,장금마리타임(주),00767053,,false,운수·물류,수상 운송,WC_BURN(운전자본형),18822.4,0.356,764.7,0.041,13700.6,17.9,7.231,0.36,322.4,6464.8,1.063,0.52,2256,6848,measured_cashbridge,2025,audit,-621.9,15.5,,,-637.4,14023,13821,2125.7,-3224.3,4728.1,0.2512,op+dep,부실·리파이낸싱,부실·리파이낸싱(neutral): 레버리지·유동성 부담 — 구조적/일시적 판단 보류 | 성장자금형(negative): 매출 CAGR 36% 인데 EBITDA마진 17.1%p 훼손 — 기존사업 하락을 외형성장으로 마스킹하는지 확인 필요 | 이벤트(neutral): 분할·카브아웃 — 승계·증여·분쟁 여부는 주주 레벨 사건이라 재무로 안 보임. 대주주 연령·지분율 개별 확인 필요,0.015,company_history,6,UNLISTED_BLIND,,,"순부채/EBITDA 17.9x / 부채비율 723% (3년 420%p↑) / EBITDA마진 21%→4% / 3년 순부채 +6,465억 vs EBITDA합 6,082억 / 매출 1원 성장에 순부채 0.52원 / 유동비율 36% / 현금/매출 2% / 런웨이 6개월"
81.7,83.3,56.9,백운지업(주),01742644,,false,도소매,도매·상품중개,DISTRESS(구조조정형),553.9,0.112,-20.7,-0.037,24.9,,37.153,1.015,3.6,101.3,4.369,0.155,20,26,measured_cashbridge,2025,audit,-1.6,0,,,-1.6,28.4,20.4,-41.7,-77.9,34.6,0.0624,op+dep,부실·리파이낸싱,부실·리파이낸싱(neutral): 레버리지·유동성 부담 — 구조적/일시적 판단 보류 | 성장자금형(negative): 매출 CAGR 11% 인데 EBITDA마진 5.2%p 훼손 — 기존사업 하락을 외형성장으로 마스킹하는지 확인 필요,0.008,company_history,27,UNLISTED_BLIND,,,EBITDA 적자 -21억 / 부채비율 3715% (3년 2659%p↑) / EBITDA마진 1%→-4% / 3년 순부채 +101억 vs EBITDA합 23억 / 유동비율 101% / 현금/매출 1% / 현금 2년 연속 감소
81.6,90.6,43.4,(주)동천수,01153770,,false,제조업,음료 제조,WC_BURN(운전자본형),395.9,0.071,4,0.01,592.4,147,2.014,0.198,4.5,547.9,7.976,7.411,195,,netdebt_inferred,,,,,,,,,,,,,,,부실·리파이낸싱,부실·리파이낸싱(negative): 구조적 악화 (영업적자 2/3년) | 성장자금형(negative): 매출 CAGR 7% 인데 EBITDA마진 10.9%p 훼손 — 기존사업 하락을 외형성장으로 마스킹하는지 확인 필요,0.02,company_history,2,UNLISTED_BLIND,,,순부채/EBITDA 147.0x / 부채비율 201% (3년 171%p↑) / EBITDA마진 12%→1% / 3년 순부채 +548억 vs EBITDA합 69억 / 매출 1원 성장에 순부채 7.41원 / 유동비율 20% / 현금/매출 1% / 현금 2년 연속 감소 / 영업적자 2/3년 / 런웨이 2개월
81.5,92.3,40,씨알케이(주),01448997,,false,제조업,기타 기계·장비,DISTRESS(구조조정형),2260.4,-0.107,-52.3,-0.023,673.2,,85.362,0.669,10.4,392.7,2.924,,98,230,measured_cashbridge,2025,audit,32.5,12.5,,,5.8,683.6,677.5,-63.3,34.9,4.4,0.0019,op+dep,부실·리파이낸싱,부실·리파이낸싱(negative): 구조적 악화 (영업적자 2/3년),0.02,company_history,,UNLISTED_BLIND,,,EBITDA 적자 -52억 / 부채비율 8536% (3년 8035%p↑) / EBITDA마진 1%→-2% / 3년 순부채 +393억 vs EBITDA합 134억 / 유동비율 67% / 현금/매출 0% / 영업적자 2/3년
81.4,62.8,92.5,(주)무신사로지스틱스,01544149,,false,운수·물류,창고·운송관련 서비스,GROWTH(성장자금형),877.5,0.244,178.7,0.204,617.2,3.5,10.811,0.372,49.4,543.7,3.207,1.041,68,174,measured_cashbridge,2025,audit,146.8,69.8,,,-67.8,666.5,286.7,79,227,48.8,0.0556,op+dep,부실·리파이낸싱,부실·리파이낸싱(negative): 구조적 악화 (영업적자 3/3년) | 성장자금형(positive): 매출 CAGR 24% + 마진 유지 · capex/매출 8.0%,0.037,company_history,,UNLISTED_BLIND,,,순부채/EBITDA 3.5x / 부채비율 1081% (3년 927%p↑) / 3년 순부채 +544억 vs EBITDA합 170억 / 매출 1원 성장에 순부채 1.04원 / 유동비율 37% / 영업적자 3/3년
81.2,87.3,47.8,(주)디에프에스,01634521,,false,제조업,의료·정밀·광학기기,DISTRESS(구조조정형),466.5,0.101,-67.6,-0.145,323.8,,7.337,0.438,26.3,265.3,1.887,0.854,70,223,measured_cashbridge,2025,audit,-17.4,25.1,,,-43.5,350,328.3,-17,15.8,-50.2,0.1077,op+dep,부실·리파이낸싱,부실·리파이낸싱(neutral): 레버리지·유동성 부담 — 구조적/일시적 판단 보류 | 성장자금형(negative): 매출 CAGR 10% 인데 EBITDA마진 25.0%p 훼손 — 기존사업 하락을 외형성장으로 마스킹하는지 확인 필요,0.02,company_history,18,UNLISTED_BLIND,,,EBITDA 적자 -68억 / 부채비율 734% (3년 563%p↑) / EBITDA마진 11%→-14% / 3년 순부채 +265억 vs EBITDA합 141억 / 매출 1원 성장에 순부채 0.85원 / 유동비율 44% / 런웨이 18개월
81.2,73.6,72.4,(주)쓰리나인,00619695,,false,제조업,전자부품·컴퓨터·통신장비,WC_BURN(운전자본형),770.4,0.146,42.2,0.055,528.4,12.5,2.879,0.674,5.3,213.7,1.594,1.601,184,524,measured_cashbridge,2025,audit,-1.1,147.5,,,-148.7,533.7,210.5,142,140.8,0,0,op+dep,부실·리파이낸싱,부실·리파이낸싱(neutral): 레버리지·유동성 부담 — 구조적/일시적 판단 보류 | 성장자금형(negative): 매출 CAGR 15% 인데 EBITDA마진 2.1%p 훼손 — 기존사업 하락을 외형성장으로 마스킹하는지 확인 필요,0.02,company_history,58,UNLISTED_BLIND,,,순부채/EBITDA 12.5x / 부채비율 288% / EBITDA마진 8%→5% / 3년 순부채 +214억 vs EBITDA합 134억 / 매출 1원 성장에 순부채 1.60원 / 유동비율 67% / 현금/매출 1% / 현금 2년 연속 감소
81.2,86.1,50,케이테크코리아,01447280,,false,제조업,금속가공제품,DISTRESS(구조조정형),428.2,0.418,-116.3,-0.271,378.5,,21.991,0.26,1.4,159.3,3,0.573,80,,netdebt_inferred,,,,,,,,,,,,,,,부실·리파이낸싱,부실·리파이낸싱(neutral): 레버리지·유동성 부담 — 구조적/일시적 판단 보류 | 성장자금형(negative): 매출 CAGR 42% 인데 EBITDA마진 35.1%p 훼손 — 기존사업 하락을 외형성장으로 마스킹하는지 확인 필요,0.02,company_history,0,DISTRESS_EVENT,,,EBITDA 적자 -116억 / 부채비율 2199% (3년 2055%p↑) / EBITDA마진 8%→-27% / 3년 순부채 +159억 vs EBITDA합 -69억 / 매출 1원 성장에 순부채 0.57원 / 유동비율 26% / 현금/매출 0% / 런웨이 0개월
81.1,85.4,50.6,(주)경기여객,01434806,,false,운수·물류,육상운송·파이프라인,WC_BURN(운전자본형),372.8,0.116,8.2,0.022,91.3,11.1,4.888,0.464,0,60.9,1.684,0.576,76,188,measured_cashbridge,2025,audit,-21.4,24.3,2,,-45.7,91.3,70.3,27.2,5.8,0,0,op+dep,부실·리파이낸싱,부실·리파이낸싱(negative): 구조적 악화 (영업적자 2/3년) | 성장자금형(positive): 매출 CAGR 12% + 마진 유지 · capex/매출 6.5%,0.015,company_history,0,UNLISTED_BLIND,,,순부채/EBITDA 11.1x / 부채비율 489% (3년 295%p↑) / 3년 순부채 +61억 vs EBITDA합 36억 / 매출 1원 성장에 순부채 0.58원 / 유동비율 46% / 현금/매출 0% / 현금 2년 연속 감소 / 영업적자 2/3년 / 런웨이 0개월
81,92.2,38.1,동연오토텍(주),00915827,,false,제조업,금속가공제품,REFI(롤오버형),384.9,0.035,3.2,0.008,298.4,93.2,6.992,0.368,1.1,144.6,1.75,0.766,55,126,measured_cashbridge,2025,audit,25.7,42.8,5,,-17.1,299.5,144.8,16.7,42.6,-0.2,0.0005,op+dep,부실·리파이낸싱,부실·리파이낸싱(neutral): 레버리지·유동성 부담 — 구조적/일시적 판단 보류,0.02,company_history,,UNLISTED_BLIND,,,순부채/EBITDA 93.2x / 부채비율 699% (3년 357%p↑) / EBITDA마진 7%→1% / 3년 순부채 +145억 vs EBITDA합 83억 / 매출 1원 성장에 순부채 0.77원 / 유동비율 37% / 현금/매출 0% / 현금 2년 연속 감소
80.9,84.1,52.3,일성건설,00184995,,false,건설업,종합 건설,DISTRESS(구조조정형),5003.8,0.063,-376.8,-0.075,1114.5,,4.544,0.827,206.3,255,3,0.303,184,,netdebt_inferred,,,,,,,,,,,,,,,부실·리파이낸싱,부실·리파이낸싱(neutral): 레버리지·유동성 부담 — 구조적/일시적 판단 보류 | 성장자금형(negative): 매출 CAGR 6% 인데 EBITDA마진 10.3%p 훼손 — 기존사업 하락을 외형성장으로 마스킹하는지 확인 필요,0.041,company_history,6,DISTRESS_EVENT,,,EBITDA 적자 -377억 / 부채비율 454% (3년 208%p↑) / EBITDA마진 3%→-8% / 3년 순부채 +255억 vs EBITDA합 -144억 / 유동비율 83% / 현금/매출 4% / 런웨이 6개월
80.9,76.8,65.5,(주)에스디원,01645749,,false,제조업,고무·플라스틱제품,WC_BURN(운전자본형),416.5,0.275,22.9,0.055,197.5,8.6,3.408,0.995,5.3,120.1,1.566,0.845,58,137,measured_cashbridge,2025,audit,16.1,57.8,,,-41.7,202.9,38,47.6,61.8,1.9,0.0045,op+dep,부실·리파이낸싱,부실·리파이낸싱(neutral): 레버리지·유동성 부담 — 구조적/일시적 판단 보류 | 성장자금형(negative): 매출 CAGR 27% 인데 EBITDA마진 3.1%p 훼손 — 기존사업 하락을 외형성장으로 마스킹하는지 확인 필요,0.02,company_history,,UNLISTED_BLIND,,,순부채/EBITDA 8.6x / 부채비율 341% (3년 179%p↑) / EBITDA마진 9%→5% / 3년 순부채 +120억 vs EBITDA합 77억 / 매출 1원 성장에 순부채 0.84원 / 유동비율 99% / 현금/매출 1%
80.9,71.4,74.9,(주)더캐리,01552218,,false,제조업,의복·모피 제조,WC_BURN(운전자본형),1319.9,0.134,58.2,0.044,728.4,12.5,2.198,1.079,40,610.7,1.459,0.801,64,220,measured_cashbridge,2025,audit,-10.9,16.3,0,,-27.2,768.3,506.9,99.8,103.7,-14.8,0.0112,op+dep,부실·리파이낸싱,부실·리파이낸싱(neutral): 레버리지·유동성 부담 — 구조적/일시적 판단 보류 | 성장자금형(negative): 매출 CAGR 13% 인데 EBITDA마진 8.3%p 훼손 — 기존사업 하락을 외형성장으로 마스킹하는지 확인 필요,0.02,company_history,44,UNLISTED_BLIND,,,순부채/EBITDA 12.5x / 부채비율 220% / EBITDA마진 13%→4% / 3년 순부채 +611억 vs EBITDA합 419억 / 매출 1원 성장에 순부채 0.80원 / 유동비율 108% / 현금/매출 3% / 현금 2년 연속 감소
80.8,92.6,36.5,(주)동희산기,00534048,,false,제조업,기타 기계·장비,DISTRESS(구조조정형),341.9,0.05,13.9,0.041,224,16.1,12.333,0.481,0.7,56.1,3,0.828,9,,netdebt_inferred,2025,audit,38.4,,,,,224.8,224.8,-72.7,-4.3,-30,0.0878,op+dep,부실·리파이낸싱,부실·리파이낸싱(negative): 구조적 악화 (영업적자 2/3년) | 성장자금형(negative): 매출 CAGR 5% 인데 EBITDA마진 6.6%p 훼손 — 기존사업 하락을 외형성장으로 마스킹하는지 확인 필요,0.02,company_history,,DISTRESS_EVENT,,,순부채/EBITDA 16.1x / 부채비율 1233% (3년 998%p↑) / EBITDA마진 -1%→4% / 3년 순부채 +56억 vs EBITDA합 -60억 / 매출 1원 성장에 순부채 0.83원 / 유동비율 48% / 현금/매출 0% / 현금 2년 연속 감소 / 영업적자 2/3년
80.8,69.9,77.5,(주)직방,01134766,,false,정보통신,출판업,DISTRESS(구조조정형),921.9,0.379,208,0.226,852.6,4.1,3.112,0.736,352.8,1472.2,3,1.978,0,106,measured_cashbridge,2025,audit,-59.9,4.2,,,-64.1,1205.4,580,81.6,-178.4,200.1,0.217,op+dep,부실·리파이낸싱,부실·리파이낸싱(negative): 구조적 악화 (영업적자 3/3년) | 성장자금형(negative): 매출 CAGR 38% 인데 EBITDA마진 10.6%p 훼손 — 기존사업 하락을 외형성장으로 마스킹하는지 확인 필요,0.1,company_history,71,UNLISTED_BLIND,,,"순부채/EBITDA 4.1x / 부채비율 311% (3년 302%p↑) / EBITDA마진 -13%→23% / 3년 순부채 +1,472억 vs EBITDA합 -650억 / 매출 1원 성장에 순부채 1.98원 / 유동비율 74% / 현금 2년 연속 감소 / 영업적자 3/3년"
80.7,79.6,59.6,설로인(주),01640221,,false,제조업,식료품 제조,DISTRESS(구조조정형),682.2,0.368,41.2,0.06,537.6,13,7.311,0.366,19.1,537.5,3,1.489,79,235,measured_cashbridge,2025,audit,-56.5,6.3,,,-62.8,556.6,153.3,12.9,6.3,-49.9,0.0732,op+dep,부실·리파이낸싱,부실·리파이낸싱(negative): 구조적 악화 (영업적자 2/3년) | 성장자금형(positive): 매출 CAGR 37% + 마진 유지 · capex/매출 0.9%,0.02,company_history,4,UNLISTED_BLIND,,,순부채/EBITDA 13.0x / 부채비율 731% (3년 419%p↑) / 3년 순부채 +537억 vs EBITDA합 -212억 / 매출 1원 성장에 순부채 1.49원 / 유동비율 37% / 현금/매출 3% / 영업적자 2/3년 / 런웨이 4개월
80.7,57.2,100,(주)휴맥스모빌리티,01450460,,false,사업지원·임대,임대업(부동산 제외),WC_BURN(운전자본형),2722.3,0.152,721.3,0.265,885.1,1.2,4.676,0.252,206.3,2130.3,1.354,1.698,46,46,measured_cashbridge,2025,audit,765.8,130.6,,,-89.4,1091.4,151.6,66.5,761.5,70.7,0.026,op+dep,부실·리파이낸싱,부실·리파이낸싱(negative): 구조적 악화 (영업적자 3/3년) | 성장자금형(positive): 매출 CAGR 15% + 마진 유지 · capex/매출 4.8%,0.076,company_history,,UNLISTED_BLIND,,,"부채비율 468% (3년 277%p↑) / 3년 순부채 +2,130억 vs EBITDA합 1,573억 / 매출 1원 성장에 순부채 1.70원 / 유동비율 25% / 영업적자 3/3년"
80.7,65.5,85,제이엘켐(주),01529113,,false,제조업,화학물질·화학제품,WC_BURN(운전자본형),454.6,0.274,73.9,0.163,350.3,4.7,8.324,0.233,17.5,222.1,2.668,1.029,54,150,measured_cashbridge,2025,audit,15.7,33.5,,,-22.5,367.8,313,21.1,36.5,0.3,0.0006,op+dep,부실·리파이낸싱,부실·리파이낸싱(positive): 레버리지 부담은 크나 매출 회복 + 마진 반등 — 시황 저점 진입 가능성 | 성장자금형(positive): 매출 CAGR 27% + 마진 유지 · capex/매출 7.4%,0.038,company_history,,UNLISTED_BLIND,,,순부채/EBITDA 4.7x / 부채비율 832% (3년 781%p↑) / 3년 순부채 +222억 vs EBITDA합 83억 / 매출 1원 성장에 순부채 1.03원 / 유동비율 23% / 현금/매출 4% / 현금 2년 연속 감소
80.6,79,60,베스핀글로벌(주),01377574,,false,정보통신,컴퓨터 프로그래밍·SI,DISTRESS(구조조정형),5429.2,0.174,-36.4,-0.007,202,,66.913,0.855,246.1,8.9,3,0.004,58,247,measured_cashbridge,2025,audit,-51.4,2.7,,,-62.7,448.2,314.7,201.4,146.6,5,0.0009,op+dep,부실·리파이낸싱,부실·리파이낸싱(negative): 구조적 악화 (영업적자 2/3년) | 성장자금형(positive): 매출 CAGR 17% + 마진 유지 · capex/매출 0.0%,0.039,company_history,57,,,,EBITDA 적자 -36억 / 부채비율 6691% (3년 7400%p↑) / 3년 순부채 +9억 vs EBITDA합 -281억 / 유동비율 85% / 현금/매출 5% / 현금 2년 연속 감소 / 영업적자 2/3년
80.6,71.9,72.9,(주)태강스틸,01473391,,false,제조업,자동차·트레일러,WC_BURN(운전자본형),490.1,0.24,39,0.08,309.9,7.9,3.388,0.577,4.3,188.3,2.415,0.809,66,,netdebt_inferred,,,,,,,,,,,,,,,부실·리파이낸싱,부실·리파이낸싱(positive): 레버리지 부담은 크나 매출 회복 + 마진 반등 — 시황 저점 진입 가능성 | 성장자금형(positive): 매출 CAGR 24% + 마진 유지,0.02,company_history,,UNLISTED_BLIND,,,순부채/EBITDA 7.9x / 부채비율 339% (3년 142%p↑) / 3년 순부채 +188억 vs EBITDA합 78억 / 매출 1원 성장에 순부채 0.81원 / 유동비율 58% / 현금/매출 1%
80.6,91.8,37.1,아이씨티웨이(주),01469671,,false,정보통신,컴퓨터 프로그래밍·SI,REFI(롤오버형),463.3,0.014,20.2,0.044,198.9,9.8,10.049,0.319,3.6,158.3,3.043,1.034,83,216,measured_cashbridge,2025,audit,-50.7,6,,,-59.2,202.6,72.4,58.6,8.4,-0.5,0.001,op+dep,부실·리파이낸싱,부실·리파이낸싱(negative): 구조적 악화 (영업적자 2/3년),0.025,company_history,1,UNLISTED_BLIND,,,순부채/EBITDA 9.8x / 부채비율 1005% (3년 945%p↑) / EBITDA마진 4%→4% / 3년 순부채 +158억 vs EBITDA합 52억 / 매출 1원 성장에 순부채 1.03원 / 유동비율 32% / 현금/매출 1% / 영업적자 2/3년 / 런웨이 1개월
80.5,71.4,73.6,(주)지알아이,01548020,,false,제조업,식료품 제조,WC_BURN(운전자본형),1244.2,0.301,39.7,0.032,211.5,5.3,2.895,0.742,3.5,166.4,1.934,1.702,62,126,measured_cashbridge,2025,audit,30.1,54.4,,,-24.3,215,206.8,-3.5,26.6,0,0,op+dep,부실·리파이낸싱,부실·리파이낸싱(neutral): 레버리지·유동성 부담 — 구조적/일시적 판단 보류 | 성장자금형(negative): 매출 CAGR 30% 인데 EBITDA마진 2.5%p 훼손 — 기존사업 하락을 외형성장으로 마스킹하는지 확인 필요,0.02,company_history,,UNLISTED_BLIND,,,순부채/EBITDA 5.3x / 부채비율 289% (3년 119%p↑) / EBITDA마진 6%→3% / 3년 순부채 +166억 vs EBITDA합 86억 / 매출 1원 성장에 순부채 1.70원 / 유동비율 74% / 현금/매출 0%
80.5,90,40,바스프퍼포먼스폴리아마이드코리아(주),00299491,,false,제조업,화학물질·화학제품,DISTRESS(구조조정형),3712.1,-0.125,-229.7,-0.062,812.8,,4.688,0.88,389,906.1,2.514,,206,1127,measured_cashbridge,2025,audit,-276.4,51.7,,,-345,1201.8,1155.4,330.8,69.2,-14.8,0.004,op+dep,부실·리파이낸싱,부실·리파이낸싱(negative): 구조적 악화 (영업적자 3/3년),0.036,company_history,17,UNLISTED_BLIND,,,EBITDA 적자 -230억 / 부채비율 469% (3년 325%p↑) / EBITDA마진 2%→-6% / 3년 순부채 +906억 vs EBITDA합 361억 / 유동비율 88% / 영업적자 3/3년 / 런웨이 17개월
80.5,70.8,74.6,우성파워텍(주),00818302,,false,제조업,전기장비,WC_BURN(운전자본형),1612.1,0.1,96.5,0.06,501.6,5.2,6.651,0.753,68.1,270.5,1.607,0.937,0,0,measured_cashbridge,2025,audit,134.2,9.8,,,124.3,569.7,310.3,-87.2,12.6,34.3,0.0213,op+dep,부실·리파이낸싱,부실·리파이낸싱(positive): 레버리지 부담은 크나 매출 회복 + 마진 반등 — 시황 저점 진입 가능성 | 성장자금형(positive): 매출 CAGR 10% + 마진 유지 · capex/매출 0.6%,0.02,company_history,,UNLISTED_BLIND,,,순부채/EBITDA 5.2x / 부채비율 665% (3년 373%p↑) / 3년 순부채 +270억 vs EBITDA합 168억 / 매출 1원 성장에 순부채 0.94원 / 유동비율 75% / 현금/매출 4%
80.5,65.8,83.4,(주)동북엘앤알,01366851,,false,도소매,소매(자동차 제외),GROWTH(성장자금형),1071.2,0.146,71.3,0.067,527.6,7.4,4.055,0.639,44.3,143.2,1.357,0.746,111,380,measured_cashbridge,2025,audit,-77.2,39,,,-116.2,571.9,233.8,-4.4,-80.9,-0.7,0.0007,op+dep,부실·리파이낸싱,부실·리파이낸싱(positive): 레버리지 부담은 크나 매출 회복 + 마진 반등 — 시황 저점 진입 가능성 | 성장자금형(positive): 매출 CAGR 15% + 마진 유지 · capex/매출 3.6%,0.009,company_history,7,UNLISTED_BLIND,,,순부채/EBITDA 7.4x / 부채비율 406% (3년 55%p↑) / 3년 순부채 +143억 vs EBITDA합 106억 / 매출 1원 성장에 순부채 0.75원 / 유동비율 64% / 현금/매출 4% / 런웨이 7개월
80.5,83.8,51.1,(주)케이씨더블유,01620591,,false,전문·과학·기술,전문서비스업,REFI(롤오버형),606.7,,24.4,0.04,903.1,37,2.424,0.721,24,793.8,3.632,1.072,81,242,measured_cashbridge,2025,audit,-39.5,13.5,,,-58.7,927,220,122.8,,,,op+dep,부실·리파이낸싱,부실·리파이낸싱(neutral): 레버리지·유동성 부담 — 구조적/일시적 판단 보류,0.04,company_history,7,UNLISTED_BLIND,,,순부채/EBITDA 37.0x / 부채비율 242% (3년 242%p↑) / EBITDA마진 15%→4% / 3년 순부채 +794억 vs EBITDA합 219억 / 매출 1원 성장에 순부채 1.07원 / 유동비율 72% / 현금/매출 4% / 런웨이 7개월
80.4,94,32.5,(주)유창파워텍,00940355,,false,제조업,자동차·트레일러,REFI(롤오버형),604.3,-0.076,11.2,0.019,136.7,12.2,5.103,0.616,3.3,3.2,3,,32,62,measured_cashbridge,2025,audit,-9.1,0.4,,,-9.4,140,54.4,4.8,-4.3,0,0,op+dep,부실·리파이낸싱,부실·리파이낸싱(negative): 구조적 악화 (영업적자 1/3년),0.02,company_history,4,UNLISTED_BLIND,,,순부채/EBITDA 12.2x / 부채비율 510% (3년 164%p↑) / EBITDA마진 2%→2% / 3년 순부채 +3억 vs EBITDA합 -1억 / 유동비율 62% / 현금/매출 1% / 현금 2년 연속 감소 / 런웨이 4개월
80.2,91.1,37,(주)천마종합건설,01213896,,false,건설업,종합 건설,DISTRESS(구조조정형),547.2,0.011,-75.4,-0.138,596.7,,20.796,0.983,4.4,530.7,3,31.274,208,,netdebt_inferred,,,,,,,,,,,,,,,부실·리파이낸싱,부실·리파이낸싱(neutral): 레버리지·유동성 부담 — 구조적/일시적 판단 보류,0.025,company_history,0,DISTRESS_EVENT,,,EBITDA 적자 -75억 / 부채비율 2080% (3년 1887%p↑) / EBITDA마진 5%→-14% / 3년 순부채 +531억 vs EBITDA합 -24억 / 매출 1원 성장에 순부채 31.27원 / 유동비율 98% / 현금/매출 1% / 런웨이 0개월
80.1,66.2,81.3,(주)스마트스코어,01360325,,false,정보통신,정보서비스,DISTRESS(구조조정형),2011.1,0.403,182.7,0.091,168.4,0.9,3.194,0.425,166.1,1664.1,3,4.123,156,205,measured_cashbridge,2025,audit,416,414.8,7.7,,-175.6,334.5,,-5.4,496,-85.4,0.0424,op+dep,부실·리파이낸싱,부실·리파이낸싱(negative): 구조적 악화 (영업적자 2/3년) | 성장자금형(negative): 매출 CAGR 40% 인데 EBITDA마진 14.4%p 훼손 — 기존사업 하락을 외형성장으로 마스킹하는지 확인 필요,0.1,company_history,,UNLISTED_BLIND,,,"부채비율 319% (3년 267%p↑) / EBITDA마진 8%→9% / 3년 순부채 +1,664억 vs EBITDA합 -24억 / 매출 1원 성장에 순부채 4.12원 / 유동비율 43% / 영업적자 2/3년"
80,80.6,55.1,위너콤(주),00922890,,false,제조업,전자부품·컴퓨터·통신장비,DISTRESS(구조조정형),1986.4,0.049,-1.8,-0.001,474.9,,5.022,1.056,18.3,262.6,1.475,0.704,0,0,measured_cashbridge,2025,audit,121.7,48.4,,,62.6,493.2,271.4,-62.5,59.8,-0.7,0.0003,op+dep,부실·리파이낸싱,부실·리파이낸싱(neutral): 레버리지·유동성 부담 — 구조적/일시적 판단 보류,0.02,company_history,,UNLISTED_BLIND,,,EBITDA 적자 -2억 / 부채비율 502% (3년 159%p↑) / EBITDA마진 3%→-0% / 3년 순부채 +263억 vs EBITDA합 178억 / 매출 1원 성장에 순부채 0.70원 / 유동비율 106% / 현금/매출 1%
79.9,80.6,54.6,우림레미콘(주),01677942,,false,제조업,비금속 광물제품,DISTRESS(구조조정형),449.8,0.147,-8.6,-0.019,210.8,,12.741,0.34,0.6,159.2,1.464,0.261,71,174,measured_cashbridge,2025,audit,-39.8,2.9,0,,-42.7,211.4,89.1,51.6,11.8,0,0,op+dep,부실·리파이낸싱,부실·리파이낸싱(neutral): 레버리지·유동성 부담 — 구조적/일시적 판단 보류 | 성장자금형(negative): 매출 CAGR 15% 인데 EBITDA마진 8.2%p 훼손 — 기존사업 하락을 외형성장으로 마스킹하는지 확인 필요,0.02,company_history,0,UNLISTED_BLIND,,,EBITDA 적자 -9억 / 부채비율 1274% / EBITDA마진 6%→-2% / 3년 순부채 +159억 vs EBITDA합 109억 / 유동비율 34% / 현금/매출 0% / 현금 2년 연속 감소 / 런웨이 0개월
79.9,67.6,77.9,(주)세계로유통,01023008,,false,도소매,소매(자동차 제외),WC_BURN(운전자본형),2389.5,0.148,113.4,0.048,916.4,8.1,2.058,0.253,87.7,880.2,2.529,2.342,49,229,measured_cashbridge,2025,audit,116.3,157.4,17.7,,-41.1,1004,674,63.9,178.8,1.3,0.0006,op+dep,부실·리파이낸싱,부실·리파이낸싱(neutral): 레버리지·유동성 부담 — 구조적/일시적 판단 보류 | 성장자금형(positive): 매출 CAGR 15% + 마진 유지 · capex/매출 6.6%,0.014,company_history,,UNLISTED_BLIND,,,순부채/EBITDA 8.1x / 부채비율 206% / 3년 순부채 +880억 vs EBITDA합 348억 / 매출 1원 성장에 순부채 2.34원 / 유동비율 25% / 현금/매출 4%
79.8,95.3,27.6,아름일렉트로닉스(주),00337171,,false,제조업,전자부품·컴퓨터·통신장비,DISTRESS(구조조정형),677.8,-0.019,-77.4,-0.114,408.4,,5.117,0.487,2.7,57.2,3,,151,417,measured_cashbridge,2025,audit,-92.7,5.9,,,-99,411.2,342,100.5,6.9,0.9,0.0014,op+dep,부실·리파이낸싱,부실·리파이낸싱(negative): 구조적 악화 (영업적자 3/3년),0.02,company_history,0,DISTRESS_EVENT,,,EBITDA 적자 -77억 / 부채비율 512% (3년 215%p↑) / EBITDA마진 -3%→-11% / 3년 순부채 +57억 vs EBITDA합 -63억 / 유동비율 49% / 현금/매출 0% / 영업적자 3/3년 / 런웨이 0개월
79.8,79.7,55.8,(주)아이언모터스,01015735,,false,도소매,자동차·부품 판매,DISTRESS(구조조정형),1964.8,0.053,-1.7,-0.001,767.6,,4.634,0.316,57.5,147.9,0.977,,169,563,measured_cashbridge,2025,audit,-21,112.8,0,,-133.8,825.1,793.9,170.8,149.8,0,0,op+dep,부실·리파이낸싱,부실·리파이낸싱(neutral): 레버리지·유동성 부담 — 구조적/일시적 판단 보류 | 성장자금형(negative): 매출 CAGR 5% 인데 EBITDA마진 4.4%p 훼손 — 기존사업 하락을 외형성장으로 마스킹하는지 확인 필요,0.015,company_history,33,,,,EBITDA 적자 -2억 / 부채비율 463% (3년 281%p↑) / EBITDA마진 4%→-0% / 3년 순부채 +148억 vs EBITDA합 151억 / 유동비율 32% / 현금/매출 3%
79.7,63.3,85,(주)호텔캐피탈,00165699,,false,숙박·음식,숙박업,GROWTH(성장자금형),381.7,0.175,102.5,0.269,2631.3,25.7,5.199,0.173,44.9,350.5,2.095,1.989,151,502,measured_cashbridge,2025,audit,-133.7,20.3,,,-154,2676.2,176.2,155.1,15.6,5.8,0.0152,op+dep,부실·리파이낸싱,부실·리파이낸싱(positive): 레버리지 부담은 크나 매출 회복 + 마진 반등 — 시황 저점 진입 가능성 | 성장자금형(positive): 매출 CAGR 17% + 마진 유지 · capex/매출 5.3%,0.055,company_history,4,UNLISTED_BLIND,,,순부채/EBITDA 25.7x / 부채비율 520% (3년 3286%p↑) / 3년 순부채 +351억 vs EBITDA합 167억 / 매출 1원 성장에 순부채 1.99원 / 유동비율 17% / 런웨이 4개월
79.7,82.1,50.9,(주)코스글로벌,01208919,,false,제조업,전기장비,REFI(롤오버형),1383.2,0.024,47.8,0.035,499.5,10.4,11.664,0.462,28.2,191.8,4.169,1.143,37,111,measured_cashbridge,2025,audit,20.3,5.3,,,15,527.7,527.7,-55.9,-35.6,0,0,op+dep,부실·리파이낸싱,부실·리파이낸싱(negative): 구조적 악화 (영업적자 2/3년),0.02,company_history,,UNLISTED_BLIND,,,순부채/EBITDA 10.4x / 부채비율 1166% (3년 762%p↑) / 3년 순부채 +192억 vs EBITDA합 46억 / 매출 1원 성장에 순부채 1.14원 / 유동비율 46% / 현금/매출 2% / 영업적자 2/3년
79.6,66,79.6,(주)대원고속,00111944,,false,운수·물류,육상운송·파이프라인,WC_BURN(운전자본형),3245.2,0.073,291.8,0.09,2428.2,8.3,2.556,0.155,2.1,489.5,2.242,0.518,795,2293,measured_cashbridge,2025,audit,-65.4,427.8,0.5,,-493.2,2430.3,2125.8,-78.2,-153,9.4,0.0029,op+dep,부실·리파이낸싱,부실·리파이낸싱(negative): 구조적 악화 (영업적자 2/3년) | 성장자금형(positive): 매출 CAGR 7% + 마진 유지 · capex/매출 13.2%,0.015,company_history,0,UNLISTED_BLIND,,,순부채/EBITDA 8.3x / 부채비율 256% (3년 54%p↑) / 3년 순부채 +490억 vs EBITDA합 218억 / 매출 1원 성장에 순부채 0.52원 / 유동비율 16% / 현금/매출 0% / 영업적자 2/3년 / 런웨이 0개월
79.6,62.5,85.9,에너테크인터내셔널(주),00417538,,false,제조업,전기장비,DISTRESS(구조조정형),1495.8,0.332,158.9,0.106,736.1,4.6,12.635,0.824,270.3,646.1,3,2.232,0,0,measured_cashbridge,2025,audit,168.4,9.8,,,158.6,1006.4,1006.4,-177.6,10.6,-19.8,0.0133,op+dep,부실·리파이낸싱,부실·리파이낸싱(negative): 구조적 악화 (영업적자 2/3년) | 성장자금형(positive): 매출 CAGR 33% + 마진 유지 · capex/매출 0.7%,0.02,company_history,,DISTRESS_EVENT,,,순부채/EBITDA 4.6x / 부채비율 1264% (3년 980%p↑) / 3년 순부채 +646억 vs EBITDA합 -185억 / 매출 1원 성장에 순부채 2.23원 / 유동비율 82% / 영업적자 2/3년
79.6,93.6,30,(주)바텍엠시스,00863427,,false,도소매,도매·상품중개,REFI(롤오버형),414.1,-0.026,1.8,0.004,154.7,85.9,4.379,0.565,14.7,180.6,3.243,4.464,21,53,measured_cashbridge,2025,audit,9.3,5.3,,,-2.3,169.3,165,-12.4,-5.2,2.1,0.005,op+dep,부실·리파이낸싱,부실·리파이낸싱(negative): 구조적 악화 (영업적자 2/3년),0.027,company_history,,UNLISTED_BLIND,,,순부채/EBITDA 85.9x / 부채비율 438% (3년 202%p↑) / EBITDA마진 4%→0% / 3년 순부채 +181억 vs EBITDA합 56억 / 매출 1원 성장에 순부채 4.46원 / 유동비율 56% / 현금/매출 4% / 현금 2년 연속 감소 / 영업적자 2/3년
79.5,85.9,43.5,오케이미트(주),00620831,,false,도소매,도매·상품중개,DISTRESS(구조조정형),4797.1,0.004,-4.2,-0.001,555.6,,4.238,0.846,189.5,128.9,3,3.538,11,152,measured_cashbridge,2025,audit,17.2,2.8,30.8,,14.4,745.1,675.3,37,28.1,26.1,0.0054,op+dep,부실·리파이낸싱,부실·리파이낸싱(positive): 레버리지 부담은 크나 매출 회복 + 마진 반등 — 시황 저점 진입 가능성,0.027,company_history,,UNLISTED_BLIND,,,EBITDA 적자 -4억 / 부채비율 424% (3년 258%p↑) / 3년 순부채 +129억 vs EBITDA합 -195억 / 매출 1원 성장에 순부채 3.54원 / 유동비율 85% / 현금/매출 4% / 현금 2년 연속 감소
79.5,58.5,92.5,메르세데스벤츠모빌리티코리아(주),01159163,,false,사업지원·임대,임대업(부동산 제외),GROWTH(성장자금형),797.7,0.35,260.2,0.326,3828.4,14.7,33.431,0.932,49.3,2863.5,5.866,,0,0,measured_cashbridge,2025,audit,232.4,0.5,,,230.7,3877.7,1207.7,-230.8,1.6,0,0,op+dep,부실·리파이낸싱,부실·리파이낸싱(positive): 레버리지 부담은 크나 매출 회복 + 마진 반등 — 시황 저점 진입 가능성 | 성장자금형(positive): 매출 CAGR 35% + 마진 유지 · capex/매출 0.1%,0.015,company_history,,UNLISTED_BLIND,,,"순부채/EBITDA 14.7x / 부채비율 3343% (3년 1253%p↑) / 3년 순부채 +2,863억 vs EBITDA합 488억 / 유동비율 93%"
79.5,89.2,37.5,(주)미소찬,01453005,,false,제조업,식료품 제조,DISTRESS(구조조정형),911.7,-0.021,-35.5,-0.039,129.5,,21.066,0.632,5.5,127.9,4.781,,23,39,measured_cashbridge,2025,audit,-0.7,1.6,,,-2.3,135,59,-5.9,-2.8,-3.8,0.0042,op+dep,부실·리파이낸싱,부실·리파이낸싱(negative): 구조적 악화 (영업적자 1/3년),0.02,company_history,94,UNLISTED_BLIND,,,EBITDA 적자 -35억 / 부채비율 2107% (3년 1591%p↑) / EBITDA마진 1%→-4% / 3년 순부채 +128억 vs EBITDA합 27억 / 유동비율 63% / 현금/매출 1%
79.4,57.9,93.2,메가박스중앙(주),00299659,,false,정보통신,영상·오디오 제작·배급,GROWTH(성장자금형),3237.7,0.142,328.7,0.102,355.9,1.1,22.119,0.24,158.8,986.6,0.663,0.396,407,1340,measured_cashbridge,2025,audit,78.5,140.4,,,-480.8,514.6,,118.2,142.5,54.2,0.0167,op+dep,부실·리파이낸싱,부실·리파이낸싱(negative): 구조적 악화 (영업적자 3/3년) | 성장자금형(negative): 매출 CAGR 14% 인데 EBITDA마진 6.8%p 훼손 — 기존사업 하락을 외형성장으로 마스킹하는지 확인 필요,0.028,company_history,,DISTRESS_EVENT,,,"부채비율 2212% (3년 1074%p↑) / EBITDA마진 17%→10% / 3년 순부채 +987억 vs EBITDA합 1,489억 / 유동비율 24% / 현금/매출 5% / 영업적자 3/3년"
79.4,78.3,56.7,플라스틱옴니엄(주),00305978,,false,제조업,자동차·트레일러,DISTRESS(구조조정형),1944.4,0.093,-12.6,-0.006,164.1,,3.307,0.933,15.9,138.6,2.598,0.309,103,256,measured_cashbridge,2025,audit,48.1,107.6,,,-64.4,180,180,64.2,112.3,0,0,op+dep,부실·리파이낸싱,부실·리파이낸싱(negative): 구조적 악화 (영업적자 3/3년) | 성장자금형(positive): 매출 CAGR 9% + 마진 유지 · capex/매출 5.5%,0.02,company_history,,UNLISTED_BLIND,,,EBITDA 적자 -13억 / 부채비율 331% (3년 150%p↑) / 3년 순부채 +139억 vs EBITDA합 53억 / 유동비율 93% / 현금/매출 1% / 영업적자 3/3년
79.3,54,100,엠지신용정보(주),00857383,,false,사업지원·임대,사업지원 서비스,GROWTH(성장자금형),4492.3,0.692,3330.9,0.742,72005.8,21.6,7.956,138.725,3378.9,52491.1,33.213,39.375,,,netdebt_inferred,2025,audit,,24.8,23.2,,,75384.7,7.4,16840.5,,,,op+dep,부실·리파이낸싱,부실·리파이낸싱(positive): 레버리지 부담은 크나 매출 회복 + 마진 반등 — 시황 저점 진입 가능성 | 성장자금형(positive): 매출 CAGR 69% + 마진 유지 · capex/매출 0.6%,0.1,company_history,31,UNLISTED_BLIND,,,"순부채/EBITDA 21.6x / 부채비율 796% (3년 403%p↑) / 3년 순부채 +5.2조 vs EBITDA합 1,580억 / 매출 1원 성장에 순부채 39.38원"
79.3,75.8,60.8,(주)유엔에이엔지니어링,00819189,,false,건설업,전문직별 공사,WC_BURN(운전자본형),1490.4,0.088,6.5,0.004,387.2,59.6,16.917,0.905,236.1,413.9,2.599,0.877,0,0,measured_cashbridge,2025,audit,76.3,7.2,,,69.1,623.3,181.4,-19.9,110.7,-54.3,0.0365,op+dep,부실·리파이낸싱,부실·리파이낸싱(neutral): 레버리지·유동성 부담 — 구조적/일시적 판단 보류 | 성장자금형(negative): 매출 CAGR 9% 인데 EBITDA마진 3.6%p 훼손 — 기존사업 하락을 외형성장으로 마스킹하는지 확인 필요 | 이벤트(neutral): 분할·카브아웃 — 승계·증여·분쟁 여부는 주주 레벨 사건이라 재무로 안 보임. 대주주 연령·지분율 개별 확인 필요,0.025,company_history,,UNLISTED_BLIND,,,순부채/EBITDA 59.6x / 부채비율 1692% (3년 1328%p↑) / EBITDA마진 4%→0% / 3년 순부채 +414억 vs EBITDA합 159억 / 매출 1원 성장에 순부채 0.88원 / 유동비율 90%
79.3,66.2,78.2,(주)에이테크경주,01016646,,false,제조업,자동차·트레일러,WC_BURN(운전자본형),647.1,0.269,46.8,0.072,340.5,7.3,3.171,0.699,0.2,100.4,0.938,0.805,104,258,measured_cashbridge,2025,audit,28.4,92,,,-63.6,340.7,243.2,64.8,93.2,0,0,op+dep,부실·리파이낸싱,부실·리파이낸싱(neutral): 레버리지·유동성 부담 — 구조적/일시적 판단 보류 | 성장자금형(negative): 매출 CAGR 27% 인데 EBITDA마진 2.2%p 훼손 — 기존사업 하락을 외형성장으로 마스킹하는지 확인 필요,0.02,company_history,,UNLISTED_BLIND,,,순부채/EBITDA 7.3x / 부채비율 317% / EBITDA마진 9%→7% / 3년 순부채 +100억 vs EBITDA합 107억 / 매출 1원 성장에 순부채 0.80원 / 유동비율 70% / 현금/매출 0% / 현금 2년 연속 감소
79.3,69.9,71.3,(주)푸드엔,01071306,,false,도소매,도매·상품중개,WC_BURN(운전자본형),1415,0.132,46.8,0.033,599.7,12.8,2.72,0.248,17.8,415.3,3.927,0.717,82,227,measured_cashbridge,2025,audit,60.8,97.5,,,-36.7,617.4,584.3,43.9,104.7,0,0,op+dep,부실·리파이낸싱,부실·리파이낸싱(positive): 레버리지 부담은 크나 매출 회복 + 마진 반등 — 시황 저점 진입 가능성 | 성장자금형(positive): 매출 CAGR 13% + 마진 유지 · capex/매출 6.9%,0.013,company_history,,UNLISTED_BLIND,,,순부채/EBITDA 12.8x / 부채비율 272% / 3년 순부채 +415억 vs EBITDA합 106억 / 매출 1원 성장에 순부채 0.72원 / 유동비율 25% / 현금/매출 1% / 현금 2년 연속 감소
79.2,69,72.5,(주)서해종합건설,00131577,,false,건설업,종합 건설,WC_BURN(운전자본형),3552.5,0.185,100.4,0.028,12794.9,127.4,3.289,1.63,1928,5372.5,7.242,2.852,0,1466,measured_cashbridge,2025,audit,347.4,0,,,347.4,14723,10009,250.7,1104.6,-506.5,0.1426,op+dep,부실·리파이낸싱,부실·리파이낸싱(neutral): 레버리지·유동성 부담 — 구조적/일시적 판단 보류 | 성장자금형(negative): 매출 CAGR 19% 인데 EBITDA마진 5.5%p 훼손 — 기존사업 하락을 외형성장으로 마스킹하는지 확인 필요,0.039,company_history,,UNLISTED_BLIND,,,"순부채/EBITDA 127.4x / 부채비율 329% (3년 201%p↑) / EBITDA마진 8%→3% / 3년 순부채 +5,372억 vs EBITDA합 742억 / 매출 1원 성장에 순부채 2.85원"
79.2,66.8,76.4,(주)서울유니온약품,00875121,,false,도소매,도매·상품중개,TIGHT(유동성형),6889.3,0.28,284.4,0.041,1671.4,5.9,4.056,0.662,177.3,1269.5,2.487,0.392,0,0,measured_cashbridge,2025,audit,223.6,17.8,80.1,,205.8,1848.8,1848.8,-81.6,163.7,-21.7,0.0031,op+dep,부실·리파이낸싱,부실·리파이낸싱(positive): 레버리지 부담은 크나 매출 회복 + 마진 반등 — 시황 저점 진입 가능성 | 성장자금형(positive): 매출 CAGR 28% + 마진 유지 · capex/매출 0.3%,0.008,company_history,,UNLISTED_BLIND,,,"순부채/EBITDA 5.9x / 부채비율 406% (3년 150%p↑) / 3년 순부채 +1,270억 vs EBITDA합 510억 / 유동비율 66% / 현금/매출 3%"
79.2,67.2,75.9,(주)스페이스솔루션,01140110,,false,제조업,기타 기계·장비,DISTRESS(구조조정형),561,0.105,86.3,0.154,591.2,6.9,4.217,0.79,106.7,336.3,3,6.374,111,505,measured_cashbridge,2025,audit,-28.8,153.8,,,-182.7,697.8,143.5,138,228.1,-68.9,0.1229,op+dep,부실·리파이낸싱,부실·리파이낸싱(negative): 구조적 악화 (영업적자 2/3년) | 성장자금형(positive): 매출 CAGR 11% + 마진 유지 · capex/매출 27.4%,0.037,company_history,44,DISTRESS_EVENT,,,순부채/EBITDA 6.9x / 부채비율 422% (3년 75%p↑) / 3년 순부채 +336억 vs EBITDA합 -27억 / 매출 1원 성장에 순부채 6.37원 / 유동비율 79% / 현금 2년 연속 감소 / 영업적자 2/3년
79.1,91,32.5,(주)나이스엘엠에스,00364838,,false,제조업,1차 금속,DISTRESS(구조조정형),783.3,-0.128,-114.2,-0.146,1169.4,,10.152,0.444,56.1,190.4,6.326,,62,251,measured_cashbridge,2025,audit,48.6,42.3,,,6.3,1225.5,945.5,34.6,30,53.2,0.0679,op+dep,부실·리파이낸싱,부실·리파이낸싱(negative): 구조적 악화 (영업적자 3/3년),0.036,company_history,,UNLISTED_BLIND,,,EBITDA 적자 -114억 / 부채비율 1015% / EBITDA마진 1%→-15% / 3년 순부채 +190억 vs EBITDA합 30억 / 유동비율 44% / 현금 2년 연속 감소 / 영업적자 3/3년
79.1,84,45.2,일심알맥스(주),00239204,,false,제조업,1차 금속,REFI(롤오버형),557.1,-0.013,23.6,0.042,410.8,17.4,4.543,0.465,0.1,158.7,1.671,1.585,137,372,measured_cashbridge,2025,audit,-30.2,53.7,0,,-83.9,410.9,333.9,85.1,54.9,0,0,op+dep,부실·리파이낸싱,부실·리파이낸싱(negative): 구조적 악화 (영업적자 0/3년),0.02,company_history,0,UNLISTED_BLIND,,,순부채/EBITDA 17.4x / 부채비율 454% (3년 267%p↑) / 3년 순부채 +159억 vs EBITDA합 95억 / 매출 1원 성장에 순부채 1.58원 / 유동비율 46% / 현금/매출 0% / 현금 2년 연속 감소 / 런웨이 0개월
79.1,97.5,21,(주)원에스티,00539724,,false,제조업,기타 기계·장비,DISTRESS(구조조정형),362.7,-0.16,-28.1,-0.078,552,,3.676,0.934,3.3,251.9,2.503,,110,298,measured_cashbridge,2025,audit,-46.8,4.9,,,-54.7,555.3,389.3,50.2,0.6,2.8,0.0077,op+dep,부실·리파이낸싱,부실·리파이낸싱(negative): 구조적 악화 (영업적자 3/3년),0.02,company_history,1,UNLISTED_BLIND,,,EBITDA 적자 -28억 / 부채비율 368% (3년 279%p↑) / EBITDA마진 6%→-8% / 3년 순부채 +252억 vs EBITDA합 101억 / 유동비율 93% / 현금/매출 1% / 현금 2년 연속 감소 / 영업적자 3/3년 / 런웨이 1개월
79.1,53.5,100,(주)하모니렌트카,01175781,,false,사업지원·임대,임대업(부동산 제외),WC_BURN(운전자본형),1338.4,0.388,744.1,0.556,2503.6,3.4,6.663,0.198,65.9,1016.6,0.73,1.596,937,2612,measured_cashbridge,2025,audit,535.8,1495.7,5,,-959.9,2569.5,983.6,752.5,1169.8,118.6,0.0886,op+dep,부실·리파이낸싱,부실·리파이낸싱(neutral): 레버리지·유동성 부담 — 구조적/일시적 판단 보류 | 성장자금형(negative): 매출 CAGR 39% 인데 EBITDA마진 9.1%p 훼손 — 기존사업 하락을 외형성장으로 마스킹하는지 확인 필요,0.015,company_history,,UNLISTED_BLIND,,,"순부채/EBITDA 3.4x / 부채비율 666% / EBITDA마진 65%→56% / 3년 순부채 +1,017억 vs EBITDA합 1,393억 / 매출 1원 성장에 순부채 1.60원 / 유동비율 20% / 현금/매출 5%"
79.1,76,59.4,(주)미스터덕,01446209,,false,제조업,식료품 제조,REFI(롤오버형),520.3,0.013,39.8,0.077,389.2,9.8,3.81,0.657,7.2,213.3,1.832,2.949,198,567,measured_cashbridge,2025,audit,-99.7,54.6,,,-154.2,396.4,304.8,110.7,10.6,0.5,0.001,op+dep,부실·리파이낸싱,부실·리파이낸싱(positive): 레버리지 부담은 크나 매출 회복 + 마진 반등 — 시황 저점 진입 가능성,0.02,company_history,1,UNLISTED_BLIND,,,순부채/EBITDA 9.8x / 부채비율 381% (3년 226%p↑) / 3년 순부채 +213억 vs EBITDA합 116억 / 매출 1원 성장에 순부채 2.95원 / 유동비율 66% / 현금/매출 1% / 런웨이 1개월
79,71.3,67.5,(주)정선골재,00927433,,false,제조업,비금속 광물제품,REFI(롤오버형),555.1,-0.107,74.8,0.135,1946.7,26,2.323,1.105,4.7,2053.6,4.432,,584,1722,measured_cashbridge,2025,audit,-333.4,42.5,,,-375.9,1951.4,1929.8,381.4,48.2,-0.2,0.0004,op+dep,부실·리파이낸싱,부실·리파이낸싱(negative): 구조적 악화 (영업적자 0/3년),0.02,company_history,0,,,,"순부채/EBITDA 26.0x / 부채비율 232% (3년 202%p↑) / EBITDA마진 24%→13% / 3년 순부채 +2,054억 vs EBITDA합 463억 / 유동비율 110% / 현금/매출 1% / 런웨이 0개월"
79,72.9,64.9,(주)샤프테크닉스케이,01205824,,false,제조업,산업용기계·장비 수리,WC_BURN(운전자본형),461,0.139,26.9,0.058,297.1,11,2.103,0.502,10,133.9,0.747,0.652,66,165,measured_cashbridge,2025,audit,55,95.4,,,-40.3,307.2,193.5,44.1,150.3,-51.2,0.1111,op+dep,부실·리파이낸싱,부실·리파이낸싱(neutral): 레버리지·유동성 부담 — 구조적/일시적 판단 보류 | 성장자금형(negative): 매출 CAGR 14% 인데 EBITDA마진 11.5%p 훼손 — 기존사업 하락을 외형성장으로 마스킹하는지 확인 필요,0.02,company_history,,UNLISTED_BLIND,,,순부채/EBITDA 11.0x / 부채비율 210% (3년 121%p↑) / EBITDA마진 17%→6% / 3년 순부채 +134억 vs EBITDA합 179억 / 매출 1원 성장에 순부채 0.65원 / 유동비율 50% / 현금/매출 2% / 현금 2년 연속 감소
79,86.1,41.2,하이테크판넬(주),01285468,,false,제조업,금속가공제품,REFI(롤오버형),483.1,0.042,13,0.027,231.5,17.8,4.789,0.352,11.6,180.9,3.381,1.266,31,75,measured_cashbridge,2025,audit,17.9,21.9,,,-4,243.1,188.3,-8.1,24.1,-14.3,0.0296,op+dep,부실·리파이낸싱,부실·리파이낸싱(negative): 구조적 악화 (영업적자 2/3년),0.02,company_history,,UNLISTED_BLIND,,,순부채/EBITDA 17.8x / 부채비율 479% (3년 95%p↑) / 3년 순부채 +181억 vs EBITDA합 53억 / 매출 1원 성장에 순부채 1.27원 / 유동비율 35% / 현금/매출 2% / 현금 2년 연속 감소 / 영업적자 2/3년
79,92.3,29.9,(주)더바오파트너스,01563481,,false,전문·과학·기술,전문서비스업,REFI(롤오버형),410.7,-0.017,14.3,0.035,117.7,8.2,4.96,0.714,9.4,78,4.86,,27,59,measured_cashbridge,2025,audit,-2.7,0.8,,,-3.4,127.1,127.1,10.8,-1.6,9.8,0.0237,op+dep,부실·리파이낸싱,부실·리파이낸싱(negative): 구조적 악화 (영업적자 1/3년),0.025,company_history,42,UNLISTED_BLIND,,,순부채/EBITDA 8.2x / 부채비율 496% (3년 203%p↑) / EBITDA마진 3%→3% / 3년 순부채 +78억 vs EBITDA합 16억 / 유동비율 71% / 현금/매출 2% / 현금 2년 연속 감소
79,57.4,92.5,(주)헤라몬드,01729564,,false,제조업,기타 제품 제조,WC_BURN(운전자본형),527.4,0.223,113.9,0.216,797.9,7,3.297,0.188,58.1,775.9,4.469,1.821,57,218,measured_cashbridge,2025,audit,73.9,95.8,,,-21.9,856,813.5,22,134.1,-38.2,0.0724,op+dep,부실·리파이낸싱,부실·리파이낸싱(positive): 레버리지 부담은 크나 매출 회복 + 마진 반등 — 시황 저점 진입 가능성 | 성장자금형(positive): 매출 CAGR 22% + 마진 유지 · capex/매출 18.2%,0.038,company_history,,UNLISTED_BLIND,,,순부채/EBITDA 7.0x / 부채비율 330% / 3년 순부채 +776억 vs EBITDA합 174억 / 매출 1원 성장에 순부채 1.82원 / 유동비율 19%
78.9,74.5,61.6,구주제약(주),00176127,,false,제조업,의료용물질·의약품,WC_BURN(운전자본형),786.8,0.144,5.3,0.007,437.6,82.6,2.704,0.801,70.6,170.6,2.051,0.56,204,713,measured_cashbridge,2025,audit,-48.4,166,,,-214.3,508.2,397.4,215.4,125.2,41.8,0.0532,op+dep,부실·리파이낸싱,부실·리파이낸싱(neutral): 레버리지·유동성 부담 — 구조적/일시적 판단 보류 | 성장자금형(negative): 매출 CAGR 14% 인데 EBITDA마진 3.7%p 훼손 — 기존사업 하락을 외형성장으로 마스킹하는지 확인 필요,0.026,company_history,18,UNLISTED_BLIND,,,순부채/EBITDA 82.6x / 부채비율 270% (3년 181%p↑) / EBITDA마진 4%→1% / 3년 순부채 +171억 vs EBITDA합 83억 / 매출 1원 성장에 순부채 0.56원 / 유동비율 80% / 런웨이 18개월
78.9,69.6,70.2,동원테크놀러지(주),00243164,,false,제조업,고무·플라스틱제품,TIGHT(유동성형),1327.4,0.151,49.3,0.037,316.3,6.4,5.518,0.478,27.3,71.1,8.602,0.247,30,87,measured_cashbridge,2025,audit,18.6,22.2,,,-3.6,343.6,285.6,3.2,19.5,2.3,0.0018,op+dep,부실·리파이낸싱,부실·리파이낸싱(positive): 레버리지 부담은 크나 매출 회복 + 마진 반등 — 시황 저점 진입 가능성 | 성장자금형(positive): 매출 CAGR 15% + 마진 유지 · capex/매출 1.7%,0.02,company_history,,UNLISTED_BLIND,,,순부채/EBITDA 6.4x / 부채비율 552% (3년 288%p↑) / 3년 순부채 +71억 vs EBITDA합 8억 / 유동비율 48% / 현금/매출 2%
78.9,78.3,54.5,서울시니어스타워(주),00366553,,false,보건·복지,사회복지 서비스,REFI(롤오버형),580.5,0.027,40.7,0.07,1398.5,34.4,3.312,0.086,39.6,234.5,4.39,6.369,219,692,measured_cashbridge,2025,audit,96.9,229.9,,,-133.1,1438.1,1069.3,124.6,218.9,2.6,0.0044,op+dep,부실·리파이낸싱,부실·리파이낸싱(negative): 구조적 악화 (영업적자 3/3년),0.022,company_history,,DISTRESS_EVENT,,,순부채/EBITDA 34.4x / 부채비율 331% / EBITDA마진 3%→7% / 3년 순부채 +234억 vs EBITDA합 53억 / 매출 1원 성장에 순부채 6.37원 / 유동비율 9% / 영업적자 3/3년
78.9,66.8,75.2,(주)무주덕유산리조트,00138145,,false,예술·여가,스포츠·오락,REFI(롤오버형),544.2,0.033,192,0.353,1896.1,9.9,7.525,0.281,89.7,360.3,1.041,1.469,0,3,measured_cashbridge,2025,audit,-9.3,11.9,,,-21.2,1985.8,0,84.9,62.4,13.2,0.0242,op+dep,부실·리파이낸싱,부실·리파이낸싱(negative): 구조적 악화 (영업적자 2/3년),0.053,company_history,116,UNLISTED_BLIND,,,순부채/EBITDA 9.9x / 부채비율 753% (3년 291%p↑) / 3년 순부채 +360억 vs EBITDA합 346억 / 매출 1원 성장에 순부채 1.47원 / 유동비율 28% / 현금 2년 연속 감소 / 영업적자 2/3년
78.9,77.8,55.5,농업회사법인(주)웰피그,01359134,,false,도소매,도매·상품중개,DISTRESS(구조조정형),410,0.157,22.5,0.055,310.1,13.8,30.82,0.886,15.9,10.6,3,0.076,109,318,measured_cashbridge,2025,audit,-78.3,0.1,,,-78.4,326,326,51,-27.6,0.4,0.001,op+dep,부실·리파이낸싱,부실·리파이낸싱(negative): 구조적 악화 (영업적자 2/3년) | 성장자금형(negative): 매출 CAGR 16% 인데 EBITDA마진 8.1%p 훼손 — 기존사업 하락을 외형성장으로 마스킹하는지 확인 필요,0.014,company_history,2,UNLISTED_BLIND,,,순부채/EBITDA 13.8x / 부채비율 3082% (3년 6067%p↑) / EBITDA마진 -9%→6% / 3년 순부채 +11억 vs EBITDA합 -131억 / 유동비율 89% / 현금/매출 4% / 영업적자 2/3년 / 런웨이 2개월
78.9,84.2,44.1,(주)카시나,01478749,,false,도소매,소매(자동차 제외),DISTRESS(구조조정형),347,0.076,-58.6,-0.169,471.7,,3.227,0.36,34.5,470.7,4.509,1.872,108,354,measured_cashbridge,2025,audit,-1.4,100.1,,,-101.5,506.3,266.3,13,70.3,-58.7,0.1691,op+dep,부실·리파이낸싱,부실·리파이낸싱(neutral): 레버리지·유동성 부담 — 구조적/일시적 판단 보류 | 성장자금형(negative): 매출 CAGR 8% 인데 EBITDA마진 27.5%p 훼손 — 기존사업 하락을 외형성장으로 마스킹하는지 확인 필요,0.012,company_history,296,UNLISTED_BLIND,,,EBITDA 적자 -59억 / 부채비율 323% (3년 312%p↑) / EBITDA마진 11%→-17% / 3년 순부채 +471억 vs EBITDA합 104억 / 매출 1원 성장에 순부채 1.87원 / 유동비율 36%
78.9,55.9,95,유모멘트(주),01455289,,false,기타 서비스,기타 개인 서비스,WC_BURN(운전자본형),1095.1,0.28,249.9,0.228,531.1,2.1,20.947,0.626,79.9,322.3,2.993,0.792,0,0,measured_cashbridge,2025,audit,223.7,118.1,,,105.6,611,11,-11.2,225.1,-12.6,0.0115,op+dep,부실·리파이낸싱,부실·리파이낸싱(negative): 구조적 악화 (영업적자 2/3년) | 성장자금형(positive): 매출 CAGR 28% + 마진 유지 · capex/매출 10.8%,0.027,company_history,,,,,부채비율 2095% (3년 2437%p↑) / 3년 순부채 +322억 vs EBITDA합 108억 / 매출 1원 성장에 순부채 0.79원 / 유동비율 63% / 영업적자 2/3년
78.8,75.8,58.6,(주)동양피엘티,00563086,,false,제조업,자동차·트레일러,REFI(롤오버형),395.8,-0.139,45.6,0.115,1327,29.1,6.793,0.165,0.3,337.2,1.648,3.419,197,551,measured_cashbridge,2025,audit,-21.9,30.1,,,-52,1327.3,1250.9,-1.6,-74.5,51.1,0.129,op+dep,부실·리파이낸싱,부실·리파이낸싱(negative): 구조적 악화 (영업적자 0/3년),0.02,company_history,0,UNLISTED_BLIND,,,순부채/EBITDA 29.1x / 부채비율 679% (3년 514%p↑) / 3년 순부채 +337억 vs EBITDA합 205억 / 매출 1원 성장에 순부채 3.42원 / 유동비율 17% / 현금/매출 0% / 현금 2년 연속 감소 / 런웨이 0개월
78.7,59.6,87.6,파인원(주),01623464,,false,제조업,전자부품·컴퓨터·통신장비,WC_BURN(운전자본형),954.2,0.514,98.8,0.104,684.9,6.9,1.83,0.932,49.7,644.4,2.886,0.949,210,,netdebt_inferred,,,,,,,,,,,,,,,부실·리파이낸싱,부실·리파이낸싱(positive): 레버리지 부담은 크나 매출 회복 + 마진 반등 — 시황 저점 진입 가능성 | 성장자금형(positive): 매출 CAGR 51% + 마진 유지,0.02,company_history,,DISTRESS_EVENT,2025-05-23,[기재정정]증권신고서(지분증권),순부채/EBITDA 6.9x / 3년 순부채 +644억 vs EBITDA합 223억 / 매출 1원 성장에 순부채 0.95원 / 유동비율 93% / 현금 2년 연속 감소
78.7,73.1,63.1,남해종합건설(주),00228420,,false,건설업,종합 건설,WC_BURN(운전자본형),675.3,0.324,26.1,0.039,1894.4,72.6,4.367,1.266,59.6,351.1,19.107,0.505,712,2214,measured_cashbridge,2025,audit,-486.4,17,,,-503.4,1953.9,1652.3,486.6,0.2,0,0.0001,op+dep,부실·리파이낸싱,부실·리파이낸싱(neutral): 레버리지·유동성 부담 — 구조적/일시적 판단 보류 | 성장자금형(negative): 매출 CAGR 32% 인데 EBITDA마진 3.8%p 훼손 — 기존사업 하락을 외형성장으로 마스킹하는지 확인 필요,0.025,company_history,1,UNLISTED_BLIND,,,순부채/EBITDA 72.6x / 부채비율 437% (3년 293%p↑) / EBITDA마진 2%→4% / 3년 순부채 +351억 vs EBITDA합 18억 / 매출 1원 성장에 순부채 0.51원 / 런웨이 1개월
78.7,76.3,57.5,보훈종합건설(주),01303348,,false,건설업,종합 건설,DISTRESS(구조조정형),938,0.515,-13.8,-0.015,87.7,,1.74,0.908,13.2,108.7,7.763,0.163,34,,netdebt_inferred,,,,,,,,,,,,,,,부실·리파이낸싱,부실·리파이낸싱(neutral): 레버리지·유동성 부담 — 구조적/일시적 판단 보류 | 성장자금형(negative): 매출 CAGR 51% 인데 EBITDA마진 5.6%p 훼손 — 기존사업 하락을 외형성장으로 마스킹하는지 확인 필요,0.025,company_history,8,DISTRESS_EVENT,,,EBITDA 적자 -14억 / EBITDA마진 4%→-1% / 3년 순부채 +109억 vs EBITDA합 14억 / 유동비율 91% / 현금/매출 1% / 현금 2년 연속 감소 / 런웨이 8개월
78.6,64.2,78.9,휘닉스중앙(주),00190695,,false,예술·여가,스포츠·오락,REFI(롤오버형),1246.1,0.007,187.2,0.15,2201.5,11.8,3.075,0.07,156,319,1.043,1.153,160,578,measured_cashbridge,2025,audit,46.1,40.4,,,5.7,2357.5,2152.2,7.5,43.4,10.2,0.0082,op+dep,부실·리파이낸싱,부실·리파이낸싱(negative): 구조적 악화 (영업적자 2/3년),0.085,company_history,,UNLISTED_BLIND,,,순부채/EBITDA 11.8x / 부채비율 308% (3년 128%p↑) / 3년 순부채 +319억 vs EBITDA합 306억 / 매출 1원 성장에 순부채 1.15원 / 유동비율 7% / 현금 2년 연속 감소 / 영업적자 2/3년
78.6,78.4,53.1,(주)제노스,00916136,,false,제조업,의료용물질·의약품,DISTRESS(구조조정형),561.9,0.086,-10.5,-0.019,364.9,,2.745,0.764,22.9,215.5,1.262,1.322,63,191,measured_cashbridge,2025,audit,19.9,40.5,,,-37.2,387.8,291.6,-30.7,-0.3,-10.4,0.0185,op+dep,부실·리파이낸싱,부실·리파이낸싱(neutral): 레버리지·유동성 부담 — 구조적/일시적 판단 보류 | 성장자금형(negative): 매출 CAGR 9% 인데 EBITDA마진 11.9%p 훼손 — 기존사업 하락을 외형성장으로 마스킹하는지 확인 필요,0.02,company_history,,UNLISTED_BLIND,,,EBITDA 적자 -10억 / 부채비율 274% / EBITDA마진 12%→-2% / 3년 순부채 +216억 vs EBITDA합 171억 / 매출 1원 성장에 순부채 1.32원 / 유동비율 76% / 현금/매출 4%
78.5,89.7,32.5,세중해운(주),00691778,,false,사업지원·임대,사업지원 서비스,DISTRESS(구조조정형),985.1,-0.136,-36.4,-0.037,207.4,,2.626,0.759,15.5,170.1,2.89,,16,40,measured_cashbridge,2025,audit,10.3,4,1.6,,6.3,222.9,156.9,-23,-11.4,8.7,0.0089,op+dep,부실·리파이낸싱,부실·리파이낸싱(negative): 구조적 악화 (영업적자 2/3년),0.015,company_history,,UNLISTED_BLIND,,,EBITDA 적자 -36억 / 부채비율 263% (3년 100%p↑) / EBITDA마진 1%→-4% / 3년 순부채 +170억 vs EBITDA합 59억 / 유동비율 76% / 현금/매출 2% / 현금 2년 연속 감소 / 영업적자 2/3년
78.5,72.7,63,(주)대성에프앤디,01458763,,false,제조업,식료품 제조,TIGHT(유동성형),676.8,0.494,14.7,0.022,138.9,9.4,4.184,0.674,0.3,72,2.024,0.152,25,,netdebt_inferred,,,,,,,,,,,,,,,부실·리파이낸싱,부실·리파이낸싱(neutral): 레버리지·유동성 부담 — 구조적/일시적 판단 보류 | 성장자금형(positive): 매출 CAGR 49% + 마진 유지,0.02,company_history,,DISTRESS_EVENT,,,순부채/EBITDA 9.4x / 부채비율 418% (3년 154%p↑) / 3년 순부채 +72억 vs EBITDA합 36억 / 유동비율 67% / 현금/매출 0%
78.4,86.5,37.8,삼화피티에스(주),00234777,,false,운수·물류,육상운송·파이프라인,DISTRESS(구조조정형),320.2,0.033,-4.6,-0.014,107.8,,7.465,0.253,21.7,32.2,1.73,0.725,77,236,measured_cashbridge,2025,audit,-3.2,59.2,3,,-62.5,129.4,113.9,16.3,13.1,0,0,op+dep,부실·리파이낸싱,부실·리파이낸싱(negative): 구조적 악화 (영업적자 3/3년),0.015,company_history,81,UNLISTED_BLIND,,,EBITDA 적자 -5억 / 부채비율 746% (3년 514%p↑) / EBITDA마진 2%→-1% / 3년 순부채 +32억 vs EBITDA합 19억 / 매출 1원 성장에 순부채 0.73원 / 유동비율 25% / 영업적자 3/3년
78.4,66.5,73.7,(주)차헬스케어,00989497,,false,전문·과학·기술,기타 과학기술 서비스,WC_BURN(운전자본형),9991.1,0.155,323.6,0.032,4047.3,12.5,1.91,0.551,1107.3,2168.5,4.334,0.863,722,3552,measured_cashbridge,2025,audit,-184.9,691.7,0,,-1062.8,5154.6,3520.6,4047.3,937.2,2933.4,0.2936,op+dep,부실·리파이낸싱,부실·리파이낸싱(negative): 구조적 악화 (영업적자 2/3년) | 성장자금형(positive): 매출 CAGR 15% + 마진 유지 · capex/매출 6.9%,0.042,company_history,72,UNLISTED_BLIND,,,"순부채/EBITDA 12.5x / 3년 순부채 +2,169억 vs EBITDA합 500억 / 매출 1원 성장에 순부채 0.86원 / 유동비율 55% / 영업적자 2/3년"
78.4,70.7,66.5,(주)동국지엘피,01438477,,false,운수·물류,창고·운송관련 서비스,WC_BURN(운전자본형),582.8,0.169,19.4,0.033,334.3,17.2,2.847,0.576,19.5,158.2,3.531,1.029,64,187,measured_cashbridge,2025,audit,11.5,58.7,1.2,,-47.2,353.9,132.1,46.8,46,12.3,0.0211,op+dep,부실·리파이낸싱,부실·리파이낸싱(neutral): 레버리지·유동성 부담 — 구조적/일시적 판단 보류 | 성장자금형(positive): 매출 CAGR 17% + 마진 유지 · capex/매출 10.1%,0.015,company_history,,UNLISTED_BLIND,,,순부채/EBITDA 17.2x / 부채비율 285% / 3년 순부채 +158억 vs EBITDA합 45억 / 매출 1원 성장에 순부채 1.03원 / 유동비율 58% / 현금/매출 3%
78.3,93.7,24.5,한성자동차,00623810,,false,도소매,자동차·부품 판매,DISTRESS(구조조정형),27738.2,-0.088,-140.6,-0.005,3156.4,,14.165,0.763,553.3,5008.3,5.215,,0,398,measured_cashbridge,2025,audit,134.7,74.2,,,60.4,3709.6,3709.6,-369.8,-159.7,-75.5,0.0027,op+dep,부실·리파이낸싱,부실·리파이낸싱(negative): 구조적 악화 (영업적자 3/3년),0.008,company_history,,UNLISTED_BLIND,,,"EBITDA 적자 -141억 / 부채비율 1416% (3년 1051%p↑) / 3년 순부채 +5,008억 vs EBITDA합 960억 / 유동비율 76% / 현금/매출 2% / 현금 2년 연속 감소 / 영업적자 3/3년"
78.2,77.5,53.3,(주)일양로지스,00530167,,false,운수·물류,육상운송·파이프라인,REFI(롤오버형),1017.8,0.036,11.9,0.012,217.1,18.2,1.716,0.514,32.9,128.4,1.64,0.802,156,466,measured_cashbridge,2025,audit,22,154.2,,,-132.3,250,200,134.5,156.8,-0.3,0.0003,op+dep,부실·리파이낸싱,부실·리파이낸싱(neutral): 레버리지·유동성 부담 — 구조적/일시적 판단 보류,0.032,company_history,,,,,순부채/EBITDA 18.2x / 3년 순부채 +128억 vs EBITDA합 78억 / 매출 1원 성장에 순부채 0.80원 / 유동비율 51% / 현금/매출 3% / 현금 2년 연속 감소
78.2,94.5,22.7,동창알앤에스(주),00612966,,false,제조업,1차 금속,DISTRESS(구조조정형),553.9,-0.15,-57.8,-0.104,212.7,,3.669,0.9,20.1,28.8,3,,36,108,measured_cashbridge,2025,audit,2.2,22.8,,,-20.6,232.8,151.3,18.4,16.1,4.6,0.0082,op+dep,부실·리파이낸싱,부실·리파이낸싱(negative): 구조적 악화 (영업적자 3/3년),0.02,company_history,,UNLISTED_BLIND,,,EBITDA 적자 -58억 / 부채비율 367% (3년 147%p↑) / EBITDA마진 -1%→-10% / 3년 순부채 +29억 vs EBITDA합 -10억 / 유동비율 90% / 현금/매출 4% / 영업적자 3/3년
78.1,81.3,46.1,교학모터스(주),00942539,,false,도소매,자동차·부품 판매,REFI(롤오버형),2076.1,-0.027,48.9,0.024,363.9,7.4,4.587,0.676,28.5,381.2,2.1,,85,262,measured_cashbridge,2025,audit,193.9,247.1,,,-53.2,392.4,362.4,-23.6,207.8,-37.5,0.0181,op+dep,부실·리파이낸싱,부실·리파이낸싱(negative): 구조적 악화 (영업적자 0/3년),0.014,company_history,,UNLISTED_BLIND,,,순부채/EBITDA 7.4x / 부채비율 459% (3년 91%p↑) / 3년 순부채 +381억 vs EBITDA합 182억 / 유동비율 68% / 현금/매출 1% / 현금 2년 연속 감소
78.1,70.8,65,롯데지에스화학(주),01452130,,false,제조업,화학물질·화학제품,WC_BURN(운전자본형),4402.4,0.438,-185.3,-0.042,,,1.993,1.069,170.5,5544.2,6.955,1.809,1400,4365,measured_cashbridge,2025,audit,-758,721.6,,,-1482.4,,,,792.5,,,op+dep,부실·리파이낸싱,부실·리파이낸싱(neutral): 레버리지·유동성 부담 — 구조적/일시적 판단 보류 | 성장자금형(negative): 매출 CAGR 44% 인데 EBITDA마진 12.5%p 훼손 — 기존사업 하락을 외형성장으로 마스킹하는지 확인 필요,0.02,company_history,3,UNLISTED_BLIND,,,"EBITDA 적자 -185억 / EBITDA마진 8%→-4% / 3년 순부채 +5,544억 vs EBITDA합 797억 / 매출 1원 성장에 순부채 1.81원 / 유동비율 107% / 현금/매출 4% / 런웨이 3개월"
78,71.7,63.1,(주)풍농,00155489,,false,제조업,화학물질·화학제품,REFI(롤오버형),2995.4,-0.066,240.7,0.08,3191.5,13.3,3.341,0.483,275.6,587.5,2.782,9.491,303,1341,measured_cashbridge,2025,audit,-138.3,47,,,-185.3,3467,3337.3,197.9,54.4,5.1,0.0017,op+dep,부실·리파이낸싱,부실·리파이낸싱(negative): 구조적 악화 (영업적자 2/3년),0.02,company_history,24,UNLISTED_BLIND,,,순부채/EBITDA 13.3x / 부채비율 334% (3년 74%p↑) / 3년 순부채 +587억 vs EBITDA합 211억 / 매출 1원 성장에 순부채 9.49원 / 유동비율 48% / 영업적자 2/3년 / 런웨이 24개월
78,56.7,90.1,(주)풀무원푸드앤컬처,00231336,,false,숙박·음식,음식점·주점,GROWTH(성장자금형),9125.3,0.153,793.2,0.087,2952.3,3.7,14.592,0.551,273.1,593.8,0.632,0.251,0,0,measured_cashbridge,2025,audit,522.3,253.3,,,39.5,3225.4,166.9,102.1,399.9,224.5,0.0246,op+dep,부실·리파이낸싱,부실·리파이낸싱(negative): 구조적 악화 (영업적자 2/3년) | 성장자금형(positive): 매출 CAGR 15% + 마진 유지 · capex/매출 2.8%,0.01,company_history,,UNLISTED_BLIND,,,순부채/EBITDA 3.7x / 부채비율 1459% (3년 476%p↑) / 3년 순부채 +594억 vs EBITDA합 940억 / 유동비율 55% / 현금/매출 3% / 현금 2년 연속 감소 / 영업적자 2/3년
77.9,91.5,27,(주)두원정공,00119715,,false,제조업,자동차·트레일러,DISTRESS(구조조정형),422.6,-0.007,-29,-0.068,191.4,,3.48,0.771,5.1,39.8,17.949,,19,,netdebt_inferred,,,,,,,,,,,,,,,부실·리파이낸싱,부실·리파이낸싱(negative): 구조적 악화 (영업적자 1/3년),0.02,company_history,2,DISTRESS_EVENT,,,EBITDA 적자 -29억 / 부채비율 348% (3년 190%p↑) / EBITDA마진 4%→-7% / 3년 순부채 +40억 vs EBITDA합 2억 / 유동비율 77% / 현금/매출 1% / 런웨이 2개월
77.8,61.4,80.6,경진여객운수(주),00471235,,false,운수·물류,육상운송·파이프라인,WC_BURN(운전자본형),663.3,0.069,88.8,0.134,306.6,3.5,7.744,0.196,0.4,93.2,1.562,0.779,40,80,measured_cashbridge,2025,audit,8.4,0.3,,,8.1,307.1,238.9,84.5,92.9,0,0,op+dep,부실·리파이낸싱,부실·리파이낸싱(positive): 레버리지 부담은 크나 매출 회복 + 마진 반등 — 시황 저점 진입 가능성 | 성장자금형(positive): 매출 CAGR 7% + 마진 유지 · capex/매출 0.0%,0.015,company_history,,,,,순부채/EBITDA 3.5x / 부채비율 774% (3년 4828%p↑) / 3년 순부채 +93억 vs EBITDA합 60억 / 매출 1원 성장에 순부채 0.78원 / 유동비율 20% / 현금/매출 0%
77.8,76.4,53.6,우진철강(주),00449661,,false,제조업,금속가공제품,WC_BURN(운전자본형),888.9,0.088,18.4,0.021,211.1,11.5,2.528,0.54,1.4,186.8,5.462,0.869,42,88,measured_cashbridge,2025,audit,0.1,2.1,,,-2,212.5,212.5,2.6,2.8,0,0,op+dep,부실·리파이낸싱,부실·리파이낸싱(neutral): 레버리지·유동성 부담 — 구조적/일시적 판단 보류 | 성장자금형(positive): 매출 CAGR 9% + 마진 유지 · capex/매출 0.2%,0.02,company_history,,UNLISTED_BLIND,,,순부채/EBITDA 11.5x / 부채비율 253% (3년 76%p↑) / 3년 순부채 +187억 vs EBITDA합 34억 / 매출 1원 성장에 순부채 0.87원 / 유동비율 54% / 현금/매출 0% / 현금 2년 연속 감소
77.8,86.8,35,성림첨단산업(주),00454441,,false,제조업,전자부품·컴퓨터·통신장비,DISTRESS(구조조정형),1052.9,-0.133,-327.5,-0.311,149.9,,1.656,0.715,136.1,566.7,7.896,1.012,378,1363,measured_cashbridge,2025,audit,-238,254.6,,,-492.6,286,,225.5,266.4,-278.9,0.2649,op+dep,부실·리파이낸싱,부실·리파이낸싱(negative): 구조적 악화 (영업적자 3/3년),0.02,company_history,7,UNLISTED_BLIND,,,EBITDA 적자 -327억 / EBITDA마진 1%→-31% / 3년 순부채 +567억 vs EBITDA합 72억 / 매출 1원 성장에 순부채 1.01원 / 유동비율 71% / 현금 2년 연속 감소 / 영업적자 3/3년 / 런웨이 7개월
77.8,67.3,70,(주)자연에너지명품주유소,01547322,,false,도소매,소매(자동차 제외),TIGHT(유동성형),2071.5,0.212,23.3,0.011,300.9,12.9,3.757,0.871,22.6,121.8,1.728,0.138,63,194,measured_cashbridge,2025,audit,-2.6,56.1,,,-58.7,323.5,85.3,69.9,67.3,0,0,op+dep,부실·리파이낸싱,부실·리파이낸싱(neutral): 레버리지·유동성 부담 — 구조적/일시적 판단 보류 | 성장자금형(positive): 매출 CAGR 21% + 마진 유지 · capex/매출 2.7%,0.008,company_history,104,UNLISTED_BLIND,,,순부채/EBITDA 12.9x / 부채비율 376% (3년 87%p↑) / 3년 순부채 +122억 vs EBITDA합 70억 / 유동비율 87% / 현금/매출 1%
77.7,74,57.5,(주)코아오토모티브,01701425,,false,제조업,자동차·트레일러,DISTRESS(구조조정형),528.6,0.431,-53.1,-0.1,466.7,,1.173,0.407,71.8,296.5,3,0.708,108,426,measured_cashbridge,2025,audit,-22.7,102.9,,,-125.7,538.6,337.5,347.1,73.3,251.1,0.475,op+dep,부실·리파이낸싱,부실·리파이낸싱(negative): 구조적 악화 (영업적자 3/3년) | 성장자금형(negative): 매출 CAGR 43% 인데 EBITDA마진 7.3%p 훼손 — 기존사업 하락을 외형성장으로 마스킹하는지 확인 필요,0.026,company_history,38,,,,EBITDA 적자 -53억 / EBITDA마진 -3%→-10% / 3년 순부채 +297억 vs EBITDA합 -53억 / 매출 1원 성장에 순부채 0.71원 / 유동비율 41% / 영업적자 3/3년
77.7,61.9,79.4,용남고속(주),00336482,,false,운수·물류,육상운송·파이프라인,WC_BURN(운전자본형),1679.6,0.075,175.3,0.104,476.4,2.7,6.09,0.328,0.9,146.6,2.428,1.02,0,0,measured_cashbridge,2025,audit,75.7,0.9,,,74.8,477.3,327.1,64,180.4,-40.7,0.0243,op+dep,부실·리파이낸싱,부실·리파이낸싱(positive): 레버리지 부담은 크나 매출 회복 + 마진 반등 — 시황 저점 진입 가능성 | 성장자금형(positive): 매출 CAGR 8% + 마진 유지 · capex/매출 0.1%,0.015,company_history,,,,,부채비율 609% (3년 1159%p↑) / 3년 순부채 +147억 vs EBITDA합 60억 / 매출 1원 성장에 순부채 1.02원 / 유동비율 33% / 현금/매출 0%
77.7,80.7,45.6,엠큐네트웍스(주),00871976,,false,도소매,도매·상품중개,REFI(롤오버형),1241.3,-0.063,27.2,0.022,342.7,12.6,4.806,0.726,63.7,389,3.08,,0,0,measured_cashbridge,2025,audit,176.6,2.6,,,174,406.3,305.9,-147,31.5,-2,0.0016,op+dep,부실·리파이낸싱,부실·리파이낸싱(negative): 구조적 악화 (영업적자 0/3년),0.017,company_history,,UNLISTED_BLIND,,,순부채/EBITDA 12.6x / 부채비율 481% (3년 319%p↑) / EBITDA마진 4%→2% / 3년 순부채 +389억 vs EBITDA합 126억 / 유동비율 73%
77.7,84,39.6,디앤에이모터스(주),01282300,,false,제조업,기타 운송장비,REFI(롤오버형),808.6,-0.14,35.1,0.044,474,13.5,5.893,0.699,49.8,279.4,3,,25,122,measured_cashbridge,2025,audit,20.1,13.2,,,2.5,523.9,485.9,-15.8,-8.3,12.7,0.0157,op+dep,부실·리파이낸싱,부실·리파이낸싱(negative): 구조적 악화 (영업적자 2/3년),0.034,company_history,,UNLISTED_BLIND,,,순부채/EBITDA 13.5x / 부채비율 589% (3년 424%p↑) / 3년 순부채 +279억 vs EBITDA합 -48억 / 유동비율 70% / 현금 2년 연속 감소 / 영업적자 2/3년
77.7,67.7,68.9,(주)패키징얼라이언스그룹,01388242,,false,전문·과학·기술,전문서비스업,WC_BURN(운전자본형),720,0.233,29.7,0.041,463.3,15.6,2.297,1.94,371.3,476.5,12.777,1.417,0,,netdebt_inferred,,,,,,,,,,,,,,,부실·리파이낸싱,부실·리파이낸싱(neutral): 레버리지·유동성 부담 — 구조적/일시적 판단 보류 | 성장자금형(negative): 매출 CAGR 23% 인데 EBITDA마진 8.6%p 훼손 — 기존사업 하락을 외형성장으로 마스킹하는지 확인 필요,0.034,company_history,,UNLISTED_BLIND,,,순부채/EBITDA 15.6x / 부채비율 230% (3년 226%p↑) / EBITDA마진 13%→4% / 3년 순부채 +476억 vs EBITDA합 37억 / 매출 1원 성장에 순부채 1.42원
77.7,67.1,70,(주)바이포엠스튜디오,01504956,,false,도소매,소매(자동차 제외),DISTRESS(구조조정형),2124.2,0.371,-34.9,-0.016,46.8,,7.373,0.589,354.4,248.3,0.464,0.285,0,575,measured_cashbridge,2025,audit,-138,96.7,,,-283.9,401.2,238.8,338.4,858,-657.7,0.3096,op+dep,부실·리파이낸싱,부실·리파이낸싱(neutral): 레버리지·유동성 부담 — 구조적/일시적 판단 보류 | 성장자금형(negative): 매출 CAGR 37% 인데 EBITDA마진 16.9%p 훼손 — 기존사업 하락을 외형성장으로 마스킹하는지 확인 필요,0.008,company_history,31,,,,EBITDA 적자 -35억 / 부채비율 737% (3년 583%p↑) / EBITDA마진 15%→-2% / 3년 순부채 +248억 vs EBITDA합 535억 / 유동비율 59%
77.7,81.1,45,(주)아성통상,01827079,,false,도소매,도매·상품중개,DISTRESS(구조조정형),524.1,,-6.6,-0.012,153.5,,46.136,0.823,0.2,136.9,5.703,0.185,54,,netdebt_inferred,2025,audit,,,,,,153.7,80.1,16.7,,,,op+dep,부실·리파이낸싱,부실·리파이낸싱(neutral): 레버리지·유동성 부담 — 구조적/일시적 판단 보류,0.008,company_history,0,DISTRESS_EVENT,,,EBITDA 적자 -7억 / 부채비율 4614% (3년 4614%p↑) / EBITDA마진 3%→-1% / 3년 순부채 +137억 vs EBITDA합 24억 / 유동비율 82% / 현금/매출 0% / 런웨이 0개월
77.6,97.1,15.7,(주)푸르밀,00602923,,false,제조업,식료품 제조,DISTRESS(구조조정형),666,-0.296,-31,-0.046,598.6,,3.658,0.3,37.3,321.9,3,,95,320,measured_cashbridge,2025,audit,-63.4,7.8,,,-71.3,635.9,410.9,66.7,2.8,0.5,0.0008,op+dep,부실·리파이낸싱,부실·리파이낸싱(negative): 구조적 악화 (영업적자 3/3년),0.02,company_history,7,UNLISTED_BLIND,,,EBITDA 적자 -31억 / 부채비율 366% (3년 150%p↑) / EBITDA마진 -5%→-5% / 3년 순부채 +322억 vs EBITDA합 -338억 / 유동비율 30% / 현금 2년 연속 감소 / 영업적자 3/3년 / 런웨이 7개월
77.6,76.6,52.5,이브이시스(주),00656766,,false,제조업,전기장비,DISTRESS(구조조정형),905.9,0.228,-43.1,-0.048,495.8,,1.549,0.798,110,511.6,3,1.037,0,0,measured_cashbridge,2025,audit,177.7,108.9,,,68.7,605.9,348.7,-74.6,69.3,33.8,0.0373,op+dep,부실·리파이낸싱,부실·리파이낸싱(negative): 구조적 악화 (영업적자 3/3년) | 성장자금형(negative): 매출 CAGR 23% 인데 EBITDA마진 4.2%p 훼손 — 기존사업 하락을 외형성장으로 마스킹하는지 확인 필요,0.084,company_history,,UNLISTED_BLIND,,,EBITDA 적자 -43억 / EBITDA마진 -1%→-5% / 3년 순부채 +512억 vs EBITDA합 -8억 / 매출 1원 성장에 순부채 1.04원 / 유동비율 80% / 영업적자 3/3년
77.6,53.2,94.6,(주)대성정공,00918143,,false,제조업,자동차·트레일러,GROWTH(성장자금형),2241.7,0.418,228.7,0.102,803.2,3.5,4.004,0.565,175.5,79.5,3.403,0.647,170,743,measured_cashbridge,2025,audit,50.8,296.7,2,,-245.9,978.7,602.8,214.7,310.1,-44.6,0.0199,op+dep,부실·리파이낸싱,부실·리파이낸싱(negative): 구조적 악화 (영업적자 2/3년) | 성장자금형(positive): 매출 CAGR 42% + 마진 유지 · capex/매출 13.2%,0.02,company_history,,UNLISTED_BLIND,,,순부채/EBITDA 3.5x / 부채비율 400% / 3년 순부채 +79억 vs EBITDA합 23억 / 매출 1원 성장에 순부채 0.65원 / 유동비율 56% / 영업적자 2/3년
77.6,81.5,43.5,(주)지엠에프,01025626,,false,제조업,식료품 제조,REFI(롤오버형),542.8,-0.089,30.8,0.057,243,7.9,6.092,0.576,13.2,35.8,1.377,,32,84,measured_cashbridge,2025,audit,4.1,5.3,,,-1.2,256.1,242.3,-1.2,3.1,-0.2,0.0003,op+dep,부실·리파이낸싱,부실·리파이낸싱(negative): 구조적 악화 (영업적자 1/3년),0.021,company_history,,UNLISTED_BLIND,,,순부채/EBITDA 7.9x / 부채비율 609% (3년 156%p↑) / 3년 순부채 +36억 vs EBITDA합 26억 / 유동비율 58% / 현금/매출 2% / 현금 2년 연속 감소
77.6,65.1,73.4,(주)부지런한사람들행암점,01141678,,false,도소매,소매(자동차 제외),GROWTH(성장자금형),518.2,0.293,29.2,0.056,212.3,7.3,2.387,0.475,8.2,119.6,1.522,0.391,24,30,measured_cashbridge,2025,audit,36.7,51.6,,,-14.9,220.6,33.6,10.7,51.6,-4.2,0.0081,op+dep,부실·리파이낸싱,부실·리파이낸싱(neutral): 레버리지·유동성 부담 — 구조적/일시적 판단 보류 | 성장자금형(positive): 매출 CAGR 29% + 마진 유지 · capex/매출 10.0%,0.008,company_history,,UNLISTED_BLIND,,,순부채/EBITDA 7.3x / 부채비율 239% (3년 118%p↑) / 3년 순부채 +120억 vs EBITDA합 79억 / 유동비율 48% / 현금/매출 2%
77.6,65.4,72.7,튤립인터내셔널(주),00838582,,false,제조업,음료 제조,REFI(롤오버형),493.3,0.067,59.1,0.12,469.8,7.9,5.49,0.474,45.7,188.7,1.317,1.418,0,0,measured_cashbridge,2025,audit,49.5,25.7,,,23.9,515.5,235.8,-29.6,22.6,-2.6,0.0053,op+dep,부실·리파이낸싱,부실·리파이낸싱(positive): 레버리지 부담은 크나 매출 회복 + 마진 반등 — 시황 저점 진입 가능성 | 성장자금형(positive): 매출 CAGR 7% + 마진 유지 · capex/매출 5.2%,0.02,company_history,,UNLISTED_BLIND,,,순부채/EBITDA 7.9x / 부채비율 549% (3년 273%p↑) / 3년 순부채 +189억 vs EBITDA합 143억 / 매출 1원 성장에 순부채 1.42원 / 유동비율 47%
77.5,69.2,65.3,(주)레이노섹터1,01655001,,false,도소매,자동차·부품 판매,WC_BURN(운전자본형),437.5,0.139,26.1,0.06,129.2,5,5.534,0.855,20.2,159.9,2.491,8.361,0,0,measured_cashbridge,2025,audit,18.4,1.4,0,,17,149.4,138,-3.5,17.9,-3,0.0069,op+dep,부실·리파이낸싱,부실·리파이낸싱(neutral): 레버리지·유동성 부담 — 구조적/일시적 판단 보류 | 성장자금형(positive): 매출 CAGR 14% + 마진 유지 · capex/매출 0.3%,0.016,company_history,,UNLISTED_BLIND,,,순부채/EBITDA 5.0x / 부채비율 553% (3년 174%p↑) / 3년 순부채 +160억 vs EBITDA합 64억 / 매출 1원 성장에 순부채 8.36원 / 유동비율 85% / 현금/매출 5%
77.5,67.6,68.3,(주)제이앤엘테크,00812043,,false,제조업,의료·정밀·광학기기,REFI(롤오버형),636,0.053,55.1,0.087,426.1,7.7,1.977,0.566,44.3,309.3,1.455,12.689,59,224,measured_cashbridge,2025,audit,29.8,70.7,0,,-40.9,470.4,435.5,64.8,78.5,16.1,0.0253,op+dep,부실·리파이낸싱,부실·리파이낸싱(neutral): 레버리지·유동성 부담 — 구조적/일시적 판단 보류 | 성장자금형(negative): 매출 CAGR 5% 인데 EBITDA마진 5.1%p 훼손 — 기존사업 하락을 외형성장으로 마스킹하는지 확인 필요,0.025,company_history,,UNLISTED_BLIND,,,순부채/EBITDA 7.7x / EBITDA마진 14%→9% / 3년 순부채 +309억 vs EBITDA합 213억 / 매출 1원 성장에 순부채 12.69원 / 유동비율 57%
77.5,62.4,77.7,(주)핫시즈너,01075977,,false,도소매,도매·상품중개,TIGHT(유동성형),1446.9,0.207,66.2,0.046,742.5,11.2,3.559,0.095,13.8,183.7,1.551,0.362,112,307,measured_cashbridge,2025,audit,45.4,95.4,,,-50.1,756.4,756.4,46.6,69.9,22.1,0.0153,op+dep,부실·리파이낸싱,부실·리파이낸싱(positive): 레버리지 부담은 크나 매출 회복 + 마진 반등 — 시황 저점 진입 가능성 | 성장자금형(positive): 매출 CAGR 21% + 마진 유지 · capex/매출 6.6%,0.009,company_history,,UNLISTED_BLIND,,,순부채/EBITDA 11.2x / 부채비율 356% / 3년 순부채 +184억 vs EBITDA합 118억 / 유동비율 10% / 현금/매출 1%
77.5,75.5,53.9,(주)대명엔컴,01438158,,false,도소매,도매·상품중개,WC_BURN(운전자본형),447.6,0.106,17,0.038,253.6,14.9,2.234,0.853,19.5,195.7,3.104,1.19,2,4,measured_cashbridge,2025,audit,10.8,0.3,1,,10.5,273.1,148,-7.8,3.1,-0.1,0.0002,op+dep,부실·리파이낸싱,부실·리파이낸싱(neutral): 레버리지·유동성 부담 — 구조적/일시적 판단 보류 | 성장자금형(positive): 매출 CAGR 11% + 마진 유지 · capex/매출 0.1%,0.043,company_history,,UNLISTED_BLIND,,,순부채/EBITDA 14.9x / 부채비율 223% (3년 119%p↑) / 3년 순부채 +196억 vs EBITDA합 63억 / 매출 1원 성장에 순부채 1.19원 / 유동비율 85% / 현금/매출 4% / 현금 2년 연속 감소
77.5,74.2,56.3,(주)한울맘,01780024,,false,도소매,도매·상품중개,TIGHT(유동성형),686.7,0.108,9.4,0.014,166,17.7,5.845,0.531,3.2,103.5,2.464,0.159,84,212,measured_cashbridge,2025,audit,30,90.6,,,-60.5,169.2,99,62.4,92.5,0,0,op+dep,부실·리파이낸싱,부실·리파이낸싱(neutral): 레버리지·유동성 부담 — 구조적/일시적 판단 보류 | 성장자금형(positive): 매출 CAGR 11% + 마진 유지 · capex/매출 13.2%,0.008,company_history,,,,,순부채/EBITDA 17.7x / 부채비율 584% (3년 439%p↑) / 3년 순부채 +104억 vs EBITDA합 42억 / 유동비율 53% / 현금/매출 0%
77.5,69.5,64.7,(주)대성피앤티,01758034,,false,제조업,금속가공제품,TIGHT(유동성형),578.2,0.528,15.8,0.027,174.6,11.1,3.429,0.793,15.1,127.9,1.976,0.325,62,177,measured_cashbridge,2025,audit,-13.1,31.7,,,-44.8,189.7,126.3,46.7,33.6,0,0,op+dep,부실·리파이낸싱,부실·리파이낸싱(neutral): 레버리지·유동성 부담 — 구조적/일시적 판단 보류 | 성장자금형(negative): 매출 CAGR 53% 인데 EBITDA마진 5.4%p 훼손 — 기존사업 하락을 외형성장으로 마스킹하는지 확인 필요,0.02,company_history,14,UNLISTED_BLIND,,,순부채/EBITDA 11.1x / 부채비율 343% / EBITDA마진 8%→3% / 3년 순부채 +128억 vs EBITDA합 65억 / 유동비율 79% / 현금/매출 3% / 런웨이 14개월
77.4,79.8,45.9,(주)알머스,00299835,,false,제조업,전자부품·컴퓨터·통신장비,REFI(롤오버형),7430,-0.016,156.6,0.021,1326.1,8.5,2.927,0.583,93.5,303.7,0.559,1.848,119,254,measured_cashbridge,2025,audit,342.5,240.3,49.3,,102.3,1419.6,1138.4,211.6,254.8,299.3,0.0403,op+dep,부실·리파이낸싱,부실·리파이낸싱(negative): 구조적 악화 (영업적자 0/3년),0.02,company_history,,,,,순부채/EBITDA 8.5x / 부채비율 293% (3년 206%p↑) / EBITDA마진 27%→2% / 3년 순부채 +304억 vs EBITDA합 543억 / 매출 1원 성장에 순부채 1.85원 / 유동비율 58% / 현금/매출 1% / 현금 2년 연속 감소
77.4,91.5,25,유한회사프리마모터스,01436424,,false,도소매,자동차·부품 판매,DISTRESS(구조조정형),307.1,-0.098,-1.7,-0.005,130.1,,31.928,0.322,1.2,116.5,2.386,,29,50,measured_cashbridge,2025,audit,6.8,7,,,-0.3,131.3,118.3,-1.2,6.1,-0.5,0.0016,op+dep,부실·리파이낸싱,부실·리파이낸싱(negative): 구조적 악화 (영업적자 1/3년),0.008,company_history,,UNLISTED_BLIND,,,EBITDA 적자 -2억 / 부채비율 3193% (3년 2793%p↑) / EBITDA마진 3%→-1% / 3년 순부채 +117억 vs EBITDA합 49억 / 유동비율 32% / 현금/매출 0%
77.3,72.7,58.3,디에스코리아(주),01630400,,false,제조업,기타 기계·장비,REFI(롤오버형),1176.6,,46.2,0.039,458.8,9.9,3.885,0.948,6.1,150,2.869,0.231,200,564,measured_cashbridge,2025,audit,-32.9,124.9,,,-157.8,464.9,243.3,130.9,108,-10,0.0085,op+dep,부실·리파이낸싱,부실·리파이낸싱(neutral): 레버리지·유동성 부담 — 구조적/일시적 판단 보류,0.02,company_history,2,UNLISTED_BLIND,,,순부채/EBITDA 9.9x / 부채비율 389% (3년 389%p↑) / EBITDA마진 5%→4% / 3년 순부채 +150억 vs EBITDA합 52억 / 유동비율 95% / 현금/매출 1% / 런웨이 2개월
77.3,71.7,60,(주)이스턴네트웍스,00960225,,false,사업지원·임대,사업지원 서비스,REFI(롤오버형),468.4,-0.1,63.1,0.135,933,14.8,4.504,0.897,23.2,360.4,7.217,,152,461,measured_cashbridge,2025,audit,-55.4,20,,,-75.4,956.2,789.7,371.2,-93.8,409.6,0.8745,op+dep,부실·리파이낸싱,부실·리파이낸싱(negative): 구조적 악화 (영업적자 0/3년),0.045,company_history,5,UNLISTED_BLIND,,,순부채/EBITDA 14.8x / 부채비율 450% (3년 160%p↑) / 3년 순부채 +360억 vs EBITDA합 50억 / 유동비율 90% / 현금/매출 5% / 현금 2년 연속 감소 / 런웨이 5개월
77.3,70,63.2,성환유통(주),01029783,,false,도소매,소매(자동차 제외),WC_BURN(운전자본형),408.7,0.146,20.3,0.05,433.1,21.3,2.563,0.251,15.4,178.1,2.515,2.804,40,112,measured_cashbridge,2025,audit,1.3,1.4,,,-0.2,448.5,448.5,-6.1,-4.3,-0.6,0.0015,op+dep,부실·리파이낸싱,부실·리파이낸싱(neutral): 레버리지·유동성 부담 — 구조적/일시적 판단 보류 | 성장자금형(negative): 매출 CAGR 15% 인데 EBITDA마진 2.4%p 훼손 — 기존사업 하락을 외형성장으로 마스킹하는지 확인 필요,0.008,company_history,,UNLISTED_BLIND,,,순부채/EBITDA 21.3x / 부채비율 256% / EBITDA마진 7%→5% / 3년 순부채 +178억 vs EBITDA합 71억 / 매출 1원 성장에 순부채 2.80원 / 유동비율 25% / 현금/매출 4%
77.3,80.2,45,나투라페이퍼(주),01295766,,false,제조업,펄프·종이 제조,REFI(롤오버형),1096.3,-0.038,4.9,0.005,583.2,119,3.727,0.215,1.8,79.1,0.612,1.744,44,94,measured_cashbridge,2025,audit,62.4,24.4,,,36.1,585,583.4,-2.8,19,40.5,0.037,op+dep,부실·리파이낸싱,부실·리파이낸싱(negative): 구조적 악화 (영업적자 2/3년),0.02,company_history,,UNLISTED_BLIND,,,순부채/EBITDA 119.0x / 부채비율 373% (3년 199%p↑) / EBITDA마진 4%→0% / 3년 순부채 +79억 vs EBITDA합 129억 / 매출 1원 성장에 순부채 1.74원 / 유동비율 22% / 현금/매출 0% / 영업적자 2/3년
77.2,79.8,45,(주)에프엠케이,00683247,,false,도소매,자동차·부품 판매,DISTRESS(구조조정형),1995.3,-0.027,-63.4,-0.032,-55.4,,8.403,0.996,123.3,605,2.404,,0,0,measured_cashbridge,2025,audit,383.9,5,,,379,67.9,67.9,-421.2,122.9,-160.2,0.0803,op+dep,부실·리파이낸싱,부실·리파이낸싱(negative): 구조적 악화 (영업적자 3/3년) | 이벤트(neutral): 분할·카브아웃 · 지분 인수·매각 — 승계·증여·분쟁 여부는 주주 레벨 사건이라 재무로 안 보임. 대주주 연령·지분율 개별 확인 필요,0.008,company_history,,UNLISTED_BLIND,,,EBITDA 적자 -63억 / 부채비율 840% (3년 583%p↑) / EBITDA마진 4%→-3% / 3년 순부채 +605억 vs EBITDA합 252억 / 유동비율 100% / 영업적자 3/3년
77.2,84,37.5,(주)우리와인,00838096,,false,도소매,도매·상품중개,REFI(롤오버형),833.8,-0.022,7.7,0.009,105.9,13.8,4.358,0.94,1.1,135.1,2.97,2.73,0,0,measured_cashbridge,2025,audit,31.9,0,,,31.9,107,107,-29.2,2.7,0,0,op+dep,부실·리파이낸싱,부실·리파이낸싱(negative): 구조적 악화 (영업적자 0/3년),0.008,company_history,,UNLISTED_BLIND,,,순부채/EBITDA 13.8x / 부채비율 436% (3년 289%p↑) / 3년 순부채 +135억 vs EBITDA합 45억 / 매출 1원 성장에 순부채 2.73원 / 유동비율 94% / 현금/매출 0% / 현금 2년 연속 감소
77.2,91.1,25,(주)삼오텍,00911724,,false,제조업,고무·플라스틱제품,REFI(롤오버형),402.7,-0.115,4,0.01,151.5,37.9,8.617,0.351,7,44.6,3,,31,69,measured_cashbridge,2025,audit,2.5,9.2,,,-6.6,158.5,116.7,-1.2,5.2,-3.9,0.0096,op+dep,부실·리파이낸싱,부실·리파이낸싱(negative): 구조적 악화 (영업적자 3/3년),0.02,company_history,,DISTRESS_EVENT,,,순부채/EBITDA 37.9x / 부채비율 862% (3년 651%p↑) / 3년 순부채 +45억 vs EBITDA합 -4억 / 유동비율 35% / 현금/매출 2% / 현금 2년 연속 감소 / 영업적자 3/3년
77.2,79.9,45,엔에이치엔커머스(주),01281499,,false,정보통신,출판업,DISTRESS(구조조정형),445.2,0.684,-23.7,-0.053,208.6,,10.687,0.439,130.5,142.9,3,0.113,0,0,measured_cashbridge,2025,audit,36.6,2.7,,,19.2,,,,-83.7,,,op+dep,부실·리파이낸싱,부실·리파이낸싱(negative): 구조적 악화 (영업적자 2/3년) | 성장자금형(negative): 매출 CAGR 68% 인데 EBITDA마진 24.6%p 훼손 — 기존사업 하락을 외형성장으로 마스킹하는지 확인 필요,0.025,company_history,,UNLISTED_BLIND,,,EBITDA 적자 -24억 / 부채비율 1069% (3년 1009%p↑) / EBITDA마진 8%→-5% / 3년 순부채 +143억 vs EBITDA합 -431억 / 유동비율 44% / 영업적자 2/3년
77.1,76.3,50.9,(주)해맑은육가공농업회사법인,01635858,,false,제조업,식료품 제조,TIGHT(유동성형),394.2,0.108,10.6,0.027,97.3,9.1,6.975,0.573,7.2,41.3,1.508,0.396,16,,netdebt_inferred,,,,,,,,,,,,,,,부실·리파이낸싱,부실·리파이낸싱(positive): 레버리지 부담은 크나 매출 회복 + 마진 반등 — 시황 저점 진입 가능성 | 성장자금형(positive): 매출 CAGR 11% + 마진 유지,0.02,company_history,,UNLISTED_BLIND,,,순부채/EBITDA 9.1x / 부채비율 697% (3년 268%p↑) / 3년 순부채 +41억 vs EBITDA합 27억 / 유동비율 57% / 현금/매출 2% / 현금 2년 연속 감소
77.1,72.2,58.3,명성운수(주),00216373,,false,운수·물류,육상운송·파이프라인,DISTRESS(구조조정형),698.1,0.121,-12,-0.017,309.4,,1.513,0.327,29.7,125.5,1.374,0.602,180,560,measured_cashbridge,2025,audit,1.5,166.7,,,-165.1,339.1,207.9,59.3,133.1,-72.2,0.1034,op+dep,부실·리파이낸싱,부실·리파이낸싱(neutral): 레버리지·유동성 부담 — 구조적/일시적 판단 보류 | 성장자금형(negative): 매출 CAGR 12% 인데 EBITDA마진 7.4%p 훼손 — 기존사업 하락을 외형성장으로 마스킹하는지 확인 필요,0.028,company_history,,UNLISTED_BLIND,,,EBITDA 적자 -12억 / EBITDA마진 6%→-2% / 3년 순부채 +125억 vs EBITDA합 91억 / 매출 1원 성장에 순부채 0.60원 / 유동비율 33% / 현금/매출 4%
77.1,65.4,70.6,(주)영도우리마트,00411604,,false,도소매,소매(자동차 제외),REFI(롤오버형),1040.7,0.001,98.7,0.095,1455.6,14.7,4.529,0.125,12.2,232.4,0.822,50.312,85,,netdebt_inferred,,,,,,,,,,,,,,,부실·리파이낸싱,부실·리파이낸싱(neutral): 레버리지·유동성 부담 — 구조적/일시적 판단 보류,0.008,company_history,,DISTRESS_EVENT,,,순부채/EBITDA 14.7x / 부채비율 453% (3년 119%p↑) / 3년 순부채 +232억 vs EBITDA합 283억 / 매출 1원 성장에 순부채 50.31원 / 유동비율 13% / 현금/매출 1%
77.1,81.5,41.5,(주)뉴텍웰니스,01148732,,false,제조업,기타 제품 제조,REFI(롤오버형),363,0.035,11.4,0.031,322.5,28.3,2.952,0.534,15.1,214.6,2.267,4.001,11,21,measured_cashbridge,2025,audit,35.1,10.7,,,24.5,337.6,310,-26,14.7,-5.5,0.0152,op+dep,부실·리파이낸싱,부실·리파이낸싱(neutral): 레버리지·유동성 부담 — 구조적/일시적 판단 보류,0.02,company_history,,UNLISTED_BLIND,,,순부채/EBITDA 28.3x / 부채비율 295% (3년 156%p↑) / EBITDA마진 10%→3% / 3년 순부채 +215억 vs EBITDA합 95억 / 매출 1원 성장에 순부채 4.00원 / 유동비율 53% / 현금/매출 4%
77.1,66.5,68.5,(주)다이나핏코리아,01319701,,false,제조업,의복·모피 제조,REFI(롤오버형),1648.7,0.026,124.5,0.076,783.1,6.3,2.984,1.136,65.7,450.2,1.951,37.813,224,715,measured_cashbridge,2025,audit,-130.4,30.3,,,-160.8,848.8,848.8,169,38.6,0,0,op+dep,부실·리파이낸싱,부실·리파이낸싱(positive): 레버리지 부담은 크나 매출 회복 + 마진 반등 — 시황 저점 진입 가능성,0.027,company_history,6,UNLISTED_BLIND,,,순부채/EBITDA 6.3x / 부채비율 298% (3년 213%p↑) / 3년 순부채 +450억 vs EBITDA합 231억 / 매출 1원 성장에 순부채 37.81원 / 유동비율 114% / 현금/매출 4% / 런웨이 6개월
77,73.6,55.4,(주)아진피앤피,00139108,,false,제조업,펄프·종이 제조,REFI(롤오버형),2656.5,-0.034,145.5,0.055,1998.2,13.7,3.178,0.462,311.1,669,1.031,,230,1124,measured_cashbridge,2025,audit,150.4,387.5,0,,-293.1,2309.3,1476.9,101.6,446.9,-194.9,0.0734,op+dep,부실·리파이낸싱,부실·리파이낸싱(negative): 구조적 악화 (영업적자 2/3년),0.037,company_history,,UNLISTED_BLIND,,,순부채/EBITDA 13.7x / 부채비율 318% (3년 133%p↑) / EBITDA마진 8%→5% / 3년 순부채 +669억 vs EBITDA합 649억 / 유동비율 46% / 영업적자 2/3년
77,60.2,79.8,(주)이엘일렉트릭,01546129,,false,제조업,전기장비,GROWTH(성장자금형),1574.1,0.371,82.9,0.053,553.2,6.7,3.789,1.048,27.5,246.6,1.557,0.357,227,674,measured_cashbridge,2025,audit,-101.6,84.9,,,-186.5,580.7,367.1,208.6,148.4,-41.4,0.0263,op+dep,부실·리파이낸싱,부실·리파이낸싱(neutral): 레버리지·유동성 부담 — 구조적/일시적 판단 보류 | 성장자금형(positive): 매출 CAGR 37% + 마진 유지 · capex/매출 5.4%,0.02,company_history,3,UNLISTED_BLIND,,,순부채/EBITDA 6.7x / 부채비율 379% / 3년 순부채 +247억 vs EBITDA합 158억 / 유동비율 105% / 현금/매출 2% / 런웨이 3개월
76.9,79.3,45,한국후지쯔(주),00160667,,false,도소매,소매(자동차 제외),REFI(롤오버형),1372.8,-0.02,14,0.01,138.8,9.9,9.071,0.855,21.2,66.7,0.963,,0,0,measured_cashbridge,2025,audit,35.9,3.4,,,32.6,160,160,-28.7,7.3,0,0,op+dep,부실·리파이낸싱,부실·리파이낸싱(negative): 구조적 악화 (영업적자 0/3년),0.009,company_history,,UNLISTED_BLIND,,,순부채/EBITDA 9.9x / 부채비율 907% (3년 229%p↑) / 3년 순부채 +67억 vs EBITDA합 69억 / 유동비율 85% / 현금/매출 2% / 현금 2년 연속 감소
76.9,79.9,43.7,중도석유(주),00149558,,false,도소매,소매(자동차 제외),DISTRESS(구조조정형),1321.6,0.005,-7.6,-0.006,238.3,,2.21,0.248,3.5,44.8,4.469,0.987,56,136,measured_cashbridge,2025,audit,-26.5,0,,,-26.5,241.8,167.7,6.8,-19.4,-0.3,0.0002,op+dep,부실·리파이낸싱,부실·리파이낸싱(negative): 구조적 악화 (영업적자 3/3년),0.008,company_history,2,UNLISTED_BLIND,,,EBITDA 적자 -8억 / 부채비율 221% (3년 91%p↑) / 3년 순부채 +45억 vs EBITDA합 10억 / 매출 1원 성장에 순부채 0.99원 / 유동비율 25% / 현금/매출 0% / 영업적자 3/3년 / 런웨이 2개월
76.9,59.7,80.2,(주)알레르망,00653361,,false,제조업,섬유제품 제조,REFI(롤오버형),1236,0.016,339.7,0.275,3317.5,9.8,2.718,1.033,345.4,3314,4.22,61.944,0,0,measured_cashbridge,2025,audit,285.8,18.8,,,224.8,3662.9,964,-104.8,411.3,-230.3,0.1863,op+dep,부실·리파이낸싱,부실·리파이낸싱(neutral): 레버리지·유동성 부담 — 구조적/일시적 판단 보류,0.085,company_history,,UNLISTED_BLIND,,,"순부채/EBITDA 9.8x / 부채비율 272% (3년 213%p↑) / 3년 순부채 +3,314억 vs EBITDA합 785억 / 매출 1원 성장에 순부채 61.94원 / 유동비율 103% / 현금 2년 연속 감소"
76.9,52.9,92.5,지오시스유한회사,01433445,,false,정보통신,출판업,GROWTH(성장자금형),566.8,0.356,98.1,0.173,438.8,4.5,11.252,1.688,15.7,348.7,2.802,1.027,115,,netdebt_inferred,,,,,,,,,,,,,,,부실·리파이낸싱,부실·리파이낸싱(positive): 레버리지 부담은 크나 매출 회복 + 마진 반등 — 시황 저점 진입 가능성 | 성장자금형(positive): 매출 CAGR 36% + 마진 유지,0.025,company_history,,DISTRESS_EVENT,,,순부채/EBITDA 4.5x / 부채비율 1125% (3년 2059%p↑) / 3년 순부채 +349억 vs EBITDA합 124억 / 매출 1원 성장에 순부채 1.03원 / 현금/매출 3%
76.8,90.2,25,(주)아이에스엘티,00605142,,false,제조업,전기장비,DISTRESS(구조조정형),412.1,-0.077,-66.6,-0.162,212.5,,2.639,0.614,15.3,131.5,1.978,3.966,72,208,measured_cashbridge,2025,audit,-18.1,24.9,3.2,,-43.1,227.9,215.4,53.3,18.4,16.8,0.0407,op+dep,부실·리파이낸싱,부실·리파이낸싱(negative): 구조적 악화 (영업적자 2/3년),0.02,company_history,10,DISTRESS_EVENT,,,EBITDA 적자 -67억 / 부채비율 264% (3년 95%p↑) / EBITDA마진 4%→-16% / 3년 순부채 +132억 vs EBITDA합 66억 / 매출 1원 성장에 순부채 3.97원 / 유동비율 61% / 현금/매출 4% / 현금 2년 연속 감소 / 영업적자 2/3년 / 런웨이 10개월
76.8,87.3,30,(주)디에프디인터내셔날,00876883,,false,제조업,가죽·가방·신발 제조,REFI(롤오버형),383.8,-0.116,5,0.013,543.1,108.6,3.457,0.202,1.7,92.3,1.475,,112,300,measured_cashbridge,2025,audit,9.3,52.3,,,-43,544.7,499.7,-67.8,21.6,-80.1,0.2088,op+dep,부실·리파이낸싱,부실·리파이낸싱(negative): 구조적 악화 (영업적자 2/3년),0.02,company_history,,UNLISTED_BLIND,,,순부채/EBITDA 108.6x / 부채비율 346% (3년 139%p↑) / EBITDA마진 4%→1% / 3년 순부채 +92억 vs EBITDA합 63억 / 유동비율 20% / 현금/매출 0% / 영업적자 2/3년
76.8,67.9,65,씨앤에스유통(주),01328994,,false,도소매,소매(자동차 제외),TIGHT(유동성형),1635.8,0.213,15.8,0.01,53,3.4,25.567,0.512,1.9,42.9,1.968,0.052,0,0,measured_cashbridge,2025,audit,24.2,1,,,23.3,54.9,54.9,-22.3,2.2,-0.3,0.0002,op+dep,부실·리파이낸싱,부실·리파이낸싱(neutral): 레버리지·유동성 부담 — 구조적/일시적 판단 보류 | 성장자금형(negative): 매출 CAGR 21% 인데 EBITDA마진 2.2%p 훼손 — 기존사업 하락을 외형성장으로 마스킹하는지 확인 필요,0.008,company_history,,UNLISTED_BLIND,,,순부채/EBITDA 3.4x / 부채비율 2557% (3년 1718%p↑) / EBITDA마진 1%→1% / 3년 순부채 +43억 vs EBITDA합 22억 / 유동비율 51% / 현금/매출 0%
76.8,52.4,92.8,(주)해성푸드원,01448456,,false,제조업,식료품 제조,WC_BURN(운전자본형),1153.6,0.422,110.6,0.096,386.6,3.5,2.868,0.8,12.5,235,1.312,1.018,0,0,measured_cashbridge,2025,audit,86,23.1,,,62.9,399.1,169.4,-52.5,33.5,0,0,op+dep,부실·리파이낸싱,부실·리파이낸싱(neutral): 레버리지·유동성 부담 — 구조적/일시적 판단 보류 | 성장자금형(positive): 매출 CAGR 42% + 마진 유지 · capex/매출 2.0%,0.02,company_history,,UNLISTED_BLIND,,,순부채/EBITDA 3.5x / 부채비율 287% / 3년 순부채 +235억 vs EBITDA합 179억 / 매출 1원 성장에 순부채 1.02원 / 유동비율 80% / 현금/매출 1%
76.8,65.2,70,광성종합건설(주),01469291,,false,건설업,종합 건설,WC_BURN(운전자본형),1003.7,0.208,17.2,0.017,238,13.8,2.437,1.836,37.5,259,2.535,0.597,89,,netdebt_inferred,,,,,,,,,,,,,,,부실·리파이낸싱,부실·리파이낸싱(neutral): 레버리지·유동성 부담 — 구조적/일시적 판단 보류 | 성장자금형(negative): 매출 CAGR 21% 인데 EBITDA마진 3.1%p 훼손 — 기존사업 하락을 외형성장으로 마스킹하는지 확인 필요,0.025,company_history,,DISTRESS_EVENT,,,순부채/EBITDA 13.8x / 부채비율 244% (3년 183%p↑) / EBITDA마진 5%→2% / 3년 순부채 +259억 vs EBITDA합 102억 / 매출 1원 성장에 순부채 0.60원 / 현금/매출 4%
76.8,88.8,27.5,(주)에이치케이하이웨이,01561881,,false,숙박·음식,음식점·주점,DISTRESS(구조조정형),707.5,-0.122,-25.6,-0.036,120.9,,3.76,0.074,0.9,19.4,3,,77,194,measured_cashbridge,2025,audit,-43.5,0.2,,,-43.8,121.7,121.7,-43.9,0.1,0,0,op+dep,부실·리파이낸싱,부실·리파이낸싱(negative): 구조적 악화 (영업적자 3/3년),0.01,company_history,0,UNLISTED_BLIND,,,EBITDA 적자 -26억 / 부채비율 376% / EBITDA마진 -1%→-4% / 3년 순부채 +19억 vs EBITDA합 -15억 / 유동비율 7% / 현금/매출 0% / 현금 2년 연속 감소 / 영업적자 3/3년 / 런웨이 0개월
76.7,82.8,37.7,(주)종합건축사사무소동일건축,00563688,,false,전문·과학·기술,건축기술·엔지니어링,REFI(롤오버형),703.2,-0.034,26.3,0.037,169.9,6.5,5.338,0.767,10.2,115.7,3,1.772,43,108,measured_cashbridge,2025,audit,-14.1,0.6,,,-14.7,180.1,180.1,21.6,7.5,0,0,op+dep,부실·리파이낸싱,부실·리파이낸싱(negative): 구조적 악화 (영업적자 1/3년),0.025,company_history,9,UNLISTED_BLIND,,,순부채/EBITDA 6.5x / 부채비율 534% (3년 316%p↑) / 3년 순부채 +116억 vs EBITDA합 -49억 / 매출 1원 성장에 순부채 1.77원 / 유동비율 77% / 현금/매출 1% / 현금 2년 연속 감소 / 런웨이 9개월
76.7,54.1,89.5,오케이에프(주),00820927,,false,제조업,음료 제조,WC_BURN(운전자본형),1740.6,0.079,299.8,0.172,1361.1,4.5,6.593,0.501,223.8,289.7,1.257,0.848,99,480,measured_cashbridge,2025,audit,197.3,273.1,27.5,,-75.8,1584.8,1073.2,189.7,316.1,79,0.0454,op+dep,부실·리파이낸싱,부실·리파이낸싱(positive): 레버리지 부담은 크나 매출 회복 + 마진 반등 — 시황 저점 진입 가능성 | 성장자금형(positive): 매출 CAGR 8% + 마진 유지 · capex/매출 15.7%,0.069,company_history,,UNLISTED_BLIND,,,순부채/EBITDA 4.5x / 부채비율 659% (3년 569%p↑) / 3년 순부채 +290억 vs EBITDA합 231억 / 매출 1원 성장에 순부채 0.85원 / 유동비율 50%
76.7,62.9,73.5,(주)다이아몬드새우,00877721,,false,건설업,종합 건설,TIGHT(유동성형),1897.8,0.237,60.4,0.032,749.6,12.4,1.918,0.819,15.9,385.5,2.245,0.461,265,733,measured_cashbridge,2025,audit,-120.6,4.8,,,-125.3,765.5,722,126.8,-1.2,7.4,0.0039,op+dep,부실·리파이낸싱,부실·리파이낸싱(neutral): 레버리지·유동성 부담 — 구조적/일시적 판단 보류 | 성장자금형(positive): 매출 CAGR 24% + 마진 유지 · capex/매출 0.3%,0.025,company_history,2,UNLISTED_BLIND,,,순부채/EBITDA 12.4x / 3년 순부채 +385억 vs EBITDA합 172억 / 유동비율 82% / 현금/매출 1% / 런웨이 2개월
76.7,52.4,92.5,농업회사법인(주)영풍,01152975,,false,제조업,식료품 제조,WC_BURN(운전자본형),558.5,0.237,76.6,0.137,733.7,9.6,2.863,1.558,28.8,601.5,4.055,4.067,7,30,measured_cashbridge,2025,audit,23.4,31.6,,,-8.2,762.5,107.1,-37.7,-14.4,0.1,0.0002,op+dep,부실·리파이낸싱,부실·리파이낸싱(positive): 레버리지 부담은 크나 매출 회복 + 마진 반등 — 시황 저점 진입 가능성 | 성장자금형(positive): 매출 CAGR 24% + 마진 유지 · capex/매출 5.7%,0.02,company_history,,UNLISTED_BLIND,,,순부채/EBITDA 9.6x / 부채비율 286% / 3년 순부채 +602억 vs EBITDA합 148억 / 매출 1원 성장에 순부채 4.07원
76.7,81.9,39.4,(주)에이덴,01536247,,false,도소매,도매·상품중개,WC_BURN(운전자본형),346.9,0.075,7.4,0.021,350.4,47.4,3.648,0.479,8.1,251.8,13.765,3.208,38,89,measured_cashbridge,2025,audit,11.1,11.2,,,-0.1,358.5,329.3,6,17.2,-0.1,0.0003,op+dep,부실·리파이낸싱,부실·리파이낸싱(positive): 레버리지 부담은 크나 매출 회복 + 마진 반등 — 시황 저점 진입 가능성 | 성장자금형(positive): 매출 CAGR 8% + 마진 유지 · capex/매출 3.2%,0.023,company_history,,UNLISTED_BLIND,,,순부채/EBITDA 47.4x / 부채비율 365% (3년 149%p↑) / 3년 순부채 +252억 vs EBITDA합 18억 / 매출 1원 성장에 순부채 3.21원 / 유동비율 48% / 현금/매출 2%
76.7,72.6,56.1,(주)하이마블,01776517,,false,제조업,식료품 제조,TIGHT(유동성형),368.2,0.152,14.9,0.04,104.9,7,11.188,0.525,7.4,117.3,31.623,0.384,11,11,measured_cashbridge,2025,audit,11.9,0,,,11.9,112.3,112.3,-12.4,-0.5,0,0,op+dep,부실·리파이낸싱,부실·리파이낸싱(positive): 레버리지 부담은 크나 매출 회복 + 마진 반등 — 시황 저점 진입 가능성 | 성장자금형(positive): 매출 CAGR 15% + 마진 유지 · capex/매출 0.0%,0.02,company_history,,UNLISTED_BLIND,,,순부채/EBITDA 7.0x / 부채비율 1119% (3년 726%p↑) / 3년 순부채 +117억 vs EBITDA합 4억 / 유동비율 53% / 현금/매출 2%
76.6,86.9,30,애니스틸(주),01685561,,false,도소매,도매·상품중개,DISTRESS(구조조정형),388.9,-0.134,-12.9,-0.033,52.3,,22.709,0.972,4.4,34.1,1.657,,15,16,measured_cashbridge,2025,audit,3.6,0,,,3.6,56.7,41.1,-3.8,-0.2,0,0,op+dep,부실·리파이낸싱,부실·리파이낸싱(negative): 구조적 악화 (영업적자 1/3년),0.008,company_history,,UNLISTED_BLIND,,,EBITDA 적자 -13억 / 부채비율 2271% (3년 1949%p↑) / EBITDA마진 1%→-3% / 3년 순부채 +34억 vs EBITDA합 21억 / 유동비율 97% / 현금/매출 1%
76.6,61.9,75,(주)한국산업양행,00442233,,false,도소매,도매·상품중개,REFI(롤오버형),3345,-0.096,590.9,0.177,2757.9,4.7,4.845,0.528,404.9,294.9,1.413,,345,1660,measured_cashbridge,2025,audit,239.1,779.5,,,-540.4,3162.8,1119.4,221.2,499,-38.8,0.0116,op+dep,부실·리파이낸싱,부실·리파이낸싱(negative): 구조적 악화 (영업적자 0/3년),0.033,company_history,,UNLISTED_BLIND,,,순부채/EBITDA 4.7x / 부채비율 485% (3년 430%p↑) / EBITDA마진 12%→18% / 3년 순부채 +295억 vs EBITDA합 209억 / 유동비율 53%
76.6,57.7,82.4,(주)대한오토텍,01386767,,false,제조업,자동차·트레일러,GROWTH(성장자금형),476.7,0.177,53,0.111,308.6,5.8,2.195,0.582,15.3,228.1,1.95,1.191,27,58,measured_cashbridge,2025,audit,45.4,54.6,0.4,,-9.2,323.8,168.3,9.3,58.1,-3.4,0.0071,op+dep,부실·리파이낸싱,부실·리파이낸싱(neutral): 레버리지·유동성 부담 — 구조적/일시적 판단 보류 | 성장자금형(positive): 매출 CAGR 18% + 마진 유지 · capex/매출 11.5%,0.02,company_history,,UNLISTED_BLIND,,,순부채/EBITDA 5.8x / 부채비율 220% (3년 55%p↑) / 3년 순부채 +228억 vs EBITDA합 117억 / 매출 1원 성장에 순부채 1.19원 / 유동비율 58% / 현금/매출 3%
76.6,70.6,59.3,(주)신화오토텍,01530216,,false,제조업,의료·정밀·광학기기,REFI(롤오버형),2423.4,0.012,126,0.052,1068.2,8.5,2.642,0.505,27.9,695.5,1.653,0.661,142,385,measured_cashbridge,2025,audit,-19.1,34.2,,,-53.3,1096.2,680.4,84.3,88.4,-23.1,0.0095,op+dep,부실·리파이낸싱,부실·리파이낸싱(neutral): 레버리지·유동성 부담 — 구조적/일시적 판단 보류,0.02,company_history,18,UNLISTED_BLIND,,,순부채/EBITDA 8.5x / 부채비율 264% (3년 68%p↑) / 3년 순부채 +696억 vs EBITDA합 421억 / 매출 1원 성장에 순부채 0.66원 / 유동비율 51% / 현금/매출 1% / 현금 2년 연속 감소 / 런웨이 18개월
76.5,69.3,61.2,엘에스오토모티브테크놀로지스(주),01247778,,false,제조업,자동차·트레일러,WC_BURN(운전자본형),14702.9,0.116,624.1,0.042,6166.9,9.9,3.553,0.531,719.4,2247.2,0.604,0.544,433,1820,measured_cashbridge,2025,audit,841.5,865.1,0,,-222.6,6886.3,5986.7,499.7,992.3,348.9,0.0237,op+dep,부실·리파이낸싱,부실·리파이낸싱(neutral): 레버리지·유동성 부담 — 구조적/일시적 판단 보류 | 성장자금형(negative): 매출 CAGR 12% 인데 EBITDA마진 6.2%p 훼손 — 기존사업 하락을 외형성장으로 마스킹하는지 확인 필요,0.026,company_history,,UNLISTED_BLIND,,,"순부채/EBITDA 9.9x / 부채비율 355% (3년 174%p↑) / EBITDA마진 10%→4% / 3년 순부채 +2,247억 vs EBITDA합 3,720억 / 매출 1원 성장에 순부채 0.54원 / 유동비율 53% / 현금/매출 5%"
76.4,95.3,14,(주)재영텍,01633513,,false,제조업,화학물질·화학제품,DISTRESS(구조조정형),322.4,-0.196,-150,-0.465,329.3,,3.852,0.3,17.9,717.3,10.106,2.013,70,205,measured_cashbridge,2025,audit,-30.6,6.6,,,-37.8,347.2,299.8,12.7,,,,op+dep,부실·리파이낸싱,부실·리파이낸싱(negative): 구조적 악화 (영업적자 3/3년),0.02,company_history,7,UNLISTED_BLIND,,,EBITDA 적자 -150억 / 부채비율 385% (3년 292%p↑) / EBITDA마진 -2%→-47% / 3년 순부채 +717억 vs EBITDA합 71억 / 매출 1원 성장에 순부채 2.01원 / 유동비율 30% / 영업적자 3/3년 / 런웨이 7개월
76.4,83.7,35,(주)이공구오,01618073,,false,도소매,소매(자동차 제외),DISTRESS(구조조정형),590.2,,-18.9,-0.032,34.5,,4.918,1.283,2.3,34.5,3.424,0.058,13,,netdebt_inferred,,,,,,,,,,,,,,,부실·리파이낸싱,부실·리파이낸싱(negative): 구조적 악화 (영업적자 2/3년),0.008,company_history,1,DISTRESS_EVENT,,,EBITDA 적자 -19억 / 부채비율 492% (3년 492%p↑) / EBITDA마진 3%→-3% / 3년 순부채 +35억 vs EBITDA합 10억 / 현금/매출 0% / 현금 2년 연속 감소 / 영업적자 2/3년 / 런웨이 1개월
76.4,57.6,81.9,(주)보원산업,00626321,,false,제조업,자동차·트레일러,WC_BURN(운전자본형),595.2,0.078,83,0.139,499.9,6,3.276,0.203,15.9,245.5,0.997,2.03,84,236,measured_cashbridge,2025,audit,70.9,117.9,,,-47,515.8,359.5,70.5,144.4,-3,0.005,op+dep,부실·리파이낸싱,부실·리파이낸싱(neutral): 레버리지·유동성 부담 — 구조적/일시적 판단 보류 | 성장자금형(positive): 매출 CAGR 8% + 마진 유지 · capex/매출 19.8%,0.02,company_history,,UNLISTED_BLIND,,,순부채/EBITDA 6.0x / 부채비율 328% (3년 56%p↑) / 3년 순부채 +246억 vs EBITDA합 246억 / 매출 1원 성장에 순부채 2.03원 / 유동비율 20% / 현금/매출 3%
76.4,81.7,38.6,(주)에너솔라,00854207,,false,제조업,전기장비,DISTRESS(구조조정형),799.7,0.055,2.3,0.003,534.3,231.4,4.959,0.742,64.6,96.1,3,0.808,0,,netdebt_inferred,,,,,,,,,,,,,,,부실·리파이낸싱,부실·리파이낸싱(negative): 구조적 악화 (영업적자 3/3년) | 성장자금형(positive): 매출 CAGR 6% + 마진 유지,0.025,company_history,29,UNLISTED_BLIND,,,순부채/EBITDA 231.4x / 부채비율 496% (3년 340%p↑) / 3년 순부채 +96억 vs EBITDA합 -61억 / 매출 1원 성장에 순부채 0.81원 / 유동비율 74% / 영업적자 3/3년
76.4,74,52.4,농업회사법인(주)팜스월드,01146691,,false,농림어업,농업,DISTRESS(구조조정형),1881.3,0.083,51.3,0.027,1012,19.7,4.344,0.796,27,568.3,3,1.44,131,385,measured_cashbridge,2025,audit,38.9,66.1,,,-27.1,1039,1039,-476.1,57.8,5.1,0.0027,op+dep,부실·리파이낸싱,부실·리파이낸싱(positive): 레버리지 부담은 크나 매출 회복 + 마진 반등 — 시황 저점 진입 가능성 | 성장자금형(positive): 매출 CAGR 8% + 마진 유지 · capex/매출 3.5%,0.015,company_history,,,,,순부채/EBITDA 19.7x / 부채비율 434% / 3년 순부채 +568억 vs EBITDA합 -214억 / 매출 1원 성장에 순부채 1.44원 / 유동비율 80% / 현금/매출 1%
76.4,57.2,82.8,(주)세종기획,01305674,,false,제조업,인쇄·기록매체 복제,WC_BURN(운전자본형),565.3,0.103,62.4,0.111,834.2,13.4,2.452,0.591,2.8,143.6,0.737,1.45,269,762,measured_cashbridge,2025,audit,66,311.7,4,,-245.7,837,57.3,210.6,276.6,0,0,op+dep,부실·리파이낸싱,부실·리파이낸싱(neutral): 레버리지·유동성 부담 — 구조적/일시적 판단 보류 | 성장자금형(negative): 매출 CAGR 10% 인데 EBITDA마진 2.9%p 훼손 — 기존사업 하락을 외형성장으로 마스킹하는지 확인 필요,0.02,company_history,,UNLISTED_BLIND,,,순부채/EBITDA 13.4x / 부채비율 245% / EBITDA마진 14%→11% / 3년 순부채 +144억 vs EBITDA합 195억 / 매출 1원 성장에 순부채 1.45원 / 유동비율 59% / 현금/매출 0%
76.4,77.2,46.5,주식회시디오티디,01502392,,false,도소매,도매·상품중개,REFI(롤오버형),2618.8,-0.01,20.4,0.008,312.2,15.3,3.082,0.37,31.8,152.9,1.778,,97,316,measured_cashbridge,2025,audit,56.1,143.7,,,-87.6,344,265.9,73.9,137.7,-2.7,0.001,op+dep,부실·리파이낸싱,부실·리파이낸싱(negative): 구조적 악화 (영업적자 0/3년),0.008,company_history,,UNLISTED_BLIND,,,순부채/EBITDA 15.3x / 부채비율 308% (3년 147%p↑) / 3년 순부채 +153억 vs EBITDA합 86억 / 유동비율 37% / 현금/매출 1%
76.3,63.9,70,보성정보통신(주),00251969,,false,제조업,전자부품·컴퓨터·통신장비,TIGHT(유동성형),4984.9,0.152,58.5,0.012,506.9,8.7,2.653,0.391,9.5,177.9,1.091,0.041,155,282,measured_cashbridge,2025,audit,11.5,36,,,-24.5,516.4,414.1,35.5,35.7,11.3,0.0023,op+dep,부실·리파이낸싱,부실·리파이낸싱(neutral): 레버리지·유동성 부담 — 구조적/일시적 판단 보류 | 성장자금형(positive): 매출 CAGR 15% + 마진 유지 · capex/매출 0.7%,0.02,company_history,,UNLISTED_BLIND,,,순부채/EBITDA 8.7x / 부채비율 265% (3년 65%p↑) / 3년 순부채 +178억 vs EBITDA합 163억 / 유동비율 39% / 현금/매출 0%
76.3,67.4,64,중앙일보(주),00149813,,false,정보통신,출판업,REFI(롤오버형),2821.6,0.018,181.9,0.065,2170.4,11.9,2.637,0.721,97.2,1250,2.935,8.459,419,,netdebt_inferred,,,,,,,,,,,,,,,부실·리파이낸싱,부실·리파이낸싱(positive): 레버리지 부담은 크나 매출 회복 + 마진 반등 — 시황 저점 진입 가능성 | 이벤트(neutral): 지배구조·재편 공시 4건 — 승계·증여·분쟁 여부는 주주 레벨 사건이라 재무로 안 보임. 대주주 연령·지분율 개별 확인 필요,0.025,company_history,,DISTRESS_EVENT,2026-02-26,투자설명서,"순부채/EBITDA 11.9x / 부채비율 264% (3년 88%p↑) / 3년 순부채 +1,250억 vs EBITDA합 426억 / 매출 1원 성장에 순부채 8.46원 / 유동비율 72% / 현금/매출 3%"
76.3,91.7,20,(주)꼬끼오,00966627,,false,도소매,소매(자동차 제외),DISTRESS(구조조정형),336.8,-0.144,-12.1,-0.036,58.6,,7.978,0.635,7.3,18.4,3,,19,33,measured_cashbridge,2025,audit,-1,0.4,,,-1.5,66,66,-7.1,-25.7,17.6,0.0523,op+dep,부실·리파이낸싱,부실·리파이낸싱(negative): 구조적 악화 (영업적자 3/3년),0.008,company_history,88,UNLISTED_BLIND,,,EBITDA 적자 -12억 / 부채비율 798% (3년 640%p↑) / EBITDA마진 -0%→-4% / 3년 순부채 +18억 vs EBITDA합 -2억 / 유동비율 64% / 현금/매출 2% / 영업적자 3/3년
76.3,67.9,63.1,(주)현진캐스트,01030600,,false,제조업,1차 금속,REFI(롤오버형),631.9,0.04,47.8,0.076,395.3,8.3,2.569,0.356,3.3,152.2,0.906,1.331,49,109,measured_cashbridge,2025,audit,75.5,84.1,0,,-8.6,398.6,251,44.1,120.3,-0.7,0.0011,op+dep,부실·리파이낸싱,부실·리파이낸싱(neutral): 레버리지·유동성 부담 — 구조적/일시적 판단 보류,0.02,company_history,,UNLISTED_BLIND,,,순부채/EBITDA 8.3x / 부채비율 257% (3년 68%p↑) / 3년 순부채 +152억 vs EBITDA합 168억 / 매출 1원 성장에 순부채 1.33원 / 유동비율 36% / 현금/매출 1%
76.3,73.1,53.6,(주)디에이치글로벌,01139488,,false,제조업,전기장비,REFI(롤오버형),9700.1,-0.086,472.1,0.049,3241.9,6.9,3.699,1.002,615.8,634.8,2.086,,439,2173,measured_cashbridge,2025,audit,100.6,772.1,4,,-684.7,3857.7,1677.7,313.2,304.2,109.6,0.0113,op+dep,부실·리파이낸싱,부실·리파이낸싱(negative): 구조적 악화 (영업적자 0/3년),0.02,company_history,,,,,순부채/EBITDA 6.9x / 부채비율 370% (3년 207%p↑) / 3년 순부채 +635억 vs EBITDA합 304억 / 유동비율 100%
76.3,75.7,48.9,(주)삼미지엘에스,01741663,,false,운수·물류,육상운송·파이프라인,DISTRESS(구조조정형),655.3,0.058,-11.8,-0.018,54.9,,9.219,1.102,2.1,30.9,1.048,0.039,37,77,measured_cashbridge,2025,audit,-16.4,0.5,0.2,,-16.9,57,20.6,23.9,7.5,0,0,op+dep,부실·리파이낸싱,부실·리파이낸싱(neutral): 레버리지·유동성 부담 — 구조적/일시적 판단 보류 | 성장자금형(negative): 매출 CAGR 6% 인데 EBITDA마진 3.2%p 훼손 — 기존사업 하락을 외형성장으로 마스킹하는지 확인 필요,0.015,company_history,2,UNLISTED_BLIND,,,EBITDA 적자 -12억 / 부채비율 922% (3년 373%p↑) / EBITDA마진 1%→-2% / 3년 순부채 +31억 vs EBITDA합 30억 / 유동비율 110% / 현금/매출 0% / 현금 2년 연속 감소 / 런웨이 2개월
76.2,69,60.7,(주)에스더블유헬스케어,01634655,,false,도소매,도매·상품중개,REFI(롤오버형),747.1,,53.9,0.072,282.2,5.2,10.757,1.449,1.1,195.9,2.171,0.449,72,177,measured_cashbridge,2025,audit,-13.7,30.2,,,-43.9,283.3,109.5,-4.6,8.1,-0.5,0.0006,op+dep,부실·리파이낸싱,부실·리파이낸싱(neutral): 레버리지·유동성 부담 — 구조적/일시적 판단 보류,0.008,company_history,1,UNLISTED_BLIND,,,순부채/EBITDA 5.2x / 부채비율 1076% (3년 1076%p↑) / EBITDA마진 14%→7% / 3년 순부채 +196억 vs EBITDA합 90억 / 현금/매출 0% / 런웨이 1개월
76.2,72.2,55,지에스차지비(주),01424696,,false,전기·가스·환경,전기·가스·증기 공급,DISTRESS(구조조정형),1071.1,0.641,-48.7,-0.045,454.7,,1.381,0.688,104.7,503.7,3,0.915,98,263,measured_cashbridge,2025,audit,57.4,150.5,,,-100.6,559.4,59.6,24.7,84.8,-2.7,0.0026,op+dep,부실·리파이낸싱,부실·리파이낸싱(negative): 구조적 악화 (영업적자 3/3년) | 성장자금형(positive): 매출 CAGR 64% + 마진 유지 · capex/매출 14.1%,0.098,company_history,,UNLISTED_BLIND,,,EBITDA 적자 -49억 / 3년 순부채 +504억 vs EBITDA합 -172억 / 매출 1원 성장에 순부채 0.92원 / 유동비율 69% / 현금 2년 연속 감소 / 영업적자 3/3년
76.2,55.8,84.4,(주)금강고속,00105402,,false,운수·물류,육상운송·파이프라인,GROWTH(성장자금형),552.1,0.13,56.7,0.103,339.6,6,5.066,0.165,19.5,29.3,0.272,0.176,55,153,measured_cashbridge,2025,audit,45.9,56,10.2,,-10.1,359.1,306.4,21.1,62.7,4.3,0.0077,op+dep,부실·리파이낸싱,부실·리파이낸싱(positive): 레버리지 부담은 크나 매출 회복 + 마진 반등 — 시황 저점 진입 가능성 | 성장자금형(positive): 매출 CAGR 13% + 마진 유지 · capex/매출 10.1%,0.022,company_history,,UNLISTED_BLIND,,,순부채/EBITDA 6.0x / 부채비율 507% (3년 164%p↑) / 3년 순부채 +29억 vs EBITDA합 108억 / 유동비율 16% / 현금/매출 4% / 현금 2년 연속 감소
76.2,77.5,45.3,폴리미래(주),00372703,,false,제조업,화학물질·화학제품,REFI(롤오버형),7806.7,-0.078,164.9,0.021,1492.4,9.1,4.729,0.743,116.8,1024,1.21,,0,0,measured_cashbridge,2025,audit,255.6,75.1,,,180.5,1609.2,1239.7,-184.8,70.8,0,0,op+dep,부실·리파이낸싱,부실·리파이낸싱(negative): 구조적 악화 (영업적자 0/3년),0.02,company_history,,UNLISTED_BLIND,,,"순부채/EBITDA 9.1x / 부채비율 473% (3년 169%p↑) / 3년 순부채 +1,024억 vs EBITDA합 846억 / 유동비율 74% / 현금/매출 1%"
76.2,62.3,72.6,(주)대원버스,00815396,,false,운수·물류,육상운송·파이프라인,TIGHT(유동성형),1171.9,0.132,43.8,0.037,331.4,7.6,6.965,0.483,0.2,74.9,0.473,0.176,369,1065,measured_cashbridge,2025,audit,16.1,343.7,,,-327.6,331.7,191.6,133.2,149.3,0,0,op+dep,부실·리파이낸싱,부실·리파이낸싱(negative): 구조적 악화 (영업적자 2/3년) | 성장자금형(positive): 매출 CAGR 13% + 마진 유지 · capex/매출 29.3%,0.015,company_history,,,,,순부채/EBITDA 7.6x / 부채비율 697% / 3년 순부채 +75억 vs EBITDA합 158억 / 유동비율 48% / 현금/매출 0% / 영업적자 2/3년
76.2,69.3,60,아이피엑스(주),01149625,,false,도소매,소매(자동차 제외),WC_BURN(운전자본형),1590.8,0.155,-172.4,-0.108,57.6,,1.345,3.018,705.4,259.8,3,0.667,0,756,measured_cashbridge,2025,audit,-101.5,120.2,,,-457,763,,-274.2,-232.8,-142.9,0.0898,op+dep,부실·리파이낸싱,부실·리파이낸싱(negative): 구조적 악화 (영업적자 2/3년) | 성장자금형(negative): 매출 CAGR 16% 인데 EBITDA마진 27.0%p 훼손 — 기존사업 하락을 외형성장으로 마스킹하는지 확인 필요,0.057,company_history,83,,,,EBITDA 적자 -172억 / EBITDA마진 -3%→-11% / 3년 순부채 +260억 vs EBITDA합 -244억 / 매출 1원 성장에 순부채 0.67원 / 현금 2년 연속 감소 / 영업적자 2/3년
76.2,55.4,85,새서울철도(주),01208584,,false,운수·물류,육상운송·파이프라인,GROWTH(성장자금형),394.9,0.377,220.3,0.558,3349,15.2,74.56,0.921,244,403,0.943,1.044,0,0,measured_cashbridge,2025,audit,92.8,0,,,92.8,3593,118.8,-6.2,92.7,-6.1,0.0153,op+dep,부실·리파이낸싱,부실·리파이낸싱(positive): 레버리지 부담은 크나 매출 회복 + 마진 반등 — 시황 저점 진입 가능성 | 성장자금형(positive): 매출 CAGR 38% + 마진 유지 · capex/매출 0.0%,0.015,company_history,,UNLISTED_BLIND,,,순부채/EBITDA 15.2x / 부채비율 7456% (3년 6227%p↑) / 3년 순부채 +403억 vs EBITDA합 427억 / 매출 1원 성장에 순부채 1.04원 / 유동비율 92%
76.2,82.3,36.8,(주)사과마을,01551680,,false,도소매,소매(자동차 제외),REFI(롤오버형),317.8,0.06,2,0.006,144.4,72.2,14.869,0.282,7.3,25.8,1.041,0.685,13,13,measured_cashbridge,2025,audit,12.4,1,,,11.4,151.6,151.6,-9.9,3.3,-0.8,0.0026,op+dep,부실·리파이낸싱,부실·리파이낸싱(negative): 구조적 악화 (영업적자 2/3년) | 성장자금형(negative): 매출 CAGR 6% 인데 EBITDA마진 2.4%p 훼손 — 기존사업 하락을 외형성장으로 마스킹하는지 확인 필요,0.008,company_history,,UNLISTED_BLIND,,,순부채/EBITDA 72.2x / 부채비율 1487% (3년 984%p↑) / EBITDA마진 3%→1% / 3년 순부채 +26억 vs EBITDA합 25억 / 매출 1원 성장에 순부채 0.68원 / 유동비율 28% / 현금/매출 2% / 영업적자 2/3년
76.1,72.8,53.2,(주)이채팜,01682360,,false,도소매,도매·상품중개,TIGHT(유동성형),633.3,0.087,11.1,0.018,134.5,12.1,4.129,0.982,14.6,114.8,3.284,0.584,0,0,measured_cashbridge,2025,audit,13.8,1.9,,,11.9,149.1,61.4,-12.4,1.1,0.3,0.0005,op+dep,부실·리파이낸싱,부실·리파이낸싱(neutral): 레버리지·유동성 부담 — 구조적/일시적 판단 보류 | 성장자금형(positive): 매출 CAGR 9% + 마진 유지 · capex/매출 0.3%,0.009,company_history,,UNLISTED_BLIND,,,순부채/EBITDA 12.1x / 부채비율 413% (3년 175%p↑) / 3년 순부채 +115억 vs EBITDA합 35억 / 매출 1원 성장에 순부채 0.58원 / 유동비율 98% / 현금/매출 2%
76.1,51.1,92.6,(주)텍슨,00450278,,false,제조업,전자부품·컴퓨터·통신장비,GROWTH(성장자금형),4885.1,0.234,465.8,0.095,,,3.81,0.974,140.3,895.8,1.298,0.414,952,2940,measured_cashbridge,2025,audit,-160.7,833.2,,,-993.8,,,,,,,op+dep,부실·리파이낸싱,부실·리파이낸싱(positive): 레버리지 부담은 크나 매출 회복 + 마진 반등 — 시황 저점 진입 가능성 | 성장자금형(positive): 매출 CAGR 23% + 마진 유지 · capex/매출 17.1%,0.02,company_history,10,UNLISTED_BLIND,,,부채비율 381% (3년 59%p↑) / 3년 순부채 +896억 vs EBITDA합 690억 / 유동비율 97% / 현금/매출 3% / 런웨이 10개월
76.1,78.8,42.4,(주)나인미라클,01467646,,false,도소매,도매·상품중개,REFI(롤오버형),1070.6,-0.004,12.5,0.012,120.6,9.6,9.761,1.064,3,116.1,8.971,,18,20,measured_cashbridge,2025,audit,8.9,0.1,,,8.8,123.6,121.6,-14.7,-2.9,-2.9,0.0027,op+dep,부실·리파이낸싱,부실·리파이낸싱(negative): 구조적 악화 (영업적자 1/3년),0.008,company_history,,UNLISTED_BLIND,,,순부채/EBITDA 9.6x / 부채비율 976% (3년 850%p↑) / 3년 순부채 +116억 vs EBITDA합 13억 / 유동비율 106% / 현금/매출 0%
76,85.5,30,(주)다음스틸,01662603,,false,제조업,금속가공제품,REFI(롤오버형),302.5,-0.14,2.8,0.009,90.9,32.5,20.243,0.511,0.4,55.4,2.116,,29,49,measured_cashbridge,2025,audit,1.7,2.7,,,-1,91.3,87,-4.4,-2.4,-0.3,0.0011,op+dep,부실·리파이낸싱,부실·리파이낸싱(negative): 구조적 악화 (영업적자 1/3년),0.02,company_history,,UNLISTED_BLIND,,,순부채/EBITDA 32.5x / 부채비율 2024% (3년 1191%p↑) / 3년 순부채 +55억 vs EBITDA합 26억 / 유동비율 51% / 현금/매출 0%
76,81.4,37.5,삼성여객(주),00234768,,false,운수·물류,육상운송·파이프라인,DISTRESS(구조조정형),394.3,0.031,-7.4,-0.019,77.1,,5.765,0.264,25.9,29.9,0.671,0.621,23,81,measured_cashbridge,2025,audit,15,25.2,7,,-10.2,103,103,-5.7,-0.2,9.5,0.0241,op+dep,부실·리파이낸싱,부실·리파이낸싱(negative): 구조적 악화 (영업적자 3/3년),0.015,company_history,,UNLISTED_BLIND,,,EBITDA 적자 -7억 / 부채비율 576% (3년 387%p↑) / EBITDA마진 4%→-2% / 3년 순부채 +30억 vs EBITDA합 44억 / 매출 1원 성장에 순부채 0.62원 / 유동비율 26% / 영업적자 3/3년
76,80.3,39.5,서림철강(주),01544042,,false,제조업,금속가공제품,DISTRESS(구조조정형),899.5,-0.006,-3.9,-0.004,368.9,,7.058,1.21,33,288.4,6.185,1.325,59,202,measured_cashbridge,2025,audit,-52,13.6,0,,-65.6,401.8,61.4,44.4,-29,21.5,0.0239,op+dep,부실·리파이낸싱,부실·리파이낸싱(negative): 구조적 악화 (영업적자 1/3년),0.02,company_history,8,UNLISTED_BLIND,,,EBITDA 적자 -4억 / 부채비율 706% (3년 543%p↑) / EBITDA마진 2%→-0% / 3년 순부채 +288억 vs EBITDA합 47억 / 매출 1원 성장에 순부채 1.33원 / 현금/매출 4% / 런웨이 8개월
76,76.5,46.4,달성농수산물유통센타(주),01753455,,false,도소매,소매(자동차 제외),REFI(롤오버형),371.3,,24.7,0.066,415.8,16.8,8.637,0.115,0.7,499.1,11.432,1.431,53,121,measured_cashbridge,2025,audit,0.7,1.2,,,-0.6,416.5,416.5,0.6,1.2,0,0,op+dep,부실·리파이낸싱,부실·리파이낸싱(neutral): 레버리지·유동성 부담 — 구조적/일시적 판단 보류,0.008,company_history,,UNLISTED_BLIND,,,순부채/EBITDA 16.8x / 부채비율 864% / EBITDA마진 9%→7% / 3년 순부채 +499억 vs EBITDA합 44억 / 매출 1원 성장에 순부채 1.43원 / 유동비율 12% / 현금/매출 0% / 현금 2년 연속 감소
75.9,79.8,40,대성쎌틱에너시스(주),00110529,,false,제조업,금속가공제품,DISTRESS(구조조정형),1250.5,-0.054,-317.3,-0.254,-74.3,,52.702,0.966,74.3,145.2,1.451,,105,395,measured_cashbridge,2025,audit,-108.3,32,,,-145,0,,-114.4,-21.1,-159.4,0.1275,op+dep,부실·리파이낸싱,부실·리파이낸싱(negative): 구조적 악화 (영업적자 3/3년),0.027,company_history,8,UNLISTED_BLIND,,,EBITDA 적자 -317억 / 부채비율 5270% (3년 5081%p↑) / EBITDA마진 2%→-25% / 3년 순부채 +145억 vs EBITDA합 100억 / 유동비율 97% / 영업적자 3/3년 / 런웨이 8개월
75.9,46.4,100,(주)유한화학,00145145,,false,제조업,의료용물질·의약품,GROWTH(성장자금형),2897.4,0.247,439.2,0.152,2218.6,5.1,1.765,0.921,418.4,1430.9,2.509,1.932,0,0,measured_cashbridge,2025,audit,457.3,334.7,,,122.6,2637,2062.8,-20.2,330.2,106.9,0.0369,op+dep,부실·리파이낸싱,부실·리파이낸싱(positive): 레버리지 부담은 크나 매출 회복 + 마진 반등 — 시황 저점 진입 가능성 | 성장자금형(positive): 매출 CAGR 25% + 마진 유지 · capex/매출 11.6%,0.054,company_history,,UNLISTED_BLIND,,,"순부채/EBITDA 5.1x / 3년 순부채 +1,431억 vs EBITDA합 570억 / 매출 1원 성장에 순부채 1.93원 / 유동비율 92%"
75.9,58,79,(주)장형기업,00677723,,false,전기·가스·환경,폐기물 처리·자원재생,WC_BURN(운전자본형),611.2,0.139,49.1,0.08,510.9,10.4,1.503,0.412,47.6,171,0.54,0.915,0,0,measured_cashbridge,2025,audit,124.3,30.1,,,94.1,558.6,457.4,-69,9.8,45.5,0.0744,op+dep,부실·리파이낸싱,부실·리파이낸싱(neutral): 레버리지·유동성 부담 — 구조적/일시적 판단 보류 | 성장자금형(negative): 매출 CAGR 14% 인데 EBITDA마진 4.5%p 훼손 — 기존사업 하락을 외형성장으로 마스킹하는지 확인 필요,0.018,company_history,,UNLISTED_BLIND,,,순부채/EBITDA 10.4x / EBITDA마진 20%→8% / 3년 순부채 +171억 vs EBITDA합 317억 / 매출 1원 성장에 순부채 0.92원 / 유동비율 41% / 현금 2년 연속 감소
75.9,68.3,60.7,한아건설(주),01082250,,false,건설업,종합 건설,REFI(롤오버형),1320.3,-0.087,95.6,0.072,4737.6,49.6,5.431,1.629,245.4,3043.2,3.332,2.823,898,,netdebt_inferred,2025,audit,-1902.7,,,,,4982.9,3450.4,1159.5,-576.4,-166.8,0.1264,op+dep,부실·리파이낸싱,부실·리파이낸싱(negative): 구조적 악화 (영업적자 1/3년),0.025,company_history,2,UNLISTED_BLIND,,,"순부채/EBITDA 49.6x / 부채비율 543% / EBITDA마진 22%→7% / 3년 순부채 +3,043억 vs EBITDA합 913억 / 매출 1원 성장에 순부채 2.82원 / 런웨이 2개월"
75.9,79.9,39.8,(주)와식자재마트,01477096,,false,도소매,소매(자동차 제외),REFI(롤오버형),670.1,-0.037,18.6,0.028,359.2,19.3,4.295,0.777,11.3,120.7,1.135,,0,0,measured_cashbridge,2025,audit,36.3,1.3,0,,35.1,370.5,179.3,34.9,71.2,0,0,op+dep,부실·리파이낸싱,부실·리파이낸싱(negative): 구조적 악화 (영업적자 0/3년),0.015,company_history,,UNLISTED_BLIND,,,순부채/EBITDA 19.3x / 부채비율 429% (3년 94%p↑) / 3년 순부채 +121억 vs EBITDA합 106억 / 유동비율 78% / 현금/매출 2% / 현금 2년 연속 감소
75.8,65.5,65.3,(주)와이즈벨류,01477935,,false,도소매,도매·상품중개,REFI(롤오버형),398.9,0.07,37.4,0.094,689.9,18.4,29.904,0.145,31.8,359.6,2.968,2.029,27,103,measured_cashbridge,2025,audit,23.3,32.5,,,-9.3,721.6,385.6,32.8,81.1,-25,0.0627,op+dep,부실·리파이낸싱,부실·리파이낸싱(neutral): 레버리지·유동성 부담 — 구조적/일시적 판단 보류 | 성장자금형(positive): 매출 CAGR 7% + 마진 유지 · capex/매출 8.1%,0.047,company_history,,UNLISTED_BLIND,,,순부채/EBITDA 18.4x / 부채비율 2990% / 3년 순부채 +360억 vs EBITDA합 121억 / 매출 1원 성장에 순부채 2.03원 / 유동비율 14%
75.8,67.7,61.3,설성푸드(주),01468441,,false,도소매,도매·상품중개,REFI(롤오버형),606,0.036,43.5,0.072,357.8,8.2,2.518,0.557,18,308.2,6.709,1.045,34,97,measured_cashbridge,2025,audit,-8.6,1.6,,,-10.2,375.8,268.5,-9.4,7.6,-25.6,0.0422,op+dep,부실·리파이낸싱,부실·리파이낸싱(neutral): 레버리지·유동성 부담 — 구조적/일시적 판단 보류,0.008,company_history,25,UNLISTED_BLIND,,,순부채/EBITDA 8.2x / 부채비율 252% / 3년 순부채 +308억 vs EBITDA합 46억 / 매출 1원 성장에 순부채 1.05원 / 유동비율 56% / 현금/매출 3% / 현금 2년 연속 감소
75.7,59.9,74.8,수원여객운수(주),00135148,,false,운수·물류,육상운송·파이프라인,REFI(롤오버형),1090.1,0.025,106.2,0.097,485.2,4.6,3.395,0.435,138,546.4,1.874,6.17,6,253,measured_cashbridge,2025,audit,47.6,97.8,,,-50.2,623.3,622.7,79.9,-111.9,239.5,0.2197,op+dep,부실·리파이낸싱,부실·리파이낸싱(neutral): 레버리지·유동성 부담 — 구조적/일시적 판단 보류,0.015,company_history,,UNLISTED_BLIND,,,순부채/EBITDA 4.6x / 부채비율 339% (3년 121%p↑) / EBITDA마진 11%→10% / 3년 순부채 +546억 vs EBITDA합 292억 / 매출 1원 성장에 순부채 6.17원 / 유동비율 44%
75.7,57.1,79.9,(주)모아주택산업,00121358,,false,건설업,종합 건설,WC_BURN(운전자본형),4223,1.86,223.7,0.053,1834.1,8.2,1.224,1.517,265.7,508.3,3.689,0.644,555,1941,measured_cashbridge,2025,audit,-265.3,125.9,,,-391.2,2099.9,2012,718.5,497.8,-44.6,0.0106,op+dep,부실·리파이낸싱,부실·리파이낸싱(neutral): 레버리지·유동성 부담 — 구조적/일시적 판단 보류 | 성장자금형(negative): 매출 CAGR 186% 인데 EBITDA마진 4.4%p 훼손 — 기존사업 하락을 외형성장으로 마스킹하는지 확인 필요,0.03,company_history,12,UNLISTED_BLIND,,,순부채/EBITDA 8.2x / EBITDA마진 10%→5% / 3년 순부채 +508억 vs EBITDA합 138억 / 매출 1원 성장에 순부채 0.64원 / 런웨이 12개월
75.7,83.6,32.5,성창보드(주),00699530,,false,제조업,목재·나무제품 제조,DISTRESS(구조조정형),625.3,-0.111,-37.1,-0.059,220,,0.793,0.525,23.3,98.9,1.377,,73,225,measured_cashbridge,2025,audit,-32.8,21,,,-53.8,243.3,223,55.2,16.2,6.2,0.01,op+dep,부실·리파이낸싱,부실·리파이낸싱(negative): 구조적 악화 (영업적자 3/3년),0.02,company_history,9,UNLISTED_BLIND,,,EBITDA 적자 -37억 / EBITDA마진 3%→-6% / 3년 순부채 +99억 vs EBITDA합 72억 / 유동비율 52% / 현금/매출 4% / 현금 2년 연속 감소 / 영업적자 3/3년 / 런웨이 9개월
75.7,80.8,37.5,동화일렉트로라이트(주),00792174,,false,제조업,화학물질·화학제품,REFI(롤오버형),646.5,-0.091,5.2,0.008,119,22.9,2.46,0.386,178.2,533.2,1.739,,167,803,measured_cashbridge,2025,api,-33.9,255.9,,,-289.9,297.2,281,54,214.6,-194.5,0.3008,unavailable,부실·리파이낸싱,부실·리파이낸싱(negative): 구조적 악화 (영업적자 1/3년),0.042,company_history,63,UNLISTED_BLIND,,,순부채/EBITDA 22.9x / 부채비율 246% (3년 148%p↑) / EBITDA마진 10%→1% / 3년 순부채 +533억 vs EBITDA합 307억 / 유동비율 39%
75.7,67.4,61.5,농업회사법인(주)다솔,00858285,,false,농림어업,농업,REFI(롤오버형),6552.4,-0.025,490.8,0.075,3919.7,8,3.568,0.906,123.6,585.6,0.601,62.422,1023,3121,measured_cashbridge,2025,audit,-63,807.2,,,-870.3,4043.4,1785.9,1231.5,729.5,498.4,0.0761,op+dep,부실·리파이낸싱,부실·리파이낸싱(negative): 구조적 악화 (영업적자 0/3년),0.015,company_history,24,,,,순부채/EBITDA 8.0x / 부채비율 357% (3년 148%p↑) / EBITDA마진 12%→7% / 3년 순부채 +586억 vs EBITDA합 974억 / 매출 1원 성장에 순부채 62.42원 / 유동비율 91% / 현금/매출 2% / 런웨이 24개월
75.7,55,83.6,농업회사법인대영농원(주),01030318,,false,농림어업,농업,TIGHT(유동성형),938.8,0.089,128,0.136,478.1,3.7,3.131,0.602,26.7,238.3,1.997,,0,0,measured_cashbridge,2025,audit,118.9,62.1,,,56.8,504.9,347.1,-59.2,60.5,-0.7,0.0008,op+dep,부실·리파이낸싱,부실·리파이낸싱(negative): 구조적 악화 (영업적자 2/3년) | 성장자금형(positive): 매출 CAGR 9% + 마진 유지 · capex/매출 6.6%,0.015,company_history,,UNLISTED_BLIND,,,순부채/EBITDA 3.7x / 부채비율 313% (3년 151%p↑) / 3년 순부채 +238억 vs EBITDA합 119억 / 유동비율 60% / 현금/매출 3% / 영업적자 2/3년
75.7,62.6,70,이케이에너지(주),01466920,,false,도소매,소매(자동차 제외),TIGHT(유동성형),2654.4,0.229,25.4,0.01,314.9,12.4,2.356,0.369,21,131.5,1.514,0.132,71,214,measured_cashbridge,2025,audit,-6.7,44.4,,,-51.2,336,256.7,58.3,52.6,-1,0.0004,op+dep,부실·리파이낸싱,부실·리파이낸싱(neutral): 레버리지·유동성 부담 — 구조적/일시적 판단 보류 | 성장자금형(positive): 매출 CAGR 23% + 마진 유지 · capex/매출 1.7%,0.008,company_history,38,UNLISTED_BLIND,,,순부채/EBITDA 12.4x / 부채비율 236% / 3년 순부채 +132억 vs EBITDA합 87억 / 유동비율 37% / 현금/매출 1%
75.7,57.6,79,대한해운엘엔지(주),01490486,,false,운수·물류,수상 운송,REFI(롤오버형),3407,0.007,916,0.269,9440.9,10.3,1.754,0.724,245.6,5752,1.68,2.844,0,0,measured_cashbridge,2025,audit,1385.2,53.5,,,1331.7,9686.4,,-1385.2,3.4,-3.4,0.001,op+dep,부실·리파이낸싱,부실·리파이낸싱(neutral): 레버리지·유동성 부담 — 구조적/일시적 판단 보류,0.015,company_history,,UNLISTED_BLIND,2024-09-27,[기재정정]유상증자결정,"순부채/EBITDA 10.3x / EBITDA마진 31%→27% / 3년 순부채 +5,752억 vs EBITDA합 3,424억 / 매출 1원 성장에 순부채 2.84원 / 유동비율 72%"
75.7,75.1,47.5,바이에른오토(주),01830189,,false,도소매,자동차·부품 판매,DISTRESS(구조조정형),1047.3,,-16.1,-0.015,139,,3.128,0.847,22.1,84.6,3,0.084,120,363,measured_cashbridge,2025,audit,-98.1,15.9,,,-114.1,161.1,96.8,72.2,31.6,42.5,0.0406,op+dep,부실·리파이낸싱,부실·리파이낸싱(negative): 구조적 악화 (영업적자 2/3년),0.015,industry_band,3,UNLISTED_BLIND,,,EBITDA 적자 -16억 / 부채비율 313% (3년 313%p↑) / 3년 순부채 +85억 vs EBITDA합 -37억 / 유동비율 85% / 현금/매출 2% / 영업적자 2/3년 / 런웨이 3개월
75.7,70.5,55.7,SGC솔루션(주),01512973,,false,제조업,비금속 광물제품,REFI(롤오버형),3319.9,0.053,24.9,0.008,244.4,9.8,1.252,0.979,81.8,744.3,1.063,0.95,114,363,measured_cashbridge,2025,audit,106.1,208.5,,,-116.6,326.1,152.6,-48.6,148.3,-90.9,0.0274,op+dep,부실·리파이낸싱,부실·리파이낸싱(neutral): 레버리지·유동성 부담 — 구조적/일시적 판단 보류 | 성장자금형(negative): 매출 CAGR 5% 인데 EBITDA마진 7.0%p 훼손 — 기존사업 하락을 외형성장으로 마스킹하는지 확인 필요,0.02,company_history,,UNLISTED_BLIND,,,순부채/EBITDA 9.8x / EBITDA마진 8%→1% / 3년 순부채 +744억 vs EBITDA합 700억 / 매출 1원 성장에 순부채 0.95원 / 유동비율 98% / 현금/매출 2%
75.7,78.7,41,(주)두원에이앤씨,01501861,,false,사업지원·임대,사업시설관리·조경,DISTRESS(구조조정형),443.5,0.089,-4.4,-0.01,95.7,,3.223,0.709,5.7,49.8,8.722,0.278,93,250,measured_cashbridge,2025,audit,3.9,79.3,,,-75.4,101.4,33.9,53,56.8,0,0,op+dep,부실·리파이낸싱,부실·리파이낸싱(negative): 구조적 악화 (영업적자 2/3년) | 성장자금형(positive): 매출 CAGR 9% + 마진 유지 · capex/매출 17.9%,0.015,company_history,,UNLISTED_BLIND,,,EBITDA 적자 -4억 / 부채비율 322% (3년 208%p↑) / 3년 순부채 +50억 vs EBITDA합 6억 / 유동비율 71% / 현금/매출 1% / 영업적자 2/3년
75.6,48.6,95,(주)원건설산업,00575188,,false,건설업,종합 건설,WC_BURN(운전자본형),2680.9,8.138,378.8,0.141,1515.8,4,4.291,3.61,11.2,885,19.642,1.73,0,0,measured_cashbridge,2025,audit,679.2,129,,,550.2,1527,306.5,-368,311.2,0,0,op+dep,부실·리파이낸싱,부실·리파이낸싱(positive): 레버리지 부담은 크나 매출 회복 + 마진 반등 — 시황 저점 진입 가능성 | 성장자금형(positive): 매출 CAGR 814% + 마진 유지 · capex/매출 4.8%,0.025,company_history,,UNLISTED_BLIND,,,순부채/EBITDA 4.0x / 부채비율 429% / 3년 순부채 +885억 vs EBITDA합 45억 / 매출 1원 성장에 순부채 1.73원 / 현금/매출 0%
75.6,57.7,78.6,(주)에이테크오토모티브,00671279,,false,제조업,자동차·트레일러,REFI(롤오버형),1505.1,0.012,175.2,0.116,869.8,5,3.822,0.494,15.3,141.8,0.614,2.035,172,486,measured_cashbridge,2025,audit,74.9,159.1,,,-84.1,885.1,737.6,68.4,137,6.3,0.0042,op+dep,부실·리파이낸싱,부실·리파이낸싱(positive): 레버리지 부담은 크나 매출 회복 + 마진 반등 — 시황 저점 진입 가능성,0.02,company_history,,UNLISTED_BLIND,,,순부채/EBITDA 5.0x / 부채비율 382% (3년 63%p↑) / 3년 순부채 +142억 vs EBITDA합 231억 / 매출 1원 성장에 순부채 2.04원 / 유동비율 49% / 현금/매출 1% / 현금 2년 연속 감소
75.6,73.6,49.8,대영전기(주),00918170,,false,제조업,자동차·트레일러,REFI(롤오버형),961.5,-0.036,58.6,0.061,1413.2,24.1,4.607,0.283,10.2,1004.9,9.882,3.541,187,545,measured_cashbridge,2025,audit,44.8,146.2,,,-101.4,1423.4,754.6,94.7,139.6,-0.1,0.0001,op+dep,부실·리파이낸싱,부실·리파이낸싱(negative): 구조적 악화 (영업적자 2/3년),0.02,company_history,,UNLISTED_BLIND,,,"순부채/EBITDA 24.1x / 부채비율 461% / 3년 순부채 +1,005억 vs EBITDA합 102억 / 매출 1원 성장에 순부채 3.54원 / 유동비율 28% / 현금/매출 1% / 영업적자 2/3년"
75.6,66.6,62.5,(주)풍산디에이케이,01497887,,false,제조업,전기장비,DISTRESS(구조조정형),578.5,0.164,-4.4,-0.008,126,,4.956,0.904,1,35.7,0.339,0.091,23,28,measured_cashbridge,2025,audit,11.2,1.4,,,6.8,126.9,116.6,-7.2,4.2,-0.2,0.0003,op+dep,부실·리파이낸싱,부실·리파이낸싱(neutral): 레버리지·유동성 부담 — 구조적/일시적 판단 보류 | 성장자금형(negative): 매출 CAGR 16% 인데 EBITDA마진 7.4%p 훼손 — 기존사업 하락을 외형성장으로 마스킹하는지 확인 필요,0.02,company_history,,,,,EBITDA 적자 -4억 / 부채비율 496% / EBITDA마진 7%→-1% / 3년 순부채 +36억 vs EBITDA합 105억 / 유동비율 90% / 현금/매출 0%
75.6,69.3,57.5,(주)테크리치코리아,01313035,,false,도소매,도매·상품중개,REFI(롤오버형),1494,0.065,26.7,0.018,291.8,10.9,3.636,1.235,15,264.6,4.512,0.812,128,374,measured_cashbridge,2025,audit,-104.4,1.7,,,-106.1,306.8,212.9,77.3,2.9,-30,0.0201,op+dep,부실·리파이낸싱,부실·리파이낸싱(positive): 레버리지 부담은 크나 매출 회복 + 마진 반등 — 시황 저점 진입 가능성 | 성장자금형(positive): 매출 CAGR 7% + 마진 유지 · capex/매출 0.1%,0.01,company_history,2,UNLISTED_BLIND,,,순부채/EBITDA 10.9x / 부채비율 364% / 3년 순부채 +265억 vs EBITDA합 59억 / 매출 1원 성장에 순부채 0.81원 / 현금/매출 1% / 현금 2년 연속 감소 / 런웨이 2개월
75.6,72.2,52.5,(주)유피에프앤비농업회사법인,01821659,,false,제조업,식료품 제조,REFI(롤오버형),1650,,11.3,0.007,487.9,43.2,3.45,1.122,17.9,329.4,39.316,0.366,312,905,measured_cashbridge,2025,audit,-181.3,97.7,0,,-279,505.8,175,158.5,121.5,-14.3,0.0087,op+dep,부실·리파이낸싱,부실·리파이낸싱(negative): 구조적 악화 (영업적자 2/3년),0.02,company_history,1,UNLISTED_BLIND,,,순부채/EBITDA 43.2x / 부채비율 345% (3년 345%p↑) / 3년 순부채 +329억 vs EBITDA합 8억 / 유동비율 112% / 현금/매출 1% / 영업적자 2/3년 / 런웨이 1개월
75.5,73.2,50.2,(주)제농에스앤티농업회사법인,00247586,,false,농림어업,농업,REFI(롤오버형),419.2,0.015,29.4,0.07,234.1,8,3.436,0.829,5.3,52.5,1.217,5.083,85,227,measured_cashbridge,2025,audit,-41.3,6.3,,,-47.7,239.3,231.2,-69.3,-44.2,-66.5,0.1585,op+dep,부실·리파이낸싱,부실·리파이낸싱(negative): 구조적 악화 (영업적자 2/3년),0.015,company_history,2,DISTRESS_EVENT,,,순부채/EBITDA 8.0x / 부채비율 344% (3년 118%p↑) / 3년 순부채 +52억 vs EBITDA합 43억 / 매출 1원 성장에 순부채 5.08원 / 유동비율 83% / 현금/매출 1% / 영업적자 2/3년 / 런웨이 2개월
75.5,76.1,45,(주)삼광윈테크,00820741,,false,제조업,전자부품·컴퓨터·통신장비,DISTRESS(구조조정형),1228.4,-0.049,-9.4,-0.008,645.8,,4.06,0.806,89,76,1.325,,32,226,measured_cashbridge,2025,audit,-32,36.3,,,-68.3,734.8,286.3,-83.8,-89.2,-26.6,0.0217,op+dep,부실·리파이낸싱,부실·리파이낸싱(negative): 구조적 악화 (영업적자 0/3년),0.02,company_history,33,UNLISTED_BLIND,,,EBITDA 적자 -9억 / 부채비율 406% (3년 279%p↑) / 3년 순부채 +76억 vs EBITDA합 57억 / 유동비율 81%
75.5,65.3,64.5,파코스(주),00818144,,false,제조업,기타 운송장비,WC_BURN(운전자본형),594.1,0.14,18.7,0.032,185,9.9,1.815,1.03,35.5,163.6,2.372,0.706,20,92,measured_cashbridge,2025,audit,-8.6,7.8,4.8,,-16.4,220.5,147.3,20.3,13.4,-1.7,0.0029,op+dep,부실·리파이낸싱,부실·리파이낸싱(neutral): 레버리지·유동성 부담 — 구조적/일시적 판단 보류 | 성장자금형(positive): 매출 CAGR 14% + 마진 유지 · capex/매출 1.3%,0.02,company_history,50,UNLISTED_BLIND,,,순부채/EBITDA 9.9x / 3년 순부채 +164억 vs EBITDA합 69억 / 매출 1원 성장에 순부채 0.71원 / 유동비율 103% / 현금 2년 연속 감소
75.5,87.3,25,(주)명세,00965822,,false,제조업,식료품 제조,DISTRESS(구조조정형),411.4,-0.138,-62.3,-0.151,304.7,,3.113,0.617,0.4,73.8,3,,42,,netdebt_inferred,,,,,,,,,,,,,,,부실·리파이낸싱,부실·리파이낸싱(negative): 구조적 악화 (영업적자 1/3년),0.02,company_history,0,DISTRESS_EVENT,,,EBITDA 적자 -62억 / 부채비율 311% (3년 80%p↑) / EBITDA마진 3%→-15% / 3년 순부채 +74억 vs EBITDA합 -16억 / 유동비율 62% / 현금/매출 0% / 런웨이 0개월
75.4,64.3,65.8,아이팜코리아(주),00115579,,false,도소매,도매·상품중개,TIGHT(유동성형),2171.3,0.122,28.9,0.013,326.3,11.3,3.466,0.814,30.6,116.1,1.492,0.22,25,96,measured_cashbridge,2025,audit,-7,0,,,-7,356.9,356.9,10.3,3.2,0,0,op+dep,부실·리파이낸싱,부실·리파이낸싱(neutral): 레버리지·유동성 부담 — 구조적/일시적 판단 보류 | 성장자금형(positive): 매출 CAGR 12% + 마진 유지 · capex/매출 0.0%,0.008,company_history,52,UNLISTED_BLIND,,,순부채/EBITDA 11.3x / 부채비율 347% / 3년 순부채 +116억 vs EBITDA합 78억 / 유동비율 81% / 현금/매출 1%
75.4,45.3,100,(주)일레븐건설,00253338,,false,건설업,종합 건설,GROWTH(성장자금형),4076.6,0.214,1653.9,0.406,16752.3,10.1,2.047,4.416,624.4,1246.5,1.163,4.597,1435,4988,measured_cashbridge,2025,audit,-1067.2,2.2,,,-1069.4,17376.7,4712.7,1010.8,-64.9,8.4,0.0021,op+dep,부실·리파이낸싱,부실·리파이낸싱(neutral): 레버리지·유동성 부담 — 구조적/일시적 판단 보류 | 성장자금형(positive): 매출 CAGR 21% + 마진 유지 · capex/매출 0.1%,0.069,company_history,7,,,,"순부채/EBITDA 10.1x / 부채비율 205% (3년 160%p↑) / 3년 순부채 +1,247억 vs EBITDA합 1,071억 / 매출 1원 성장에 순부채 4.60원 / 런웨이 7개월"
75.4,70.8,54.3,(주)JH머티리얼즈,00939094,,false,제조업,전자부품·컴퓨터·통신장비,TIGHT(유동성형),569.6,0.094,11.6,0.02,155.9,13.4,7.316,0.682,0.4,53.3,0.803,0.278,29,45,measured_cashbridge,2025,audit,9.9,3.2,,,5.8,156.3,152.7,-6.6,4,-0.7,0.0013,op+dep,부실·리파이낸싱,부실·리파이낸싱(negative): 구조적 악화 (영업적자 2/3년) | 성장자금형(negative): 매출 CAGR 9% 인데 EBITDA마진 2.4%p 훼손 — 기존사업 하락을 외형성장으로 마스킹하는지 확인 필요,0.02,company_history,,UNLISTED_BLIND,,,순부채/EBITDA 13.4x / 부채비율 732% (3년 112%p↑) / EBITDA마진 4%→2% / 3년 순부채 +53억 vs EBITDA합 66억 / 유동비율 68% / 현금/매출 0% / 영업적자 2/3년
75.4,57,79,(주)제이케이중공업,01073003,,false,제조업,1차 금속,GROWTH(성장자금형),313.8,0.174,31.4,0.1,250.5,8,1.758,0.274,24.6,134.2,1.957,0.995,19,60,measured_cashbridge,2025,audit,20.6,29.2,,,-8.6,275.1,166.4,16.1,34.4,2.3,0.0075,op+dep,부실·리파이낸싱,부실·리파이낸싱(neutral): 레버리지·유동성 부담 — 구조적/일시적 판단 보류 | 성장자금형(positive): 매출 CAGR 17% + 마진 유지 · capex/매출 9.3%,0.02,company_history,,UNLISTED_BLIND,,,순부채/EBITDA 8.0x / 3년 순부채 +134억 vs EBITDA합 69억 / 매출 1원 성장에 순부채 0.99원 / 유동비율 27%
75.4,61.6,70.9,(주)올포랜드,01451195,,false,정보통신,출판업,WC_BURN(운전자본형),715.5,0.101,51.5,0.072,338.3,6.6,2.391,1.273,87.7,252.1,2.04,1.181,44,242,measured_cashbridge,2025,audit,11.5,112.2,,,-100.7,426,0,94.5,105.9,0.1,0.0001,op+dep,부실·리파이낸싱,부실·리파이낸싱(neutral): 레버리지·유동성 부담 — 구조적/일시적 판단 보류 | 성장자금형(positive): 매출 CAGR 10% + 마진 유지 · capex/매출 15.7%,0.044,company_history,,UNLISTED_BLIND,,,순부채/EBITDA 6.6x / 부채비율 239% (3년 129%p↑) / 3년 순부채 +252억 vs EBITDA합 124억 / 매출 1원 성장에 순부채 1.18원 / 현금 2년 연속 감소
75.3,71.6,52.5,디딤365(주)(Didim365Inc.),01634017,,false,정보통신,컴퓨터 프로그래밍·SI,DISTRESS(구조조정형),537.5,0.212,4.9,0.009,202,41.2,2.66,0.396,36.7,185.4,8.851,0.65,10,60,measured_cashbridge,2025,audit,8.9,12.1,,,-3.7,238.8,237.5,-19.1,-10.9,0.7,0.0014,op+dep,부실·리파이낸싱,부실·리파이낸싱(negative): 구조적 악화 (영업적자 2/3년) | 성장자금형(positive): 매출 CAGR 21% + 마진 유지 · capex/매출 2.3%,0.026,company_history,,UNLISTED_BLIND,,,순부채/EBITDA 41.2x / 부채비율 266% / 3년 순부채 +185억 vs EBITDA합 21억 / 매출 1원 성장에 순부채 0.65원 / 유동비율 40% / 영업적자 2/3년
75.3,59.6,74.1,(주)선진엔지니어링종합건축사사무소,00189556,,false,전문·과학·기술,건축기술·엔지니어링,WC_BURN(운전자본형),1457.6,0.161,49.2,0.034,469.8,9.5,1.409,0.999,135.7,513.5,3.558,0.909,0,75,measured_cashbridge,2025,audit,4.8,17.5,1.5,,-12.8,605.5,448,60,65.8,-1,0.0007,op+dep,부실·리파이낸싱,부실·리파이낸싱(neutral): 레버리지·유동성 부담 — 구조적/일시적 판단 보류 | 성장자금형(positive): 매출 CAGR 16% + 마진 유지 · capex/매출 1.2%,0.025,company_history,,UNLISTED_BLIND,,,순부채/EBITDA 9.5x / 3년 순부채 +513억 vs EBITDA합 144억 / 매출 1원 성장에 순부채 0.91원 / 유동비율 100%
75.3,74.3,47.4,(주)제주로지스틱스,01375895,,false,운수·물류,창고·운송관련 서비스,WC_BURN(운전자본형),395.9,0.085,10.5,0.027,169.8,16.2,2.692,1.095,3.1,112.8,3.632,1.235,34,68,measured_cashbridge,2025,audit,11.4,8.6,,,2.8,173,173,5.1,18.6,-2,0.0052,op+dep,부실·리파이낸싱,부실·리파이낸싱(neutral): 레버리지·유동성 부담 — 구조적/일시적 판단 보류 | 성장자금형(positive): 매출 CAGR 9% + 마진 유지 · capex/매출 2.2%,0.015,company_history,,UNLISTED_BLIND,,,순부채/EBITDA 16.2x / 부채비율 269% (3년 108%p↑) / 3년 순부채 +113억 vs EBITDA합 31억 / 매출 1원 성장에 순부채 1.24원 / 유동비율 110% / 현금/매출 1% / 현금 2년 연속 감소
75.2,71.3,52.3,우석종합건설(주),00613831,,false,건설업,종합 건설,WC_BURN(운전자본형),466.1,0.132,2,0.004,133.8,66.9,2.511,1.235,31,64.3,2.738,0.982,30,113,measured_cashbridge,2025,audit,-19.7,0.1,,,-19.8,164.7,144.1,31.2,11.9,-0.4,0.001,op+dep,부실·리파이낸싱,부실·리파이낸싱(neutral): 레버리지·유동성 부담 — 구조적/일시적 판단 보류 | 성장자금형(positive): 매출 CAGR 13% + 마진 유지 · capex/매출 0.0%,0.031,company_history,19,,,,순부채/EBITDA 66.9x / 부채비율 251% (3년 116%p↑) / 3년 순부채 +64억 vs EBITDA합 23억 / 매출 1원 성장에 순부채 0.98원 / 런웨이 19개월
75.2,59,74.5,(주)천일오토모빌,00805539,,false,도소매,자동차·부품 판매,TIGHT(유동성형),1907.6,0.258,66.8,0.035,397.1,5.9,25.364,0.9,0.1,79,0.319,0.083,48,,netdebt_inferred,,,,,,,,,,,,,,,부실·리파이낸싱,부실·리파이낸싱(neutral): 레버리지·유동성 부담 — 구조적/일시적 판단 보류 | 성장자금형(positive): 매출 CAGR 26% + 마진 유지 | 이벤트(neutral): 지분 인수·매각 — 승계·증여·분쟁 여부는 주주 레벨 사건이라 재무로 안 보임. 대주주 연령·지분율 개별 확인 필요,0.008,company_history,,UNLISTED_BLIND,,,순부채/EBITDA 5.9x / 부채비율 2536% (3년 2989%p↑) / 3년 순부채 +79억 vs EBITDA합 247억 / 유동비율 90% / 현금/매출 0% / 현금 2년 연속 감소
75.2,80.7,35.4,(주)템스코,01745359,,false,제조업,1차 금속,DISTRESS(구조조정형),342.6,0.017,-45.1,-0.132,235,,11.334,0.426,34.8,186.3,2.589,0.467,30,119,measured_cashbridge,2025,audit,14.2,43.3,,,-29.1,269.8,155.8,48.7,46,16.8,0.0491,op+dep,부실·리파이낸싱,부실·리파이낸싱(neutral): 레버리지·유동성 부담 — 구조적/일시적 판단 보류,0.034,company_history,,UNLISTED_BLIND,,,EBITDA 적자 -45억 / 부채비율 1133% (3년 910%p↑) / EBITDA마진 7%→-13% / 3년 순부채 +186억 vs EBITDA합 72억 / 유동비율 43%
75.1,89,20,(주)비즈바이오,00966496,,false,도소매,도매·상품중개,DISTRESS(구조조정형),474.6,-0.081,-6.6,-0.014,330,,22.322,0.349,17.8,191.2,14.606,,24,68,measured_cashbridge,2025,audit,2.6,1,,,1.6,347.8,292.9,40.6,0.2,43,0.0906,op+dep,부실·리파이낸싱,부실·리파이낸싱(negative): 구조적 악화 (영업적자 3/3년),0.008,company_history,,UNLISTED_BLIND,,,EBITDA 적자 -7억 / 부채비율 2232% (3년 1974%p↑) / EBITDA마진 1%→-1% / 3년 순부채 +191억 vs EBITDA합 13억 / 유동비율 35% / 현금/매출 4% / 영업적자 3/3년
75.1,68.4,57.4,(주)플리츠미,01837216,,false,제조업,의복·모피 제조,REFI(롤오버형),353.8,,30.5,0.086,237.9,7.8,2.478,1.355,3.6,205.9,3.233,0.672,50,117,measured_cashbridge,2025,audit,4.7,31.6,,,-26.9,241.5,68.8,32,37,-0.3,0.0008,op+dep,부실·리파이낸싱,부실·리파이낸싱(neutral): 레버리지·유동성 부담 — 구조적/일시적 판단 보류,0.02,company_history,,UNLISTED_BLIND,,,순부채/EBITDA 7.8x / 부채비율 248% (3년 248%p↑) / EBITDA마진 12%→9% / 3년 순부채 +206억 vs EBITDA합 64억 / 매출 1원 성장에 순부채 0.67원 / 현금/매출 1% / 현금 2년 연속 감소
75,66.3,60.7,(주)인정에프앤비,01650468,,false,제조업,식료품 제조,WC_BURN(운전자본형),786.2,0.08,37.8,0.048,235.2,6.2,3.561,1.105,4.7,76.5,1.264,0.676,67,169,measured_cashbridge,2025,audit,-36.8,0.2,,,-37.1,239.9,142.5,57.6,20.8,0,0,op+dep,부실·리파이낸싱,부실·리파이낸싱(positive): 레버리지 부담은 크나 매출 회복 + 마진 반등 — 시황 저점 진입 가능성 | 성장자금형(positive): 매출 CAGR 8% + 마진 유지 · capex/매출 0.0%,0.02,company_history,2,,,,순부채/EBITDA 6.2x / 부채비율 356% (3년 158%p↑) / 3년 순부채 +77억 vs EBITDA합 61억 / 매출 1원 성장에 순부채 0.68원 / 유동비율 110% / 현금/매출 1% / 런웨이 2개월
75,51.8,86.6,유한회사테일러메이드골프볼코리아,00808882,,false,제조업,기타 제품 제조,GROWTH(성장자금형),714.2,0.167,71.7,0.1,354.4,4.9,2.305,2.439,34.6,343,2.992,1.252,0,0,measured_cashbridge,2025,audit,100.4,89.8,,,10.6,389,10,-8.8,91.7,0,0,op+dep,부실·리파이낸싱,부실·리파이낸싱(positive): 레버리지 부담은 크나 매출 회복 + 마진 반등 — 시황 저점 진입 가능성 | 성장자금형(positive): 매출 CAGR 17% + 마진 유지 · capex/매출 12.6%,0.02,company_history,,UNLISTED_BLIND,,,순부채/EBITDA 4.9x / 부채비율 230% (3년 157%p↑) / 3년 순부채 +343억 vs EBITDA합 115억 / 매출 1원 성장에 순부채 1.25원 / 현금/매출 5%
75,98,3.7,(주)제스파,01382512,,false,도소매,소매(자동차 제외),DISTRESS(구조조정형),303,-0.234,-25.7,-0.085,232.6,,56.368,0.324,2.6,45.2,3,,19,24,measured_cashbridge,2025,audit,18.6,0.3,,,18.3,235.2,235.2,-21.5,-4.8,2,0.0064,op+dep,부실·리파이낸싱,부실·리파이낸싱(negative): 구조적 악화 (영업적자 3/3년),0.008,company_history,,DISTRESS_EVENT,,,EBITDA 적자 -26억 / 부채비율 5637% (3년 5429%p↑) / EBITDA마진 -4%→-8% / 3년 순부채 +45억 vs EBITDA합 -60억 / 유동비율 32% / 현금/매출 1% / 현금 2년 연속 감소 / 영업적자 3/3년
75,61.2,70,(주)성원금속,01747038,,false,전기·가스·환경,폐기물 처리·자원재생,TIGHT(유동성형),1253.2,0.362,21.2,0.017,113.2,5.3,3.178,0.791,5.8,109.8,2.337,0.131,12,12,measured_cashbridge,2025,audit,4.9,1.2,,,3.7,119,19.7,3.4,14.4,-6.1,0.0049,op+dep,부실·리파이낸싱,부실·리파이낸싱(neutral): 레버리지·유동성 부담 — 구조적/일시적 판단 보류 | 성장자금형(positive): 매출 CAGR 36% + 마진 유지 · capex/매출 0.1%,0.015,company_history,,,,,순부채/EBITDA 5.3x / 부채비율 318% / 3년 순부채 +110억 vs EBITDA합 47억 / 유동비율 79% / 현금/매출 0%
75,73.6,47.5,(주)에이투지엔터테인먼트,01530331,,false,정보통신,영상·오디오 제작·배급,DISTRESS(구조조정형),618.5,0.266,-10.9,-0.018,8.8,,3.571,0.438,82.4,58.9,3,0.197,92,331,measured_cashbridge,2025,audit,-97.8,13.8,,,-111.6,91.1,79,60.5,-24.7,-12.6,0.0204,op+dep,부실·리파이낸싱,부실·리파이낸싱(negative): 구조적 악화 (영업적자 3/3년) | 성장자금형(positive): 매출 CAGR 27% + 마진 유지 · capex/매출 2.2%,0.088,company_history,10,UNLISTED_BLIND,,,EBITDA 적자 -11억 / 부채비율 357% (3년 249%p↑) / 3년 순부채 +59억 vs EBITDA합 -71억 / 유동비율 44% / 영업적자 3/3년 / 런웨이 10개월
74.9,44.3,100,(주)호원오토,00496012,,false,제조업,자동차·트레일러,GROWTH(성장자금형),1135.2,0.154,166.1,0.146,782.3,4.7,3.185,0.346,106.8,323.8,0.888,0.549,0,67,measured_cashbridge,2025,audit,246.4,276.5,,,-30.2,889.1,601.4,-21.7,277.7,-53,0.0467,op+dep,부실·리파이낸싱,부실·리파이낸싱(positive): 레버리지 부담은 크나 매출 회복 + 마진 반등 — 시황 저점 진입 가능성 | 성장자금형(positive): 매출 CAGR 15% + 마진 유지 · capex/매출 24.4%,0.02,company_history,,UNLISTED_BLIND,,,순부채/EBITDA 4.7x / 부채비율 318% (3년 129%p↑) / 3년 순부채 +324억 vs EBITDA합 365억 / 매출 1원 성장에 순부채 0.55원 / 유동비율 35%
74.9,68.2,56.9,(주)엘케이마끼다총판,00911751,,false,도소매,도매·상품중개,REFI(롤오버형),511.2,-0.149,43.3,0.085,536.6,12.4,0.876,0.825,27.4,642.6,2.051,,85,279,measured_cashbridge,2025,audit,67.2,80.1,40,,-12.9,564,449,61.3,127.7,0.8,0.0015,op+dep,부실·리파이낸싱,부실·리파이낸싱(negative): 구조적 악화 (영업적자 0/3년) | 리캡(negative): 배당 40억 (매출의 7.8% · OCF의 60%) + 순부채 +61억 — 차입 배당 구조,0.008,company_history,,,,,순부채/EBITDA 12.4x / EBITDA마진 14%→8% / 3년 순부채 +643억 vs EBITDA합 313억 / 유동비율 83%
74.9,66.3,60.4,대상웰라이프(주),01307733,,false,제조업,식료품 제조,REFI(롤오버형),3242.4,0.056,109.2,0.034,1344.5,12.3,3.628,1.633,151.1,845.9,2.001,0.831,0,0,measured_cashbridge,2025,audit,236.3,102.1,,,113.6,1495.6,194.9,24.3,126.8,133.7,0.0412,op+dep,부실·리파이낸싱,부실·리파이낸싱(neutral): 레버리지·유동성 부담 — 구조적/일시적 판단 보류 | 성장자금형(positive): 매출 CAGR 6% + 마진 유지 · capex/매출 3.1%,0.026,company_history,,UNLISTED_BLIND,,,순부채/EBITDA 12.3x / 부채비율 363% (3년 64%p↑) / 3년 순부채 +846억 vs EBITDA합 423억 / 매출 1원 성장에 순부채 0.83원 / 현금/매출 5%
74.9,51.2,87.6,(주)정산테크,01376441,,false,제조업,금속가공제품,GROWTH(성장자금형),691.2,0.244,71.6,0.104,360.6,5,2.076,0.677,22.4,285.9,1.795,0.73,42,130,measured_cashbridge,2025,audit,0,29,,,-28.9,382.9,151.1,19.3,28,-8.7,0.0125,op+dep,부실·리파이낸싱,부실·리파이낸싱(neutral): 레버리지·유동성 부담 — 구조적/일시적 판단 보류 | 성장자금형(positive): 매출 CAGR 24% + 마진 유지 · capex/매출 4.2%,0.02,company_history,,UNLISTED_BLIND,,,순부채/EBITDA 5.0x / 부채비율 208% / 3년 순부채 +286억 vs EBITDA합 159억 / 매출 1원 성장에 순부채 0.73원 / 유동비율 68% / 현금/매출 3%
74.9,48.3,92.5,(주)유에이치씨,01752827,,false,숙박·음식,숙박업,WC_BURN(운전자본형),763.8,0.771,103.1,0.135,273.1,2.6,8.427,0.374,5.9,214.6,2.482,0.595,43,66,measured_cashbridge,2025,audit,62.3,81.9,,,-19.6,279,154.1,52.6,124.8,-9.9,0.013,op+dep,부실·리파이낸싱,부실·리파이낸싱(positive): 레버리지 부담은 크나 매출 회복 + 마진 반등 — 시황 저점 진입 가능성 | 성장자금형(positive): 매출 CAGR 77% + 마진 유지 · capex/매출 10.7%,0.01,company_history,,UNLISTED_BLIND,,,부채비율 843% / 3년 순부채 +215억 vs EBITDA합 86억 / 매출 1원 성장에 순부채 0.59원 / 유동비율 37% / 현금/매출 1%
74.8,88.9,19.2,(주)한샘이펙스,00106924,,false,제조업,목재·나무제품 제조,DISTRESS(구조조정형),791,-0.223,-40,-0.051,303.7,,2.042,0.743,14.1,220.4,3,,203,599,measured_cashbridge,2025,audit,-71.5,102.5,7.3,,-174,317.8,162.8,205.7,105.4,28.7,0.0363,op+dep,부실·리파이낸싱,부실·리파이낸싱(negative): 구조적 악화 (영업적자 2/3년),0.02,company_history,2,UNLISTED_BLIND,,,EBITDA 적자 -40억 / 부채비율 204% (3년 89%p↑) / EBITDA마진 2%→-5% / 3년 순부채 +220억 vs EBITDA합 -31억 / 유동비율 74% / 현금/매출 2% / 현금 2년 연속 감소 / 영업적자 2/3년 / 런웨이 2개월
74.8,72.2,49.4,(주)경희,00175678,,false,제조업,고무·플라스틱제품,REFI(롤오버형),510.5,0.041,15.2,0.03,211.7,13.9,1.652,0.76,23.3,145.8,4.823,2.895,14,49,measured_cashbridge,2025,audit,5.6,9.5,,,-3.9,235,137,5.9,11.5,0,0.0001,op+dep,부실·리파이낸싱,부실·리파이낸싱(positive): 레버리지 부담은 크나 매출 회복 + 마진 반등 — 시황 저점 진입 가능성,0.02,company_history,,UNLISTED_BLIND,,,순부채/EBITDA 13.9x / 3년 순부채 +146억 vs EBITDA합 30억 / 매출 1원 성장에 순부채 2.90원 / 유동비율 76% / 현금/매출 5% / 현금 2년 연속 감소
74.8,80,35,제이에너지(주),01457092,,false,도소매,소매(자동차 제외),DISTRESS(구조조정형),1004.9,-0.028,2.6,0.003,17.9,6.9,4.015,0.728,3.1,14.4,3,,11,11,measured_cashbridge,2025,audit,8.5,0.4,,,8.1,21,21,-8.6,-0.1,0,0,op+dep,부실·리파이낸싱,부실·리파이낸싱(negative): 구조적 악화 (영업적자 1/3년),0.008,company_history,,UNLISTED_BLIND,,,순부채/EBITDA 6.9x / 부채비율 401% (3년 100%p↑) / 3년 순부채 +14억 vs EBITDA합 -2억 / 유동비율 73% / 현금/매출 0%
74.8,75.9,42.7,우리하나에너지(주),01457223,,false,도소매,소매(자동차 제외),DISTRESS(구조조정형),543,0.05,-4,-0.007,30.1,,3.272,0.674,3.6,19.4,3.807,0.184,12,12,measured_cashbridge,2025,audit,7.2,0,,,7.2,33.7,33.7,-6.7,0.5,0,0,op+dep,부실·리파이낸싱,부실·리파이낸싱(neutral): 레버리지·유동성 부담 — 구조적/일시적 판단 보류,0.008,company_history,,UNLISTED_BLIND,,,EBITDA 적자 -4억 / 부채비율 327% (3년 139%p↑) / 3년 순부채 +19억 vs EBITDA합 5억 / 유동비율 67% / 현금/매출 1% / 현금 2년 연속 감소
74.8,70.4,52.5,(주)에스엔모바일,01750971,,false,도소매,소매(자동차 제외),DISTRESS(구조조정형),736.1,0.257,-10.4,-0.014,35.1,,3.79,0.965,3.7,32.2,3,0.049,17,19,measured_cashbridge,2025,audit,1.9,0.1,,,1.9,38.8,38.8,-0.3,1.5,0.2,0.0003,op+dep,부실·리파이낸싱,부실·리파이낸싱(negative): 구조적 악화 (영업적자 2/3년) | 성장자금형(positive): 매출 CAGR 26% + 마진 유지 · capex/매출 0.0%,0.008,company_history,,UNLISTED_BLIND,,,EBITDA 적자 -10억 / 부채비율 379% / 3년 순부채 +32억 vs EBITDA합 -14억 / 유동비율 97% / 현금/매출 1% / 영업적자 2/3년
74.7,78.5,37.5,(주)아이도요,01643501,,false,제조업,가구 제조,REFI(롤오버형),317.5,,2.7,0.008,160.5,59.8,8.11,1.155,5.7,160.5,5.456,0.505,53,,netdebt_inferred,,,,,,,,,,,,,,,부실·리파이낸싱,부실·리파이낸싱(neutral): 레버리지·유동성 부담 — 구조적/일시적 판단 보류,0.02,company_history,11,DISTRESS_EVENT,,,순부채/EBITDA 59.8x / 부채비율 811% (3년 811%p↑) / EBITDA마진 7%→1% / 3년 순부채 +160억 vs EBITDA합 29억 / 매출 1원 성장에 순부채 0.51원 / 유동비율 115% / 현금/매출 2% / 런웨이 11개월
74.7,78,38.2,씨제이웰케어(주),01662153,,false,제조업,식료품 제조,DISTRESS(구조조정형),797.1,,24.6,0.031,190.1,7.7,2.655,0.787,0.3,251.2,3,0.352,0,0,measured_cashbridge,2025,audit,63.9,2.9,,,60.9,190.4,120,-46.4,1.3,16.2,0.0203,op+dep,부실·리파이낸싱,부실·리파이낸싱(negative): 구조적 악화 (영업적자 3/3년),0.02,company_history,,UNLISTED_BLIND,,,순부채/EBITDA 7.7x / 부채비율 265% (3년 265%p↑) / 3년 순부채 +251억 vs EBITDA합 -40억 / 유동비율 79% / 현금/매출 0% / 현금 2년 연속 감소 / 영업적자 3/3년
74.7,74.9,44.1,(주)갈라인터내셔널,00809960,,false,도소매,소매(자동차 제외),REFI(롤오버형),1985.3,0.008,38.2,0.019,478,12.5,9.746,2.234,186.9,181.1,5.72,3.966,0,0,measured_cashbridge,2025,audit,38.8,4.5,,,34.3,664.9,168,83.8,58.7,63.9,0.0322,op+dep,부실·리파이낸싱,부실·리파이낸싱(negative): 구조적 악화 (영업적자 2/3년),0.008,company_history,,UNLISTED_BLIND,,,순부채/EBITDA 12.5x / 부채비율 975% (3년 786%p↑) / 3년 순부채 +181억 vs EBITDA합 32억 / 매출 1원 성장에 순부채 3.97원 / 영업적자 2/3년
74.7,89.7,17.5,승윤종합건설(주),01254750,,false,제조업,식료품 제조,DISTRESS(구조조정형),333.2,-0.233,-35.3,-0.106,226.5,,3.558,1.025,11.4,133.9,1.906,,70,,netdebt_inferred,,,,,,,,,,,,,,,부실·리파이낸싱,부실·리파이낸싱(negative): 구조적 악화 (영업적자 1/3년),0.02,company_history,3,DISTRESS_EVENT,,,EBITDA 적자 -35억 / 부채비율 356% (3년 121%p↑) / EBITDA마진 5%→-11% / 3년 순부채 +134억 vs EBITDA합 70억 / 유동비율 103% / 현금/매출 3% / 현금 2년 연속 감소 / 런웨이 3개월
74.7,77.2,40,에스케이넥실리스(주),01351415,,false,제조업,전자부품·컴퓨터·통신장비,DISTRESS(구조조정형),5060,-0.145,-1517.6,-0.3,15821.4,,1.727,0.617,3232,13518.3,13.508,,2235,12156,measured_cashbridge,2025,audit,-2800.6,1174.8,,,-4115.9,19053.4,8447.1,953.5,-137.3,-1709.8,0.3379,op+dep,부실·리파이낸싱,부실·리파이낸싱(negative): 구조적 악화 (영업적자 3/3년),0.1,company_history,14,,,,"EBITDA 적자 -1,518억 / EBITDA마진 -0%→-30% / 3년 순부채 +1.4조 vs EBITDA합 1,001억 / 유동비율 62% / 영업적자 3/3년 / 런웨이 14개월"
74.6,71.4,50,(주)보람푸드,01678686,,false,도소매,도매·상품중개,TIGHT(유동성형),479.4,0.166,7.9,0.017,158.3,20,9.738,0.909,14.2,35.6,5.329,0.252,8,12,measured_cashbridge,2025,audit,4.1,3.6,,,0.6,172.5,40.4,0.9,3.9,1,0.0022,op+dep,부실·리파이낸싱,부실·리파이낸싱(positive): 레버리지 부담은 크나 매출 회복 + 마진 반등 — 시황 저점 진입 가능성 | 성장자금형(positive): 매출 CAGR 17% + 마진 유지 · capex/매출 0.8%,0.024,company_history,,UNLISTED_BLIND,,,순부채/EBITDA 20.0x / 부채비율 974% (3년 400%p↑) / 3년 순부채 +36억 vs EBITDA합 7억 / 유동비율 91% / 현금/매출 3%
74.6,59.9,70.7,대원정밀공업(주),00111971,,false,제조업,자동차·트레일러,TIGHT(유동성형),4763.3,0.134,142.4,0.03,1432.9,10.1,2.282,0.76,2.3,415.8,0.761,0.363,858,2378,measured_cashbridge,2025,audit,43.4,663.6,11.6,,-636.4,1435.3,1197.1,652.3,692,3.7,0.0008,op+dep,부실·리파이낸싱,부실·리파이낸싱(neutral): 레버리지·유동성 부담 — 구조적/일시적 판단 보류 | 성장자금형(negative): 매출 CAGR 13% 인데 EBITDA마진 3.4%p 훼손 — 기존사업 하락을 외형성장으로 마스킹하는지 확인 필요,0.02,company_history,,,,,순부채/EBITDA 10.1x / 부채비율 228% (3년 64%p↑) / EBITDA마진 6%→3% / 3년 순부채 +416억 vs EBITDA합 546억 / 유동비율 76% / 현금/매출 0%
74.6,74.1,45,대지철강(주),00238339,,false,제조업,1차 금속,REFI(롤오버형),2877.2,-0.036,26.1,0.009,735.4,28.2,3.158,0.688,78,374.1,1.81,0.983,43,170,measured_cashbridge,2025,audit,13.2,4.9,,,8.3,813.3,714.1,3.4,14.1,2.5,0.0009,op+dep,부실·리파이낸싱,부실·리파이낸싱(negative): 구조적 악화 (영업적자 0/3년),0.02,company_history,,UNLISTED_BLIND,,,순부채/EBITDA 28.2x / 부채비율 316% / 3년 순부채 +374억 vs EBITDA합 207억 / 매출 1원 성장에 순부채 0.98원 / 유동비율 69% / 현금/매출 3%
74.6,73.3,46.4,광신석유(주),00103811,,false,도소매,도매·상품중개,REFI(롤오버형),2276.2,-0.077,56.3,0.025,931.1,16.5,3.374,0.132,9.2,421.9,1.931,0.49,217,631,measured_cashbridge,2025,audit,-17.3,152,,,-169.3,940.2,466,179.1,161.5,0.2,0.0001,op+dep,부실·리파이낸싱,부실·리파이낸싱(negative): 구조적 악화 (영업적자 0/3년),0.008,company_history,6,UNLISTED_BLIND,,,순부채/EBITDA 16.5x / 부채비율 337% (3년 183%p↑) / 3년 순부채 +422억 vs EBITDA합 218억 / 유동비율 13% / 현금/매출 0% / 런웨이 6개월
74.6,51.9,85.1,(주)크레아에이엔,00568683,,false,제조업,고무·플라스틱제품,GROWTH(성장자금형),1125.5,0.485,79,0.07,241.9,3.1,1.869,0.542,55.4,222.6,1.428,0.228,49,213,measured_cashbridge,2025,audit,-12.5,39.8,,,-52.3,297.3,297.3,4.5,-7.9,-0.1,0.0001,op+dep,부실·리파이낸싱,부실·리파이낸싱(neutral): 레버리지·유동성 부담 — 구조적/일시적 판단 보류 | 성장자금형(negative): 매출 CAGR 49% 인데 EBITDA마진 2.4%p 훼손 — 기존사업 하락을 외형성장으로 마스킹하는지 확인 필요,0.02,company_history,53,UNLISTED_BLIND,,,순부채/EBITDA 3.1x / EBITDA마진 9%→7% / 3년 순부채 +223억 vs EBITDA합 156억 / 유동비율 54% / 현금/매출 5% / 현금 2년 연속 감소
74.6,62.5,65.8,(주)창암종합건설,00988504,,false,건설업,종합 건설,DISTRESS(구조조정형),1347.7,0.267,53,0.039,2550,48.1,4.102,1.498,516.8,1263.5,3,4.084,108,,netdebt_inferred,2025,audit,-463,,,,,3066.7,1656.7,449.4,-13.6,0,0,op+dep,부실·리파이낸싱,부실·리파이낸싱(positive): 레버리지 부담은 크나 매출 회복 + 마진 반등 — 시황 저점 진입 가능성 | 성장자금형(positive): 매출 CAGR 27% + 마진 유지,0.1,company_history,13,UNLISTED_BLIND,,,"순부채/EBITDA 48.1x / 부채비율 410% (3년 86%p↑) / 3년 순부채 +1,264억 vs EBITDA합 -67억 / 매출 1원 성장에 순부채 4.08원 / 런웨이 13개월"
74.6,58.6,72.8,서서울도시고속도로(주),01228685,,false,운수·물류,창고·운송관련 서비스,REFI(롤오버형),454.1,0.067,371.4,0.818,4694.3,12.6,43.156,0.774,228.6,863.8,0.845,2.617,0,0,measured_cashbridge,2025,audit,124.1,0,,,124.1,4922.9,126.2,-123.7,7.6,-7.3,0.016,op+dep,부실·리파이낸싱,부실·리파이낸싱(neutral): 레버리지·유동성 부담 — 구조적/일시적 판단 보류 | 성장자금형(positive): 매출 CAGR 7% + 마진 유지 · capex/매출 0.0%,0.015,company_history,,UNLISTED_BLIND,,,"순부채/EBITDA 12.6x / 부채비율 4316% (3년 3402%p↑) / 3년 순부채 +864억 vs EBITDA합 1,022억 / 매출 1원 성장에 순부채 2.62원 / 유동비율 77%"
74.6,57.1,75.6,(주)한국메이드,01435577,,false,제조업,기타 운송장비,GROWTH(성장자금형),897.8,0.223,57.3,0.064,482,8.4,2.928,0.633,88.7,72.8,0.737,0.235,0,82,measured_cashbridge,2025,audit,18.4,37.7,,,-19.4,570.7,353.7,12.9,-7.2,38.4,0.0427,op+dep,부실·리파이낸싱,부실·리파이낸싱(neutral): 레버리지·유동성 부담 — 구조적/일시적 판단 보류 | 성장자금형(negative): 매출 CAGR 22% 인데 EBITDA마진 3.3%p 훼손 — 기존사업 하락을 외형성장으로 마스킹하는지 확인 필요,0.02,company_history,,,,,순부채/EBITDA 8.4x / 부채비율 293% (3년 186%p↑) / EBITDA마진 6%→6% / 3년 순부채 +73억 vs EBITDA합 99억 / 유동비율 63%
74.6,83,29,(주)케이타운포유,01496310,,false,도소매,소매(자동차 제외),REFI(롤오버형),1218.9,-0.182,30,0.025,245.9,8.2,97.114,0.668,0.2,266.9,11.076,,38,75,measured_cashbridge,2025,audit,-4.4,0.6,,,-5,246.2,167.6,25.3,21,-0.1,0.0001,op+dep,부실·리파이낸싱,부실·리파이낸싱(negative): 구조적 악화 (영업적자 1/3년),0.008,company_history,1,UNLISTED_BLIND,,,순부채/EBITDA 8.2x / 부채비율 9711% (3년 9443%p↑) / 3년 순부채 +267억 vs EBITDA합 24억 / 유동비율 67% / 현금/매출 0% / 런웨이 1개월
74.5,60,70,오일스타(주),01630923,,false,도소매,도매·상품중개,TIGHT(유동성형),2757.8,0.284,7.9,0.003,56.8,7.2,2.435,0.673,14.5,44.4,2.32,0.031,0,0,measured_cashbridge,2025,audit,35.5,18.5,,,17,71.3,34.6,-16.2,19.3,0,0,op+dep,부실·리파이낸싱,부실·리파이낸싱(neutral): 레버리지·유동성 부담 — 구조적/일시적 판단 보류 | 성장자금형(positive): 매출 CAGR 28% + 마진 유지 · capex/매출 0.7%,0.008,company_history,,UNLISTED_BLIND,,,순부채/EBITDA 7.2x / 부채비율 243% / 3년 순부채 +44억 vs EBITDA합 19억 / 유동비율 67% / 현금/매출 1%
74.5,61.9,66.5,(주)금양인터내셔날,00249973,,false,도소매,도매·상품중개,WC_BURN(운전자본형),1000.2,0.094,35.8,0.036,658.9,18.4,1.687,1.238,5.8,369.2,0.633,1.303,132,367,measured_cashbridge,2025,audit,-39.8,5.6,,,-86.6,664.7,387.5,355.9,59,257.1,0.2571,op+dep,부실·리파이낸싱,부실·리파이낸싱(neutral): 레버리지·유동성 부담 — 구조적/일시적 판단 보류 | 성장자금형(negative): 매출 CAGR 9% 인데 EBITDA마진 9.4%p 훼손 — 기존사업 하락을 외형성장으로 마스킹하는지 확인 필요,0.008,company_history,2,UNLISTED_BLIND,,,순부채/EBITDA 18.4x / EBITDA마진 17%→4% / 3년 순부채 +369억 vs EBITDA합 583억 / 매출 1원 성장에 순부채 1.30원 / 현금/매출 1% / 런웨이 2개월
74.5,56.8,75.6,동일화학공업(주),00452115,,false,제조업,고무·플라스틱제품,GROWTH(성장자금형),726.5,0.16,46.3,0.064,285.3,6.2,3.23,1.07,3,164.4,1.32,0.358,61,150,measured_cashbridge,2025,audit,-4.7,14.2,,,-18.9,288.3,254.1,23.6,15.1,3.8,0.0053,op+dep,부실·리파이낸싱,부실·리파이낸싱(neutral): 레버리지·유동성 부담 — 구조적/일시적 판단 보류 | 성장자금형(positive): 매출 CAGR 16% + 마진 유지 · capex/매출 2.0%,0.02,company_history,8,UNLISTED_BLIND,,,순부채/EBITDA 6.2x / 부채비율 323% (3년 90%p↑) / 3년 순부채 +164억 vs EBITDA합 125억 / 유동비율 107% / 현금/매출 0% / 런웨이 8개월
74.5,67.3,57,굿모닝아이텍(주),01070741,,false,도소매,도매·상품중개,REFI(롤오버형),1337.6,0.05,34.7,0.026,328.6,9.5,3.734,1.216,73,211.7,2.449,0.974,24,166,measured_cashbridge,2025,audit,-42.5,10.6,,,-53.1,401.6,225.5,50.6,8.2,-0.1,0.0001,op+dep,부실·리파이낸싱,부실·리파이낸싱(positive): 레버리지 부담은 크나 매출 회복 + 마진 반등 — 시황 저점 진입 가능성,0.019,company_history,21,UNLISTED_BLIND,,,순부채/EBITDA 9.5x / 부채비율 373% / 3년 순부채 +212억 vs EBITDA합 86억 / 매출 1원 성장에 순부채 0.97원 / 런웨이 21개월
74.5,80.4,33.2,(주)트레바이오,01284627,,false,도소매,도매·상품중개,REFI(롤오버형),821.9,-0.027,18.3,0.022,129.1,7.1,17.409,0.751,23.6,124.6,3,,25,,netdebt_inferred,2025,audit,17.9,,,,,152.7,104.7,-8.9,4.2,8.8,0.0107,op+dep,부실·리파이낸싱,부실·리파이낸싱(negative): 구조적 악화 (영업적자 1/3년),0.008,company_history,,UNLISTED_BLIND,,,순부채/EBITDA 7.1x / 부채비율 1741% (3년 1305%p↑) / 3년 순부채 +125억 vs EBITDA합 -20억 / 유동비율 75% / 현금/매출 3%
74.5,63,64.6,한국목재(주),01299638,,false,도소매,도매·상품중개,TIGHT(유동성형),1090.9,0.113,8.6,0.008,537.2,62.5,1.856,0.738,10.5,137,1.693,0.396,66,179,measured_cashbridge,2025,audit,-21.4,1.3,,,-22.7,547.7,423,29.9,5.5,3,0.0027,op+dep,부실·리파이낸싱,부실·리파이낸싱(neutral): 레버리지·유동성 부담 — 구조적/일시적 판단 보류 | 성장자금형(negative): 매출 CAGR 11% 인데 EBITDA마진 2.3%p 훼손 — 기존사업 하락을 외형성장으로 마스킹하는지 확인 필요,0.008,company_history,6,UNLISTED_BLIND,,,순부채/EBITDA 62.5x / EBITDA마진 3%→1% / 3년 순부채 +137억 vs EBITDA합 81억 / 유동비율 74% / 현금/매출 1% / 런웨이 6개월
74.5,93.3,10.2,성지피에스(주),01369821,,false,제조업,금속가공제품,DISTRESS(구조조정형),578.6,0.024,-43.2,-0.075,350.1,,-44.925,0.64,0.3,132.8,3,3.305,43,,netdebt_inferred,,,,,,,,,,,,,,,부실·리파이낸싱,부실·리파이낸싱(negative): 구조적 악화 (영업적자 2/3년 · 자본잠식),0.02,company_history,0,DISTRESS_EVENT,,,EBITDA 적자 -43억 / 자본잠식 / EBITDA마진 -1%→-7% / 3년 순부채 +133억 vs EBITDA합 -116억 / 매출 1원 성장에 순부채 3.31원 / 유동비율 64% / 현금/매출 0% / 현금 2년 연속 감소 / 영업적자 2/3년 / 런웨이 0개월
74.4,78,37,(주)더리모,01636361,,false,도소매,도매·상품중개,REFI(롤오버형),325.8,0.028,4.9,0.015,101.1,20.6,8.101,0.83,7.9,45.1,1.042,0.637,33,76,measured_cashbridge,2025,audit,-9.2,2,2,,-11.1,109,101,13.4,4,0.3,0.0008,op+dep,부실·리파이낸싱,부실·리파이낸싱(neutral): 레버리지·유동성 부담 — 구조적/일시적 판단 보류,0.024,company_history,10,UNLISTED_BLIND,,,순부채/EBITDA 20.6x / 부채비율 810% (3년 599%p↑) / EBITDA마진 5%→1% / 3년 순부채 +45억 vs EBITDA합 43억 / 매출 1원 성장에 순부채 0.64원 / 유동비율 83% / 현금/매출 2% / 런웨이 10개월
74.4,66.6,57.8,아이아(주),00108852,,false,제조업,고무·플라스틱제품,REFI(롤오버형),3871.5,0.067,27.5,0.007,1047.9,38.1,6.118,0.374,89.7,212.5,0.492,0.14,201,619,measured_cashbridge,2025,audit,88.4,201.7,,,-126.3,1137.7,901.7,186.2,310.6,-36,0.0093,op+dep,부실·리파이낸싱,부실·리파이낸싱(neutral): 레버리지·유동성 부담 — 구조적/일시적 판단 보류 | 성장자금형(negative): 매출 CAGR 7% 인데 EBITDA마진 3.0%p 훼손 — 기존사업 하락을 외형성장으로 마스킹하는지 확인 필요,0.02,company_history,,UNLISTED_BLIND,,,순부채/EBITDA 38.1x / 부채비율 612% (3년 54%p↑) / EBITDA마진 4%→1% / 3년 순부채 +212억 vs EBITDA합 432억 / 유동비율 37% / 현금/매출 2%
74.4,73.6,45,동일석유(주),00118381,,false,도소매,도매·상품중개,REFI(롤오버형),2951.3,-0.068,17.3,0.006,1185.7,68.5,2.189,0.329,7.2,305.9,4.596,,101,273,measured_cashbridge,2025,audit,12.5,12,,,0.5,1193,1072,54.7,79.4,-12.2,0.0041,op+dep,부실·리파이낸싱,부실·리파이낸싱(negative): 구조적 악화 (영업적자 1/3년),0.008,company_history,,UNLISTED_BLIND,,,순부채/EBITDA 68.5x / 부채비율 219% / 3년 순부채 +306억 vs EBITDA합 67억 / 유동비율 33% / 현금/매출 0%
74.4,55.4,78,(주)동원해사랑,00519748,,false,농림어업,어업,TIGHT(유동성형),366.4,0.103,49,0.134,279.3,5.7,1.472,0.753,10.1,179.6,2.113,2.214,79,218,measured_cashbridge,2025,audit,-18,14.4,,,-41.8,289.4,275.9,30.3,16.2,-3.9,0.0106,op+dep,부실·리파이낸싱,부실·리파이낸싱(negative): 구조적 악화 (영업적자 2/3년) | 성장자금형(positive): 매출 CAGR 10% + 마진 유지 · capex/매출 3.9%,0.015,company_history,7,UNLISTED_BLIND,,,순부채/EBITDA 5.7x / 3년 순부채 +180억 vs EBITDA합 85억 / 매출 1원 성장에 순부채 2.21원 / 유동비율 75% / 현금/매출 3% / 영업적자 2/3년 / 런웨이 7개월
74.4,79.6,34.2,메디랩코리아(주),00810179,,false,도소매,도매·상품중개,REFI(롤오버형),389.3,-0.03,19.8,0.051,131.1,6.6,33.784,0.875,38.6,34.5,1.726,,6,56,measured_cashbridge,2025,audit,-5,8.1,,,-13.1,169.7,146.9,47.8,8.1,34.7,0.0891,op+dep,부실·리파이낸싱,부실·리파이낸싱(negative): 구조적 악화 (영업적자 2/3년),0.013,company_history,93,UNLISTED_BLIND,,,순부채/EBITDA 6.6x / 부채비율 3378% (3년 2917%p↑) / 3년 순부채 +34억 vs EBITDA합 20억 / 유동비율 87% / 현금 2년 연속 감소 / 영업적자 2/3년
74.4,51.4,85,(주)에코시티개발,01113648,,false,건설업,종합 건설,GROWTH(성장자금형),416,0.607,355.8,0.856,2621.4,7.4,4.193,0.276,703.6,828.7,2.472,,0,0,measured_cashbridge,2025,audit,-123.8,2,,,-126.4,3325,284,104.8,9,-28,0.0672,op+dep,부실·리파이낸싱,부실·리파이낸싱(positive): 레버리지 부담은 크나 매출 회복 + 마진 반등 — 시황 저점 진입 가능성 | 성장자금형(positive): 매출 CAGR 61% + 마진 유지 · capex/매출 0.5%,0.1,company_history,68,,,,순부채/EBITDA 7.4x / 부채비율 419% / 3년 순부채 +829억 vs EBITDA합 335억 / 유동비율 28%
74.4,69.1,53.3,에이치모터스판매(주),01361892,,false,도소매,자동차·부품 판매,REFI(롤오버형),630.4,-0.026,45.7,0.073,623.4,13.6,2.912,0.121,7.9,265.6,1.868,89.386,63,163,measured_cashbridge,2025,audit,0.6,0.9,2,,-0.3,631.3,601.3,20.4,21.6,-0.6,0.001,op+dep,부실·리파이낸싱,부실·리파이낸싱(negative): 구조적 악화 (영업적자 0/3년),0.008,company_history,,UNLISTED_BLIND,,,순부채/EBITDA 13.6x / 부채비율 291% (3년 105%p↑) / 3년 순부채 +266억 vs EBITDA합 142억 / 매출 1원 성장에 순부채 89.39원 / 유동비율 12% / 현금/매출 1%
74.3,53.2,81.6,케이에이치강원개발(주),01649842,,false,숙박·음식,숙박업,TIGHT(유동성형),820.4,0.11,206.2,0.251,1366.1,6.6,1.643,0.05,1.3,4084.3,22.29,6.057,448,1303,measured_cashbridge,2025,audit,26,291.9,,,-267,1367.4,1366.2,-2718.2,181.5,-2873.7,3.5029,op+dep,부실·리파이낸싱,부실·리파이낸싱(positive): 레버리지 부담은 크나 매출 회복 + 마진 반등 — 시황 저점 진입 가능성 | 성장자금형(positive): 매출 CAGR 11% + 마진 유지 · capex/매출 35.6%,0.01,company_history,,,,,"순부채/EBITDA 6.6x / 3년 순부채 +4,084억 vs EBITDA합 183억 / 매출 1원 성장에 순부채 6.06원 / 유동비율 5% / 현금/매출 0%"
74.3,70,51.3,(주)유니베라,00369055,,false,제조업,식료품 제조,REFI(롤오버형),328.9,-0.093,30,0.091,472.1,15.7,2.017,0.623,6.4,233.9,1.583,,48,117,measured_cashbridge,2025,audit,5,5.3,,,-0.3,478.5,338.5,-40.9,-88.2,52.3,0.1591,op+dep,부실·리파이낸싱,부실·리파이낸싱(negative): 구조적 악화 (영업적자 0/3년),0.02,company_history,,UNLISTED_BLIND,,,순부채/EBITDA 15.7x / 부채비율 202% (3년 118%p↑) / EBITDA마진 13%→9% / 3년 순부채 +234억 vs EBITDA합 148억 / 유동비율 62% / 현금/매출 2%
74.3,73.1,45.7,해비치호텔앤드리조트(주),00360489,,false,숙박·음식,숙박업,DISTRESS(구조조정형),1785.1,0.053,-140.2,-0.079,-159.4,,4.161,0.278,210.2,232.4,9.095,0.459,12,97,measured_cashbridge,2025,audit,26.6,47.6,,,-44.3,50.9,0,-79.4,,,,op+dep,부실·리파이낸싱,부실·리파이낸싱(negative): 구조적 악화 (영업적자 3/3년) | 성장자금형(negative): 매출 CAGR 5% 인데 EBITDA마진 8.5%p 훼손 — 기존사업 하락을 외형성장으로 마스킹하는지 확인 필요,0.1,company_history,,UNLISTED_BLIND,,,EBITDA 적자 -140억 / 부채비율 416% (3년 245%p↑) / EBITDA마진 1%→-8% / 3년 순부채 +232억 vs EBITDA합 26억 / 유동비율 28% / 영업적자 3/3년
74.3,78.9,35,윈스틸,00115241,,false,제조업,1차 금속,DISTRESS(구조조정형),2419.1,-0.102,7.4,0.003,1027.2,138.8,2.085,0.683,31.3,81.5,2.524,,441,1288,measured_cashbridge,2025,audit,-286.8,31.1,,,-317.8,1058.5,1058.5,106.5,0.6,-180.9,0.0748,op+dep,부실·리파이낸싱,부실·리파이낸싱(negative): 구조적 악화 (영업적자 2/3년),0.02,company_history,1,UNLISTED_BLIND,,,순부채/EBITDA 138.8x / 부채비율 209% (3년 47%p↑) / 3년 순부채 +81억 vs EBITDA합 32억 / 유동비율 68% / 현금/매출 1% / 현금 2년 연속 감소 / 영업적자 2/3년 / 런웨이 1개월
74.3,65.7,58.9,해원엠에스씨(주),00489854,,false,제조업,1차 금속,REFI(롤오버형),691.2,0.055,37.7,0.055,600.1,15.9,1.767,0.77,20,197.3,1.132,1.92,85,,netdebt_inferred,,,,,,,,,,,,,,,부실·리파이낸싱,부실·리파이낸싱(neutral): 레버리지·유동성 부담 — 구조적/일시적 판단 보류 | 성장자금형(positive): 매출 CAGR 6% + 마진 유지,0.02,company_history,,DISTRESS_EVENT,,,순부채/EBITDA 15.9x / 3년 순부채 +197억 vs EBITDA합 174억 / 매출 1원 성장에 순부채 1.92원 / 유동비율 77% / 현금/매출 3%
74.3,42.8,100,미부테크(주),00811992,,false,제조업,금속가공제품,GROWTH(성장자금형),1011.7,0.162,128.5,0.127,411.2,3.2,3.64,0.726,75.2,256.3,1.885,0.304,0,0,measured_cashbridge,2025,audit,49.5,48,5,,1.5,486.4,200.4,29.8,79.3,0,0,op+dep,부실·리파이낸싱,부실·리파이낸싱(positive): 레버리지 부담은 크나 매출 회복 + 마진 반등 — 시황 저점 진입 가능성 | 성장자금형(positive): 매출 CAGR 16% + 마진 유지 · capex/매출 4.7%,0.02,company_history,,UNLISTED_BLIND,,,순부채/EBITDA 3.2x / 부채비율 364% / 3년 순부채 +256억 vs EBITDA합 136억 / 유동비율 73%
74.3,71,49.4,(주)두원하이스틸,01354537,,false,제조업,1차 금속,WC_BURN(운전자본형),378.5,0.078,13.9,0.037,279.9,20.1,4.245,2.267,93.8,204.9,1.722,1.192,0,0,measured_cashbridge,2025,audit,37.7,8.5,,,29.3,373.7,77.8,-3,32.8,2,0.0052,op+dep,부실·리파이낸싱,부실·리파이낸싱(neutral): 레버리지·유동성 부담 — 구조적/일시적 판단 보류 | 성장자금형(negative): 매출 CAGR 8% 인데 EBITDA마진 6.3%p 훼손 — 기존사업 하락을 외형성장으로 마스킹하는지 확인 필요,0.033,company_history,,UNLISTED_BLIND,,,순부채/EBITDA 20.1x / 부채비율 425% (3년 90%p↑) / EBITDA마진 10%→4% / 3년 순부채 +205억 vs EBITDA합 119억 / 매출 1원 성장에 순부채 1.19원
74.3,63.7,62.5,(주)케이에스팜,01564055,,false,도소매,도매·상품중개,TIGHT(유동성형),570.5,0.155,9.1,0.016,89,9.8,15.578,0.814,1.3,24.4,2.591,0.084,52,119,measured_cashbridge,2025,audit,-28.4,0.4,,,-28.8,90.3,57.1,26.7,-1.8,0,0,op+dep,부실·리파이낸싱,부실·리파이낸싱(neutral): 레버리지·유동성 부담 — 구조적/일시적 판단 보류 | 성장자금형(positive): 매출 CAGR 15% + 마진 유지 · capex/매출 0.1%,0.008,company_history,1,UNLISTED_BLIND,,,순부채/EBITDA 9.8x / 부채비율 1558% / 3년 순부채 +24억 vs EBITDA합 9억 / 유동비율 81% / 현금/매출 0% / 런웨이 1개월
74.3,51.2,85.2,(주)지엠알,01730287,,false,제조업,1차 금속,WC_BURN(운전자본형),785.9,2.949,88.4,0.113,245.4,2.8,3.76,1.07,0.2,243.7,5.647,0.574,27,30,measured_cashbridge,2025,audit,26,26.3,,,-0.4,245.6,110.9,3.2,26.8,2.4,0.003,op+dep,성장,성장자금형(positive): 매출 CAGR 295% + 마진 유지 · capex/매출 3.3%,0.02,company_history,,UNLISTED_BLIND,,,부채비율 376% / 3년 순부채 +244억 vs EBITDA합 43억 / 매출 1원 성장에 순부채 0.57원 / 유동비율 107% / 현금/매출 0% / 현금 2년 연속 감소
74.2,66.3,57.6,자강산업(주),00111768,,false,제조업,화학물질·화학제품,REFI(롤오버형),851.4,0.02,57.6,0.068,389.3,6.8,0.958,0.488,11.4,285.2,1.3,0.98,67,183,measured_cashbridge,2025,audit,38.3,58.6,,,-20.3,400.7,385.3,55.9,34.1,60.1,0.0706,op+dep,부실·리파이낸싱,부실·리파이낸싱(neutral): 레버리지·유동성 부담 — 구조적/일시적 판단 보류,0.02,company_history,,UNLISTED_BLIND,,,순부채/EBITDA 6.8x / 3년 순부채 +285억 vs EBITDA합 219억 / 매출 1원 성장에 순부채 0.98원 / 유동비율 49% / 현금/매출 1% / 현금 2년 연속 감소
74.2,79.4,33.9,(주)아우토플라츠,00972983,,false,도소매,자동차·부품 판매,REFI(롤오버형),958.2,-0.117,23.7,0.025,468.7,19.8,4.197,0.295,4.5,86.2,1.603,,109,302,measured_cashbridge,2025,audit,47.5,104.2,,,-56.7,473.2,427.6,60.7,99.3,8.9,0.0093,op+dep,부실·리파이낸싱,부실·리파이낸싱(negative): 구조적 악화 (영업적자 1/3년),0.008,company_history,,UNLISTED_BLIND,,,순부채/EBITDA 19.8x / 부채비율 420% (3년 121%p↑) / 3년 순부채 +86억 vs EBITDA합 54억 / 유동비율 30% / 현금/매출 0%
74.2,47.1,92.2,(주)리젠시빌주택,01026412,,false,건설업,종합 건설,WC_BURN(운전자본형),942.6,0.249,112.1,0.119,356.7,3.2,12.455,3.383,490.3,213.2,0.707,0.679,133,1333,measured_cashbridge,2025,audit,-473,11.8,67.7,,-484.8,847,315.3,434.2,-216.8,178.1,0.1889,op+dep,성장,성장자금형(negative): 매출 CAGR 25% 인데 EBITDA마진 7.6%p 훼손 — 기존사업 하락을 외형성장으로 마스킹하는지 확인 필요 | 리캡(negative): 배당 68억 (매출의 7.2% · OCF 적자) + 순부채 +434억 — 차입 배당 구조,0.025,company_history,12,UNLISTED_BLIND,,,순부채/EBITDA 3.2x / 부채비율 1245% (3년 134%p↑) / EBITDA마진 12%→12% / 3년 순부채 +213억 vs EBITDA합 301억 / 매출 1원 성장에 순부채 0.68원 / 현금 2년 연속 감소 / 런웨이 12개월
74.2,75.1,41.6,(주)엠디스틸,01073544,,false,도소매,도매·상품중개,REFI(롤오버형),711.4,0.008,12.1,0.017,126.6,10.5,7.176,1.158,1.1,116.2,8.184,5.176,20,23,measured_cashbridge,2025,audit,-0.2,0,,,-0.2,127.7,13.7,-1.8,-2,0,0,op+dep,부실·리파이낸싱,부실·리파이낸싱(positive): 레버리지 부담은 크나 매출 회복 + 마진 반등 — 시황 저점 진입 가능성,0.008,company_history,66,UNLISTED_BLIND,,,순부채/EBITDA 10.5x / 부채비율 718% (3년 454%p↑) / 3년 순부채 +116억 vs EBITDA합 14억 / 매출 1원 성장에 순부채 5.18원 / 유동비율 116% / 현금/매출 0%
74.2,52.7,82.1,그린에코사이클(주),01364233,,false,전기·가스·환경,폐기물 처리·자원재생,TIGHT(유동성형),635.3,0.113,163.9,0.258,660.4,4,3.14,0.427,4.5,444.9,4.235,1.289,0,0,measured_cashbridge,2025,audit,126.4,26.2,,,100.1,664.8,213.2,-101.8,24.6,0,0,op+dep,부실·리파이낸싱,부실·리파이낸싱(positive): 레버리지 부담은 크나 매출 회복 + 마진 반등 — 시황 저점 진입 가능성 | 성장자금형(positive): 매출 CAGR 11% + 마진 유지 · capex/매출 4.1%,0.015,company_history,,UNLISTED_BLIND,,,순부채/EBITDA 4.0x / 부채비율 314% / 3년 순부채 +445억 vs EBITDA합 105억 / 매출 1원 성장에 순부채 1.29원 / 유동비율 43% / 현금/매출 1%
74.2,79.3,34,(주)리씽크,01508350,,false,도소매,도매·상품중개,DISTRESS(구조조정형),384.3,0.042,13.8,0.036,96.4,7,10.324,0.642,1.4,10.1,3,0.238,20,22,measured_cashbridge,2025,audit,4.4,0.2,,,4.2,97.7,67.2,-9.5,-0.3,5.2,0.0136,op+dep,부실·리파이낸싱,부실·리파이낸싱(negative): 구조적 악화 (영업적자 2/3년),0.008,company_history,,,,,순부채/EBITDA 7.0x / 부채비율 1032% / EBITDA마진 -1%→4% / 3년 순부채 +10억 vs EBITDA합 -35억 / 유동비율 64% / 현금/매출 0% / 현금 2년 연속 감소 / 영업적자 2/3년
74.1,87.4,19.2,(주)명강스틸,00666523,,false,제조업,금속가공제품,DISTRESS(구조조정형),508.8,-0.195,-2,-0.004,240,,7.847,0.51,9.6,128.2,32.827,,41,102,measured_cashbridge,2025,audit,-9.6,1.2,,,-10.8,249.6,196.6,14.8,-2,7.2,0.0141,op+dep,부실·리파이낸싱,부실·리파이낸싱(negative): 구조적 악화 (영업적자 3/3년),0.02,company_history,12,UNLISTED_BLIND,,,EBITDA 적자 -2억 / 부채비율 785% (3년 555%p↑) / 3년 순부채 +128억 vs EBITDA합 4억 / 유동비율 51% / 현금/매출 2% / 영업적자 3/3년 / 런웨이 12개월
74.1,57.7,72.5,울산지피에스(주),00887001,,false,전기·가스·환경,전기·가스·증기 공급,REFI(롤오버형),5779.7,,266.6,0.144,8195.9,30.7,2.837,2.299,2287.6,9532.1,1479.25,5.141,0,0,measured_cashbridge,2025,api,1276.6,778.5,,,494.3,10483.5,2.5,-486.3,982.4,-192.1,0.0332,unavailable,부실·리파이낸싱,부실·리파이낸싱(negative): 구조적 악화 (영업적자 2/3년),0.03,industry_band,,IN_MOTION,2025-07-09,투자설명서,"순부채/EBITDA 30.7x / 부채비율 284% (3년 282%p↑) / 3년 순부채 +9,532억 vs EBITDA합 6억 / 매출 1원 성장에 순부채 5.14원 / 영업적자 2/3년"
74.1,81.3,30,(주)디브이홀딩스,00986889,,false,도소매,도매·상품중개,REFI(롤오버형),493.8,-0.034,8.8,0.018,189.3,21.5,9.003,0.64,0,80.3,3.256,,62,146,measured_cashbridge,2025,audit,-26.7,0.3,,,-27.1,189.3,189.3,55.5,28.8,0,0,op+dep,부실·리파이낸싱,부실·리파이낸싱(negative): 구조적 악화 (영업적자 0/3년),0.008,company_history,0,UNLISTED_BLIND,,,순부채/EBITDA 21.5x / 부채비율 900% (3년 284%p↑) / 3년 순부채 +80억 vs EBITDA합 25억 / 유동비율 64% / 현금/매출 0% / 런웨이 0개월
74.1,73.1,45,(주)정원철강,01365782,,false,제조업,1차 금속,REFI(롤오버형),704,-0.102,43.4,0.062,303.6,7,3.715,0.649,28.3,155.4,24.709,,22,83,measured_cashbridge,2025,audit,7.3,4.8,,,2.6,331.9,321.3,-2.9,4.4,0,0,op+dep,부실·리파이낸싱,부실·리파이낸싱(negative): 구조적 악화 (영업적자 1/3년),0.02,company_history,,UNLISTED_BLIND,,,순부채/EBITDA 7.0x / 부채비율 371% (3년 88%p↑) / 3년 순부채 +155억 vs EBITDA합 6억 / 유동비율 65% / 현금/매출 4%
74.1,76.5,38.7,(주)펌킨스퀘어,01743786,,false,제조업,섬유제품 제조,REFI(롤오버형),369.1,0.039,3.5,0.01,152.3,43.5,2.649,0.717,1,128.3,3.389,0.322,32,57,measured_cashbridge,2025,audit,4.6,3.1,,,1.5,153.3,143.3,21.1,25.6,0,0.0001,op+dep,부실·리파이낸싱,부실·리파이낸싱(neutral): 레버리지·유동성 부담 — 구조적/일시적 판단 보류,0.02,company_history,,,,,순부채/EBITDA 43.5x / 부채비율 265% (3년 107%p↑) / EBITDA마진 4%→1% / 3년 순부채 +128억 vs EBITDA합 38억 / 유동비율 72% / 현금/매출 0% / 현금 2년 연속 감소
74.1,68.6,53.1,(주)동일오토모티브,01819256,,false,제조업,자동차·트레일러,REFI(롤오버형),376.9,,27.1,0.072,270.8,10,2.483,0.396,1.1,240.1,7.111,0.679,80,202,measured_cashbridge,2025,audit,-16.3,18.7,,,-35,271.9,258.7,30.8,14.3,0.2,0.0005,op+dep,부실·리파이낸싱,부실·리파이낸싱(positive): 레버리지 부담은 크나 매출 회복 + 마진 반등 — 시황 저점 진입 가능성,0.02,company_history,1,DISTRESS_EVENT,,,순부채/EBITDA 10.0x / 부채비율 248% (3년 248%p↑) / 3년 순부채 +240억 vs EBITDA합 34억 / 매출 1원 성장에 순부채 0.68원 / 유동비율 40% / 현금/매출 0% / 런웨이 1개월
74,58.8,70,(주)소모,00119168,,false,도소매,소매(자동차 제외),DISTRESS(구조조정형),1421.4,0.403,-7.8,-0.005,1162.5,,1.246,0.555,25,204.6,1.814,0.171,104,322,measured_cashbridge,2025,audit,-32.4,12.5,,,-44.9,1187.5,800,128.3,89,7,0.0049,op+dep,부실·리파이낸싱,부실·리파이낸싱(positive): 레버리지 부담은 크나 매출 회복 + 마진 반등 — 시황 저점 진입 가능성 | 성장자금형(positive): 매출 CAGR 40% + 마진 유지 · capex/매출 0.9%,0.008,company_history,9,UNLISTED_BLIND,,,EBITDA 적자 -8억 / 3년 순부채 +205억 vs EBITDA합 113억 / 유동비율 55% / 현금/매출 2% / 런웨이 9개월
74,60.1,67.7,신진엠텍(주),00182836,,false,제조업,기타 기계·장비,DISTRESS(구조조정형),1004.5,0.125,58.1,0.058,317.2,5.5,5.112,0.715,32,102.3,3,0.155,129,412,measured_cashbridge,2025,audit,-104.7,3.7,,,-108.4,349.1,329.1,109,6,-1.7,0.0017,op+dep,부실·리파이낸싱,부실·리파이낸싱(neutral): 레버리지·유동성 부담 — 구조적/일시적 판단 보류 | 성장자금형(positive): 매출 CAGR 13% + 마진 유지 · capex/매출 0.4%,0.02,company_history,4,UNLISTED_BLIND,,,순부채/EBITDA 5.5x / 부채비율 511% / 3년 순부채 +102억 vs EBITDA합 -47억 / 유동비율 71% / 현금/매출 3% / 런웨이 4개월
74,72.8,45,디에스네트웍스(주),00238658,,false,건설업,종합 건설,DISTRESS(구조조정형),4924.1,-0.052,-1426.4,-0.29,5419.6,,62.583,1.22,900.9,7151.6,3.428,,0,0,measured_cashbridge,2025,audit,3243.4,4.4,,,3239,6320.5,5104.5,-3900.1,-128.8,-528,0.1072,op+dep,부실·리파이낸싱,부실·리파이낸싱(negative): 구조적 악화 (영업적자 0/3년),0.1,company_history,,UNLISTED_BLIND,,,"EBITDA 적자 -1,426억 / 부채비율 6258% (3년 6001%p↑) / 3년 순부채 +7,152억 vs EBITDA합 2,087억"
74,71.8,46.8,(주)후니드,00812371,,false,숙박·음식,음식점·주점,REFI(롤오버형),2410.9,-0.01,51.2,0.021,467.3,9.1,1.416,0.659,21.4,519.6,3.316,2.635,0,0,measured_cashbridge,2025,audit,87.8,22,0,,65.8,488.7,488.7,173.1,255.3,5.6,0.0023,op+dep,부실·리파이낸싱,부실·리파이낸싱(negative): 구조적 악화 (영업적자 0/3년),0.01,company_history,,UNLISTED_BLIND,,,순부채/EBITDA 9.1x / 3년 순부채 +520억 vs EBITDA합 157억 / 매출 1원 성장에 순부채 2.63원 / 유동비율 66% / 현금/매출 1% / 현금 2년 연속 감소
74,42.2,100,(주)씨지주택,00965929,,false,건설업,종합 건설,GROWTH(성장자금형),2590.6,1.074,394.4,0.152,2261.6,5.7,4.506,1.143,7.4,400.8,0.564,0.198,347,926,measured_cashbridge,2025,audit,2.8,0.4,,,2.4,2268.9,1951.6,259.9,307.8,-45.1,0.0174,op+dep,부실·리파이낸싱,부실·리파이낸싱(positive): 레버리지 부담은 크나 매출 회복 + 마진 반등 — 시황 저점 진입 가능성 | 성장자금형(positive): 매출 CAGR 107% + 마진 유지 · capex/매출 0.0%,0.025,company_history,,,,,순부채/EBITDA 5.7x / 부채비율 451% / 3년 순부채 +401억 vs EBITDA합 710억 / 유동비율 114% / 현금/매출 0% / 현금 2년 연속 감소
74,57.7,72.3,케이엘에이취인터내셔날(주),01444371,,false,도소매,도매·상품중개,WC_BURN(운전자본형),777.3,0.115,54.2,0.07,266.2,4.9,1.957,0.852,65.9,310.9,1.705,1.404,0,0,measured_cashbridge,2025,audit,37.6,1.5,,,36.1,332.1,332.1,-14.4,22.5,0.8,0.001,op+dep,부실·리파이낸싱,부실·리파이낸싱(neutral): 레버리지·유동성 부담 — 구조적/일시적 판단 보류 | 성장자금형(negative): 매출 CAGR 11% 인데 EBITDA마진 3.6%p 훼손 — 기존사업 하락을 외형성장으로 마스킹하는지 확인 필요,0.022,company_history,,UNLISTED_BLIND,,,순부채/EBITDA 4.9x / EBITDA마진 11%→7% / 3년 순부채 +311억 vs EBITDA합 182억 / 매출 1원 성장에 순부채 1.40원 / 유동비율 85%
73.9,53,80,(주)클린코리아,00376301,,false,전기·가스·환경,폐기물 처리·자원재생,WC_BURN(운전자본형),649.6,0.25,50.9,0.078,292.1,5.7,1.108,1.019,108.1,345.7,4.358,2.43,0,0,measured_cashbridge,2025,audit,62.2,22.9,0,,39.4,400.3,191.5,-65.8,2,-5.5,0.0085,op+dep,부실·리파이낸싱,부실·리파이낸싱(neutral): 레버리지·유동성 부담 — 구조적/일시적 판단 보류 | 성장자금형(negative): 매출 CAGR 25% 인데 EBITDA마진 2.1%p 훼손 — 기존사업 하락을 외형성장으로 마스킹하는지 확인 필요,0.036,company_history,,UNLISTED_BLIND,,,순부채/EBITDA 5.7x / EBITDA마진 10%→8% / 3년 순부채 +346억 vs EBITDA합 79억 / 매출 1원 성장에 순부채 2.43원 / 유동비율 102%
73.9,89.7,14,(주)두진건설,00490595,,false,건설업,종합 건설,DISTRESS(구조조정형),403.6,-0.156,-87.1,-0.216,217.1,,5.82,1.112,25.1,297.5,3,1.535,0,0,measured_cashbridge,2025,audit,109.5,1.5,,,108,242.2,204.1,12,55.1,66.5,0.1647,op+dep,부실·리파이낸싱,부실·리파이낸싱(negative): 구조적 악화 (영업적자 3/3년),0.025,company_history,,UNLISTED_BLIND,,,EBITDA 적자 -87억 / 부채비율 582% (3년 544%p↑) / EBITDA마진 -6%→-22% / 3년 순부채 +297억 vs EBITDA합 -143억 / 매출 1원 성장에 순부채 1.54원 / 유동비율 111% / 영업적자 3/3년
73.9,70.7,48.5,(주)코르웰,00533827,,false,운수·물류,창고·운송관련 서비스,WC_BURN(운전자본형),338.1,0.14,-2.4,-0.007,18.9,,1.699,1.546,10.9,86.1,2.4,0.785,34,,netdebt_inferred,,,,,,,,,,,,,,,부실·리파이낸싱,부실·리파이낸싱(neutral): 레버리지·유동성 부담 — 구조적/일시적 판단 보류 | 성장자금형(negative): 매출 CAGR 14% 인데 EBITDA마진 5.6%p 훼손 — 기존사업 하락을 외형성장으로 마스킹하는지 확인 필요,0.032,company_history,38,UNLISTED_BLIND,,,EBITDA 적자 -2억 / EBITDA마진 5%→-1% / 3년 순부채 +86억 vs EBITDA합 36억 / 매출 1원 성장에 순부채 0.78원 / 현금/매출 3% / 현금 2년 연속 감소
73.9,53.8,78.8,신송식품(주),00789453,,false,제조업,식료품 제조,REFI(롤오버형),735,0.057,107.3,0.146,864.6,8.1,1.115,0.292,37,417.5,2.88,7.008,5,42,measured_cashbridge,2025,audit,64.3,11.4,20,,49.9,901.5,533.3,37.9,90.8,11.3,0.0154,op+dep,부실·리파이낸싱,부실·리파이낸싱(positive): 레버리지 부담은 크나 매출 회복 + 마진 반등 — 시황 저점 진입 가능성 | 성장자금형(positive): 매출 CAGR 6% + 마진 유지 · capex/매출 1.6%,0.02,company_history,,UNLISTED_BLIND,,,순부채/EBITDA 8.1x / 3년 순부채 +417억 vs EBITDA합 145억 / 매출 1원 성장에 순부채 7.01원 / 유동비율 29%
73.9,41.9,100,한국플랜트서비스(주),00806635,,false,건설업,종합 건설,WC_BURN(운전자본형),5193.6,0.234,650.3,0.125,1748.9,2.7,1.042,0.861,1048.4,3038,2.326,2.133,0,100,measured_cashbridge,2025,audit,358.5,167.2,214.4,,191.4,2797.3,1847.5,199.8,311.3,247,0.0476,op+dep,부실·리파이낸싱,부실·리파이낸싱(neutral): 레버리지·유동성 부담 — 구조적/일시적 판단 보류 | 성장자금형(positive): 매출 CAGR 23% + 마진 유지 · capex/매출 3.2% | 리캡(negative): 배당 214억 (매출의 4.1% · OCF의 60%) + 순부채 +200억 — 차입 배당 구조,0.1,company_history,,,,,"3년 순부채 +3,038억 vs EBITDA합 1,306억 / 매출 1원 성장에 순부채 2.13원 / 유동비율 86%"
73.9,79.8,32.1,(주)제주미래에너지,00837112,,false,도소매,도매·상품중개,REFI(롤오버형),446.2,-0.036,12.1,0.027,62.7,5.2,62.385,0.533,7.3,37.9,2.07,,22,40,measured_cashbridge,2025,audit,3.1,5.9,0.5,,-2.8,70,70,7.3,10.4,0,0,op+dep,부실·리파이낸싱,부실·리파이낸싱(negative): 구조적 악화 (영업적자 2/3년),0.016,company_history,,UNLISTED_BLIND,,,순부채/EBITDA 5.2x / 부채비율 6238% (3년 2541%p↑) / 3년 순부채 +38억 vs EBITDA합 18억 / 유동비율 53% / 현금/매출 2% / 영업적자 2/3년
73.9,68.3,52.7,동경철강(주),01037348,,false,제조업,금속가공제품,REFI(롤오버형),386.4,0.024,28.5,0.074,324.7,11.4,2.505,0.604,5.8,186.9,2.732,1.806,33,69,measured_cashbridge,2025,audit,14.1,3.1,,,11,330.5,295.2,1.2,11.8,3.5,0.0091,op+dep,부실·리파이낸싱,부실·리파이낸싱(neutral): 레버리지·유동성 부담 — 구조적/일시적 판단 보류,0.02,company_history,,UNLISTED_BLIND,,,순부채/EBITDA 11.4x / 부채비율 251% / 3년 순부채 +187억 vs EBITDA합 68억 / 매출 1원 성장에 순부채 1.81원 / 유동비율 60% / 현금/매출 2% / 현금 2년 연속 감소
73.8,62.1,63.3,(주)한양정밀,00162382,,false,제조업,자동차·트레일러,REFI(롤오버형),824.4,0.001,79,0.096,2019.5,25.6,1.159,0.32,0.4,1081.1,4.227,11.664,32,55,measured_cashbridge,2025,audit,123.1,14,,,109.1,2019.9,1211.3,950,1073.1,0,0,op+dep,부실·리파이낸싱,부실·리파이낸싱(neutral): 레버리지·유동성 부담 — 구조적/일시적 판단 보류,0.02,company_history,,UNLISTED_BLIND,,,"순부채/EBITDA 25.6x / 3년 순부채 +1,081억 vs EBITDA합 256억 / 매출 1원 성장에 순부채 11.66원 / 유동비율 32% / 현금/매출 0%"
73.8,47.3,90,(주)팜스디앤시,00545318,,false,정보통신,영상·오디오 제작·배급,DISTRESS(구조조정형),1928.2,2.306,338.7,0.176,891.8,2.6,3.481,2.084,173.1,1418.9,9.981,1.327,0,0,measured_cashbridge,2025,audit,631.3,8.4,,,622.9,1064.9,166.9,-639.4,-8.1,0,0,op+dep,성장,성장자금형(positive): 매출 CAGR 231% + 마진 유지 · capex/매출 0.4%,0.09,company_history,,UNLISTED_BLIND,,,"부채비율 348% (3년 254%p↑) / 3년 순부채 +1,419억 vs EBITDA합 142억 / 매출 1원 성장에 순부채 1.33원"
73.8,72.8,44.3,한샘유통(주),00822767,,false,도소매,소매(자동차 제외),REFI(롤오버형),560.9,-0.068,24,0.043,374,15.6,2.972,0.167,14.9,288.6,2.929,3.151,79,226,measured_cashbridge,2025,audit,6.3,49,,,-42.7,388.9,381.4,37.1,44,-0.6,0.0011,op+dep,부실·리파이낸싱,부실·리파이낸싱(negative): 구조적 악화 (영업적자 0/3년),0.012,company_history,,UNLISTED_BLIND,,,순부채/EBITDA 15.6x / 부채비율 297% (3년 123%p↑) / 3년 순부채 +289억 vs EBITDA합 99억 / 매출 1원 성장에 순부채 3.15원 / 유동비율 17% / 현금/매출 3%
73.8,62.5,62.5,(주)신평산업,00572589,,false,제조업,자동차·트레일러,DISTRESS(구조조정형),892.5,0.155,-140.7,-0.158,231.9,,2.62,0.546,111.4,117.9,1.197,0.876,0,0,measured_cashbridge,2025,audit,55.1,27,,,28.1,343.3,292.5,-20.3,34.5,0.3,0.0003,op+dep,부실·리파이낸싱,부실·리파이낸싱(positive): 레버리지 부담은 크나 매출 회복 + 마진 반등 — 시황 저점 진입 가능성 | 성장자금형(positive): 매출 CAGR 15% + 마진 유지 · capex/매출 3.0%,0.02,company_history,,UNLISTED_BLIND,,,EBITDA 적자 -141억 / 부채비율 262% (3년 54%p↑) / 3년 순부채 +118억 vs EBITDA합 99억 / 매출 1원 성장에 순부채 0.88원 / 유동비율 55%
73.8,68,52.7,(주)신흥운수,00840392,,false,운수·물류,육상운송·파이프라인,REFI(롤오버형),314,-0.012,28.9,0.092,197.6,6.8,3.925,0.951,11.1,83.7,1.035,3.029,48,126,measured_cashbridge,2025,audit,11.5,49.5,,,-38,208.7,8.7,104,185.8,-70.4,0.2241,op+dep,부실·리파이낸싱,부실·리파이낸싱(negative): 구조적 악화 (영업적자 1/3년),0.025,company_history,,UNLISTED_BLIND,,,순부채/EBITDA 6.8x / 부채비율 393% (3년 263%p↑) / 3년 순부채 +84억 vs EBITDA합 81억 / 매출 1원 성장에 순부채 3.03원 / 유동비율 95% / 현금/매출 4%
73.8,86.2,20,(주)선도,00872230,,false,제조업,의복·모피 제조,DISTRESS(구조조정형),331.6,-0.141,-24.1,-0.073,201.7,,2.402,0.806,0.3,15.4,3,,34,64,measured_cashbridge,2025,audit,10.8,5.9,,,4.9,202,186.4,-8.2,2.4,0.1,0.0004,op+dep,부실·리파이낸싱,부실·리파이낸싱(negative): 구조적 악화 (영업적자 2/3년),0.02,company_history,,DISTRESS_EVENT,,,EBITDA 적자 -24억 / 부채비율 240% (3년 84%p↑) / EBITDA마진 -2%→-7% / 3년 순부채 +15억 vs EBITDA합 -27억 / 유동비율 81% / 현금/매출 0% / 영업적자 2/3년
73.8,48.2,88.4,서울터널(주),00980609,,false,건설업,종합 건설,WC_BURN(운전자본형),535.4,0.122,476.4,0.89,3858.7,8.1,8.265,1.582,386.9,757.3,0.658,2.672,0,0,measured_cashbridge,2025,audit,204.9,0.1,,,204.8,4245.6,99.4,-194.1,110.9,-100,0.1868,op+dep,부실·리파이낸싱,부실·리파이낸싱(positive): 레버리지 부담은 크나 매출 회복 + 마진 반등 — 시황 저점 진입 가능성 | 성장자금형(positive): 매출 CAGR 12% + 마진 유지 · capex/매출 0.0%,0.1,company_history,,UNLISTED_BLIND,,,"순부채/EBITDA 8.1x / 부채비율 827% (3년 77%p↑) / 3년 순부채 +757억 vs EBITDA합 1,152억 / 매출 1원 성장에 순부채 2.67원 / 현금 2년 연속 감소"
73.8,76.6,37.5,(주)미니에너지,01786967,,false,도소매,소매(자동차 제외),REFI(롤오버형),480.3,,0,0,43.4,985.4,165.898,0.712,10.8,43.4,9.573,0.09,15,,netdebt_inferred,,,,,,,,,,,,,,,부실·리파이낸싱,부실·리파이낸싱(neutral): 레버리지·유동성 부담 — 구조적/일시적 판단 보류,0.013,company_history,55,DISTRESS_EVENT,,,순부채/EBITDA 985.4x / 부채비율 16590% (3년 16590%p↑) / 3년 순부채 +43억 vs EBITDA합 5억 / 유동비율 71% / 현금/매출 2%
73.7,70.4,48.2,던롭스포츠코리아(주),00922021,,false,도소매,도매·상품중개,REFI(롤오버형),1075.9,-0.088,33.1,0.031,233.2,7,2.696,1.286,41.8,277.3,0.472,1.304,246,778,measured_cashbridge,2025,audit,-144.8,4.2,95,,-149,275,275,248,103.3,0,0,op+dep,부실·리파이낸싱,부실·리파이낸싱(negative): 구조적 악화 (영업적자 0/3년) | 리캡(negative): 배당 95억 (매출의 8.8% · OCF 적자) + 순부채 +248억 — 차입 배당 구조,0.021,company_history,3,,,,순부채/EBITDA 7.0x / 부채비율 270% (3년 129%p↑) / EBITDA마진 14%→3% / 3년 순부채 +277억 vs EBITDA합 588억 / 매출 1원 성장에 순부채 1.30원 / 현금/매출 4% / 현금 2년 연속 감소 / 런웨이 3개월
73.7,81.5,27.9,"(주)피지티(PGTCo.,LTD)",01013612,,false,제조업,화학물질·화학제품,DISTRESS(구조조정형),401.4,0,-28.5,-0.071,669.1,,0.821,0.494,10.2,678.8,8.003,3.836,140,401,measured_cashbridge,2025,audit,93.6,188.4,,,-97.2,679.3,331,-13.7,123.3,-43.4,0.108,op+dep,부실·리파이낸싱,부실·리파이낸싱(negative): 구조적 악화 (영업적자 2/3년),0.02,company_history,,UNLISTED_BLIND,,,EBITDA 적자 -28억 / EBITDA마진 7%→-7% / 3년 순부채 +679억 vs EBITDA합 85억 / 매출 1원 성장에 순부채 3.84원 / 유동비율 49% / 현금/매출 3% / 현금 2년 연속 감소 / 영업적자 2/3년
73.7,83.3,25,(주)에스에이치비피,01085983,,false,제조업,자동차·트레일러,DISTRESS(구조조정형),316.7,-0.137,-29.5,-0.093,92.2,,10.595,0.759,23.2,19.4,0.434,,0,0,measured_cashbridge,2025,audit,18.6,0.5,,,18,115.5,93.2,-5,13.5,0,0,op+dep,부실·리파이낸싱,부실·리파이낸싱(negative): 구조적 악화 (영업적자 2/3년),0.02,company_history,,UNLISTED_BLIND,,,EBITDA 적자 -29억 / 부채비율 1059% (3년 638%p↑) / EBITDA마진 3%→-9% / 3년 순부채 +19억 vs EBITDA합 45억 / 유동비율 76% / 영업적자 2/3년
73.6,60.9,64.9,코닝정밀소재(주),00222781,,false,제조업,비금속 광물제품,REFI(롤오버형),16832.8,0.047,1492.2,0.089,19585.9,13.1,1.815,0.372,1337.5,5538.1,0.555,7.212,2186,7741,measured_cashbridge,2025,audit,2370.2,2361.9,850,,8.3,20923.4,20767.7,-2035.1,2936.1,-2601,0.1545,op+dep,부실·리파이낸싱,부실·리파이낸싱(neutral): 레버리지·유동성 부담 — 구조적/일시적 판단 보류,0.039,company_history,,,,,"순부채/EBITDA 13.1x / EBITDA마진 21%→9% / 3년 순부채 +5,538억 vs EBITDA합 9,975억 / 매출 1원 성장에 순부채 7.21원 / 유동비율 37%"
73.6,76.1,37.5,(주)서현기술단,00871541,,false,전문·과학·기술,건축기술·엔지니어링,DISTRESS(구조조정형),439.1,0.031,-54.7,-0.124,149.9,,1.618,0.638,4.6,101.7,0.798,1.036,79,206,measured_cashbridge,2025,audit,-58.7,4.8,0,,-63.6,154.5,,64.8,7,-1,0.0023,op+dep,부실·리파이낸싱,부실·리파이낸싱(neutral): 레버리지·유동성 부담 — 구조적/일시적 판단 보류,0.025,company_history,1,,,,EBITDA 적자 -55억 / EBITDA마진 9%→-12% / 3년 순부채 +102억 vs EBITDA합 127억 / 매출 1원 성장에 순부채 1.04원 / 유동비율 64% / 현금/매출 1% / 현금 2년 연속 감소 / 런웨이 1개월
73.6,64,59,기린정밀공업(주),00919814,,false,제조업,금속가공제품,TIGHT(유동성형),3083.6,0.093,86.4,0.028,487.1,5.6,7.036,0.362,22.8,37.9,3,0.09,72,126,measured_cashbridge,2025,audit,77,88.7,0,,-11.6,509.9,246.5,21.4,87.9,10.6,0.0034,op+dep,부실·리파이낸싱,부실·리파이낸싱(positive): 레버리지 부담은 크나 매출 회복 + 마진 반등 — 시황 저점 진입 가능성 | 성장자금형(positive): 매출 CAGR 9% + 마진 유지 · capex/매출 2.9%,0.02,company_history,,UNLISTED_BLIND,,,순부채/EBITDA 5.6x / 부채비율 704% (3년 65%p↑) / 3년 순부채 +38억 vs EBITDA합 -3억 / 유동비율 36% / 현금/매출 1%
73.6,65.8,56,(주)우리약품,01027138,,false,도소매,도매·상품중개,REFI(롤오버형),352.8,0.05,25.5,0.072,236.6,9.3,2.796,0.596,2.3,163.7,2.5,2.218,41,89,measured_cashbridge,2025,audit,-3.6,1.9,,,-5.5,238.9,228.4,8.9,5.3,0,0,op+dep,부실·리파이낸싱,부실·리파이낸싱(positive): 레버리지 부담은 크나 매출 회복 + 마진 반등 — 시황 저점 진입 가능성,0.008,company_history,8,UNLISTED_BLIND,,,순부채/EBITDA 9.3x / 부채비율 280% / 3년 순부채 +164억 vs EBITDA합 65억 / 매출 1원 성장에 순부채 2.22원 / 유동비율 60% / 현금/매출 1% / 런웨이 8개월
73.6,55.3,75,(주)골프존카운티,01304037,,false,예술·여가,스포츠·오락,REFI(롤오버형),2852.2,-0.027,814.5,0.286,7298.6,9,1.883,0.25,764.6,5116.9,1.05,20.075,0,0,measured_cashbridge,2025,audit,922.5,165.1,0,,284,8063.1,2145.7,-127.7,794.8,0,0,op+dep,부실·리파이낸싱,부실·리파이낸싱(negative): 구조적 악화 (영업적자 0/3년),0.092,company_history,,UNLISTED_BLIND,,,"순부채/EBITDA 9.0x / EBITDA마진 55%→29% / 3년 순부채 +5,117억 vs EBITDA합 4,872억 / 매출 1원 성장에 순부채 20.07원 / 유동비율 25%"
73.6,46.7,90.2,제이케이앤디(주),01554456,,false,제조업,의복·모피 제조,GROWTH(성장자금형),856.4,0.285,96.2,0.112,394,4.1,1.742,0.831,54.4,299.9,1.823,0.728,38,131,measured_cashbridge,2025,audit,6.6,10.7,,,-4.2,448.3,448.3,21.4,28.9,-0.9,0.0011,op+dep,부실·리파이낸싱,부실·리파이낸싱(positive): 레버리지 부담은 크나 매출 회복 + 마진 반등 — 시황 저점 진입 가능성 | 성장자금형(positive): 매출 CAGR 29% + 마진 유지 · capex/매출 1.2%,0.052,company_history,,UNLISTED_BLIND,,,순부채/EBITDA 4.1x / 3년 순부채 +300억 vs EBITDA합 165억 / 매출 1원 성장에 순부채 0.73원 / 유동비율 83%
73.5,71.7,45,비케이원(주),01664832,,false,도소매,소매(자동차 제외),REFI(롤오버형),580.2,,1.6,0.003,60.4,37.8,6.423,0.435,1.4,60.4,7.118,0.104,23,,netdebt_inferred,,,,,,,,,,,,,,,부실·리파이낸싱,부실·리파이낸싱(neutral): 레버리지·유동성 부담 — 구조적/일시적 판단 보류,0.008,company_history,9,DISTRESS_EVENT,,,순부채/EBITDA 37.8x / 부채비율 642% (3년 642%p↑) / 3년 순부채 +60억 vs EBITDA합 8억 / 유동비율 44% / 현금/매출 0% / 런웨이 9개월
73.5,71.8,44.6,농업회사법인(주)대경푸드빌,01647428,,false,전문·과학·기술,전문서비스업,REFI(롤오버형),336.9,,14.8,0.044,99.3,6.7,3.213,0.519,4.8,99.3,2.416,0.31,14,14,measured_cashbridge,2025,audit,3.4,2.2,,,1.2,,,,-2.7,,,op+dep,부실·리파이낸싱,부실·리파이낸싱(neutral): 레버리지·유동성 부담 — 구조적/일시적 판단 보류,0.025,company_history,,UNLISTED_BLIND,,,순부채/EBITDA 6.7x / 부채비율 321% (3년 321%p↑) / 3년 순부채 +99억 vs EBITDA합 41억 / 유동비율 52% / 현금/매출 1% / 현금 2년 연속 감소
73.5,66.3,54.7,(주)광진상공,00104111,,false,제조업,자동차·트레일러,REFI(롤오버형),3092,0.021,99.5,0.032,601.7,6,6.112,0.666,135,90.3,0.476,7.318,61,329,measured_cashbridge,2025,audit,45,92.1,23.5,,-47.1,736.7,643.2,124.8,136.2,33.7,0.0109,op+dep,부실·리파이낸싱,부실·리파이낸싱(positive): 레버리지 부담은 크나 매출 회복 + 마진 반등 — 시황 저점 진입 가능성,0.02,company_history,,UNLISTED_BLIND,,,순부채/EBITDA 6.0x / 부채비율 611% (3년 132%p↑) / 3년 순부채 +90억 vs EBITDA합 190억 / 매출 1원 성장에 순부채 7.32원 / 유동비율 67% / 현금/매출 4%
73.5,52.7,79.3,서영이앤티(주),00449634,,false,제조업,기타 기계·장비,REFI(롤오버형),2617.4,0.009,364.5,0.139,2095.9,5.8,2.753,0.767,185,362.6,2.15,,35,367,measured_cashbridge,2025,audit,229.8,133.9,157.5,,86.6,2280.9,979.3,216.8,538,-91.4,0.0349,op+dep,부실·리파이낸싱,부실·리파이낸싱(positive): 레버리지 부담은 크나 매출 회복 + 마진 반등 — 시황 저점 진입 가능성 | 리캡(negative): 배당 158억 (매출의 6.0% · OCF의 69%) + 순부채 +217억 — 차입 배당 구조 | 이벤트(neutral): 지분 인수·매각 — 승계·증여·분쟁 여부는 주주 레벨 사건이라 재무로 안 보임. 대주주 연령·지분율 개별 확인 필요,0.02,company_history,,UNLISTED_BLIND,,,순부채/EBITDA 5.8x / 부채비율 275% (3년 169%p↑) / 3년 순부채 +363억 vs EBITDA합 169억 / 유동비율 77%
73.5,62.8,61.1,(주)동희정공,00601766,,false,제조업,자동차·트레일러,REFI(롤오버형),2699.9,0.052,148.8,0.055,805.8,5.4,6.472,0.855,185.3,430.5,0.954,1.115,198,855,measured_cashbridge,2025,audit,31.2,293.3,,,-262.1,991.1,684.7,64.4,96.6,-0.9,0.0004,op+dep,부실·리파이낸싱,부실·리파이낸싱(neutral): 레버리지·유동성 부담 — 구조적/일시적 판단 보류 | 성장자금형(positive): 매출 CAGR 5% + 마진 유지 · capex/매출 10.9%,0.02,company_history,,UNLISTED_BLIND,,,순부채/EBITDA 5.4x / 부채비율 647% / 3년 순부채 +430억 vs EBITDA합 451억 / 매출 1원 성장에 순부채 1.11원 / 유동비율 86%
73.5,59.2,67.4,(주)동희산업,00601784,,false,제조업,자동차·트레일러,REFI(롤오버형),7194.4,0.007,584.6,0.081,3357.3,5.7,1.327,1.001,158.7,1851.4,1.553,1.382,273,845,measured_cashbridge,2025,audit,282.6,376.2,,,-93.6,3516,1952.3,444.2,325.8,401,0.0557,op+dep,부실·리파이낸싱,부실·리파이낸싱(positive): 레버리지 부담은 크나 매출 회복 + 마진 반등 — 시황 저점 진입 가능성,0.02,company_history,,UNLISTED_BLIND,,,"순부채/EBITDA 5.7x / 3년 순부채 +1,851억 vs EBITDA합 1,192억 / 매출 1원 성장에 순부채 1.38원 / 유동비율 100% / 현금/매출 2%"
73.5,85.6,19.8,마이스터모터스(주),00810300,,false,도소매,자동차·부품 판매,DISTRESS(구조조정형),911.2,-0.227,20.7,0.023,338.6,16.4,24.3,0.293,0.7,315.7,3,,4,4,measured_cashbridge,2025,audit,47.5,2.6,,,44.9,339.4,339.4,-44.1,3.4,0,0,op+dep,부실·리파이낸싱,부실·리파이낸싱(negative): 구조적 악화 (영업적자 1/3년),0.008,company_history,,UNLISTED_BLIND,,,순부채/EBITDA 16.4x / 부채비율 2430% (3년 1352%p↑) / 3년 순부채 +316억 vs EBITDA합 -31억 / 유동비율 29% / 현금/매출 0% / 현금 2년 연속 감소
73.5,54.7,75.6,(주)디랙스,01069374,,false,제조업,기타 제품 제조,REFI(롤오버형),761.6,0.054,84.6,0.111,586.9,6.9,1.601,0.523,80,331.4,1.351,1.257,61,222,measured_cashbridge,2025,audit,13.1,37.6,,,-24.5,666.9,570.8,72.1,3.3,81.9,0.1075,op+dep,부실·리파이낸싱,부실·리파이낸싱(neutral): 레버리지·유동성 부담 — 구조적/일시적 판단 보류 | 성장자금형(positive): 매출 CAGR 5% + 마진 유지 · capex/매출 4.9%,0.078,company_history,,UNLISTED_BLIND,,,순부채/EBITDA 6.9x / 3년 순부채 +331억 vs EBITDA합 245억 / 매출 1원 성장에 순부채 1.26원 / 유동비율 52%
73.5,71.6,45.1,(주)마리오트로닉스,01149759,,false,도소매,도매·상품중개,REFI(롤오버형),392.2,-0.012,25.9,0.066,509.6,19.7,2.479,0.387,20.6,343.7,2.814,3.275,74,222,measured_cashbridge,2025,audit,-1.9,40.6,5,,-42.5,530.2,335.1,44.8,45.5,-2.5,0.0065,op+dep,부실·리파이낸싱,부실·리파이낸싱(negative): 구조적 악화 (영업적자 0/3년),0.049,company_history,130,UNLISTED_BLIND,,,순부채/EBITDA 19.7x / 부채비율 248% (3년 92%p↑) / EBITDA마진 9%→7% / 3년 순부채 +344억 vs EBITDA합 122억 / 매출 1원 성장에 순부채 3.27원 / 유동비율 39%
73.5,68.8,50,진명산업(주),01213391,,false,제조업,자동차·트레일러,DISTRESS(구조조정형),683.3,0.099,-29,-0.042,360.9,,5.455,0.717,9.1,-52.6,-0.852,-0.312,5,,netdebt_inferred,,,,,,,,,,,,,,,부실·리파이낸싱,부실·리파이낸싱(neutral): 레버리지·유동성 부담 — 구조적/일시적 판단 보류 | 성장자금형(negative): 매출 CAGR 10% 인데 EBITDA마진 12.6%p 훼손 — 기존사업 하락을 외형성장으로 마스킹하는지 확인 필요,0.02,company_history,2,DISTRESS_EVENT,,,EBITDA 적자 -29억 / 부채비율 545% (3년 219%p↑) / EBITDA마진 8%→-4% / 유동비율 72% / 현금/매출 1% / 런웨이 2개월
73.5,73.2,42.2,조일로지스(주),01371710,,false,운수·물류,육상운송·파이프라인,DISTRESS(구조조정형),922.8,0.08,7.4,0.008,120.6,16.3,12.701,0.551,8.6,16.6,1.996,0.095,19,34,measured_cashbridge,2025,audit,7.9,0.6,,,7.4,129.2,129.2,-4.2,4.9,-1.2,0.0013,op+dep,부실·리파이낸싱,부실·리파이낸싱(positive): 레버리지 부담은 크나 매출 회복 + 마진 반등 — 시황 저점 진입 가능성 | 성장자금형(positive): 매출 CAGR 8% + 마진 유지 · capex/매출 0.1%,0.015,company_history,,UNLISTED_BLIND,,,순부채/EBITDA 16.3x / 부채비율 1270% (3년 796%p↑) / 3년 순부채 +17억 vs EBITDA합 8억 / 유동비율 55% / 현금/매출 1%
73.5,62.9,60.7,제주비케이(주),01386989,,false,도소매,도매·상품중개,TIGHT(유동성형),557,0.073,28.7,0.052,297.1,10.3,1.679,0.881,16.6,159,1.758,1.491,59,,netdebt_inferred,,,,,,,,,,,,,,,부실·리파이낸싱,부실·리파이낸싱(neutral): 레버리지·유동성 부담 — 구조적/일시적 판단 보류 | 성장자금형(positive): 매출 CAGR 7% + 마진 유지,0.008,company_history,,DISTRESS_EVENT,,,순부채/EBITDA 10.3x / 3년 순부채 +159억 vs EBITDA합 90억 / 매출 1원 성장에 순부채 1.49원 / 유동비율 88% / 현금/매출 3%
73.5,71.7,45,(주)모아상사,01503708,,false,도소매,도매·상품중개,REFI(롤오버형),1026.3,-0.088,8.8,0.009,186,21.1,2.865,0.438,1.7,126.6,2.112,,26,44,measured_cashbridge,2025,audit,15.9,8,,,7.9,187.8,187.8,-1.3,7.6,7,0.0069,op+dep,부실·리파이낸싱,부실·리파이낸싱(negative): 구조적 악화 (영업적자 0/3년),0.008,company_history,,UNLISTED_BLIND,,,순부채/EBITDA 21.1x / 부채비율 286% / 3년 순부채 +127억 vs EBITDA합 60억 / 유동비율 44% / 현금/매출 0%
73.4,78,33,(주)나라산업,01681431,,false,전기·가스·환경,폐기물 처리·자원재생,REFI(롤오버형),324.7,-0.112,9.8,0.03,243.6,24.9,10.189,0.051,1.4,139.9,4.705,,90,232,measured_cashbridge,2025,audit,-5.4,46.2,,,-51.6,245,194,43.6,46.4,-8.2,0.0253,op+dep,부실·리파이낸싱,부실·리파이낸싱(negative): 구조적 악화 (영업적자 0/3년),0.015,company_history,3,UNLISTED_BLIND,,,순부채/EBITDA 24.9x / 부채비율 1019% (3년 645%p↑) / 3년 순부채 +140억 vs EBITDA합 30억 / 유동비율 5% / 현금/매출 0% / 런웨이 3개월
73.4,68.4,50.6,고려특수선재(주),00102779,,false,제조업,1차 금속,REFI(롤오버형),2277.1,-0.111,125.6,0.055,1271.4,10.1,1.785,0.601,67.7,408.7,1.57,,88,322,measured_cashbridge,2025,audit,105.5,76.2,,,29.3,1339.1,1339.1,-47.8,-25,82.8,0.0363,op+dep,부실·리파이낸싱,부실·리파이낸싱(negative): 구조적 악화 (영업적자 2/3년),0.02,company_history,,UNLISTED_BLIND,,,순부채/EBITDA 10.1x / 3년 순부채 +409억 vs EBITDA합 260억 / 유동비율 60% / 현금/매출 3% / 영업적자 2/3년
73.4,57.6,70.1,남양넥스모(주),00107491,,false,제조업,자동차·트레일러,TIGHT(유동성형),7007.4,0.141,172.5,0.025,1592.6,9.2,2.689,0.713,192.1,238.6,0.57,0.135,281,927,measured_cashbridge,2025,audit,89.7,276.6,0,,-186.9,1784.6,1528.1,127.2,263.1,-46.2,0.0066,op+dep,부실·리파이낸싱,부실·리파이낸싱(positive): 레버리지 부담은 크나 매출 회복 + 마진 반등 — 시황 저점 진입 가능성 | 성장자금형(positive): 매출 CAGR 14% + 마진 유지 · capex/매출 3.9%,0.02,company_history,,,,,순부채/EBITDA 9.2x / 부채비율 269% (3년 115%p↑) / 3년 순부채 +239억 vs EBITDA합 418억 / 유동비율 71% / 현금/매출 3%
73.4,70.3,47.1,(주)원일사,00521664,,false,제조업,1차 금속,REFI(롤오버형),1129.3,-0.006,4.8,0.004,345.1,71.9,1.025,1.098,13.5,117.6,1.042,2.442,112,319,measured_cashbridge,2025,audit,-67.4,3,,,-70.4,358.6,328.2,64,-3.3,-0.1,0.0001,op+dep,부실·리파이낸싱,부실·리파이낸싱(negative): 구조적 악화 (영업적자 2/3년),0.02,company_history,2,UNLISTED_BLIND,,,순부채/EBITDA 71.9x / EBITDA마진 3%→0% / 3년 순부채 +118억 vs EBITDA합 113억 / 매출 1원 성장에 순부채 2.44원 / 유동비율 110% / 현금/매출 1% / 현금 2년 연속 감소 / 영업적자 2/3년 / 런웨이 2개월
73.4,45,92.5,포커스미디어코리아(주),01305434,,false,전문·과학·기술,전문서비스업,WC_BURN(운전자본형),725.7,0.186,372.9,0.514,183.4,0.5,2.664,0.879,173.9,559.3,0.634,1.999,0,0,measured_cashbridge,2025,audit,405.8,0.6,,,405.1,357.3,263.9,-373.4,-0.9,33.3,0.0459,op+dep,부실·리파이낸싱,부실·리파이낸싱(neutral): 레버리지·유동성 부담 — 구조적/일시적 판단 보류 | 성장자금형(negative): 매출 CAGR 19% 인데 EBITDA마진 5.9%p 훼손 — 기존사업 하락을 외형성장으로 마스킹하는지 확인 필요,0.025,company_history,,UNLISTED_BLIND,,,부채비율 266% (3년 142%p↑) / EBITDA마진 45%→51% / 3년 순부채 +559억 vs EBITDA합 883억 / 매출 1원 성장에 순부채 2.00원 / 유동비율 88%
73.4,67.4,52.1,한국항공서비스(주),01361786,,false,제조업,산업용기계·장비 수리,DISTRESS(구조조정형),776,0.373,27.3,0.035,204.4,7.5,0.979,0.829,140,346.6,3,1.505,0,60,measured_cashbridge,2025,audit,43,55.1,,,-20.6,344.4,344.4,-1.6,48.2,-6.9,0.0089,op+dep,부실·리파이낸싱,부실·리파이낸싱(negative): 구조적 악화 (영업적자 3/3년) | 성장자금형(positive): 매출 CAGR 37% + 마진 유지 · capex/매출 7.1%,0.1,company_history,,,,,순부채/EBITDA 7.5x / 3년 순부채 +347억 vs EBITDA합 -185억 / 매출 1원 성장에 순부채 1.50원 / 유동비율 83% / 영업적자 3/3년
73.3,79.5,30,(주)서울랜드,00160889,,false,예술·여가,스포츠·오락,DISTRESS(구조조정형),426.4,-0.051,-53.1,-0.125,223.7,,0.912,0.135,14.5,274,1.271,0.987,156,,netdebt_inferred,2025,audit,,28.9,,,,238.2,202,23.2,77.8,,,op+dep,부실·리파이낸싱,부실·리파이낸싱(negative): 구조적 악화 (영업적자 2/3년),0.034,company_history,3,UNLISTED_BLIND,,,EBITDA 적자 -53억 / EBITDA마진 13%→-12% / 3년 순부채 +274억 vs EBITDA합 216억 / 매출 1원 성장에 순부채 0.99원 / 유동비율 13% / 현금/매출 3% / 현금 2년 연속 감소 / 영업적자 2/3년 / 런웨이 3개월
73.3,61.6,62.5,(주)신흥건설,00870825,,false,건설업,종합 건설,WC_BURN(운전자본형),802.1,0.16,1.7,0.002,74.4,43.8,1.197,1.568,2.8,190,5.416,10.348,20,25,measured_cashbridge,2025,audit,7.7,0,,,7.7,77.2,76.8,-8.7,-0.7,-0.3,0.0003,op+dep,부실·리파이낸싱,부실·리파이낸싱(neutral): 레버리지·유동성 부담 — 구조적/일시적 판단 보류 | 성장자금형(positive): 매출 CAGR 16% + 마진 유지 · capex/매출 0.0%,0.025,company_history,,,,,순부채/EBITDA 43.8x / 3년 순부채 +190억 vs EBITDA합 35억 / 매출 1원 성장에 순부채 10.35원 / 현금/매출 0%
73.3,70.7,46,(주)은하수산,01142987,,false,도소매,도매·상품중개,DISTRESS(구조조정형),1447.6,0.018,55.2,0.038,432.8,7.8,2.758,0.775,56.6,224,10.054,,21,135,measured_cashbridge,2025,audit,-10.4,10.2,,,-20.6,489.4,456.3,37,48.3,-12.7,0.0088,op+dep,부실·리파이낸싱,부실·리파이낸싱(positive): 레버리지 부담은 크나 매출 회복 + 마진 반등 — 시황 저점 진입 가능성,0.008,company_history,65,DISTRESS_EVENT,,,순부채/EBITDA 7.8x / 부채비율 276% (3년 92%p↑) / 3년 순부채 +224억 vs EBITDA합 22억 / 유동비율 78% / 현금/매출 4% / 현금 2년 연속 감소
73.3,79.6,30,(주)아이작,01292167,,false,제조업,식료품 제조,DISTRESS(구조조정형),303.3,-0.056,-4.5,-0.015,71.3,,3.22,0.684,2,63.7,2.166,0.21,36,72,measured_cashbridge,2025,audit,-8.8,2.2,,,-10.9,73.3,68.8,7.6,-1,-0.2,0.0006,op+dep,부실·리파이낸싱,부실·리파이낸싱(negative): 구조적 악화 (영업적자 1/3년),0.02,company_history,3,,,,EBITDA 적자 -4억 / 부채비율 322% (3년 145%p↑) / EBITDA마진 3%→-1% / 3년 순부채 +64억 vs EBITDA합 29억 / 유동비율 68% / 현금/매출 1% / 런웨이 3개월
73.3,82.4,25,디에스홈센터유한회사,01466902,,false,도소매,도매·상품중개,REFI(롤오버형),340.7,-0.061,5.1,0.015,284.8,55.8,17.956,0.414,4.1,146.1,5.545,,68,175,measured_cashbridge,2025,audit,17.1,49.7,,,-32.6,288.8,242.6,31.2,45.3,3,0.0089,op+dep,부실·리파이낸싱,부실·리파이낸싱(negative): 구조적 악화 (영업적자 1/3년),0.008,company_history,,DISTRESS_EVENT,,,순부채/EBITDA 55.8x / 부채비율 1796% (3년 1408%p↑) / 3년 순부채 +146억 vs EBITDA합 26억 / 유동비율 41% / 현금/매출 1%
73.2,78,32.5,(주)큐브릿지,00381914,,false,도소매,소매(자동차 제외),DISTRESS(구조조정형),539.7,-0.124,-6.3,-0.012,-0.8,,22.357,0.993,0.8,35.9,16.231,,22,29,measured_cashbridge,2025,audit,1.5,1.9,,,-3.1,0,0,-88,6.5,-93,0.1723,op+dep,부실·리파이낸싱,부실·리파이낸싱(negative): 구조적 악화 (영업적자 2/3년),0.008,company_history,,UNLISTED_BLIND,,,EBITDA 적자 -6억 / 부채비율 2236% (3년 2702%p↑) / 3년 순부채 +36억 vs EBITDA합 2억 / 유동비율 99% / 현금/매출 0% / 현금 2년 연속 감소 / 영업적자 2/3년
73.2,85.3,19.2,선원건설(주),00415619,,false,건설업,종합 건설,DISTRESS(구조조정형),502.4,-0.471,-304.3,-0.606,133.6,,10.005,1.707,33.1,175.2,3,,0,23,measured_cashbridge,2025,audit,-3.3,1.2,,,-4.5,166.8,49.8,-11.6,-8.4,-6.5,0.0129,op+dep,부실·리파이낸싱,부실·리파이낸싱(negative): 구조적 악화 (영업적자 3/3년),0.025,company_history,120,DISTRESS_EVENT,,,EBITDA 적자 -304억 / 부채비율 1001% (3년 653%p↑) / EBITDA마진 -8%→-61% / 3년 순부채 +175억 vs EBITDA합 -322억 / 영업적자 3/3년
73.2,63.6,58.5,(주)영화수출포장,00449096,,false,제조업,펄프·종이 제조,REFI(롤오버형),396.3,0.041,33.7,0.085,402,11.9,1.478,0.415,6.6,161.9,1.331,81.763,285,826,measured_cashbridge,2025,audit,22.4,278,,,-255.6,408.6,160.8,40.1,50.5,12,0.0302,op+dep,부실·리파이낸싱,부실·리파이낸싱(neutral): 레버리지·유동성 부담 — 구조적/일시적 판단 보류,0.02,company_history,,UNLISTED_BLIND,,,순부채/EBITDA 11.9x / EBITDA마진 12%→9% / 3년 순부채 +162억 vs EBITDA합 122억 / 매출 1원 성장에 순부채 81.76원 / 유동비율 42% / 현금/매출 2%
73.2,89.2,12.3,(주)에스제이트랜드,00816447,,false,제조업,의복·모피 제조,DISTRESS(구조조정형),466.5,0.089,-110.1,-0.236,169.2,,-2.962,0.493,4.6,87.4,3,0.831,67,,netdebt_inferred,,,,,,,,,,,,,,,부실·리파이낸싱,부실·리파이낸싱(negative): 구조적 악화 (영업적자 1/3년 · 자본잠식) | 성장자금형(negative): 매출 CAGR 9% 인데 EBITDA마진 23.5%p 훼손 — 기존사업 하락을 외형성장으로 마스킹하는지 확인 필요,0.02,company_history,0,DISTRESS_EVENT,,,EBITDA 적자 -110억 / 자본잠식 / EBITDA마진 -0%→-24% / 3년 순부채 +87억 vs EBITDA합 -86억 / 매출 1원 성장에 순부채 0.83원 / 유동비율 49% / 현금/매출 1% / 현금 2년 연속 감소 / 런웨이 0개월
73.2,55.2,73.6,한국물류에스케이케이,01045912,,false,운수·물류,창고·운송관련 서비스,GROWTH(성장자금형),623.8,0.149,35.7,0.057,261,7.3,2.451,0.459,0.6,61.4,0.532,0.257,0,0,measured_cashbridge,2025,audit,49.5,18.7,,,30.8,261.6,83.6,91.8,99.5,41.8,0.067,op+dep,부실·리파이낸싱,부실·리파이낸싱(neutral): 레버리지·유동성 부담 — 구조적/일시적 판단 보류 | 성장자금형(negative): 매출 CAGR 15% 인데 EBITDA마진 2.0%p 훼손 — 기존사업 하락을 외형성장으로 마스킹하는지 확인 필요,0.015,company_history,,UNLISTED_BLIND,,,순부채/EBITDA 7.3x / 부채비율 245% / EBITDA마진 8%→6% / 3년 순부채 +61억 vs EBITDA합 115억 / 유동비율 46% / 현금/매출 0% / 현금 2년 연속 감소
73.2,71.3,44.5,(주)서우리테일,01174490,,false,도소매,소매(자동차 제외),REFI(롤오버형),654.6,0.043,19,0.029,573.5,30.2,3.623,0.163,3.7,143.8,54.029,,63,157,measured_cashbridge,2025,audit,4,8.3,,,-4.3,577.2,533.8,-5.5,11.3,-12.8,0.0195,op+dep,부실·리파이낸싱,부실·리파이낸싱(neutral): 레버리지·유동성 부담 — 구조적/일시적 판단 보류,0.008,company_history,,UNLISTED_BLIND,,,순부채/EBITDA 30.2x / 부채비율 362% / 3년 순부채 +144억 vs EBITDA합 3억 / 유동비율 16% / 현금/매출 1% / 현금 2년 연속 감소
73.2,63.1,59.1,한국넥슬렌유한회사,01075463,,false,제조업,화학물질·화학제품,REFI(롤오버형),4760.6,-0.004,283.4,0.06,4096.6,14.5,1.991,2.307,440.8,2704.6,1.508,,0,0,measured_cashbridge,2025,audit,787.3,132.9,,,634,4537.4,481.7,-707.6,155.4,-75.7,0.0159,op+dep,부실·리파이낸싱,부실·리파이낸싱(negative): 구조적 악화 (영업적자 0/3년),0.031,company_history,,UNLISTED_BLIND,,,"순부채/EBITDA 14.5x / EBITDA마진 13%→6% / 3년 순부채 +2,705억 vs EBITDA합 1,794억"
73.2,60.2,64.5,성우산업(주),01752155,,false,제조업,비금속 광물제품,GROWTH(성장자금형),359.5,2.122,24.5,0.068,183.6,7.5,3.548,0.278,1.7,141.6,3.133,0.341,78,191,measured_cashbridge,2025,audit,10,54.5,,,-44.5,185.3,165.3,42,48.9,3.1,0.0085,op+dep,부실·리파이낸싱,부실·리파이낸싱(neutral): 레버리지·유동성 부담 — 구조적/일시적 판단 보류 | 성장자금형(positive): 매출 CAGR 212% + 마진 유지 · capex/매출 15.2%,0.02,company_history,,UNLISTED_BLIND,,,순부채/EBITDA 7.5x / 부채비율 355% / 3년 순부채 +142억 vs EBITDA합 45억 / 유동비율 28% / 현금/매출 0%
73.2,64.2,57.3,(주)일흥건설,01756577,,false,건설업,종합 건설,REFI(롤오버형),331.3,,28.5,0.086,174.9,6.1,5.46,1.186,20.2,174.9,2.46,0.528,61,,netdebt_inferred,,,,,,,,,,,,,,,부실·리파이낸싱,부실·리파이낸싱(positive): 레버리지 부담은 크나 매출 회복 + 마진 반등 — 시황 저점 진입 가능성,0.061,company_history,,UNLISTED_BLIND,,,순부채/EBITDA 6.1x / 부채비율 546% (3년 546%p↑) / 3년 순부채 +175억 vs EBITDA합 71억 / 매출 1원 성장에 순부채 0.53원 / 유동비율 119% / 현금 2년 연속 감소
73.2,73.5,40.6,(주)자코모,01469875,,false,제조업,가구 제조,DISTRESS(구조조정형),1022,0.018,10.8,0.011,46.7,4.3,28.255,0.642,30,90.4,3,12.898,5,32,measured_cashbridge,2025,audit,20.2,26.8,,,-6.6,76.7,76.7,6.8,42,-15,0.0147,op+dep,부실·리파이낸싱,부실·리파이낸싱(neutral): 레버리지·유동성 부담 — 구조적/일시적 판단 보류,0.02,company_history,,UNLISTED_BLIND,,,순부채/EBITDA 4.3x / 부채비율 2825% (3년 3437%p↑) / 3년 순부채 +90억 vs EBITDA합 -52억 / 매출 1원 성장에 순부채 12.90원 / 유동비율 64% / 현금/매출 3%
73.1,79.1,30,농업회사법인(주)안성,00247319,,false,농림어업,농업,REFI(롤오버형),455.5,-0.022,9,0.02,834.8,92.8,1.894,0.227,3.3,519.6,1.377,13.059,35,74,measured_cashbridge,2025,audit,82.5,18.9,,,63.6,838.1,807.7,49.2,130.8,1,0.0021,op+dep,부실·리파이낸싱,부실·리파이낸싱(negative): 구조적 악화 (영업적자 2/3년),0.015,company_history,,UNLISTED_BLIND,,,순부채/EBITDA 92.8x / EBITDA마진 27%→2% / 3년 순부채 +520억 vs EBITDA합 377억 / 매출 1원 성장에 순부채 13.06원 / 유동비율 23% / 현금/매출 1% / 영업적자 2/3년
73.1,84.2,21,위블링,00973274,,false,제조업,인쇄·기록매체 복제,DISTRESS(구조조정형),333.5,-0.013,-3.3,-0.01,117.2,,12.251,0.397,11.5,138.6,3,1.705,20,43,measured_cashbridge,2025,audit,3.4,4.8,,,-1.4,128.8,100.3,-9.5,-16.7,10.6,0.0318,op+dep,부실·리파이낸싱,부실·리파이낸싱(negative): 구조적 악화 (영업적자 2/3년),0.02,company_history,,UNLISTED_BLIND,,,EBITDA 적자 -3억 / 부채비율 1225% (3년 1074%p↑) / 3년 순부채 +139억 vs EBITDA합 -10억 / 매출 1원 성장에 순부채 1.71원 / 유동비율 40% / 현금/매출 3% / 영업적자 2/3년
73.1,67.6,50.9,(주)디알종합건설,01227330,,false,건설업,종합 건설,REFI(롤오버형),358.6,-0.048,38.1,0.106,705.3,18.5,4.224,0.779,1.3,218.4,2.01,,89,,netdebt_inferred,,,,,,,,,,,,,,,부실·리파이낸싱,부실·리파이낸싱(negative): 구조적 악화 (영업적자 1/3년),0.025,company_history,3,DISTRESS_EVENT,,,순부채/EBITDA 18.5x / 부채비율 422% / 3년 순부채 +218억 vs EBITDA합 109억 / 유동비율 78% / 현금/매출 0% / 런웨이 3개월
73.1,69.4,47.5,롯데인프라셀,01854000,,false,제조업,1차 금속,DISTRESS(구조조정형),2507.2,,-247,-0.098,,,6.94,0.421,383.5,4646.9,3,2.798,73,787,measured_cashbridge,2025,audit,-185.3,165.5,,,-356.6,,,,328,,,op+dep,부실·리파이낸싱,부실·리파이낸싱(negative): 구조적 악화 (영업적자 2/3년),0.04,industry_band,25,UNLISTED_BLIND,,,"EBITDA 적자 -247억 / 부채비율 694% (3년 694%p↑) / 3년 순부채 +4,647억 vs EBITDA합 -257억 / 매출 1원 성장에 순부채 2.80원 / 유동비율 42% / 영업적자 2/3년"
73,49.9,82.3,(주)와마켓,01660340,,false,도소매,소매(자동차 제외),GROWTH(성장자금형),518.4,0.293,44.5,0.086,207.6,4.7,5.164,0.456,11.1,56.6,0.6,0.112,0,0,measured_cashbridge,2025,audit,37.3,0.8,,,36.5,218.7,33.7,-36.4,0.9,0,0,op+dep,부실·리파이낸싱,부실·리파이낸싱(positive): 레버리지 부담은 크나 매출 회복 + 마진 반등 — 시황 저점 진입 가능성 | 성장자금형(positive): 매출 CAGR 29% + 마진 유지 · capex/매출 0.2%,0.011,company_history,,,,,순부채/EBITDA 4.7x / 부채비율 516% (3년 25280%p↑) / 3년 순부채 +57억 vs EBITDA합 94억 / 유동비율 46% / 현금/매출 2%
73,77.6,32.5,알파(주),00482028,,false,도소매,도매·상품중개,REFI(롤오버형),849,-0.052,3.8,0.004,145.2,38.2,1.851,0.781,5.3,74.9,1.277,,80,210,measured_cashbridge,2025,audit,-24.9,28,,,-52.9,150.5,150.5,41.4,16.5,0,0,op+dep,부실·리파이낸싱,부실·리파이낸싱(negative): 구조적 악화 (영업적자 2/3년),0.008,company_history,3,UNLISTED_BLIND,,,순부채/EBITDA 38.2x / 3년 순부채 +75억 vs EBITDA합 59억 / 유동비율 78% / 현금/매출 1% / 현금 2년 연속 감소 / 영업적자 2/3년 / 런웨이 3개월
73,55.1,72.9,(주)신신사,00636744,,false,제조업,전기장비,TIGHT(유동성형),2331.2,0.181,69.1,0.03,138.5,2,6.829,0.704,62.2,424,1.001,0.641,32,119,measured_cashbridge,2025,audit,25.1,58.1,,,-49.7,200.7,,-8.2,136.1,-119.1,0.0511,op+dep,부실·리파이낸싱,부실·리파이낸싱(neutral): 레버리지·유동성 부담 — 구조적/일시적 판단 보류 | 성장자금형(positive): 매출 CAGR 18% + 마진 유지 · capex/매출 2.5%,0.02,company_history,,UNLISTED_BLIND,,,부채비율 683% (3년 555%p↑) / 3년 순부채 +424억 vs EBITDA합 424억 / 매출 1원 성장에 순부채 0.64원 / 유동비율 70% / 현금/매출 3%
73,72.5,41.6,인팩이피엠(주),00970851,,false,제조업,자동차·트레일러,REFI(롤오버형),2112.1,-0.061,53.6,0.025,649.1,12.1,3.164,0.541,4.7,322,10.634,1.064,178,459,measured_cashbridge,2025,audit,-55.7,29.5,5,,-85.2,653.7,502.6,76.3,20.6,0,0,op+dep,부실·리파이낸싱,부실·리파이낸싱(negative): 구조적 악화 (영업적자 1/3년),0.02,company_history,1,UNLISTED_BLIND,,,순부채/EBITDA 12.1x / 부채비율 316% / 3년 순부채 +322억 vs EBITDA합 30억 / 매출 1원 성장에 순부채 1.06원 / 유동비율 54% / 현금/매출 0% / 런웨이 1개월
73,64.8,55.3,(주)로지스퀘어,01232013,,false,운수·물류,육상운송·파이프라인,REFI(롤오버형),1341,0.05,2.1,0.002,176.8,84.2,3.915,0.556,20.7,24.7,0.55,0.4,86,258,measured_cashbridge,2025,audit,-43.1,22.3,,,-65.4,197.5,174.4,84.4,41.3,0,0,op+dep,부실·리파이낸싱,부실·리파이낸싱(neutral): 레버리지·유동성 부담 — 구조적/일시적 판단 보류 | 성장자금형(positive): 매출 CAGR 5% + 마진 유지 · capex/매출 1.7%,0.015,company_history,6,,,,순부채/EBITDA 84.2x / 부채비율 392% / 3년 순부채 +25억 vs EBITDA합 45억 / 유동비율 56% / 현금/매출 2% / 런웨이 6개월
73,87.7,14,(주)푸디버스,01449969,,false,도소매,도매·상품중개,DISTRESS(구조조정형),328.6,-0.27,-6.7,-0.02,54.8,,43.246,1.018,1.4,40.2,3,,3,,netdebt_inferred,,,,,,,,,,,,,,,부실·리파이낸싱,부실·리파이낸싱(negative): 구조적 악화 (영업적자 2/3년),0.008,company_history,2,UNLISTED_BLIND,,,EBITDA 적자 -7억 / 부채비율 4325% (3년 4227%p↑) / EBITDA마진 2%→-2% / 3년 순부채 +40억 vs EBITDA합 -28억 / 유동비율 102% / 현금/매출 0% / 영업적자 2/3년 / 런웨이 2개월
72.9,48.2,85,(주)데일리비어,01658169,,false,도소매,도매·상품중개,WC_BURN(운전자본형),339.5,0.185,61.2,0.18,210,3.4,1.568,0.923,75.7,376.6,1.888,1.833,0,0,measured_cashbridge,2025,audit,70.7,13.9,,,27.9,285.7,34.4,-45.7,35.4,-10.3,0.0305,op+dep,부실·리파이낸싱,부실·리파이낸싱(neutral): 레버리지·유동성 부담 — 구조적/일시적 판단 보류 | 성장자금형(negative): 매출 CAGR 19% 인데 EBITDA마진 6.3%p 훼손 — 기존사업 하락을 외형성장으로 마스킹하는지 확인 필요,0.062,company_history,,UNLISTED_BLIND,,,순부채/EBITDA 3.4x / EBITDA마진 24%→18% / 3년 순부채 +377억 vs EBITDA합 199억 / 매출 1원 성장에 순부채 1.83원 / 유동비율 92%
72.9,63.7,57.1,(주)동서기공,01213373,,false,제조업,기타 운송장비,REFI(롤오버형),307.7,0.059,27.1,0.088,206.7,7.6,1.386,0.391,21.8,565.3,2.848,0.866,27,82,measured_cashbridge,2025,audit,22.7,31,,,-8.3,228.6,209.1,2.5,27,-1.8,0.0058,op+dep,부실·리파이낸싱,부실·리파이낸싱(negative): 구조적 악화 (영업적자 2/3년) | 성장자금형(positive): 매출 CAGR 6% + 마진 유지 · capex/매출 10.1%,0.02,company_history,,UNLISTED_BLIND,,,순부채/EBITDA 7.6x / 3년 순부채 +565억 vs EBITDA합 198억 / 매출 1원 성장에 순부채 0.87원 / 유동비율 39% / 현금 2년 연속 감소 / 영업적자 2/3년
72.9,67.1,50.7,(주)코리아더커드,00604374,,false,제조업,식료품 제조,REFI(롤오버형),533.4,0.014,25.3,0.048,141,5.6,4.324,0.726,3,63.5,1.037,0.257,25,40,measured_cashbridge,2025,audit,17.7,13.8,,,3.9,144,116.9,-1.4,8.4,8,0.015,op+dep,부실·리파이낸싱,부실·리파이낸싱(positive): 레버리지 부담은 크나 매출 회복 + 마진 반등 — 시황 저점 진입 가능성,0.02,company_history,,UNLISTED_BLIND,,,순부채/EBITDA 5.6x / 부채비율 432% (3년 149%p↑) / 3년 순부채 +64억 vs EBITDA합 61억 / 유동비율 73% / 현금/매출 1% / 현금 2년 연속 감소
72.9,71.5,42.9,(주)유한팩,00612249,,false,제조업,화학물질·화학제품,REFI(롤오버형),482.4,0.068,3.9,0.008,145.5,37.3,4.867,0.408,11.5,31.9,0.661,0.396,26,62,measured_cashbridge,2025,audit,1.2,4.9,,,-3.8,157,141.8,6.1,11.9,-4.7,0.0097,op+dep,부실·리파이낸싱,부실·리파이낸싱(neutral): 레버리지·유동성 부담 — 구조적/일시적 판단 보류 | 성장자금형(negative): 매출 CAGR 7% 인데 EBITDA마진 2.8%p 훼손 — 기존사업 하락을 외형성장으로 마스킹하는지 확인 필요,0.02,company_history,,,,,순부채/EBITDA 37.3x / 부채비율 487% (3년 190%p↑) / EBITDA마진 4%→1% / 3년 순부채 +32억 vs EBITDA합 48억 / 유동비율 41% / 현금/매출 2%
72.9,44.1,92.4,(주)네오바이오텍,00652779,,false,제조업,의료·정밀·광학기기,GROWTH(성장자금형),1127.9,0.161,106.9,0.095,580.2,5.4,2.746,1.095,102.8,208,0.775,0.511,40,,netdebt_inferred,,,,,,,,,,,,,,,부실·리파이낸싱,부실·리파이낸싱(neutral): 레버리지·유동성 부담 — 구조적/일시적 판단 보류 | 성장자금형(positive): 매출 CAGR 16% + 마진 유지 | 이벤트(neutral): 합병 — 승계·증여·분쟁 여부는 주주 레벨 사건이라 재무로 안 보임. 대주주 연령·지분율 개별 확인 필요,0.083,company_history,,IN_MOTION,2025-07-01,[기재정정]주요사항보고서(유상증자결정),순부채/EBITDA 5.4x / 부채비율 275% (3년 92%p↑) / 3년 순부채 +208억 vs EBITDA합 268억 / 매출 1원 성장에 순부채 0.51원 / 유동비율 110%
72.9,93,4.2,에이치엔아이엔씨(주),00808156,,false,정보통신,출판업,DISTRESS(구조조정형),417.2,-0.448,-410.6,-0.984,582.9,,-1.473,0.274,10.9,164.1,3,,243,,netdebt_inferred,,,,,,,,,,,,,,,부실·리파이낸싱,부실·리파이낸싱(negative): 구조적 악화 (영업적자 2/3년 · 자본잠식),0.025,company_history,0,DISTRESS_EVENT,,,"EBITDA 적자 -411억 / 자본잠식 / EBITDA마진 -8%→-98% / 3년 순부채 +164억 vs EBITDA합 -1,035억 / 유동비율 27% / 현금/매출 3% / 현금 2년 연속 감소 / 영업적자 2/3년 / 런웨이 0개월"
72.9,65.5,53.7,(주)애즈랜드,01074844,,false,제조업,인쇄·기록매체 복제,REFI(롤오버형),310.8,0.003,27.3,0.088,205.5,7.5,2.466,0.144,6.3,101.2,1.377,1.593,19,29,measured_cashbridge,2025,audit,11,2.1,,,8.9,211.7,141.8,-13.4,-2.4,0,0,op+dep,부실·리파이낸싱,부실·리파이낸싱(neutral): 레버리지·유동성 부담 — 구조적/일시적 판단 보류,0.02,company_history,,UNLISTED_BLIND,,,순부채/EBITDA 7.5x / 부채비율 247% / 3년 순부채 +101억 vs EBITDA합 73억 / 매출 1원 성장에 순부채 1.59원 / 유동비율 14% / 현금/매출 2%
72.9,70.5,44.5,부경에너지(주),01085594,,false,도소매,도매·상품중개,REFI(롤오버형),904.5,0.028,12.6,0.014,163.7,13,2.459,0.614,4.6,75.7,1.945,1.065,27,,netdebt_inferred,,,,,,,,,,,,,,,부실·리파이낸싱,부실·리파이낸싱(neutral): 레버리지·유동성 부담 — 구조적/일시적 판단 보류,0.008,company_history,,DISTRESS_EVENT,,,순부채/EBITDA 13.0x / 부채비율 246% / 3년 순부채 +76억 vs EBITDA합 39억 / 매출 1원 성장에 순부채 1.06원 / 유동비율 61% / 현금/매출 1%
72.9,57.7,67.8,(주)와이엠개발,01332030,,false,건설업,전문직별 공사,WC_BURN(운전자본형),353.5,0.612,22.2,0.063,380.6,17.1,2.836,2.866,124.6,318.5,1.445,1.019,0,0,measured_cashbridge,2025,audit,120.7,1.1,,,119.6,505.1,175.7,-135.4,-14.7,0,0,op+dep,부실·리파이낸싱,부실·리파이낸싱(neutral): 레버리지·유동성 부담 — 구조적/일시적 판단 보류 | 성장자금형(negative): 매출 CAGR 61% 인데 EBITDA마진 3.6%p 훼손 — 기존사업 하락을 외형성장으로 마스킹하는지 확인 필요,0.025,company_history,,UNLISTED_BLIND,,,순부채/EBITDA 17.1x / 부채비율 284% / EBITDA마진 12%→6% / 3년 순부채 +318억 vs EBITDA합 220억 / 매출 1원 성장에 순부채 1.02원
72.9,68.5,48.3,(주)태남글로벌,01406335,,false,도소매,도매·상품중개,REFI(롤오버형),818.5,0.045,20,0.024,273.5,13.7,3.552,0.999,57.5,262.1,2.514,2.05,37,186,measured_cashbridge,2025,audit,-33.2,13.9,2,,-47.1,330.9,315.9,48.7,16,-0.6,0.0007,op+dep,부실·리파이낸싱,부실·리파이낸싱(neutral): 레버리지·유동성 부담 — 구조적/일시적 판단 보류,0.016,company_history,21,UNLISTED_BLIND,,,순부채/EBITDA 13.7x / 부채비율 355% / 3년 순부채 +262억 vs EBITDA합 104억 / 매출 1원 성장에 순부채 2.05원 / 유동비율 100% / 런웨이 21개월
72.9,45.3,90,(주)하고하우스,01743856,,false,제조업,가죽·가방·신발 제조,DISTRESS(구조조정형),2201.4,1.186,491.1,0.223,273.2,0.6,3.195,1.02,400.3,625,3,1.223,0,0,measured_cashbridge,2025,audit,362.1,118.9,,,243.2,673.5,673.5,-86.5,382.7,-107.1,0.0486,op+dep,성장,성장자금형(positive): 매출 CAGR 119% + 마진 유지 · capex/매출 5.4%,0.02,company_history,,,,,부채비율 320% (3년 1228%p↑) / 3년 순부채 +625억 vs EBITDA합 -42억 / 매출 1원 성장에 순부채 1.22원 / 유동비율 102%
72.8,42.5,94.6,칸플랜트(주),01656347,,false,제조업,기타 운송장비,GROWTH(성장자금형),1244.1,1.196,127,0.102,367.1,2.9,3.039,1.084,7.8,318.4,1.139,0.283,91,,netdebt_inferred,,,,,,,,,,,,,,,성장,성장자금형(positive): 매출 CAGR 120% + 마진 유지,0.02,company_history,,DISTRESS_EVENT,,,부채비율 304% / 3년 순부채 +318억 vs EBITDA합 279억 / 유동비율 108% / 현금/매출 1% / 현금 2년 연속 감소
72.8,74.2,37.5,신광약품(주),00182553,,false,도소매,도매·상품중개,REFI(롤오버형),697.6,-0.094,12.3,0.018,108.5,8.8,5.407,1.087,0.9,47.6,1.769,,16,16,measured_cashbridge,2025,audit,10.5,0,,,10.5,109.3,92.2,-11,-0.5,0,0,op+dep,부실·리파이낸싱,부실·리파이낸싱(negative): 구조적 악화 (영업적자 0/3년),0.008,company_history,,UNLISTED_BLIND,,,순부채/EBITDA 8.8x / 부채비율 541% / 3년 순부채 +48억 vs EBITDA합 27억 / 유동비율 109% / 현금/매출 0% / 현금 2년 연속 감소
72.8,68.4,48.2,(주)일화,00146694,,false,제조업,음료 제조,REFI(롤오버형),2985.4,0.002,14.8,0.005,552.3,37.3,0.898,1.051,197.8,488.1,2.249,1.308,157,709,measured_cashbridge,2025,audit,-30.4,179.6,,,-210,750.1,658.2,-19.1,-54.5,5,0.0017,op+dep,부실·리파이낸싱,부실·리파이낸싱(neutral): 레버리지·유동성 부담 — 구조적/일시적 판단 보류,0.027,company_history,78,UNLISTED_BLIND,,,순부채/EBITDA 37.3x / EBITDA마진 4%→1% / 3년 순부채 +488억 vs EBITDA합 217억 / 매출 1원 성장에 순부채 1.31원 / 유동비율 105%
72.8,47.2,86.4,(주)한국일보사,00159050,,false,정보통신,출판업,REFI(롤오버형),1385.8,0.061,163.6,0.118,1456.9,8.9,0.579,0.612,178.7,551.8,1.161,1.571,0,0,measured_cashbridge,2025,audit,211.1,58.3,,,118.4,1635.6,1497,-534.8,-38.4,-285.3,0.2058,op+dep,부실·리파이낸싱,부실·리파이낸싱(neutral): 레버리지·유동성 부담 — 구조적/일시적 판단 보류 | 성장자금형(positive): 매출 CAGR 6% + 마진 유지 · capex/매출 4.2%,0.025,company_history,,UNLISTED_BLIND,,,순부채/EBITDA 8.9x / 3년 순부채 +552억 vs EBITDA합 475억 / 매출 1원 성장에 순부채 1.57원 / 유동비율 61%
72.8,68.2,48.3,(주)모팜,00528436,,false,제조업,자동차·트레일러,DISTRESS(구조조정형),908.3,0.054,63.2,0.07,413.8,6.5,4.127,0.658,12,20.8,3,0.411,48,126,measured_cashbridge,2025,audit,15.7,18.5,,,-2.8,425.8,374.6,-4.3,21.1,-9.7,0.0107,op+dep,부실·리파이낸싱,부실·리파이낸싱(negative): 구조적 악화 (영업적자 2/3년) | 성장자금형(positive): 매출 CAGR 5% + 마진 유지 · capex/매출 2.0%,0.02,company_history,,UNLISTED_BLIND,,,순부채/EBITDA 6.5x / 부채비율 413% (3년 73%p↑) / 3년 순부채 +21억 vs EBITDA합 -150억 / 유동비율 66% / 현금/매출 1% / 영업적자 2/3년
72.8,70.8,43.9,(주)하이시스이엔지,00624013,,false,제조업,금속가공제품,REFI(롤오버형),544.3,0.024,6.1,0.011,183.8,30.1,1.481,1.055,4.7,86.5,1.779,0.693,47,111,measured_cashbridge,2025,audit,-20.9,0.6,2.7,,-21.5,188.5,76,36.1,15.2,0,0,op+dep,부실·리파이낸싱,부실·리파이낸싱(neutral): 레버리지·유동성 부담 — 구조적/일시적 판단 보류,0.02,company_history,3,,,,순부채/EBITDA 30.1x / 3년 순부채 +86억 vs EBITDA합 49억 / 매출 1원 성장에 순부채 0.69원 / 유동비율 106% / 현금/매출 1% / 현금 2년 연속 감소 / 런웨이 3개월
72.8,54,73.8,(주)우신화장품,00812654,,false,제조업,화학물질·화학제품,GROWTH(성장자금형),491.4,0.188,40.6,0.083,323.3,8,2.273,0.82,48.6,127.3,1.903,0.644,119,370,measured_cashbridge,2025,audit,43.2,166.8,,,-123.6,371.9,130.9,133.6,174,2.7,0.0055,op+dep,부실·리파이낸싱,부실·리파이낸싱(positive): 레버리지 부담은 크나 매출 회복 + 마진 반등 — 시황 저점 진입 가능성 | 성장자금형(positive): 매출 CAGR 19% + 마진 유지 · capex/매출 33.9%,0.07,company_history,,UNLISTED_BLIND,,,순부채/EBITDA 8.0x / 부채비율 227% / 3년 순부채 +127억 vs EBITDA합 67억 / 매출 1원 성장에 순부채 0.64원 / 유동비율 82%
72.8,85.9,16.5,STX마린서비스(주),00884633,,false,도소매,도매·상품중개,DISTRESS(구조조정형),1926.2,0.117,-211.9,-0.11,1290.7,,-9.998,0.927,86.8,862.6,3,1.59,278,,netdebt_inferred,,,,,,,,,,,,,,,부실·리파이낸싱,부실·리파이낸싱(negative): 구조적 악화 (영업적자 2/3년 · 자본잠식) | 성장자금형(negative): 매출 CAGR 12% 인데 EBITDA마진 15.0%p 훼손 — 기존사업 하락을 외형성장으로 마스킹하는지 확인 필요,0.018,company_history,4,DISTRESS_EVENT,,,EBITDA 적자 -212억 / 자본잠식 / EBITDA마진 4%→-11% / 3년 순부채 +863억 vs EBITDA합 -149억 / 매출 1원 성장에 순부채 1.59원 / 유동비율 93% / 현금/매출 5% / 영업적자 2/3년 / 런웨이 4개월
72.8,55.1,71.9,(주)키프코전자항공,00916455,,false,제조업,전자부품·컴퓨터·통신장비,GROWTH(성장자금형),620.3,0.142,34.2,0.055,235.6,6.9,3.819,0.748,139.5,61.4,0.613,0.494,0,128,measured_cashbridge,2025,audit,-16.5,32.8,,,-57,375.2,252.4,11.6,48.6,11.5,0.0185,op+dep,부실·리파이낸싱,부실·리파이낸싱(positive): 레버리지 부담은 크나 매출 회복 + 마진 반등 — 시황 저점 진입 가능성 | 성장자금형(positive): 매출 CAGR 14% + 마진 유지 · capex/매출 5.3%,0.02,company_history,101,,,,순부채/EBITDA 6.9x / 부채비율 382% (3년 96%p↑) / 3년 순부채 +61억 vs EBITDA합 100억 / 유동비율 75%
72.8,90.6,8.2,(주)이노피아테크,00964461,,false,정보통신,컴퓨터 프로그래밍·SI,DISTRESS(구조조정형),508.9,-0.117,-133.2,-0.262,221.2,,-17.095,0.808,12.2,31.6,3,,71,,netdebt_inferred,,,,,,,,,,,,,,,부실·리파이낸싱,부실·리파이낸싱(negative): 구조적 악화 (영업적자 2/3년 · 자본잠식),0.025,company_history,1,DISTRESS_EVENT,,,EBITDA 적자 -133억 / 자본잠식 / EBITDA마진 2%→-26% / 3년 순부채 +32억 vs EBITDA합 -143억 / 유동비율 81% / 현금/매출 2% / 영업적자 2/3년 / 런웨이 1개월
72.8,64.5,54.9,(주)윌앤비전,01081312,,false,사업지원·임대,사업지원 서비스,REFI(롤오버형),2196,0.047,31.4,0.014,273.4,8.7,3.304,0.8,43.8,171.5,1.648,0.431,0,0,measured_cashbridge,2025,audit,35.7,6.5,0,,29.2,317.2,141.2,-7.1,25.6,3,0.0014,op+dep,부실·리파이낸싱,부실·리파이낸싱(neutral): 레버리지·유동성 부담 — 구조적/일시적 판단 보류,0.015,company_history,,UNLISTED_BLIND,,,순부채/EBITDA 8.7x / 부채비율 330% / 3년 순부채 +171억 vs EBITDA합 104억 / 유동비율 80% / 현금/매출 2%
72.8,54.9,72.3,에스케이플라즈마(주),01079210,,false,제조업,의료용물질·의약품,WC_BURN(운전자본형),2189.7,0.139,108.5,0.05,3671.2,33.8,1.656,1.394,646.4,938.6,2.781,0.923,2101,7278,measured_cashbridge,2025,audit,-682,1716.8,45.8,,-2410.7,4317.6,1321.7,2337.6,1935.9,-16.9,0.0077,op+dep,부실·리파이낸싱,부실·리파이낸싱(neutral): 레버리지·유동성 부담 — 구조적/일시적 판단 보류 | 성장자금형(positive): 매출 CAGR 14% + 마진 유지 · capex/매출 78.4% | 리캡(negative): 배당 46억 (매출의 2.1% · OCF 적자) + 순부채 +2338억 — 차입 배당 구조 | 이벤트(neutral): 지분 인수·매각 — 승계·증여·분쟁 여부는 주주 레벨 사건이라 재무로 안 보임. 대주주 연령·지분율 개별 확인 필요,0.072,company_history,11,IN_MOTION,2025-04-09,[기재정정]주요사항보고서(유상증자결정),순부채/EBITDA 33.8x / 3년 순부채 +939억 vs EBITDA합 338억 / 매출 1원 성장에 순부채 0.92원 / 런웨이 11개월
72.8,60.8,61.7,(주)에스엠씨티,01140156,,false,제조업,자동차·트레일러,TIGHT(유동성형),366.6,0.167,15.5,0.042,117.4,7.6,6.977,0.646,0.4,37.8,0.986,0.152,37,72,measured_cashbridge,2025,audit,-0.7,6.9,,,-7.7,117.8,97.2,6.1,7.3,2.1,0.0057,op+dep,부실·리파이낸싱,부실·리파이낸싱(neutral): 레버리지·유동성 부담 — 구조적/일시적 판단 보류 | 성장자금형(positive): 매출 CAGR 17% + 마진 유지 · capex/매출 1.9%,0.02,company_history,7,UNLISTED_BLIND,,,순부채/EBITDA 7.6x / 부채비율 698% (3년 82%p↑) / 3년 순부채 +38억 vs EBITDA합 38억 / 유동비율 65% / 현금/매출 0% / 런웨이 7개월
72.8,51.8,78,티에스모스트(주),01327117,,false,제조업,금속가공제품,TIGHT(유동성형),1562,0.327,72.6,0.047,284.4,3.9,2.158,0.778,18.5,240.2,1.521,0.414,2,2,measured_cashbridge,2025,audit,88.2,59.7,,,27.3,303,301,-8.8,59.8,19.6,0.0126,op+dep,부실·리파이낸싱,부실·리파이낸싱(neutral): 레버리지·유동성 부담 — 구조적/일시적 판단 보류 | 성장자금형(positive): 매출 CAGR 33% + 마진 유지 · capex/매출 3.8%,0.02,company_history,,UNLISTED_BLIND,,,순부채/EBITDA 3.9x / 부채비율 216% / 3년 순부채 +240억 vs EBITDA합 158억 / 유동비율 78% / 현금/매출 1%
72.8,68,48.6,가온브로드밴드(주),01490370,,false,제조업,전자부품·컴퓨터·통신장비,REFI(롤오버형),2188.9,-0.021,142.8,0.065,743.1,5.2,2.575,1.116,53.8,663,3,,0,0,measured_cashbridge,2025,audit,217.6,49.9,,,164.6,797,795.1,-64.7,51.5,101.4,0.0463,op+dep,부실·리파이낸싱,부실·리파이낸싱(negative): 구조적 악화 (영업적자 2/3년),0.024,company_history,,UNLISTED_BLIND,,,순부채/EBITDA 5.2x / 부채비율 258% (3년 138%p↑) / 3년 순부채 +663억 vs EBITDA합 -244억 / 유동비율 112% / 현금/매출 2% / 영업적자 2/3년
72.7,58.5,65.5,이코리아산업(주),00510932,,false,제조업,전자부품·컴퓨터·통신장비,REFI(롤오버형),957.2,0.05,75.8,0.079,898.7,11.9,2.305,0.129,28.7,403,1.758,,143,439,measured_cashbridge,2025,audit,95.8,158.4,0,,-62.6,927.3,914.3,73,138.8,30,0.0313,op+dep,부실·리파이낸싱,부실·리파이낸싱(neutral): 레버리지·유동성 부담 — 구조적/일시적 판단 보류,0.02,company_history,,UNLISTED_BLIND,,,순부채/EBITDA 11.9x / 부채비율 230% (3년 48%p↑) / 3년 순부채 +403억 vs EBITDA합 229억 / 유동비율 13% / 현금/매출 3%
72.7,68.3,48,한성수산식품(주),01012358,,false,제조업,식료품 제조,REFI(롤오버형),511.8,0.051,0.7,0.001,67.4,96.3,7.071,1.089,0.1,29.7,0.916,0.381,5,5,measured_cashbridge,2025,audit,17.9,1.5,,,16.4,67.5,15.5,-16.4,1.5,0,0,op+dep,부실·리파이낸싱,부실·리파이낸싱(neutral): 레버리지·유동성 부담 — 구조적/일시적 판단 보류 | 성장자금형(negative): 매출 CAGR 5% 인데 EBITDA마진 2.2%p 훼손 — 기존사업 하락을 외형성장으로 마스킹하는지 확인 필요,0.02,company_history,,,,,순부채/EBITDA 96.3x / 부채비율 707% / EBITDA마진 2%→0% / 3년 순부채 +30억 vs EBITDA합 32억 / 유동비율 109% / 현금/매출 0%
72.7,53.8,73.9,울산피피(주),01373480,,false,제조업,화학물질·화학제품,DISTRESS(구조조정형),3619.7,0.041,435.6,0.12,2440.2,5.6,4.381,0.422,0.6,-747.6,0,-0.394,0,0,measured_cashbridge,2025,audit,147.3,6.1,,,135.8,2440.8,407.8,-132.7,14.6,0,0,op+dep,부실·리파이낸싱,부실·리파이낸싱(negative): 구조적 악화 (영업적자 2/3년),0.02,company_history,,UNLISTED_BLIND,,,순부채/EBITDA 5.6x / 부채비율 438% (3년 206%p↑) / 유동비율 42% / 현금/매출 0% / 현금 2년 연속 감소 / 영업적자 2/3년
72.6,68.8,46.6,선인자동차(주),00161620,,false,도소매,자동차·부품 판매,REFI(롤오버형),2861.6,-0.036,72.2,0.025,954.9,13.2,1.613,0.727,119.7,988.8,4.46,,0,0,measured_cashbridge,2025,audit,358.8,60,8.4,,298.8,1074.6,1049.7,-213.2,145.6,0,0,op+dep,부실·리파이낸싱,부실·리파이낸싱(negative): 구조적 악화 (영업적자 0/3년),0.015,company_history,,UNLISTED_BLIND,,,순부채/EBITDA 13.2x / 3년 순부채 +989억 vs EBITDA합 222억 / 유동비율 73% / 현금/매출 4% / 현금 2년 연속 감소
72.6,67.9,48.1,오진상사(주),00141945,,false,도소매,도매·상품중개,REFI(롤오버형),3012.1,-0.003,66.3,0.022,963,14.5,1.491,0.897,20.8,367.4,2.136,,71,210,measured_cashbridge,2025,audit,2.4,12,,,-9.6,983.7,747.1,217.9,264.7,-44.5,0.0148,op+dep,부실·리파이낸싱,부실·리파이낸싱(negative): 구조적 악화 (영업적자 0/3년),0.008,company_history,,UNLISTED_BLIND,,,순부채/EBITDA 14.5x / 3년 순부채 +367억 vs EBITDA합 172억 / 유동비율 90% / 현금/매출 1% / 현금 2년 연속 감소
72.6,58.1,66,모멘티브퍼포먼스머티리얼스코리아(주),00615103,,false,도소매,도매·상품중개,REFI(롤오버형),947.7,-0.028,109,0.115,2240.3,20.5,1.508,0.124,37.6,481.2,1.877,,154,,netdebt_inferred,,,,,,,,,,,,,,,부실·리파이낸싱,부실·리파이낸싱(negative): 구조적 악화 (영업적자 0/3년) | 이벤트(neutral): 합병 — 승계·증여·분쟁 여부는 주주 레벨 사건이라 재무로 안 보임. 대주주 연령·지분율 개별 확인 필요,0.034,company_history,13,UNLISTED_BLIND,,,순부채/EBITDA 20.5x / 3년 순부채 +481억 vs EBITDA합 256억 / 유동비율 12% / 현금/매출 4% / 런웨이 13개월
72.6,55.6,70.3,(주)코리아하이텍,00973955,,false,제조업,전기장비,TIGHT(유동성형),2305,0.131,69.8,0.03,443.2,6.3,2.118,0.971,2.9,214.2,1.263,0.443,126,291,measured_cashbridge,2025,audit,-9.6,28.3,0,,-37.8,446.1,446.1,38.7,12,17.1,0.0074,op+dep,부실·리파이낸싱,부실·리파이낸싱(neutral): 레버리지·유동성 부담 — 구조적/일시적 판단 보류 | 성장자금형(positive): 매출 CAGR 13% + 마진 유지 · capex/매출 1.2%,0.02,company_history,4,UNLISTED_BLIND,,,순부채/EBITDA 6.3x / 부채비율 212% / 3년 순부채 +214억 vs EBITDA합 170억 / 유동비율 97% / 현금/매출 0% / 런웨이 4개월
72.6,68,48,(주)서울푸드시스템,01382345,,false,도소매,소매(자동차 제외),REFI(롤오버형),655.2,0.051,5.4,0.008,135.4,25.1,2.694,0.561,13.1,49.8,2.099,0.228,28,70,measured_cashbridge,2025,audit,4,17.8,,,-13.8,148.5,92.9,16.5,21.2,-0.7,0.0011,op+dep,부실·리파이낸싱,부실·리파이낸싱(neutral): 레버리지·유동성 부담 — 구조적/일시적 판단 보류 | 성장자금형(positive): 매출 CAGR 5% + 마진 유지 · capex/매출 2.7%,0.008,company_history,,UNLISTED_BLIND,,,순부채/EBITDA 25.1x / 부채비율 269% (3년 47%p↑) / 3년 순부채 +50억 vs EBITDA합 24억 / 유동비율 56% / 현금/매출 2% / 현금 2년 연속 감소
72.6,78,30,(주)신진미트,01475724,,false,도소매,도매·상품중개,REFI(롤오버형),305.3,-0.027,5.3,0.017,90.8,17.1,9.367,1.106,6.7,112.6,13.761,,35,,netdebt_inferred,2025,audit,42.1,,,,,97.5,97.5,-42.1,-2.9,2.9,0.0095,op+dep,부실·리파이낸싱,부실·리파이낸싱(negative): 구조적 악화 (영업적자 0/3년),0.008,company_history,,UNLISTED_BLIND,,,순부채/EBITDA 17.1x / 부채비율 937% (3년 534%p↑) / 3년 순부채 +113억 vs EBITDA합 8억 / 유동비율 111% / 현금/매출 2%
72.6,74.9,35.7,(주)강동물류,01741168,,false,운수·물류,창고·운송관련 서비스,REFI(롤오버형),500.6,0.002,3.4,0.007,31.2,9.2,7.367,1.087,0.7,36.8,977.612,0.067,23,30,measured_cashbridge,2025,audit,-1.7,0.1,,,-1.7,31.9,14.9,-5.6,-7.3,0,0,op+dep,부실·리파이낸싱,부실·리파이낸싱(neutral): 레버리지·유동성 부담 — 구조적/일시적 판단 보류,0.015,company_history,5,UNLISTED_BLIND,,,순부채/EBITDA 9.2x / 부채비율 737% (3년 261%p↑) / 3년 순부채 +37억 vs EBITDA합 0억 / 유동비율 109% / 현금/매출 0% / 현금 2년 연속 감소 / 런웨이 5개월
72.5,66.3,50.8,(주)에코아이티,01579482,,false,정보통신,컴퓨터 프로그래밍·SI,TIGHT(유동성형),527.8,0.1,11.8,0.022,55.1,4.7,4.712,0.921,4.5,26.6,4.463,0.131,34,72,measured_cashbridge,2025,audit,-7.1,5.7,,,-12.7,59.6,59.6,26,18.9,0,0,op+dep,부실·리파이낸싱,부실·리파이낸싱(positive): 레버리지 부담은 크나 매출 회복 + 마진 반등 — 시황 저점 진입 가능성 | 성장자금형(positive): 매출 CAGR 10% + 마진 유지 · capex/매출 1.1%,0.025,company_history,8,UNLISTED_BLIND,,,순부채/EBITDA 4.7x / 부채비율 471% (3년 160%p↑) / 3년 순부채 +27억 vs EBITDA합 6억 / 유동비율 92% / 현금/매출 1% / 런웨이 8개월
72.5,72.8,39.1,(주)정석케미칼,00201070,,false,제조업,화학물질·화학제품,DISTRESS(구조조정형),731.6,-0.03,42.9,0.059,496.4,11.6,1.766,0.662,51.2,414,3,3.083,165,527,measured_cashbridge,2025,audit,53.3,208.3,,,-155,547.7,237.6,73.5,200.4,-73.6,0.1007,op+dep,부실·리파이낸싱,부실·리파이낸싱(negative): 구조적 악화 (영업적자 2/3년),0.051,company_history,,UNLISTED_BLIND,,,순부채/EBITDA 11.6x / 3년 순부채 +414억 vs EBITDA합 -77억 / 매출 1원 성장에 순부채 3.08원 / 유동비율 66% / 현금 2년 연속 감소 / 영업적자 2/3년
72.5,77.8,30,(주)서린에너지,01477227,,false,도소매,도매·상품중개,DISTRESS(구조조정형),489.5,-0.146,-1.7,-0.003,46.3,,7.632,0.673,4.5,3.3,0.256,,26,48,measured_cashbridge,2025,audit,-7.2,0.1,,,-7.3,50.7,45.8,7.9,0.3,0.4,0.0008,op+dep,부실·리파이낸싱,부실·리파이낸싱(negative): 구조적 악화 (영업적자 1/3년),0.008,company_history,8,,,,EBITDA 적자 -2억 / 부채비율 763% (3년 199%p↑) / 3년 순부채 +3억 vs EBITDA합 13억 / 유동비율 67% / 현금/매출 1% / 현금 2년 연속 감소 / 런웨이 8개월
72.5,74.2,36.5,(주)몬즈컴퍼니,01557921,,false,도소매,도매·상품중개,REFI(롤오버형),777.8,0.007,3.8,0.005,36.3,9.6,127.57,0.776,1.4,4.2,3,0.264,1,,netdebt_inferred,,,,,,,,,,,,,,,부실·리파이낸싱,부실·리파이낸싱(neutral): 레버리지·유동성 부담 — 구조적/일시적 판단 보류,0.008,company_history,,UNLISTED_BLIND,,,순부채/EBITDA 9.6x / 부채비율 12757% (3년 12215%p↑) / 3년 순부채 +4억 vs EBITDA합 -0억 / 유동비율 78% / 현금/매출 0%
72.5,71.7,41.1,(주)교림유통,01566822,,false,도소매,소매(자동차 제외),REFI(롤오버형),465.2,0.044,11.8,0.025,117.4,10,4.907,0.914,1.7,52.5,1.873,0.922,18,,netdebt_inferred,,,,,,,,,,,,,,,부실·리파이낸싱,부실·리파이낸싱(neutral): 레버리지·유동성 부담 — 구조적/일시적 판단 보류,0.008,company_history,,DISTRESS_EVENT,,,순부채/EBITDA 10.0x / 부채비율 491% / 3년 순부채 +52억 vs EBITDA합 28억 / 매출 1원 성장에 순부채 0.92원 / 유동비율 91% / 현금/매출 0%
72.4,72.7,38.7,(주)에스디하이텍,01630534,,false,제조업,자동차·트레일러,REFI(롤오버형),398,0.019,18.5,0.047,138.8,7.5,8.857,0.46,2.4,36.3,1.827,,47,105,measured_cashbridge,2025,audit,1.1,20.9,,,-19.8,141.1,93.1,5.9,13.2,-6.2,0.0156,op+dep,부실·리파이낸싱,부실·리파이낸싱(positive): 레버리지 부담은 크나 매출 회복 + 마진 반등 — 시황 저점 진입 가능성,0.02,company_history,,UNLISTED_BLIND,,,순부채/EBITDA 7.5x / 부채비율 886% (3년 522%p↑) / 3년 순부채 +36억 vs EBITDA합 20억 / 유동비율 46% / 현금/매출 1%
72.4,46,86.7,(주)서진캠,00361345,,false,제조업,자동차·트레일러,TIGHT(유동성형),4235.2,0.1,423.6,0.1,2627.7,6.2,1.71,0.626,36.4,522.3,0.397,0.495,167,,netdebt_inferred,,,,,,,,,,,,,,,부실·리파이낸싱,부실·리파이낸싱(neutral): 레버리지·유동성 부담 — 구조적/일시적 판단 보류 | 성장자금형(positive): 매출 CAGR 10% + 마진 유지 | 이벤트(neutral): 합병 — 승계·증여·분쟁 여부는 주주 레벨 사건이라 재무로 안 보임. 대주주 연령·지분율 개별 확인 필요,0.02,company_history,,UNLISTED_BLIND,,,"순부채/EBITDA 6.2x / 3년 순부채 +522억 vs EBITDA합 1,316억 / 유동비율 63% / 현금/매출 1%"
72.4,52.2,75.6,제이씨엔울산중앙방송,00368861,,false,정보통신,방송업,REFI(롤오버형),801.7,0.035,133.5,0.167,682.3,5.1,3.959,0.804,58.5,85.2,0.168,1.122,0,0,measured_cashbridge,2025,audit,89.5,58.3,4.2,,31.2,740.9,90.9,-24.2,61.8,3.6,0.0044,op+dep,부실·리파이낸싱,부실·리파이낸싱(neutral): 레버리지·유동성 부담 — 구조적/일시적 판단 보류,0.04,company_history,,,,,순부채/EBITDA 5.1x / 부채비율 396% / EBITDA마진 24%→17% / 3년 순부채 +85억 vs EBITDA합 509억 / 매출 1원 성장에 순부채 1.12원 / 유동비율 80%
72.4,63.7,54.8,(주)우신버스,00249654,,false,운수·물류,육상운송·파이프라인,REFI(롤오버형),375,0.002,34.4,0.092,156.8,4.6,8.945,0.523,86.5,132.2,3.374,3.154,0,63,measured_cashbridge,2025,audit,6.7,21.9,,,-15.2,243.3,233.3,-31.8,-55.2,30.1,0.0803,op+dep,부실·리파이낸싱,부실·리파이낸싱(negative): 구조적 악화 (영업적자 2/3년),0.015,company_history,,UNLISTED_BLIND,,,순부채/EBITDA 4.6x / 부채비율 894% (3년 715%p↑) / 3년 순부채 +132억 vs EBITDA합 39억 / 매출 1원 성장에 순부채 3.15원 / 유동비율 52% / 영업적자 2/3년
72.4,78.3,28.7,(주)삼양스틸,00763589,,false,제조업,금속가공제품,DISTRESS(구조조정형),692.4,-0.012,7,0.01,109,15.6,3.925,1.195,23.3,75.3,3,,0,0,measured_cashbridge,2025,audit,31.4,2.3,,,29.1,132.3,123.6,-24.2,2.2,5,0.0073,op+dep,부실·리파이낸싱,부실·리파이낸싱(negative): 구조적 악화 (영업적자 2/3년),0.02,company_history,,UNLISTED_BLIND,,,순부채/EBITDA 15.6x / 부채비율 392% (3년 137%p↑) / 3년 순부채 +75억 vs EBITDA합 -16억 / 유동비율 119% / 현금/매출 3% / 영업적자 2/3년
72.4,43.8,90.8,(주)세프라,00767035,,false,제조업,화학물질·화학제품,GROWTH(성장자금형),2655.4,0.229,237.2,0.089,781.8,3.3,9.583,0.454,86.4,155.3,0.731,0.347,0,0,measured_cashbridge,2025,audit,423.9,74.9,2.6,,349,868.2,868.2,23,268.1,178.8,0.0673,op+dep,부실·리파이낸싱,부실·리파이낸싱(positive): 레버리지 부담은 크나 매출 회복 + 마진 반등 — 시황 저점 진입 가능성 | 성장자금형(positive): 매출 CAGR 23% + 마진 유지 · capex/매출 2.8%,0.02,company_history,,UNLISTED_BLIND,,,순부채/EBITDA 3.3x / 부채비율 958% / 3년 순부채 +155억 vs EBITDA합 212억 / 유동비율 45% / 현금/매출 3%
72.4,51.9,76.1,(주)데어리젠,00965886,,false,제조업,식료품 제조,GROWTH(성장자금형),682.9,0.147,45.8,0.067,211.3,4.6,4.203,0.817,44.6,118.7,1.048,0.535,18,98,measured_cashbridge,2025,audit,18.9,46,2.6,,-27.1,256,140.6,-29.6,11.4,-22,0.0322,op+dep,부실·리파이낸싱,부실·리파이낸싱(neutral): 레버리지·유동성 부담 — 구조적/일시적 판단 보류 | 성장자금형(positive): 매출 CAGR 15% + 마진 유지 · capex/매출 6.7%,0.02,company_history,,UNLISTED_BLIND,,,순부채/EBITDA 4.6x / 부채비율 420% / 3년 순부채 +119억 vs EBITDA합 113억 / 매출 1원 성장에 순부채 0.53원 / 유동비율 82%
72.3,39.4,98.1,한국렌탈(주),00157292,,false,사업지원·임대,임대업(부동산 제외),WC_BURN(운전자본형),2668.3,0.137,1022.3,0.383,2556.5,2.5,2.337,0.527,543.2,933.2,0.325,1.41,7,713,measured_cashbridge,2025,audit,-102.3,12.4,0,,-114.7,3099.7,2385.2,389,260.5,26.2,0.0098,op+dep,부실·리파이낸싱,부실·리파이낸싱(neutral): 레버리지·유동성 부담 — 구조적/일시적 판단 보류 | 성장자금형(negative): 매출 CAGR 14% 인데 EBITDA마진 11.2%p 훼손 — 기존사업 하락을 외형성장으로 마스킹하는지 확인 필요,0.074,company_history,64,,,,"부채비율 234% (3년 59%p↑) / EBITDA마진 50%→38% / 3년 순부채 +933억 vs EBITDA합 2,868억 / 매출 1원 성장에 순부채 1.41원 / 유동비율 53%"
72.3,48.5,81.8,(주)우신세이프티시스템,00113988,,false,제조업,자동차·트레일러,GROWTH(성장자금형),1931.9,0.168,114.7,0.059,649.2,5.7,5.625,0.7,1,145.6,0.54,0.154,5,5,measured_cashbridge,2025,audit,208.1,131,,,74.1,650.1,587,-64.6,141.2,2.3,0.0012,op+dep,부실·리파이낸싱,부실·리파이낸싱(neutral): 레버리지·유동성 부담 — 구조적/일시적 판단 보류 | 성장자금형(positive): 매출 CAGR 17% + 마진 유지 · capex/매출 6.8%,0.02,company_history,,UNLISTED_BLIND,,,순부채/EBITDA 5.7x / 부채비율 562% / 3년 순부채 +146억 vs EBITDA합 270억 / 유동비율 70% / 현금/매출 0%
72.3,59.7,61.7,(주)이씨오,00610144,,false,정보통신,출판업,REFI(롤오버형),402.6,0.051,36.6,0.091,303.5,8.3,4.956,0.465,59.6,136.4,1.455,2.392,14,95,measured_cashbridge,2025,audit,27,33.5,,,-6.6,363.1,357.1,6,33,0,0,op+dep,부실·리파이낸싱,부실·리파이낸싱(positive): 레버리지 부담은 크나 매출 회복 + 마진 반등 — 시황 저점 진입 가능성 | 성장자금형(positive): 매출 CAGR 5% + 마진 유지 · capex/매출 8.3%,0.079,company_history,,UNLISTED_BLIND,,,순부채/EBITDA 8.3x / 부채비율 496% / 3년 순부채 +136억 vs EBITDA합 94억 / 매출 1원 성장에 순부채 2.39원 / 유동비율 47%
72.3,63.9,54.2,(주)에이치엘엠씨,00688808,,false,도소매,소매(자동차 제외),DISTRESS(구조조정형),391.1,0.144,-10.1,-0.026,539,,0.963,0.54,27.4,74,1.678,0.529,255,779,measured_cashbridge,2025,audit,-49.7,178.6,,,-228.2,566.5,423.8,242.5,193.5,-0.6,0.0016,op+dep,부실·리파이낸싱,부실·리파이낸싱(neutral): 레버리지·유동성 부담 — 구조적/일시적 판단 보류 | 성장자금형(positive): 매출 CAGR 14% + 마진 유지 · capex/매출 45.7%,0.025,company_history,7,,,,EBITDA 적자 -10억 / 3년 순부채 +74억 vs EBITDA합 44억 / 매출 1원 성장에 순부채 0.53원 / 유동비율 54% / 런웨이 7개월
72.3,49.3,80.4,(주)유승종합건설,00787206,,false,건설업,종합 건설,REFI(롤오버형),1708.8,0.042,184.1,0.108,2295.4,12.5,1.668,23.23,1099.7,3168.4,4.779,,0,0,measured_cashbridge,2025,audit,719.7,9.1,,,710.7,3395.1,100.4,-397.2,63.2,259.3,0.1517,op+dep,부실·리파이낸싱,부실·리파이낸싱(neutral): 레버리지·유동성 부담 — 구조적/일시적 판단 보류,0.025,company_history,,,,,"순부채/EBITDA 12.5x / EBITDA마진 23%→11% / 3년 순부채 +3,168억 vs EBITDA합 663억"
72.3,62.9,55.8,(주)거상,00820574,,false,도소매,도매·상품중개,REFI(롤오버형),1399.3,0.026,46.8,0.034,217.5,4.6,16.883,0.771,97.6,127.7,0.88,1.025,0,0,measured_cashbridge,2025,audit,62.5,0.7,,,61.8,315.1,259,-30.7,24.8,7,0.005,op+dep,부실·리파이낸싱,부실·리파이낸싱(neutral): 레버리지·유동성 부담 — 구조적/일시적 판단 보류,0.008,company_history,,UNLISTED_BLIND,,,순부채/EBITDA 4.6x / 부채비율 1688% (3년 1117%p↑) / 3년 순부채 +128억 vs EBITDA합 145억 / 매출 1원 성장에 순부채 1.02원 / 유동비율 77%
72.3,51.1,77.4,(주)에이치앤에스티,00929291,,false,제조업,자동차·트레일러,GROWTH(성장자금형),323.9,0.198,30.6,0.095,198.3,6.5,3.367,0.723,24.7,56.1,0.777,0.318,25,78,measured_cashbridge,2025,audit,-0.7,8.8,,,-9.6,223.1,170.9,21.3,12.4,8.1,0.025,op+dep,부실·리파이낸싱,부실·리파이낸싱(neutral): 레버리지·유동성 부담 — 구조적/일시적 판단 보류 | 성장자금형(positive): 매출 CAGR 20% + 마진 유지 · capex/매출 2.7%,0.072,company_history,423,UNLISTED_BLIND,,,순부채/EBITDA 6.5x / 부채비율 337% (3년 54%p↑) / 3년 순부채 +56억 vs EBITDA합 72억 / 유동비율 72%
72.3,61.9,57.6,대한오케이스틸(주),00965202,,false,제조업,1차 금속,REFI(롤오버형),1053.4,0.016,46.6,0.044,399,8.6,2.393,0.992,26.8,238.9,2.053,0.837,25,85,measured_cashbridge,2025,audit,3.5,7.3,,,-3.8,425.8,265.2,10.4,16.2,-2.4,0.0022,op+dep,부실·리파이낸싱,부실·리파이낸싱(positive): 레버리지 부담은 크나 매출 회복 + 마진 반등 — 시황 저점 진입 가능성,0.02,company_history,,UNLISTED_BLIND,,,순부채/EBITDA 8.6x / 부채비율 239% / 3년 순부채 +239억 vs EBITDA합 116억 / 매출 1원 성장에 순부채 0.84원 / 유동비율 99% / 현금/매출 3%
72.3,72,39.6,(주)자연에너지,01079344,,false,도소매,소매(자동차 제외),REFI(롤오버형),320.4,0.038,7.6,0.024,96.2,12.7,7.736,0.517,3.2,25.2,1.216,0.247,34,68,measured_cashbridge,2025,audit,-1.9,7.1,,,-9.1,99.4,99.4,2.9,1,0,0,op+dep,부실·리파이낸싱,부실·리파이낸싱(positive): 레버리지 부담은 크나 매출 회복 + 마진 반등 — 시황 저점 진입 가능성,0.008,company_history,20,UNLISTED_BLIND,,,순부채/EBITDA 12.7x / 부채비율 774% (3년 139%p↑) / 3년 순부채 +25억 vs EBITDA합 21억 / 유동비율 52% / 현금/매출 1% / 현금 2년 연속 감소 / 런웨이 20개월
72.3,52.7,74.3,엘지마그나이파워트레인(주),01576810,,false,제조업,전기장비,WC_BURN(운전자본형),11778.5,0.108,1259.3,0.107,4640.8,3.7,1.538,0.804,825.2,6098.3,4.538,0.719,0,0,measured_cashbridge,2025,audit,2513.8,1185.9,,,1190.5,5466,3032.7,-1062.8,1270.4,180.6,0.0153,op+dep,부실·리파이낸싱,부실·리파이낸싱(positive): 레버리지 부담은 크나 매출 회복 + 마진 반등 — 시황 저점 진입 가능성 | 성장자금형(positive): 매출 CAGR 11% + 마진 유지 · capex/매출 10.1%,0.03,company_history,,UNLISTED_BLIND,,,"순부채/EBITDA 3.7x / 3년 순부채 +6,098억 vs EBITDA합 1,344억 / 매출 1원 성장에 순부채 0.72원 / 유동비율 80% / 현금 2년 연속 감소"
72.3,78.7,27.5,(주)거성씨푸드,01747764,,false,도소매,도매·상품중개,DISTRESS(구조조정형),363.2,,-13.8,-0.038,68.6,,5.621,0.469,0.4,68.6,3,0.189,28,,netdebt_inferred,,,,,,,,,,,,,,,부실·리파이낸싱,부실·리파이낸싱(negative): 구조적 악화 (영업적자 2/3년),0.015,industry_band,0,UNLISTED_BLIND,,,EBITDA 적자 -14억 / 부채비율 562% (3년 562%p↑) / 3년 순부채 +69억 vs EBITDA합 -20억 / 유동비율 47% / 현금/매출 0% / 영업적자 2/3년 / 런웨이 0개월
72.2,66.5,49.2,(주)오동,01660854,,false,도소매,소매(자동차 제외),REFI(롤오버형),498.2,-0.024,41.8,0.084,446.5,10.7,2.739,0.081,10.9,223.1,1.533,14.007,27,63,measured_cashbridge,2025,audit,29.5,17.5,,,12,457.4,367.4,-7.5,19.2,2.8,0.0057,op+dep,부실·리파이낸싱,부실·리파이낸싱(negative): 구조적 악화 (영업적자 0/3년),0.011,company_history,,UNLISTED_BLIND,,,순부채/EBITDA 10.7x / 부채비율 274% (3년 63%p↑) / 3년 순부채 +223억 vs EBITDA합 146억 / 매출 1원 성장에 순부채 14.01원 / 유동비율 8% / 현금/매출 2%
72.2,68.8,45,(주)메가마트,00108250,,false,도소매,소매(자동차 제외),REFI(롤오버형),7400.8,-0.077,142.3,0.019,3846.6,27,3.582,0.621,1001.9,200.8,0.613,,0,585,measured_cashbridge,2025,audit,244,435.4,19,,-242.2,4848.5,2888.6,154.5,468.1,-69.5,0.0094,op+dep,부실·리파이낸싱,부실·리파이낸싱(negative): 구조적 악화 (영업적자 2/3년),0.008,company_history,,,,,순부채/EBITDA 27.0x / 부채비율 358% (3년 107%p↑) / 3년 순부채 +201억 vs EBITDA합 327억 / 유동비율 62% / 영업적자 2/3년
72.2,77.8,28.7,(주)게스템프카테크,00225326,,false,제조업,자동차·트레일러,DISTRESS(구조조정형),620.4,-0.012,-20.3,-0.033,47.2,,0.7,0.738,63.2,177,3,1.522,83,250,measured_cashbridge,2025,audit,-36.8,36,,,-72.8,110.3,110.3,81.1,36,8.3,0.0133,op+dep,부실·리파이낸싱,부실·리파이낸싱(negative): 구조적 악화 (영업적자 3/3년),0.1,company_history,21,,,,EBITDA 적자 -20억 / EBITDA마진 -0%→-3% / 3년 순부채 +177억 vs EBITDA합 -0억 / 매출 1원 성장에 순부채 1.52원 / 유동비율 74% / 현금 2년 연속 감소 / 영업적자 3/3년 / 런웨이 21개월
72.2,72,39.3,(주)프라스테크,00591946,,false,제조업,고무·플라스틱제품,DISTRESS(구조조정형),520.8,-0.008,-2.8,-0.005,257.9,,1.761,0.664,16.5,73.3,1.073,1.195,45,128,measured_cashbridge,2025,audit,-10.3,5.9,0.6,,-16.2,274.4,245.4,15,4.7,0,0.0001,op+dep,부실·리파이낸싱,부실·리파이낸싱(negative): 구조적 악화 (영업적자 1/3년),0.02,company_history,19,,,,EBITDA 적자 -3억 / EBITDA마진 4%→-1% / 3년 순부채 +73억 vs EBITDA합 68억 / 매출 1원 성장에 순부채 1.20원 / 유동비율 66% / 현금/매출 3% / 런웨이 19개월
72.2,68.8,45,대양판지(주),00622723,,false,제조업,펄프·종이 제조,DISTRESS(구조조정형),1119.3,-0.022,-40.5,-0.036,385.6,,7.819,0.393,27,-68.4,-0.497,,71,221,measured_cashbridge,2025,audit,11.7,41.9,,,-35.1,412.6,400,-8.6,4.2,-1.1,0.001,op+dep,부실·리파이낸싱,부실·리파이낸싱(negative): 구조적 악화 (영업적자 2/3년),0.02,company_history,,,,,EBITDA 적자 -40억 / 부채비율 782% (3년 582%p↑) / EBITDA마진 5%→-4% / 유동비율 39% / 현금/매출 2% / 영업적자 2/3년
72.2,89.2,8.3,중아건설(주),00814661,,false,건설업,종합 건설,DISTRESS(구조조정형),315.8,-0.002,-24,-0.076,117.5,,-31.341,0.858,0.7,40.6,3,,27,,netdebt_inferred,,,,,,,,,,,,,,,부실·리파이낸싱,부실·리파이낸싱(negative): 구조적 악화 (영업적자 1/3년 · 자본잠식),0.025,company_history,0,UNLISTED_BLIND,,,EBITDA 적자 -24억 / 자본잠식 / EBITDA마진 -2%→-8% / 3년 순부채 +41억 vs EBITDA합 -8억 / 유동비율 86% / 현금/매출 0% / 현금 2년 연속 감소 / 런웨이 0개월
72.2,67.5,47.1,(주)무진오토,00820282,,false,제조업,고무·플라스틱제품,TIGHT(유동성형),846.4,0.08,4.3,0.005,66.1,15.4,18.838,0.805,1.4,-31.5,-1.597,-0.152,12,12,measured_cashbridge,2025,audit,16.1,4.2,,,11.9,67.6,58.7,-9.3,6.8,0,0,op+dep,부실·리파이낸싱,부실·리파이낸싱(negative): 구조적 악화 (영업적자 2/3년),0.02,company_history,,,,,순부채/EBITDA 15.4x / 부채비율 1884% (3년 419%p↑) / 유동비율 80% / 현금/매출 0% / 현금 2년 연속 감소 / 영업적자 2/3년
72.2,75.1,33.6,대홍코스텍(주),00868778,,false,제조업,1차 금속,REFI(롤오버형),350.2,0.002,13.3,0.038,209.5,15.8,3.851,0.461,11.6,41.9,2.932,9.443,36,90,measured_cashbridge,2025,audit,-4.6,1.9,,,-6.5,221.1,206.5,4.5,-3.4,3.4,0.0096,op+dep,부실·리파이낸싱,부실·리파이낸싱(positive): 레버리지 부담은 크나 매출 회복 + 마진 반등 — 시황 저점 진입 가능성,0.02,company_history,30,UNLISTED_BLIND,,,순부채/EBITDA 15.8x / 부채비율 385% / 3년 순부채 +42억 vs EBITDA합 14억 / 매출 1원 성장에 순부채 9.44원 / 유동비율 46% / 현금/매출 3% / 현금 2년 연속 감소
72.2,53.5,72.5,삼척블루파워(주),00896559,,false,전기·가스·환경,전기·가스·증기 공급,DISTRESS(구조조정형),3835.8,,3163.7,0.53,8496.7,2.7,5.182,0.684,2684.3,27074,9.592,4.539,0,0,measured_cashbridge,2025,api,2607.5,451.2,,,2156.3,11181.1,5795.8,-1091.3,451.5,1632,0.4255,unavailable,부실·리파이낸싱,부실·리파이낸싱(negative): 구조적 악화 (영업적자 2/3년),0.03,industry_band,,RECENTLY_FUNDED,2026-02-25,투자설명서,"부채비율 518% (3년 280%p↑) / 3년 순부채 +2.7조 vs EBITDA합 2,823억 / 매출 1원 성장에 순부채 4.54원 / 유동비율 68% / 영업적자 2/3년"
72.2,78.2,28,파인건설(주),01020807,,false,건설업,종합 건설,REFI(롤오버형),1700.1,-0.151,18.6,0.011,297.3,16,2.13,0.978,48.1,223.8,3,,70,223,measured_cashbridge,2025,audit,-46.3,0,,,-46.3,345.5,198.5,20.6,-45.5,19.7,0.0116,op+dep,부실·리파이낸싱,부실·리파이낸싱(negative): 구조적 악화 (영업적자 1/3년),0.025,company_history,12,UNLISTED_BLIND,,,순부채/EBITDA 16.0x / 부채비율 213% (3년 161%p↑) / 3년 순부채 +224억 vs EBITDA합 -306억 / 유동비율 98% / 현금/매출 3% / 현금 2년 연속 감소 / 런웨이 12개월
72.2,82.6,20,아이배냇(주),01293652,,false,도소매,도매·상품중개,DISTRESS(구조조정형),333,-0.028,-0.2,-0.001,134.4,,5.971,0.664,1.2,19,3,0.448,54,125,measured_cashbridge,2025,audit,-24.1,2.3,,,-26.4,135.5,113.1,18.6,-5.8,0.4,0.0012,op+dep,부실·리파이낸싱,부실·리파이낸싱(negative): 구조적 악화 (영업적자 3/3년),0.008,company_history,1,UNLISTED_BLIND,,,EBITDA 적자 -0억 / 부채비율 597% (3년 75%p↑) / 3년 순부채 +19억 vs EBITDA합 -21억 / 유동비율 66% / 현금/매출 0% / 현금 2년 연속 감소 / 영업적자 3/3년 / 런웨이 1개월
72.2,67.1,48,(주)농업회사법인포프리,01305814,,false,제조업,식료품 제조,REFI(롤오버형),336.9,-0.013,31.4,0.093,329.9,10.5,2.71,0.651,0.7,44.4,1.059,,16,16,measured_cashbridge,2025,audit,20.1,2.3,,,17.8,330.6,140.4,-21.3,-0.7,-0.5,0.0014,op+dep,부실·리파이낸싱,부실·리파이낸싱(negative): 구조적 악화 (영업적자 1/3년),0.02,company_history,,,,,순부채/EBITDA 10.5x / 부채비율 271% (3년 94%p↑) / 3년 순부채 +44억 vs EBITDA합 42억 / 유동비율 65% / 현금/매출 0%
72.2,91.3,4.5,(주)얌테이블,01459753,,false,도소매,소매(자동차 제외),DISTRESS(구조조정형),339.9,-0.097,-43.2,-0.127,102,,-10.011,0.096,0.1,49.8,3,,42,,netdebt_inferred,,,,,,,,,,,,,,,부실·리파이낸싱,부실·리파이낸싱(negative): 구조적 악화 (영업적자 3/3년 · 자본잠식),0.008,company_history,0,UNLISTED_BLIND,,,EBITDA 적자 -43억 / 자본잠식 / EBITDA마진 -10%→-13% / 3년 순부채 +50억 vs EBITDA합 -182억 / 유동비율 10% / 현금/매출 0% / 현금 2년 연속 감소 / 영업적자 3/3년 / 런웨이 0개월
72.1,68.6,45.1,몽고식품(주),00121428,,false,제조업,식료품 제조,REFI(롤오버형),558.7,0.028,12.3,0.022,303.5,24.7,2.541,0.518,40.5,117.1,1.39,0.992,24,114,measured_cashbridge,2025,audit,6.4,18.5,,,-12.2,344,328.1,24.2,30.3,0.3,0.0006,op+dep,부실·리파이낸싱,부실·리파이낸싱(neutral): 레버리지·유동성 부담 — 구조적/일시적 판단 보류,0.03,company_history,,UNLISTED_BLIND,,,순부채/EBITDA 24.7x / 부채비율 254% / EBITDA마진 5%→2% / 3년 순부채 +117억 vs EBITDA합 84억 / 매출 1원 성장에 순부채 0.99원 / 유동비율 52%
72.1,65.5,50.6,요진건설산업(주),00142166,,false,건설업,종합 건설,REFI(롤오버형),2691.3,-0.011,91.5,0.034,2093.1,22.9,0.959,0.842,143.4,496.6,1.439,,122,509,measured_cashbridge,2025,audit,157.2,75.7,,,81.5,2236.5,1819.4,91.5,220.2,28.5,0.0106,op+dep,부실·리파이낸싱,부실·리파이낸싱(negative): 구조적 악화 (영업적자 0/3년),0.027,company_history,,UNLISTED_BLIND,,,순부채/EBITDA 22.9x / 3년 순부채 +497억 vs EBITDA합 345억 / 유동비율 84% / 현금 2년 연속 감소
72.1,61.6,57.4,워너뮤직코리아(주),00232025,,false,도소매,도매·상품중개,WC_BURN(운전자본형),953.3,0.115,-55.8,-0.058,83.7,,1.259,1.382,60.6,210.8,1.061,0.981,0,0,measured_cashbridge,2025,audit,125.9,1.4,,,124.5,,,,-35.4,,,op+dep,부실·리파이낸싱,부실·리파이낸싱(neutral): 레버리지·유동성 부담 — 구조적/일시적 판단 보류 | 성장자금형(negative): 매출 CAGR 12% 인데 EBITDA마진 11.5%p 훼손 — 기존사업 하락을 외형성장으로 마스킹하는지 확인 필요,0.018,company_history,,,,,EBITDA 적자 -56억 / EBITDA마진 13%→-6% / 3년 순부채 +211억 vs EBITDA합 199억 / 매출 1원 성장에 순부채 0.98원
72.1,68.7,44.9,네이버시스템(주),00399001,,false,정보통신,출판업,REFI(롤오버형),786.6,0.006,25.2,0.032,201.7,8,2.587,1.088,9.9,79.3,0.692,5.886,32,,netdebt_inferred,,,,,,,,,,,,,,,부실·리파이낸싱,부실·리파이낸싱(neutral): 레버리지·유동성 부담 — 구조적/일시적 판단 보류,0.025,company_history,,UNLISTED_BLIND,,,순부채/EBITDA 8.0x / 부채비율 259% (3년 50%p↑) / EBITDA마진 5%→3% / 3년 순부채 +79억 vs EBITDA합 115억 / 매출 1원 성장에 순부채 5.89원 / 유동비율 109% / 현금/매출 1% / 현금 2년 연속 감소
72.1,75.5,32.5,(주)원더플레이스,01032389,,false,도소매,소매(자동차 제외),DISTRESS(구조조정형),718.2,-0.123,-1.4,-0.002,264.2,,6.48,0.645,9.4,-139.4,-0.785,,0,0,measured_cashbridge,2025,audit,42.8,10.8,,,32,273.6,197,-27.8,4.8,10.1,0.0141,op+dep,부실·리파이낸싱,부실·리파이낸싱(negative): 구조적 악화 (영업적자 2/3년),0.008,company_history,,,,,EBITDA 적자 -1억 / 부채비율 648% (3년 87%p↑) / EBITDA마진 6%→-0% / 유동비율 65% / 현금/매출 1% / 현금 2년 연속 감소 / 영업적자 2/3년
72.1,63,55.1,금성이엔씨(주),01122956,,false,제조업,화학물질·화학제품,REFI(롤오버형),571,0.045,26.8,0.047,298.1,11.1,1.462,0.784,44.8,256.4,2.1,18.585,0,0,measured_cashbridge,2025,audit,37,5.9,,,31.1,342.9,184.6,11.7,32.4,16.2,0.0283,op+dep,부실·리파이낸싱,부실·리파이낸싱(neutral): 레버리지·유동성 부담 — 구조적/일시적 판단 보류,0.02,company_history,,UNLISTED_BLIND,,,순부채/EBITDA 11.1x / EBITDA마진 8%→5% / 3년 순부채 +256억 vs EBITDA합 122억 / 매출 1원 성장에 순부채 18.59원 / 유동비율 78%
72.1,89.3,7.8,하이오아시스(주),01287934,,false,숙박·음식,음식점·주점,DISTRESS(구조조정형),401.3,-0.013,-4.1,-0.01,389.3,,-5.045,0.082,1.6,78.8,18.694,4.279,84,214,measured_cashbridge,2025,audit,-25.2,7.8,,,-32.9,390.9,268.7,32.9,7.8,0,0,op+dep,부실·리파이낸싱,부실·리파이낸싱(negative): 구조적 악화 (영업적자 3/3년 · 자본잠식),0.01,company_history,1,UNLISTED_BLIND,,,EBITDA 적자 -4억 / 자본잠식 / 3년 순부채 +79억 vs EBITDA합 4억 / 매출 1원 성장에 순부채 4.28원 / 유동비율 8% / 현금/매출 0% / 현금 2년 연속 감소 / 영업적자 3/3년 / 런웨이 1개월
72.1,79.9,24.5,에스케이피아이씨글로벌(주),01440311,,false,제조업,화학물질·화학제품,DISTRESS(구조조정형),10911.8,-0.041,-704.5,-0.065,254.5,,1.333,0.866,115.2,3075.1,2.922,3.593,0,0,measured_cashbridge,2025,audit,384,34.6,,,334,369.8,,-913.9,-242.1,-287.8,0.0264,op+dep,부실·리파이낸싱,부실·리파이낸싱(negative): 구조적 악화 (영업적자 3/3년) | 이벤트(neutral): 지분 인수·매각 — 승계·증여·분쟁 여부는 주주 레벨 사건이라 재무로 안 보임. 대주주 연령·지분율 개별 확인 필요,0.02,company_history,,UNLISTED_BLIND,,,"EBITDA 적자 -704억 / EBITDA마진 2%→-6% / 3년 순부채 +3,075억 vs EBITDA합 1,052억 / 매출 1원 성장에 순부채 3.59원 / 유동비율 87% / 현금/매출 1% / 영업적자 3/3년"
72.1,78.5,27,(주)트루본,01452079,,false,정보통신,컴퓨터 프로그래밍·SI,REFI(롤오버형),477.9,-0.006,6.3,0.013,131.8,20.9,7.089,0.716,4.2,33.5,3,0.29,52,124,measured_cashbridge,2025,audit,-5.2,25.8,0,,-31.4,136,46.8,22.2,17.8,-0.9,0.0019,op+dep,부실·리파이낸싱,부실·리파이낸싱(negative): 구조적 악화 (영업적자 1/3년),0.025,company_history,10,UNLISTED_BLIND,,,순부채/EBITDA 20.9x / 부채비율 709% (3년 395%p↑) / 3년 순부채 +34억 vs EBITDA합 -1억 / 유동비율 72% / 현금/매출 1% / 현금 2년 연속 감소 / 런웨이 10개월
72.1,63.1,55,(주)코멧온,01554924,,false,도소매,소매(자동차 제외),DISTRESS(구조조정형),312.8,0.195,-1.2,-0.004,30.3,,3.355,0.235,0.7,10.1,1.737,0.02,42,87,measured_cashbridge,2025,audit,-5.8,14.3,,,-20,31,31,11.3,5.6,0,0,op+dep,부실·리파이낸싱,부실·리파이낸싱(neutral): 레버리지·유동성 부담 — 구조적/일시적 판단 보류 | 성장자금형(positive): 매출 CAGR 20% + 마진 유지 · capex/매출 4.6%,0.008,company_history,1,DISTRESS_EVENT,,,EBITDA 적자 -1억 / 부채비율 335% / 3년 순부채 +10억 vs EBITDA합 6억 / 유동비율 24% / 현금/매출 0% / 런웨이 1개월
72.1,66.5,48.8,(주)일이테크,01555367,,false,도소매,도매·상품중개,REFI(롤오버형),527.2,0.057,4.5,0.009,137.3,30.5,2.473,1.46,7.3,59.5,1.096,,22,41,measured_cashbridge,2025,audit,-6.2,1.3,,,-7.5,144.7,26.1,-2.6,-9.2,0.4,0.0008,op+dep,부실·리파이낸싱,부실·리파이낸싱(neutral): 레버리지·유동성 부담 — 구조적/일시적 판단 보류 | 성장자금형(negative): 매출 CAGR 6% 인데 EBITDA마진 3.0%p 훼손 — 기존사업 하락을 외형성장으로 마스킹하는지 확인 필요,0.014,company_history,14,,,,순부채/EBITDA 30.5x / 부채비율 247% (3년 90%p↑) / EBITDA마진 4%→1% / 3년 순부채 +60억 vs EBITDA합 54억 / 현금/매출 1% / 현금 2년 연속 감소 / 런웨이 14개월
72,85.4,14.4,(주)디디비코리아,00302847,,false,전문·과학·기술,전문서비스업,DISTRESS(구조조정형),486.3,0.136,-340.1,-0.699,59.5,,-2.035,0.4,0.4,108.8,3,0.704,181,,netdebt_inferred,,,,,,,,,,,,,,,부실·리파이낸싱,부실·리파이낸싱(negative): 구조적 악화 (영업적자 1/3년 · 자본잠식) | 성장자금형(negative): 매출 CAGR 14% 인데 EBITDA마진 71.3%p 훼손 — 기존사업 하락을 외형성장으로 마스킹하는지 확인 필요,0.025,company_history,0,UNLISTED_BLIND,,,EBITDA 적자 -340억 / 자본잠식 / EBITDA마진 1%→-70% / 3년 순부채 +109억 vs EBITDA합 -329억 / 매출 1원 성장에 순부채 0.70원 / 유동비율 40% / 현금/매출 0% / 런웨이 0개월
72,63.8,53.2,동해기계(주),00667434,,false,제조업,기타 기계·장비,REFI(롤오버형),769.5,-0.054,55.6,0.072,783.9,14.1,2.212,0.658,42.8,233.1,0.814,,72,,netdebt_inferred,,,,,,,,,,,,,,,부실·리파이낸싱,부실·리파이낸싱(negative): 구조적 악화 (영업적자 0/3년),0.02,company_history,,UNLISTED_BLIND,,,순부채/EBITDA 14.1x / 부채비율 221% / EBITDA마진 12%→7% / 3년 순부채 +233억 vs EBITDA합 286억 / 유동비율 66%
72,66.2,48.7,디케이동신(주),00760069,,false,제조업,1차 금속,REFI(롤오버형),2318.3,0.003,49.4,0.021,675.6,13.7,2.168,1.038,11.4,315.1,1.532,4.524,91,203,measured_cashbridge,2025,audit,22.5,9.3,,,12,687,682,-11.9,10.9,-0.3,0.0002,op+dep,부실·리파이낸싱,부실·리파이낸싱(neutral): 레버리지·유동성 부담 — 구조적/일시적 판단 보류,0.02,company_history,,UNLISTED_BLIND,,,순부채/EBITDA 13.7x / 부채비율 217% / 3년 순부채 +315억 vs EBITDA합 206억 / 매출 1원 성장에 순부채 4.52원 / 유동비율 104% / 현금/매출 0%
72,71.7,39,자일자동차(주),00907323,,false,도소매,자동차·부품 판매,DISTRESS(구조조정형),1510.2,-0.069,,,68.6,,5,0.5,50.7,196.3,3,5.703,63,205,measured_cashbridge,2025,api,-32.2,16.9,,,-70.8,119.3,,-11.9,37.9,-82.1,0.0543,unavailable,부실·리파이낸싱,부실·리파이낸싱(negative): 구조적 악화 (영업적자 2/3년),0.028,company_history,19,UNLISTED_BLIND,,,부채비율 500% (3년 318%p↑) / 3년 순부채 +196억 vs EBITDA합 -183억 / 매출 1원 성장에 순부채 5.70원 / 유동비율 50% / 현금/매출 3% / 현금 2년 연속 감소 / 영업적자 2/3년 / 런웨이 19개월
72,62.5,55.5,(주)한타특수운송,01023424,,false,운수·물류,육상운송·파이프라인,REFI(롤오버형),640.8,0.018,39.5,0.062,410.1,10.4,1.553,0.401,26.4,210.5,1.128,1.117,27,92,measured_cashbridge,2025,audit,32.2,34.1,,,-1.9,436.5,263.5,12,19.5,24.8,0.0386,op+dep,부실·리파이낸싱,부실·리파이낸싱(neutral): 레버리지·유동성 부담 — 구조적/일시적 판단 보류,0.015,company_history,,UNLISTED_BLIND,,,순부채/EBITDA 10.4x / EBITDA마진 10%→6% / 3년 순부채 +211억 vs EBITDA합 187억 / 매출 1원 성장에 순부채 1.12원 / 유동비율 40% / 현금/매출 4%
72,77.2,29.2,신안건업(주),01086229,,false,제조업,금속가공제품,REFI(롤오버형),364.5,-0.014,11.3,0.031,126.9,11.2,2.481,0.504,3.6,33.1,3,1.258,29,54,measured_cashbridge,2025,audit,1.1,1.3,,,-0.2,130.4,124.7,0.7,1.8,0,0,op+dep,부실·리파이낸싱,부실·리파이낸싱(negative): 구조적 악화 (영업적자 1/3년),0.02,company_history,,UNLISTED_BLIND,,,순부채/EBITDA 11.2x / 부채비율 248% (3년 83%p↑) / 3년 순부채 +33억 vs EBITDA합 -12억 / 매출 1원 성장에 순부채 1.26원 / 유동비율 50% / 현금/매출 1% / 현금 2년 연속 감소
72,54.3,70.3,(주)지엔엠라이프,01287253,,false,제조업,식료품 제조,REFI(롤오버형),906.3,-0.001,156.5,0.173,1052.6,6.7,2.799,0.372,3.3,353.2,0.898,5.318,237,678,measured_cashbridge,2025,audit,73.2,235.2,,,-162,1055.9,584.9,189.6,246.2,16.6,0.0183,op+dep,부실·리파이낸싱,부실·리파이낸싱(negative): 구조적 악화 (영업적자 0/3년),0.02,company_history,,UNLISTED_BLIND,,,순부채/EBITDA 6.7x / 부채비율 280% / 3년 순부채 +353억 vs EBITDA합 393억 / 매출 1원 성장에 순부채 5.32원 / 유동비율 37% / 현금/매출 0%
72,45.1,86.7,(주)엠엘코리아,01462784,,false,제조업,기타 운송장비,GROWTH(성장자금형),611.6,0.79,71.8,0.117,119.9,1.7,3.218,0.922,9.2,20.3,3,0.084,15,20,measured_cashbridge,2025,audit,4,1.6,,,2.4,129.1,69.1,28.6,36.2,3.4,0.0055,op+dep,부실·리파이낸싱,부실·리파이낸싱(positive): 레버리지 부담은 크나 매출 회복 + 마진 반등 — 시황 저점 진입 가능성 | 성장자금형(positive): 매출 CAGR 79% + 마진 유지 · capex/매출 0.3%,0.02,company_history,,UNLISTED_BLIND,,,부채비율 322% (3년 550%p↑) / 3년 순부채 +20억 vs EBITDA합 -15억 / 유동비율 92% / 현금/매출 2%
72,63.2,54.3,(주)초.힐로에이플러스유,01490440,,false,전문·과학·기술,건축기술·엔지니어링,WC_BURN(운전자본형),850.9,0.092,18.1,0.021,137.4,7.6,1.117,1.748,5.8,183.3,1.884,0.927,61,,netdebt_inferred,,,,,,,,,,,,,,,부실·리파이낸싱,부실·리파이낸싱(neutral): 레버리지·유동성 부담 — 구조적/일시적 판단 보류 | 성장자금형(negative): 매출 CAGR 9% 인데 EBITDA마진 4.6%p 훼손 — 기존사업 하락을 외형성장으로 마스킹하는지 확인 필요,0.025,company_history,,UNLISTED_BLIND,,,순부채/EBITDA 7.6x / EBITDA마진 7%→2% / 3년 순부채 +183억 vs EBITDA합 97억 / 매출 1원 성장에 순부채 0.93원 / 현금/매출 1%
71.9,65.4,49.9,(주)성지큐앤씨,01643857,,false,도소매,소매(자동차 제외),REFI(롤오버형),483.4,0.02,32.3,0.067,434.3,13.4,11.685,0.226,12.3,259.3,2.742,0.739,0,0,measured_cashbridge,2025,audit,20.6,1,,,19.7,446.6,87.1,-13.7,2.2,4.7,0.0097,op+dep,부실·리파이낸싱,부실·리파이낸싱(neutral): 레버리지·유동성 부담 — 구조적/일시적 판단 보류,0.017,company_history,,UNLISTED_BLIND,,,순부채/EBITDA 13.4x / 부채비율 1168% / 3년 순부채 +259억 vs EBITDA합 95억 / 매출 1원 성장에 순부채 0.74원 / 유동비율 23% / 현금/매출 3%
71.9,84.7,15,팔미금속공업(주),00232380,,false,제조업,1차 금속,DISTRESS(구조조정형),316.1,-0.033,-12.1,-0.038,264.9,,2.943,0.366,1.4,50.3,3,,22,,netdebt_inferred,,,,,,,,,,,,,,,부실·리파이낸싱,부실·리파이낸싱(negative): 구조적 악화 (영업적자 3/3년),0.02,company_history,1,UNLISTED_BLIND,,,EBITDA 적자 -12억 / 부채비율 294% (3년 90%p↑) / EBITDA마진 -1%→-4% / 3년 순부채 +50억 vs EBITDA합 -25억 / 유동비율 37% / 현금/매출 0% / 영업적자 3/3년 / 런웨이 1개월
71.9,65.9,49.1,(주)신세계토건,00238694,,false,건설업,종합 건설,REFI(롤오버형),379,-0.103,31.7,0.084,400.9,12.6,3.817,0.553,54.1,402.1,5.621,,47,208,measured_cashbridge,2025,audit,-13.4,0.2,,,-13.5,455,448.4,14.5,-1.5,2.7,0.007,op+dep,부실·리파이낸싱,부실·리파이낸싱(negative): 구조적 악화 (영업적자 0/3년),0.025,company_history,48,UNLISTED_BLIND,,,순부채/EBITDA 12.6x / 부채비율 382% / 3년 순부채 +402억 vs EBITDA합 72억 / 유동비율 55% / 현금 2년 연속 감소
71.9,37.7,99.9,한국컨테이너풀(주),00447098,,false,사업지원·임대,임대업(부동산 제외),WC_BURN(운전자본형),4178.6,0.15,628.1,0.15,1423.2,2.3,2.24,0.662,95.5,910.5,0.599,0.822,0,0,measured_cashbridge,2025,audit,522.2,122.5,6.6,,399.7,1518.7,635.1,103,602.2,22.9,0.0055,op+dep,부실·리파이낸싱,부실·리파이낸싱(neutral): 레버리지·유동성 부담 — 구조적/일시적 판단 보류 | 성장자금형(negative): 매출 CAGR 15% 인데 EBITDA마진 2.8%p 훼손 — 기존사업 하락을 외형성장으로 마스킹하는지 확인 필요,0.015,company_history,,UNLISTED_BLIND,,,"부채비율 224% / EBITDA마진 20%→15% / 3년 순부채 +911억 vs EBITDA합 1,521억 / 매출 1원 성장에 순부채 0.82원 / 유동비율 66% / 현금/매출 2%"
71.9,60.2,59.4,삼원동관(주),00526632,,false,제조업,1차 금속,REFI(롤오버형),983.8,0.07,48.2,0.049,411.6,8.5,2.2,0.828,0.9,129.7,0.95,0.717,42,,netdebt_inferred,,,,,,,,,,,,,,,부실·리파이낸싱,부실·리파이낸싱(neutral): 레버리지·유동성 부담 — 구조적/일시적 판단 보류 | 성장자금형(positive): 매출 CAGR 7% + 마진 유지,0.02,company_history,,UNLISTED_BLIND,,,순부채/EBITDA 8.5x / 부채비율 220% / 3년 순부채 +130억 vs EBITDA합 136억 / 매출 1원 성장에 순부채 0.72원 / 유동비율 83% / 현금/매출 0%
71.9,67.1,46.7,삼우합금공업(주),00629197,,false,제조업,1차 금속,REFI(롤오버형),1156.8,-0.033,29.7,0.026,244,8.2,1.016,0.776,16.2,123.1,1.578,,9,14,measured_cashbridge,2025,audit,29.9,5.2,,,24.7,260.2,260.2,-23.3,6.6,0,0,op+dep,부실·리파이낸싱,부실·리파이낸싱(negative): 구조적 악화 (영업적자 0/3년),0.02,company_history,,UNLISTED_BLIND,,,순부채/EBITDA 8.2x / 3년 순부채 +123억 vs EBITDA합 78억 / 유동비율 78% / 현금/매출 1% / 현금 2년 연속 감소
71.9,76.5,30,(주)라현,01084027,,false,제조업,1차 금속,DISTRESS(구조조정형),415.6,-0.14,-2.4,-0.006,394.2,,3.232,1.087,431.7,104.8,1.603,,0,394,measured_cashbridge,2025,audit,-35.6,181.3,0.2,,-216.9,825.9,514.9,196.1,156.9,3.6,0.0087,op+dep,부실·리파이낸싱,부실·리파이낸싱(negative): 구조적 악화 (영업적자 1/3년),0.02,company_history,146,,,,EBITDA 적자 -2억 / 부채비율 323% (3년 232%p↑) / EBITDA마진 4%→-1% / 3년 순부채 +105억 vs EBITDA합 65억 / 유동비율 109%
71.9,60.8,58.3,(주)에이치에스우드,01227437,,false,제조업,목재·나무제품 제조,WC_BURN(운전자본형),463.3,0.112,23,0.05,257.2,11.2,1.969,0.821,53.7,283.9,3.352,1.83,0,0,measured_cashbridge,2025,audit,59.2,24.2,,,35,310.9,306.9,-180.9,-119.8,-2,0.0042,op+dep,부실·리파이낸싱,부실·리파이낸싱(neutral): 레버리지·유동성 부담 — 구조적/일시적 판단 보류 | 성장자금형(positive): 매출 CAGR 11% + 마진 유지 · capex/매출 5.2%,0.02,company_history,,UNLISTED_BLIND,,,순부채/EBITDA 11.2x / 3년 순부채 +284억 vs EBITDA합 85억 / 매출 1원 성장에 순부채 1.83원 / 유동비율 82%
71.9,51.5,74.9,한국피엘에이(주),01560031,,false,제조업,고무·플라스틱제품,REFI(롤오버형),532.4,0.067,54.2,0.102,287.4,5.3,2.273,0.368,1.7,123.9,1.059,0.794,71,175,measured_cashbridge,2025,audit,10.6,40.8,1,,-30.2,289,217.8,26.6,38.5,-1.3,0.0025,op+dep,부실·리파이낸싱,부실·리파이낸싱(neutral): 레버리지·유동성 부담 — 구조적/일시적 판단 보류 | 성장자금형(positive): 매출 CAGR 7% + 마진 유지 · capex/매출 7.7%,0.02,company_history,,UNLISTED_BLIND,,,순부채/EBITDA 5.3x / 부채비율 227% / 3년 순부채 +124억 vs EBITDA합 117억 / 매출 1원 성장에 순부채 0.79원 / 유동비율 37% / 현금/매출 0%
71.9,70,41.6,(주)서광메탈,01836493,,false,도소매,도매·상품중개,REFI(롤오버형),355.6,,11.9,0.034,133.5,11.2,3.077,0.579,10.6,123.8,4.706,0.38,29,69,measured_cashbridge,2025,audit,1,12.4,,,-11.4,144.1,107.9,6.9,14.3,-6.4,0.0181,op+dep,부실·리파이낸싱,부실·리파이낸싱(neutral): 레버리지·유동성 부담 — 구조적/일시적 판단 보류,0.029,company_history,,,,,순부채/EBITDA 11.2x / 부채비율 308% (3년 308%p↑) / 3년 순부채 +124억 vs EBITDA합 26억 / 유동비율 58% / 현금/매출 3%
71.8,53.3,71.4,진양오토모티브(주),00134440,,false,제조업,자동차·트레일러,TIGHT(유동성형),1276.9,0.614,31.4,0.025,131.8,4.2,1.318,0.621,33.3,148.8,1.511,0.152,143,424,measured_cashbridge,2025,audit,37.4,172.2,0,,-144.3,165.1,120,-14.6,179.1,-6.7,0.0053,op+dep,부실·리파이낸싱,부실·리파이낸싱(neutral): 레버리지·유동성 부담 — 구조적/일시적 판단 보류 | 성장자금형(negative): 매출 CAGR 61% 인데 EBITDA마진 2.1%p 훼손 — 기존사업 하락을 외형성장으로 마스킹하는지 확인 필요,0.02,company_history,,UNLISTED_BLIND,,,순부채/EBITDA 4.2x / EBITDA마진 5%→2% / 3년 순부채 +149억 vs EBITDA합 99억 / 유동비율 62% / 현금/매출 3%
71.8,45.9,84.5,(주)부영주택,00805201,,false,건설업,종합 건설,GROWTH(성장자금형),11330,0.267,4203.8,0.371,14825.9,3.5,4.935,0.441,2503.7,15259.8,3,,940,5367,measured_cashbridge,2025,audit,408.9,177.3,,,231.6,17329.7,17312.4,1725.4,-785.8,2920.1,0.2577,op+dep,부실·리파이낸싱,부실·리파이낸싱(negative): 구조적 악화 (영업적자 2/3년) | 성장자금형(positive): 매출 CAGR 27% + 마진 유지 · capex/매출 1.6%,0.1,company_history,,UNLISTED_BLIND,,,순부채/EBITDA 3.5x / 부채비율 494% (3년 57%p↑) / 3년 순부채 +1.5조 vs EBITDA합 -199억 / 유동비율 44% / 영업적자 2/3년
71.8,80.4,22.5,(주)충남철강,01486933,,false,도소매,도매·상품중개,DISTRESS(구조조정형),622.8,-0.086,-5.4,-0.009,37.8,,1.927,0.361,0.8,36.5,3,,15,15,measured_cashbridge,2025,audit,8.5,1.1,,,7.5,38.6,38.6,9.8,6.6,11.7,0.0188,op+dep,부실·리파이낸싱,부실·리파이낸싱(negative): 구조적 악화 (영업적자 3/3년),0.008,company_history,,UNLISTED_BLIND,,,EBITDA 적자 -5억 / 3년 순부채 +36억 vs EBITDA합 -16억 / 유동비율 36% / 현금/매출 0% / 현금 2년 연속 감소 / 영업적자 3/3년
71.8,63.6,52.8,(주)케이팝머치,01761357,,false,도소매,도매·상품중개,REFI(롤오버형),518.8,,23.8,0.046,110.6,4.6,3.943,1.316,0.6,101.1,2.542,0.267,18,18,measured_cashbridge,2025,audit,7.7,0.2,,,6.8,111.2,65.7,-8.7,2.6,-3.6,0.0069,op+dep,부실·리파이낸싱,부실·리파이낸싱(neutral): 레버리지·유동성 부담 — 구조적/일시적 판단 보류,0.015,industry_band,,,,,순부채/EBITDA 4.6x / 부채비율 394% (3년 394%p↑) / EBITDA마진 9%→5% / 3년 순부채 +101억 vs EBITDA합 40억 / 현금/매출 0%
71.7,64,51.5,삼보산업,00814184,,false,제조업,기타 제품 제조,REFI(롤오버형),3409.7,-0.014,133,0.039,1645.3,12.4,8.303,0.723,53.7,-94.8,-0.209,,0,,netdebt_inferred,,,,,,,,,,,,,,,부실·리파이낸싱,부실·리파이낸싱(negative): 구조적 악화 (영업적자 1/3년),0.02,company_history,,UNLISTED_BLIND,,,순부채/EBITDA 12.4x / 부채비율 830% (3년 320%p↑) / 유동비율 72% / 현금/매출 2%
71.7,41.6,91.9,에이치디씨리조트(주),00196370,,false,숙박·음식,숙박업,WC_BURN(운전자본형),1700,0.095,372.1,0.219,1344.3,3.6,2.584,0.067,185.7,647.8,0.434,2.258,0,305,measured_cashbridge,2025,audit,104.2,114.3,,,-10.6,1530,1304.6,-10.6,93.8,-0.3,0.0002,op+dep,부실·리파이낸싱,부실·리파이낸싱(neutral): 레버리지·유동성 부담 — 구조적/일시적 판단 보류 | 성장자금형(negative): 매출 CAGR 9% 인데 EBITDA마진 15.8%p 훼손 — 기존사업 하락을 외형성장으로 마스킹하는지 확인 필요,0.01,company_history,,,,,"순부채/EBITDA 3.6x / 부채비율 258% / EBITDA마진 38%→22% / 3년 순부채 +648억 vs EBITDA합 1,494억 / 매출 1원 성장에 순부채 2.26원 / 유동비율 7%"
71.7,59.4,60,고문당인쇄(주),00415549,,false,제조업,인쇄·기록매체 복제,WC_BURN(운전자본형),1356.3,0.203,23.8,0.018,321.3,13.5,1.083,1.604,141.8,207.3,3,0.75,0,35,measured_cashbridge,2025,audit,66.7,115.3,,,-48.6,463.1,158,52,109.3,9.3,0.0069,op+dep,부실·리파이낸싱,부실·리파이낸싱(negative): 구조적 악화 (영업적자 3/3년) | 성장자금형(positive): 매출 CAGR 20% + 마진 유지 · capex/매출 8.5%,0.02,company_history,,UNLISTED_BLIND,,,순부채/EBITDA 13.5x / 3년 순부채 +207억 vs EBITDA합 -31억 / 매출 1원 성장에 순부채 0.75원 / 영업적자 3/3년
71.7,63.9,51.8,(주)태양전기,00570712,,false,제조업,전기장비,DISTRESS(구조조정형),513.3,0.078,-13.1,-0.025,274.9,,7.231,0.423,43.2,49.8,0.391,0.469,0,17,measured_cashbridge,2025,audit,19.3,9,,,9.1,318.1,241,-38.1,-6.8,-12,0.0234,op+dep,부실·리파이낸싱,부실·리파이낸싱(positive): 레버리지 부담은 크나 매출 회복 + 마진 반등 — 시황 저점 진입 가능성 | 성장자금형(positive): 매출 CAGR 8% + 마진 유지 · capex/매출 1.8%,0.02,company_history,,,,,EBITDA 적자 -13억 / 부채비율 723% (3년 191%p↑) / 3년 순부채 +50억 vs EBITDA합 127억 / 유동비율 42%
71.7,55.1,67.5,영림화학(주),00621548,,false,제조업,고무·플라스틱제품,REFI(롤오버형),584.4,-0.119,91,0.156,1988.9,21.9,3.212,0.072,5.8,78.7,0.261,,195,561,measured_cashbridge,2025,audit,28.3,8.5,,,19.7,1994.7,1994.7,-22.2,4.4,1.6,0.0027,op+dep,부실·리파이낸싱,부실·리파이낸싱(negative): 구조적 악화 (영업적자 0/3년),0.02,company_history,,UNLISTED_BLIND,,,순부채/EBITDA 21.9x / 부채비율 321% (3년 46%p↑) / 3년 순부채 +79억 vs EBITDA합 302억 / 유동비율 7% / 현금/매출 1% / 현금 2년 연속 감소
71.7,50.2,76.3,(주)다코넷,00917047,,false,운수·물류,창고·운송관련 서비스,TIGHT(유동성형),488.8,0.091,72.8,0.149,701.4,9.6,2.059,0.397,14,122.2,0.918,1.878,28,68,measured_cashbridge,2025,audit,24.1,1.5,,,22.6,715.4,379.2,-38.5,-24,9.7,0.0198,op+dep,부실·리파이낸싱,부실·리파이낸싱(positive): 레버리지 부담은 크나 매출 회복 + 마진 반등 — 시황 저점 진입 가능성 | 성장자금형(positive): 매출 CAGR 9% + 마진 유지 · capex/매출 0.3%,0.015,company_history,,UNLISTED_BLIND,,,순부채/EBITDA 9.6x / 부채비율 206% / 3년 순부채 +122억 vs EBITDA합 133억 / 매출 1원 성장에 순부채 1.88원 / 유동비율 40% / 현금/매출 3%
71.7,73.2,35,(주)씨메이트,01134526,,false,도소매,도매·상품중개,DISTRESS(구조조정형),508.2,,0.5,0.001,17.8,33.7,17.191,1.062,0.2,17.8,3,0.035,7,,netdebt_inferred,,,,,,,,,,,,,,,부실·리파이낸싱,부실·리파이낸싱(negative): 구조적 악화 (영업적자 2/3년),0.008,company_history,3,UNLISTED_BLIND,,,순부채/EBITDA 33.7x / 부채비율 1719% (3년 1719%p↑) / 3년 순부채 +18억 vs EBITDA합 -13억 / 유동비율 106% / 현금/매출 0% / 영업적자 2/3년 / 런웨이 3개월
71.7,71.9,37.5,아경물산(주),01334223,,false,전기·가스·환경,폐기물 처리·자원재생,REFI(롤오버형),957.9,-0.06,10.5,0.011,43.7,4.2,5.367,0.88,0.5,25.2,1.528,,37,72,measured_cashbridge,2025,audit,-13.3,0,,,-13.3,44.2,41.7,4,-43.3,34,0.0355,op+dep,부실·리파이낸싱,부실·리파이낸싱(negative): 구조적 악화 (영업적자 0/3년),0.015,company_history,0,UNLISTED_BLIND,,,순부채/EBITDA 4.2x / 부채비율 537% (3년 73%p↑) / 3년 순부채 +25억 vs EBITDA합 16억 / 유동비율 88% / 현금/매출 0% / 현금 2년 연속 감소 / 런웨이 0개월
71.7,61.3,56.3,고려휴먼스(주),00890209,,false,사업지원·임대,사업지원 서비스,WC_BURN(운전자본형),944,0.108,11.6,0.012,57,4.9,1.142,0.557,63,196.2,2.341,1.345,0,0,measured_cashbridge,2025,audit,17.1,4.4,6,,12.7,120,120,-72.4,-59.3,4,0.0042,op+dep,부실·리파이낸싱,부실·리파이낸싱(neutral): 레버리지·유동성 부담 — 구조적/일시적 판단 보류 | 성장자금형(negative): 매출 CAGR 11% 인데 EBITDA마진 2.6%p 훼손 — 기존사업 하락을 외형성장으로 마스킹하는지 확인 필요,0.041,company_history,,UNLISTED_BLIND,,,순부채/EBITDA 4.9x / EBITDA마진 4%→1% / 3년 순부채 +196억 vs EBITDA합 84억 / 매출 1원 성장에 순부채 1.35원 / 유동비율 56%
71.7,64.1,51.6,(주)성광에프앤비,01468371,,false,도소매,소매(자동차 제외),REFI(롤오버형),525.2,0.066,12.9,0.025,122.5,9.5,3.312,0.678,11.6,115,5.32,0.36,6,6,measured_cashbridge,2025,audit,13.8,1.5,,,12.4,134.1,129.6,-11.5,1.5,0.8,0.0016,op+dep,부실·리파이낸싱,부실·리파이낸싱(neutral): 레버리지·유동성 부담 — 구조적/일시적 판단 보류 | 성장자금형(positive): 매출 CAGR 7% + 마진 유지 · capex/매출 0.3%,0.008,company_history,,UNLISTED_BLIND,,,순부채/EBITDA 9.5x / 부채비율 331% / 3년 순부채 +115억 vs EBITDA합 22억 / 유동비율 68% / 현금/매출 2%
71.7,55.1,67.5,중앙탱크터미널홀딩스(주),01840283,,false,전문·과학·기술,전문서비스업,REFI(롤오버형),452.7,,214.9,0.475,1506.3,7,1.385,0.782,172.6,1460.4,8.565,3.389,0,0,measured_cashbridge,2025,audit,253,236.8,,,16.1,1678.9,264.9,68.2,224.9,96.3,0.2128,op+dep,부실·리파이낸싱,부실·리파이낸싱(positive): 레버리지 부담은 크나 매출 회복 + 마진 반등 — 시황 저점 진입 가능성,0.05,industry_band,,,,,"순부채/EBITDA 7.0x / 3년 순부채 +1,460억 vs EBITDA합 171억 / 매출 1원 성장에 순부채 3.39원 / 유동비율 78%"
71.6,53.3,70.6,(주)경기고속,00101062,,false,운수·물류,육상운송·파이프라인,TIGHT(유동성형),2874.6,0.094,142,0.049,2493.2,17.6,1.582,0.174,3.4,188.1,0.404,0.182,971,2834,measured_cashbridge,2025,audit,-4,680.6,10.1,,-684.6,2496.6,1971.9,595.9,591.4,0.5,0.0002,op+dep,부실·리파이낸싱,부실·리파이낸싱(neutral): 레버리지·유동성 부담 — 구조적/일시적 판단 보류 | 성장자금형(positive): 매출 CAGR 9% + 마진 유지 · capex/매출 23.7%,0.015,company_history,10,UNLISTED_BLIND,,,순부채/EBITDA 17.6x / 3년 순부채 +188억 vs EBITDA합 465억 / 유동비율 17% / 현금/매출 0% / 현금 2년 연속 감소 / 런웨이 10개월
71.6,88.2,7.5,부강종합건설(주),00818807,,false,건설업,전문직별 공사,DISTRESS(구조조정형),439.6,-0.146,-34.3,-0.078,300.7,,-3.901,0.271,5.2,120,1.448,,65,,netdebt_inferred,,,,,,,,,,,,,,,부실·리파이낸싱,부실·리파이낸싱(negative): 구조적 악화 (영업적자 1/3년 · 자본잠식),0.025,company_history,1,UNLISTED_BLIND,,,EBITDA 적자 -34억 / 자본잠식 / EBITDA마진 6%→-8% / 3년 순부채 +120억 vs EBITDA합 83억 / 유동비율 27% / 현금/매출 1% / 런웨이 1개월
71.6,69.7,40.8,(주)지오스틸,00861650,,false,도소매,도매·상품중개,REFI(롤오버형),1145.4,-0.147,25.7,0.023,355.1,13.8,2.341,0.803,1.4,54.5,0.773,,113,301,measured_cashbridge,2025,audit,-68,2.9,1,,-70.9,356.5,279.8,72.2,3.9,0.3,0.0003,op+dep,부실·리파이낸싱,부실·리파이낸싱(negative): 구조적 악화 (영업적자 1/3년),0.008,company_history,0,UNLISTED_BLIND,,,순부채/EBITDA 13.8x / 부채비율 234% (3년 54%p↑) / 3년 순부채 +55억 vs EBITDA합 71억 / 유동비율 80% / 현금/매출 0% / 현금 2년 연속 감소 / 런웨이 0개월
71.6,78.3,25.5,(주)피피앤와이인터내셔날,00984225,,false,도소매,도매·상품중개,DISTRESS(구조조정형),498.5,-0.017,-8.9,-0.018,123.5,,1.588,0.381,8.4,17,4.487,1.246,62,164,measured_cashbridge,2025,audit,-40.1,0.1,,,-40.1,131.9,131.9,39.7,0.3,-0.6,0.0012,op+dep,부실·리파이낸싱,부실·리파이낸싱(negative): 구조적 악화 (영업적자 2/3년),0.008,company_history,3,UNLISTED_BLIND,,,EBITDA 적자 -9억 / EBITDA마진 0%→-2% / 3년 순부채 +17억 vs EBITDA합 4억 / 매출 1원 성장에 순부채 1.25원 / 유동비율 38% / 현금/매출 2% / 현금 2년 연속 감소 / 영업적자 2/3년 / 런웨이 3개월
71.6,61,56.5,(주)와이비테크,01841291,,false,제조업,자동차·트레일러,REFI(롤오버형),385.3,,32.1,0.083,153.6,4.8,4.646,0.515,0.4,160.1,5.888,0.437,15,15,measured_cashbridge,2025,audit,14.6,4.1,,,10.5,154,58.4,-6.5,8.1,0,0,op+dep,부실·리파이낸싱,부실·리파이낸싱(positive): 레버리지 부담은 크나 매출 회복 + 마진 반등 — 시황 저점 진입 가능성,0.02,company_history,,UNLISTED_BLIND,,,순부채/EBITDA 4.8x / 부채비율 465% (3년 465%p↑) / 3년 순부채 +160억 vs EBITDA합 27억 / 유동비율 51% / 현금/매출 0%
71.5,75.5,30,(주)이지스에어콘솔리데이터스,01644564,,false,운수·물류,항공 운송,REFI(롤오버형),452.5,-0.046,2.3,0.005,19.6,8.4,3.481,0.834,3.6,37.2,1.765,,14,,netdebt_inferred,,,,,,,,,,,,,,,부실·리파이낸싱,부실·리파이낸싱(negative): 구조적 악화 (영업적자 0/3년),0.015,company_history,,UNLISTED_BLIND,,,순부채/EBITDA 8.4x / 부채비율 348% / 3년 순부채 +37억 vs EBITDA합 21억 / 유동비율 83% / 현금/매출 1%
71.5,75.6,30,남광석유판매(주),00107048,,false,도소매,소매(자동차 제외),DISTRESS(구조조정형),383.5,-0.148,-1,-0.003,183.7,,1.592,0.423,18,92.6,3.443,,20,57,measured_cashbridge,2025,audit,6.9,7.5,1,,-0.7,201.7,201.7,8.6,18.6,-0.4,0.0009,op+dep,부실·리파이낸싱,부실·리파이낸싱(negative): 구조적 악화 (영업적자 2/3년),0.008,company_history,,,,,EBITDA 적자 -1억 / EBITDA마진 2%→-0% / 3년 순부채 +93억 vs EBITDA합 27억 / 유동비율 42% / 현금/매출 5% / 영업적자 2/3년
71.5,53.7,69.3,에스제이오일(주),00133308,,false,도소매,도매·상품중개,DISTRESS(구조조정형),1904.6,0.145,-4.6,-0.002,102.1,,3.189,0.569,6.1,-13.8,-0.435,-0.054,18,24,measured_cashbridge,2025,audit,12.8,9.6,,,3.2,108.3,107.5,-5.2,7.5,0,0,op+dep,부실·리파이낸싱,부실·리파이낸싱(neutral): 레버리지·유동성 부담 — 구조적/일시적 판단 보류,0.008,company_history,,,,,EBITDA 적자 -5억 / 부채비율 319% / 유동비율 57% / 현금/매출 0%
71.5,82.5,17.5,세진산업개발(주),00367288,,false,광업,광업 지원 서비스,DISTRESS(구조조정형),315.7,-0.174,-81.3,-0.258,661.9,,2.808,0.579,101.7,136.7,69.92,,180,703,measured_cashbridge,2025,audit,-101.4,83.8,,,-185.2,763.7,763.7,200.3,98.9,0,0,op+dep,부실·리파이낸싱,부실·리파이낸싱(negative): 구조적 악화 (영업적자 2/3년),0.015,company_history,12,UNLISTED_BLIND,,,EBITDA 적자 -81억 / 부채비율 281% (3년 158%p↑) / EBITDA마진 -1%→-26% / 3년 순부채 +137억 vs EBITDA합 2억 / 유동비율 58% / 영업적자 2/3년 / 런웨이 12개월
71.5,54.8,67.2,(주)디알액시온,00200442,,false,제조업,자동차·트레일러,DISTRESS(구조조정형),4219.2,0.118,320.5,0.076,1246.3,3.9,3.546,0.577,153.6,74.6,3,,378,1235,measured_cashbridge,2025,audit,91.8,434.1,,,-342.4,1399.9,1002.2,349.3,437.9,3.2,0.0008,op+dep,부실·리파이낸싱,부실·리파이낸싱(negative): 구조적 악화 (영업적자 2/3년) | 성장자금형(positive): 매출 CAGR 12% + 마진 유지 · capex/매출 10.3%,0.022,company_history,,UNLISTED_BLIND,,,순부채/EBITDA 3.9x / 부채비율 355% / 3년 순부채 +75억 vs EBITDA합 -225억 / 유동비율 58% / 현금/매출 4% / 영업적자 2/3년
71.5,45.2,84.6,(주)아성프라텍,00193771,,false,제조업,고무·플라스틱제품,GROWTH(성장자금형),1652.9,0.174,113.3,0.069,536.7,4.7,2.767,0.423,37.2,137.2,0.456,0.217,49,132,measured_cashbridge,2025,audit,83.4,90.6,6.9,,-7.1,573.9,465.9,30.7,111.5,2.6,0.0016,op+dep,부실·리파이낸싱,부실·리파이낸싱(neutral): 레버리지·유동성 부담 — 구조적/일시적 판단 보류 | 성장자금형(positive): 매출 CAGR 17% + 마진 유지 · capex/매출 5.5%,0.02,company_history,,UNLISTED_BLIND,,,순부채/EBITDA 4.7x / 부채비율 277% / 3년 순부채 +137억 vs EBITDA합 301억 / 유동비율 42% / 현금/매출 2% / 현금 2년 연속 감소
71.5,60.1,57.8,대영코어텍(주),00769015,,false,제조업,금속가공제품,REFI(롤오버형),463.9,-0.013,50.6,0.109,613.2,12.1,2.346,0.259,2.5,164.2,1.348,6.72,72,182,measured_cashbridge,2025,audit,8,19.8,,,-11.8,615.7,430.6,7.5,15.4,0.1,0.0002,op+dep,부실·리파이낸싱,부실·리파이낸싱(negative): 구조적 악화 (영업적자 0/3년),0.02,company_history,,UNLISTED_BLIND,,,순부채/EBITDA 12.1x / 부채비율 235% / 3년 순부채 +164억 vs EBITDA합 122억 / 매출 1원 성장에 순부채 6.72원 / 유동비율 26% / 현금/매출 1%
71.5,75.3,30.3,빅토리오토모티브그룹(주),00964009,,false,도소매,자동차·부품 판매,REFI(롤오버형),470.6,0.009,11,0.023,90,8.2,8.486,0.855,2.6,15.3,1.372,,41,89,measured_cashbridge,2025,audit,-1.6,15.6,,,-17.1,92.6,83.6,21.6,20,0,0,op+dep,부실·리파이낸싱,부실·리파이낸싱(positive): 레버리지 부담은 크나 매출 회복 + 마진 반등 — 시황 저점 진입 가능성,0.008,company_history,20,,,,순부채/EBITDA 8.2x / 부채비율 849% (3년 244%p↑) / 3년 순부채 +15억 vs EBITDA합 11억 / 유동비율 85% / 현금/매출 1% / 런웨이 20개월
71.5,70,39.8,(주)지오티엔에스,01215760,,false,제조업,1차 금속,REFI(롤오버형),761.5,-0.088,21,0.028,200.1,9.5,2.889,1.449,1.9,112.4,2.019,3.047,23,32,measured_cashbridge,2025,audit,5.6,0,0.6,,5.5,202,92.3,24.6,1.8,28.4,0.0373,op+dep,부실·리파이낸싱,부실·리파이낸싱(negative): 구조적 악화 (영업적자 0/3년),0.02,company_history,,UNLISTED_BLIND,,,순부채/EBITDA 9.5x / 부채비율 289% (3년 97%p↑) / 3년 순부채 +112억 vs EBITDA합 56억 / 매출 1원 성장에 순부채 3.05원 / 현금/매출 0% / 현금 2년 연속 감소
71.5,87.1,9.4,해유건설,01219492,,false,건설업,종합 건설,DISTRESS(구조조정형),1061.6,-0.172,-665.6,-0.627,763.9,,-2.436,0.494,5.9,416.7,2.836,0.648,470,1370,measured_cashbridge,2025,audit,-346.2,0,,,-346.2,769.7,690.6,420.5,171.4,2.9,0.0027,op+dep,부실·리파이낸싱,부실·리파이낸싱(negative): 구조적 악화 (영업적자 1/3년 · 자본잠식),0.025,company_history,0,DISTRESS_EVENT,,,EBITDA 적자 -666억 / 자본잠식 / EBITDA마진 2%→-63% / 3년 순부채 +417억 vs EBITDA합 147억 / 매출 1원 성장에 순부채 0.65원 / 유동비율 49% / 현금/매출 1% / 현금 2년 연속 감소 / 런웨이 0개월
71.5,44.5,85.7,(주)부산케이블앤엔지니어링,01468742,,false,제조업,1차 금속,GROWTH(성장자금형),4063.7,0.397,293.6,0.072,824.6,2.8,4.849,1.173,218.3,317.8,1.756,0.282,376,1401,measured_cashbridge,2025,audit,-203,260.3,,,-463.3,1042.9,495.4,365.9,325.8,3,0.0007,op+dep,성장,성장자금형(positive): 매출 CAGR 40% + 마진 유지 · capex/매출 6.4%,0.02,company_history,13,UNLISTED_BLIND,,,부채비율 485% / 3년 순부채 +318억 vs EBITDA합 181억 / 유동비율 117% / 런웨이 13개월
71.5,70.4,39.4,(주)라라팜,01844687,,false,도소매,도매·상품중개,REFI(롤오버형),449.5,,11.8,0.026,333.8,28.3,2.197,0.216,16.9,266.6,11.825,0.567,31,86,measured_cashbridge,2025,audit,0.4,0.1,,,0.3,350.8,350.8,67.2,0.2,67.4,0.15,op+dep,부실·리파이낸싱,부실·리파이낸싱(neutral): 레버리지·유동성 부담 — 구조적/일시적 판단 보류,0.008,company_history,,UNLISTED_BLIND,,,순부채/EBITDA 28.3x / 부채비율 220% (3년 220%p↑) / EBITDA마진 5%→3% / 3년 순부채 +267억 vs EBITDA합 23억 / 매출 1원 성장에 순부채 0.57원 / 유동비율 22% / 현금/매출 4%
71.4,76.7,27.7,(주)대덕강업,00410261,,false,도소매,도매·상품중개,REFI(롤오버형),839.2,-0.229,22.6,0.027,1526.8,67.6,2.777,0.171,61.4,538.2,3.107,,172,600,measured_cashbridge,2025,audit,-52.2,34.6,,,-86.7,1588.2,1588.2,80.8,30.9,-2.3,0.0027,op+dep,부실·리파이낸싱,부실·리파이낸싱(negative): 구조적 악화 (영업적자 1/3년),0.009,company_history,14,UNLISTED_BLIND,,,순부채/EBITDA 67.6x / 부채비율 278% (3년 128%p↑) / 3년 순부채 +538억 vs EBITDA합 173억 / 유동비율 17% / 런웨이 14개월
71.4,54.7,67.1,(주)영완,00602552,,false,제조업,금속가공제품,REFI(롤오버형),375.9,0.028,46.3,0.123,359.1,7.8,1.021,0.465,47.1,360.6,2.279,7.297,0,0,measured_cashbridge,2025,audit,51.3,11.1,,,40.2,406.3,306.3,-36.4,14.9,0,0.0001,op+dep,부실·리파이낸싱,부실·리파이낸싱(neutral): 레버리지·유동성 부담 — 구조적/일시적 판단 보류,0.041,company_history,,UNLISTED_BLIND,,,순부채/EBITDA 7.8x / EBITDA마진 15%→12% / 3년 순부채 +361억 vs EBITDA합 158억 / 매출 1원 성장에 순부채 7.30원 / 유동비율 46%
71.4,77.4,26.3,(주)자영에너지,01466966,,false,도소매,도매·상품중개,REFI(롤오버형),572,-0.256,2.5,0.004,99.1,39.6,4.588,2.518,0.4,69.1,4.694,,26,,netdebt_inferred,2025,audit,1.7,,0,,,99.5,39.5,3.6,5.3,0,0,op+dep,부실·리파이낸싱,부실·리파이낸싱(negative): 구조적 악화 (영업적자 0/3년),0.008,company_history,,UNLISTED_BLIND,,,순부채/EBITDA 39.6x / 부채비율 459% (3년 157%p↑) / 3년 순부채 +69억 vs EBITDA합 15억 / 현금/매출 0% / 현금 2년 연속 감소
71.3,55.4,65.4,피유테크(주),01657869,,false,제조업,금속가공제품,GROWTH(성장자금형),430.1,0.22,23.5,0.055,150.9,6.4,2.978,0.525,11.1,61.3,0.828,0.176,19,36,measured_cashbridge,2025,audit,11.9,15.9,0,,-4,162,78.6,9.4,21.1,0.2,0.0005,op+dep,부실·리파이낸싱,부실·리파이낸싱(neutral): 레버리지·유동성 부담 — 구조적/일시적 판단 보류 | 성장자금형(positive): 매출 CAGR 22% + 마진 유지 · capex/매출 3.7%,0.026,company_history,,,,,순부채/EBITDA 6.4x / 부채비율 298% / 3년 순부채 +61억 vs EBITDA합 74억 / 유동비율 52% / 현금/매출 3% / 현금 2년 연속 감소
71.3,87.6,7.5,(주)성일이노텍,00805609,,false,제조업,인쇄·기록매체 복제,DISTRESS(구조조정형),444.7,-0.052,-41.6,-0.094,216.2,,-22.785,0.893,0.2,55.4,3,,30,,netdebt_inferred,,,,,,,,,,,,,,,부실·리파이낸싱,부실·리파이낸싱(negative): 구조적 악화 (영업적자 1/3년 · 자본잠식),0.02,company_history,0,UNLISTED_BLIND,,,EBITDA 적자 -42억 / 자본잠식 / EBITDA마진 4%→-9% / 3년 순부채 +55억 vs EBITDA합 -4억 / 유동비율 89% / 현금/매출 0% / 런웨이 0개월
71.3,56.3,63.8,영인에너지솔루션(주),00925268,,false,제조업,전기장비,DISTRESS(구조조정형),802.9,0.181,46.4,0.058,91.6,2,4.798,0.969,166.4,54.6,3,0.14,0,0,measured_cashbridge,2025,audit,-10.7,5.1,,,-22.5,258,234.8,-74.1,-20.7,-64.1,0.0799,op+dep,부실·리파이낸싱,부실·리파이낸싱(negative): 구조적 악화 (영업적자 2/3년) | 성장자금형(negative): 매출 CAGR 18% 인데 EBITDA마진 7.3%p 훼손 — 기존사업 하락을 외형성장으로 마스킹하는지 확인 필요,0.02,company_history,187,UNLISTED_BLIND,,,부채비율 480% (3년 91%p↑) / EBITDA마진 5%→6% / 3년 순부채 +55억 vs EBITDA합 -5억 / 유동비율 97% / 영업적자 2/3년
71.3,69.5,40,공우이엔씨(주),00976411,,false,사업지원·임대,사업시설관리·조경,REFI(롤오버형),1048.9,-0.05,18,0.017,319.1,17.7,5.114,0.669,130.9,480.9,15.685,,0,0,measured_cashbridge,2025,audit,40,22.6,,,17.4,450,450,-67.4,-20.9,-6.5,0.0062,op+dep,부실·리파이낸싱,부실·리파이낸싱(negative): 구조적 악화 (영업적자 1/3년),0.036,company_history,,UNLISTED_BLIND,,,순부채/EBITDA 17.7x / 부채비율 511% / 3년 순부채 +481억 vs EBITDA합 31억 / 유동비율 67%
71.3,52.9,70,세진밸브공업(주),00985260,,false,제조업,기타 기계·장비,GROWTH(성장자금형),382.9,0.147,27.4,0.072,249.8,9.1,1.824,1.176,39.3,213.6,3.524,2.083,0,0,measured_cashbridge,2025,audit,20.3,0.5,,,19.7,289.2,196.1,-12,7.2,1,0.0027,op+dep,부실·리파이낸싱,부실·리파이낸싱(positive): 레버리지 부담은 크나 매출 회복 + 마진 반등 — 시황 저점 진입 가능성 | 성장자금형(positive): 매출 CAGR 15% + 마진 유지 · capex/매출 0.1%,0.02,company_history,,UNLISTED_BLIND,,,순부채/EBITDA 9.1x / 3년 순부채 +214억 vs EBITDA합 61억 / 매출 1원 성장에 순부채 2.08원 / 유동비율 118%
71.3,66.8,45,화신자원(주),01091629,,false,전기·가스·환경,폐기물 처리·자원재생,REFI(롤오버형),505.3,,6.7,0.013,34.9,5.2,2.29,0.624,10.1,59.2,2.064,0.085,1,1,measured_cashbridge,2025,audit,13.1,0,,,13.1,45,45,-13.1,0,0,0,op+dep,부실·리파이낸싱,부실·리파이낸싱(negative): 구조적 악화 (영업적자 2/3년),0.015,company_history,,UNLISTED_BLIND,,,순부채/EBITDA 5.2x / 부채비율 229% (3년 229%p↑) / 3년 순부채 +59억 vs EBITDA합 29억 / 유동비율 62% / 현금/매출 2% / 영업적자 2/3년
71.3,85.2,12,(주)에이플네이처,01427666,,false,도소매,소매(자동차 제외),DISTRESS(구조조정형),362.8,0.185,-2.3,-0.006,259.6,,-1.163,0.658,0.1,116.2,3,0.802,46,,netdebt_inferred,,,,,,,,,,,,,,,부실·리파이낸싱,부실·리파이낸싱(negative): 구조적 악화 (영업적자 3/3년 · 자본잠식) | 성장자금형(positive): 매출 CAGR 19% + 마진 유지,0.008,company_history,0,UNLISTED_BLIND,,,EBITDA 적자 -2억 / 자본잠식 / 3년 순부채 +116억 vs EBITDA합 -133억 / 매출 1원 성장에 순부채 0.80원 / 유동비율 66% / 현금/매출 0% / 현금 2년 연속 감소 / 영업적자 3/3년 / 런웨이 0개월
71.2,66.1,45.9,(주)고아정공,00367172,,false,제조업,전자부품·컴퓨터·통신장비,REFI(롤오버형),3960,-0.11,90.8,0.023,1138.6,12.5,1.929,0.785,166.4,288,1.908,,103,506,measured_cashbridge,2025,audit,153.1,220.2,,,-67.1,1305,1157.2,111.2,163.7,100.6,0.0254,op+dep,부실·리파이낸싱,부실·리파이낸싱(negative): 구조적 악화 (영업적자 0/3년),0.02,company_history,,UNLISTED_BLIND,,,순부채/EBITDA 12.5x / 3년 순부채 +288억 vs EBITDA합 151억 / 유동비율 78% / 현금/매출 4%
71.2,66.9,44.3,(주)종이나라,00300894,,false,제조업,펄프·종이 제조,REFI(롤오버형),330.7,-0.021,22.4,0.068,219.3,9.8,4.347,0.57,35.3,43.4,0.866,2.032,9,58,measured_cashbridge,2025,audit,5.2,4.8,,,0.4,254.6,248.7,-6.7,0.9,-2.4,0.0072,op+dep,부실·리파이낸싱,부실·리파이낸싱(negative): 구조적 악화 (영업적자 1/3년),0.02,company_history,,UNLISTED_BLIND,,,순부채/EBITDA 9.8x / 부채비율 435% (3년 145%p↑) / 3년 순부채 +43억 vs EBITDA합 50억 / 매출 1원 성장에 순부채 2.03원 / 유동비율 57%
71.2,70.9,37.1,(주)씨에이메탈,00677130,,false,제조업,1차 금속,REFI(롤오버형),388.5,0.028,6.9,0.018,89.4,13,2.36,0.775,9.4,21.8,1.428,4.975,41,101,measured_cashbridge,2025,audit,-16,4.3,,,-20.3,98.8,98.8,19.8,3.2,0.6,0.0014,op+dep,부실·리파이낸싱,부실·리파이낸싱(positive): 레버리지 부담은 크나 매출 회복 + 마진 반등 — 시황 저점 진입 가능성,0.02,company_history,7,,,,순부채/EBITDA 13.0x / 부채비율 236% (3년 48%p↑) / 3년 순부채 +22억 vs EBITDA합 15억 / 매출 1원 성장에 순부채 4.97원 / 유동비율 77% / 현금/매출 2% / 런웨이 7개월
71.2,70.9,37.3,(주)대지에스텍,00770747,,false,도소매,도매·상품중개,REFI(롤오버형),531.1,-0.147,19.1,0.036,143.6,7.5,1.756,0.589,0.1,33.6,2.935,,43,89,measured_cashbridge,2025,audit,-4.8,8.3,,,-13.2,143.7,122.7,9.4,4.6,0,0,op+dep,부실·리파이낸싱,부실·리파이낸싱(negative): 구조적 악화 (영업적자 1/3년),0.008,company_history,0,,,,순부채/EBITDA 7.5x / 3년 순부채 +34억 vs EBITDA합 11억 / 유동비율 59% / 현금/매출 0% / 현금 2년 연속 감소 / 런웨이 0개월
71.2,66.5,45,케이씨씨오토(주),00926586,,false,도소매,자동차·부품 판매,REFI(롤오버형),8485.3,-0.054,103.7,0.012,886.4,8.5,1.915,0.819,0.2,721.5,0.699,,536,1534,measured_cashbridge,2025,audit,680.3,509,6,,-388,886.6,748.1,-60.9,1066.1,-446.7,0.0526,op+dep,부실·리파이낸싱,부실·리파이낸싱(negative): 구조적 악화 (영업적자 1/3년),0.008,company_history,,,,,"순부채/EBITDA 8.5x / EBITDA마진 4%→1% / 3년 순부채 +722억 vs EBITDA합 1,032억 / 유동비율 82% / 현금/매출 0%"
71.2,70.8,37.2,(주)씨맥,00970815,,false,도소매,도매·상품중개,REFI(롤오버형),443.9,0.007,13.8,0.031,160.5,11.6,12.837,1.055,114.7,102.8,1.763,1.708,0,0,measured_cashbridge,2025,audit,13.1,11.7,,,1.3,275.3,199.8,-0.3,16.8,-4,0.0091,op+dep,부실·리파이낸싱,부실·리파이낸싱(neutral): 레버리지·유동성 부담 — 구조적/일시적 판단 보류,0.055,company_history,,UNLISTED_BLIND,,,순부채/EBITDA 11.6x / 부채비율 1284% (3년 488%p↑) / 3년 순부채 +103억 vs EBITDA합 58억 / 매출 1원 성장에 순부채 1.71원 / 유동비율 105%
71.2,80.5,20,(주)제이에스케이,01080696,,false,제조업,기타 기계·장비,DISTRESS(구조조정형),387.3,-0.075,6.3,0.016,236.7,37.6,2.571,0.804,49.7,68.7,3,1.099,0,19,measured_cashbridge,2025,audit,0.8,2.5,,,-1.7,286.4,146,-3.1,-0.7,-1.6,0.0042,op+dep,부실·리파이낸싱,부실·리파이낸싱(negative): 구조적 악화 (영업적자 3/3년),0.028,company_history,,UNLISTED_BLIND,,,순부채/EBITDA 37.6x / 부채비율 257% (3년 81%p↑) / EBITDA마진 -1%→2% / 3년 순부채 +69억 vs EBITDA합 -6억 / 매출 1원 성장에 순부채 1.10원 / 유동비율 80% / 영업적자 3/3년
71.2,84.9,12,(주)미미박스,01129621,,false,도소매,소매(자동차 제외),DISTRESS(구조조정형),351.9,0.154,-1.3,-0.004,358.8,,-1.364,0.597,8.1,204,3,1.772,6,6,measured_cashbridge,2025,audit,14.2,1.9,,,5.1,366.9,0,-14.9,8.3,-9,0.0255,op+dep,부실·리파이낸싱,부실·리파이낸싱(negative): 구조적 악화 (영업적자 3/3년 · 자본잠식) | 성장자금형(positive): 매출 CAGR 15% + 마진 유지 · capex/매출 0.5%,0.008,company_history,,UNLISTED_BLIND,,,EBITDA 적자 -1억 / 자본잠식 / 3년 순부채 +204억 vs EBITDA합 -98억 / 매출 1원 성장에 순부채 1.77원 / 유동비율 60% / 현금/매출 2% / 영업적자 3/3년
71.2,64.7,48.4,(주)복시약품,01219863,,false,도소매,도매·상품중개,REFI(롤오버형),674.7,0.05,14.8,0.022,103.2,7,5.888,0.668,31.7,47.9,1.534,0.453,7,44,measured_cashbridge,2025,audit,-9,1,,,-10,134.9,108.3,-5.1,-2.9,-11.3,0.0167,op+dep,부실·리파이낸싱,부실·리파이낸싱(neutral): 레버리지·유동성 부담 — 구조적/일시적 판단 보류 | 성장자금형(positive): 매출 CAGR 5% + 마진 유지 · capex/매출 0.1%,0.008,company_history,42,UNLISTED_BLIND,,,순부채/EBITDA 7.0x / 부채비율 589% / 3년 순부채 +48억 vs EBITDA합 31억 / 유동비율 67% / 현금/매출 5%
71.2,65.6,46.6,(주)케이엘페트로,01464597,,false,도소매,도매·상품중개,REFI(롤오버형),1139.1,-0.009,5.9,0.005,80.8,13.7,7.007,0.937,2.6,9.4,0.48,,33,64,measured_cashbridge,2025,audit,-9.7,0.6,,,-10.3,83.4,65.9,10.7,1,0,0,op+dep,부실·리파이낸싱,부실·리파이낸싱(negative): 구조적 악화 (영업적자 0/3년),0.008,company_history,3,,,,순부채/EBITDA 13.7x / 부채비율 701% / 3년 순부채 +9억 vs EBITDA합 20억 / 유동비율 94% / 현금/매출 0% / 런웨이 3개월
71.2,71.9,35.5,(주)세상담기,01458444,,false,도소매,소매(자동차 제외),REFI(롤오버형),438.9,0.03,13.5,0.031,147.5,10.9,2.706,0.716,1.4,67.1,3.019,0.954,40,84,measured_cashbridge,2025,audit,-10.1,0.5,,,-10.5,148.9,140.9,7.9,-1.8,-0.3,0.0007,op+dep,부실·리파이낸싱,부실·리파이낸싱(positive): 레버리지 부담은 크나 매출 회복 + 마진 반등 — 시황 저점 진입 가능성,0.008,company_history,2,UNLISTED_BLIND,,,순부채/EBITDA 10.9x / 부채비율 271% / 3년 순부채 +67억 vs EBITDA합 22억 / 매출 1원 성장에 순부채 0.95원 / 유동비율 72% / 현금/매출 0% / 런웨이 2개월
71.2,82.5,16.1,(주)더스타일컴퍼니,01541267,,false,제조업,의복·모피 제조,DISTRESS(구조조정형),318.3,-0.153,9.6,0.03,252,26.3,5.999,0.316,1.9,206,3,,35,69,measured_cashbridge,2025,audit,3.3,0.4,,,2.9,253.9,193.9,-20.8,-6.2,-10.8,0.034,op+dep,부실·리파이낸싱,부실·리파이낸싱(negative): 구조적 악화 (영업적자 2/3년),0.02,company_history,,UNLISTED_BLIND,,,순부채/EBITDA 26.3x / 부채비율 600% (3년 266%p↑) / 3년 순부채 +206억 vs EBITDA합 -4억 / 유동비율 32% / 현금/매출 1% / 영업적자 2/3년
71.1,76.6,26.7,홈플러스(주),00300061,,false,도소매,소매(자동차 제외),DISTRESS(구조조정형),57963.1,-0.002,-1359.4,-0.023,46623.6,,29.549,0.095,765.4,471.7,0.057,,3079,9904,measured_cashbridge,2025,audit,2704.6,380.1,,,-1756.1,47389,20635.3,-6187.9,4029.2,-7512.5,0.1296,op+dep,부실·리파이낸싱,부실·리파이낸싱(negative): 구조적 악화 (영업적자 3/3년),0.008,company_history,,UNLISTED_BLIND,,,"EBITDA 적자 -1,359억 / 부채비율 2955% (3년 2229%p↑) / 3년 순부채 +472억 vs EBITDA합 8,274억 / 유동비율 10% / 현금/매출 1% / 영업적자 3/3년"
71.1,61,54.4,(주)대원운수,00310749,,false,운수·물류,육상운송·파이프라인,REFI(롤오버형),995.7,0.068,33.1,0.033,285.2,8.6,1.89,0.453,0.3,86.8,0.595,0.366,148,404,measured_cashbridge,2025,audit,-28.6,72.1,0,,-100.7,285.5,229.5,41.1,12.5,0,0,op+dep,부실·리파이낸싱,부실·리파이낸싱(neutral): 레버리지·유동성 부담 — 구조적/일시적 판단 보류 | 성장자금형(negative): 매출 CAGR 7% 인데 EBITDA마진 2.0%p 훼손 — 기존사업 하락을 외형성장으로 마스킹하는지 확인 필요,0.015,company_history,0,,,,순부채/EBITDA 8.6x / EBITDA마진 5%→3% / 3년 순부채 +87억 vs EBITDA합 146억 / 유동비율 45% / 현금/매출 0% / 현금 2년 연속 감소 / 런웨이 0개월
71.1,65.2,46.9,(주)와이비엠,00135591,,false,정보통신,출판업,DISTRESS(구조조정형),1380.3,0.061,-20.1,-0.014,1037.6,,0.452,0.506,503.4,394.8,3,2.815,0,288,measured_cashbridge,2025,audit,-21.6,42.2,,,-63.8,1541,1541,89.1,17.5,50,0.0362,op+dep,부실·리파이낸싱,부실·리파이낸싱(negative): 구조적 악화 (영업적자 3/3년) | 성장자금형(positive): 매출 CAGR 6% + 마진 유지 · capex/매출 3.1%,0.1,company_history,280,UNLISTED_BLIND,,,EBITDA 적자 -20억 / 3년 순부채 +395억 vs EBITDA합 -136억 / 매출 1원 성장에 순부채 2.81원 / 유동비율 51% / 영업적자 3/3년
71.1,71.1,36.3,(주)해송엔지니어링,00366784,,false,제조업,자동차·트레일러,REFI(롤오버형),441.2,-0.062,25.4,0.058,214,8.4,2.628,0.56,0,46.5,1.402,,38,76,measured_cashbridge,2025,audit,11.4,8.6,,,2.8,214.1,208.2,4.9,16,0.4,0.0008,op+dep,부실·리파이낸싱,부실·리파이낸싱(negative): 구조적 악화 (영업적자 1/3년),0.02,company_history,,UNLISTED_BLIND,,,순부채/EBITDA 8.4x / 부채비율 263% / 3년 순부채 +47억 vs EBITDA합 33억 / 유동비율 56% / 현금/매출 0% / 현금 2년 연속 감소
71.1,70.6,37.5,(주)알포메,00257811,,false,제조업,고무·플라스틱제품,REFI(롤오버형),591.8,-0.037,11.4,0.019,360.2,31.6,1.092,0.379,8.9,164.7,1.443,,136,387,measured_cashbridge,2025,audit,2.4,94,2.5,,-91.7,369.1,310.8,47.4,49.9,-0.1,0.0002,op+dep,부실·리파이낸싱,부실·리파이낸싱(negative): 구조적 악화 (영업적자 1/3년),0.02,company_history,,UNLISTED_BLIND,,,순부채/EBITDA 31.6x / EBITDA마진 6%→2% / 3년 순부채 +165억 vs EBITDA합 114억 / 유동비율 38% / 현금/매출 2%
71.1,52,70.7,선보유니텍(주),00484178,,false,제조업,기타 운송장비,REFI(롤오버형),764.1,0.001,138,0.181,617.1,4.5,1.447,0.338,1.9,580.7,2.833,176.737,194,,netdebt_inferred,,,,,,,,,,,,,,,부실·리파이낸싱,부실·리파이낸싱(positive): 레버리지 부담은 크나 매출 회복 + 마진 반등 — 시황 저점 진입 가능성,0.02,company_history,,UNLISTED_BLIND,,,순부채/EBITDA 4.5x / 3년 순부채 +581억 vs EBITDA합 205억 / 매출 1원 성장에 순부채 176.74원 / 유동비율 34% / 현금/매출 0%
71.1,44.5,84.4,계명산업(주),00527020,,false,제조업,자동차·트레일러,GROWTH(성장자금형),739.7,0.138,72.8,0.099,334.8,4.6,4.406,0.637,19.8,31.9,0.174,0.386,56,157,measured_cashbridge,2025,audit,44,77.9,,,-33.9,354.6,247.3,40.3,84.4,0,0,op+dep,부실·리파이낸싱,부실·리파이낸싱(neutral): 레버리지·유동성 부담 — 구조적/일시적 판단 보류 | 성장자금형(positive): 매출 CAGR 14% + 마진 유지 · capex/매출 10.5%,0.02,company_history,,,,,순부채/EBITDA 4.6x / 부채비율 441% (3년 59%p↑) / 3년 순부채 +32억 vs EBITDA합 184억 / 유동비율 64% / 현금/매출 3%
71.1,69,40.2,(주)에스쓰리알,01478873,,false,전기·가스·환경,폐기물 처리·자원재생,REFI(롤오버형),487,-0.019,26.1,0.054,420.5,16.1,4.477,1.033,15.6,145.1,0.754,0.539,134,394,measured_cashbridge,2025,audit,-60.6,37.1,,,-97.7,436,320,100.1,39.9,-0.3,0.0007,op+dep,부실·리파이낸싱,부실·리파이낸싱(negative): 구조적 악화 (영업적자 1/3년),0.028,company_history,3,,,,순부채/EBITDA 16.1x / 부채비율 448% / EBITDA마진 11%→5% / 3년 순부채 +145억 vs EBITDA합 192억 / 매출 1원 성장에 순부채 0.54원 / 유동비율 103% / 현금/매출 3% / 현금 2년 연속 감소 / 런웨이 3개월
71,51.1,72.2,한솔로지스유(주),01716986,,false,운수·물류,창고·운송관련 서비스,TIGHT(유동성형),1447.2,,123.7,0.086,222.5,1.8,2.647,0.877,10.2,294.3,1.576,0.35,35,77,measured_cashbridge,2025,audit,89.9,9.2,,,-7.9,232.7,138.6,-71.8,94.8,-76.7,0.053,op+dep,부실·리파이낸싱,부실·리파이낸싱(neutral): 레버리지·유동성 부담 — 구조적/일시적 판단 보류 | 이벤트(neutral): 분할·카브아웃 · 합병 — 승계·증여·분쟁 여부는 주주 레벨 사건이라 재무로 안 보임. 대주주 연령·지분율 개별 확인 필요,0.015,company_history,,UNLISTED_BLIND,,,부채비율 265% (3년 265%p↑) / EBITDA마진 11%→9% / 3년 순부채 +294억 vs EBITDA합 187억 / 유동비율 88% / 현금/매출 1%
71,70.3,37.5,(주)지화이브,00245490,,false,도소매,도매·상품중개,REFI(롤오버형),799.4,-0.061,9.1,0.011,62.7,6.9,2.79,1.421,27.3,70.4,1.868,,20,,netdebt_inferred,,,,,,,,,,,,,,,부실·리파이낸싱,부실·리파이낸싱(negative): 구조적 악화 (영업적자 0/3년),0.026,company_history,,UNLISTED_BLIND,,,순부채/EBITDA 6.9x / 부채비율 279% (3년 94%p↑) / 3년 순부채 +70억 vs EBITDA합 38억 / 현금/매출 3% / 현금 2년 연속 감소
71,36.5,98.2,(주)코아비스,00218760,,false,제조업,자동차·트레일러,GROWTH(성장자금형),3158.5,0.204,360.4,0.114,1258.8,3.5,2.274,1.005,61.7,365,0.433,0.34,91,200,measured_cashbridge,2025,audit,197.5,246.4,,,-48.8,1320.4,604.7,80.9,240.3,38.2,0.0121,op+dep,성장,성장자금형(positive): 매출 CAGR 20% + 마진 유지 · capex/매출 7.8%,0.02,company_history,,UNLISTED_BLIND,,,순부채/EBITDA 3.5x / 부채비율 227% / 3년 순부채 +365억 vs EBITDA합 843억 / 유동비율 101% / 현금/매출 2%
71,54.4,66.1,(주)더엔진,00547060,,false,제조업,의복·모피 제조,REFI(롤오버형),532.6,0.055,41.8,0.079,347.3,8.3,2.425,1.323,114.5,240.7,1.805,3.162,0,0,measured_cashbridge,2025,audit,5.2,0.8,,,4.4,461.8,231.2,17.7,5.9,17,0.0319,op+dep,부실·리파이낸싱,부실·리파이낸싱(positive): 레버리지 부담은 크나 매출 회복 + 마진 반등 — 시황 저점 진입 가능성 | 성장자금형(positive): 매출 CAGR 6% + 마진 유지 · capex/매출 0.2%,0.02,company_history,,UNLISTED_BLIND,,,순부채/EBITDA 8.3x / 부채비율 242% (3년 97%p↑) / 3년 순부채 +241억 vs EBITDA합 133억 / 매출 1원 성장에 순부채 3.16원
71,43.4,85.9,(주)자이언엔텍,01154496,,false,제조업,자동차·트레일러,GROWTH(성장자금형),505.9,0.158,49.6,0.098,284.8,5.7,3.938,0.925,15.7,27.5,0.255,0.241,22,52,measured_cashbridge,2025,audit,27,30.6,,,-3.6,300.5,167,6.7,44.1,-0.4,0.0009,op+dep,부실·리파이낸싱,부실·리파이낸싱(positive): 레버리지 부담은 크나 매출 회복 + 마진 반등 — 시황 저점 진입 가능성 | 성장자금형(positive): 매출 CAGR 16% + 마진 유지 · capex/매출 6.0%,0.02,company_history,,,,,순부채/EBITDA 5.7x / 부채비율 394% / 3년 순부채 +27억 vs EBITDA합 108억 / 유동비율 93% / 현금/매출 3%
71,35.8,99.6,듀폰스페셜티솔루션스코리아유한회사,01462809,,false,제조업,화학물질·화학제품,WC_BURN(운전자본형),5538.8,0.147,1015.7,0.183,,,0.677,1.14,711.6,1749.1,1.167,1.456,0,0,measured_cashbridge,2025,audit,831.1,63.1,,,768.1,,,,357.7,,,op+dep,성장,성장자금형(positive): 매출 CAGR 15% + 마진 유지 · capex/매출 1.1%,0.1,company_history,,UNLISTED_BLIND,,,"3년 순부채 +1,749억 vs EBITDA합 1,499억 / 매출 1원 성장에 순부채 1.46원 / 유동비율 114% / 현금 2년 연속 감소"
71,72.6,33.3,한양식품(주),01468113,,false,제조업,식료품 제조,REFI(롤오버형),470.2,-0.004,11,0.023,96.1,8.7,3.903,0.78,4,35.9,2.522,,7,7,measured_cashbridge,2025,audit,20.4,1.4,,,19,100.2,99.6,-23.7,-4,0.7,0.0015,op+dep,부실·리파이낸싱,부실·리파이낸싱(negative): 구조적 악화 (영업적자 0/3년),0.02,company_history,,,,,순부채/EBITDA 8.7x / 부채비율 390% / 3년 순부채 +36억 vs EBITDA합 14억 / 유동비율 78% / 현금/매출 1%
71,88.6,4.5,농업회사법인(주)부경양돈엠앤에프(M&F),01562367,,false,농림어업,농업,DISTRESS(구조조정형),309.8,-0.024,-20.1,-0.065,156.5,,-2.771,0.122,8.5,91.9,3,,81,221,measured_cashbridge,2025,audit,-18.3,35.1,,,-53.4,165,165,34.3,16,0,0,op+dep,부실·리파이낸싱,부실·리파이낸싱(negative): 구조적 악화 (영업적자 3/3년 · 자본잠식),0.018,company_history,6,,,,EBITDA 적자 -20억 / 자본잠식 / EBITDA마진 -4%→-7% / 3년 순부채 +92억 vs EBITDA합 -36억 / 유동비율 12% / 현금/매출 3% / 영업적자 3/3년 / 런웨이 6개월
70.9,61,53.9,베올리아산업개발코리아(주),00407212,,false,전기·가스·환경,폐기물 처리·자원재생,REFI(롤오버형),2059.9,-0.11,102.4,0.05,1685.2,16.5,18.875,1.39,314.2,216.9,0.426,,0,0,measured_cashbridge,2025,audit,109.7,140,,,-31,1999.4,150,192.1,279.6,22.2,0.0108,op+dep,부실·리파이낸싱,부실·리파이낸싱(negative): 구조적 악화 (영업적자 1/3년),0.028,company_history,,UNLISTED_BLIND,,,순부채/EBITDA 16.5x / 부채비율 1888% (3년 1474%p↑) / EBITDA마진 11%→5% / 3년 순부채 +217억 vs EBITDA합 509억
70.9,53.4,67.6,(주)디에이치라이팅,00662350,,false,제조업,전기장비,WC_BURN(운전자본형),2294.6,0.098,85.7,0.037,823.4,9.6,1.659,0.995,18.5,326,0.836,0.593,31,31,measured_cashbridge,2025,audit,104.5,106.3,,,-8.7,,,,4.2,,,op+dep,부실·리파이낸싱,부실·리파이낸싱(positive): 레버리지 부담은 크나 매출 회복 + 마진 반등 — 시황 저점 진입 가능성 | 성장자금형(positive): 매출 CAGR 10% + 마진 유지 · capex/매출 4.6%,0.02,company_history,,UNLISTED_BLIND,,,순부채/EBITDA 9.6x / 3년 순부채 +326억 vs EBITDA합 390억 / 매출 1원 성장에 순부채 0.59원 / 유동비율 100% / 현금/매출 1%
70.9,66.1,44.8,(주)이노필텍,01388701,,false,제조업,기타 기계·장비,REFI(롤오버형),443.2,0.028,27.7,0.063,155.5,5.6,3.896,0.889,6,44.2,3,,1,1,measured_cashbridge,2025,audit,18.9,2.1,,,16.8,161.5,42.7,-110,-88.7,-2.4,0.0055,op+dep,부실·리파이낸싱,부실·리파이낸싱(positive): 레버리지 부담은 크나 매출 회복 + 마진 반등 — 시황 저점 진입 가능성,0.02,company_history,,UNLISTED_BLIND,,,순부채/EBITDA 5.6x / 부채비율 390% (3년 223%p↑) / 3년 순부채 +44억 vs EBITDA합 -23억 / 유동비율 89% / 현금/매출 1%
70.9,74.2,30,(주)신기석유,01498503,,false,도소매,도매·상품중개,REFI(롤오버형),456.1,-0.118,1.2,0.003,50.4,40.5,3.042,0.947,1.6,21.8,2.002,,9,,netdebt_inferred,,,,,,,,,,,,,,,부실·리파이낸싱,부실·리파이낸싱(negative): 구조적 악화 (영업적자 0/3년),0.008,company_history,13,UNLISTED_BLIND,,,순부채/EBITDA 40.5x / 부채비율 304% / 3년 순부채 +22억 vs EBITDA합 11억 / 유동비율 95% / 현금/매출 0% / 현금 2년 연속 감소 / 런웨이 13개월
70.9,53.6,67.2,(주)허스델리,01552759,,false,제조업,식료품 제조,TIGHT(유동성형),336.2,0.088,30.6,0.091,194.2,6.3,3.697,0.744,9.6,53,0.705,0.326,82,225,measured_cashbridge,2025,audit,7.5,66.3,,,-58.7,203.8,133.9,17.8,69.3,-40,0.119,op+dep,부실·리파이낸싱,부실·리파이낸싱(neutral): 레버리지·유동성 부담 — 구조적/일시적 판단 보류 | 성장자금형(positive): 매출 CAGR 9% + 마진 유지 · capex/매출 19.7%,0.02,company_history,,UNLISTED_BLIND,,,순부채/EBITDA 6.3x / 부채비율 370% (3년 110%p↑) / 3년 순부채 +53억 vs EBITDA합 75억 / 유동비율 74% / 현금/매출 3%
70.8,40.7,90,(주)아산플러스,01614828,,false,정보통신,출판업,DISTRESS(구조조정형),2352.2,4.892,438,0.186,863.2,2,4.024,1.249,112.8,330.9,1.488,0.171,68,,netdebt_inferred,2025,audit,-267.6,,,,,976,976,271.3,4,-0.3,0.0001,op+dep,성장,성장자금형(positive): 매출 CAGR 489% + 마진 유지,0.025,company_history,5,UNLISTED_BLIND,,,부채비율 402% (3년 1235%p↑) / 3년 순부채 +331억 vs EBITDA합 222억 / 현금/매출 5% / 런웨이 5개월
70.8,69.9,37.5,(주)내외,01682412,,false,제조업,가구 제조,REFI(롤오버형),308.2,,1.7,0.006,45.2,26.8,6.92,0.992,20.8,45.2,5.287,0.147,15,,netdebt_inferred,,,,,,,,,,,,,,,부실·리파이낸싱,부실·리파이낸싱(neutral): 레버리지·유동성 부담 — 구조적/일시적 판단 보류,0.048,company_history,312,UNLISTED_BLIND,,,순부채/EBITDA 26.8x / 부채비율 692% (3년 692%p↑) / 3년 순부채 +45억 vs EBITDA합 9억 / 유동비율 99%
70.8,62.5,50.6,대신전선(주),00365466,,false,제조업,전기장비,REFI(롤오버형),2096.4,0.003,57.5,0.027,662.1,11.5,2.2,2.976,7.1,244.6,1.779,1.111,159,407,measured_cashbridge,2025,audit,-98.8,3.2,,,-102.1,669.2,221.2,104.3,5.9,-0.4,0.0002,op+dep,부실·리파이낸싱,부실·리파이낸싱(positive): 레버리지 부담은 크나 매출 회복 + 마진 반등 — 시황 저점 진입 가능성,0.02,company_history,1,UNLISTED_BLIND,,,순부채/EBITDA 11.5x / 부채비율 220% / 3년 순부채 +245억 vs EBITDA합 137억 / 매출 1원 성장에 순부채 1.11원 / 현금/매출 0% / 런웨이 1개월
70.8,69.8,37.5,(주)지원에스아이,00612805,,false,도소매,도매·상품중개,REFI(롤오버형),701.6,-0.094,9.1,0.013,114.9,12.6,3.21,0.906,25.7,84.1,1.515,,4,23,measured_cashbridge,2025,audit,-0.5,0.1,,,-0.6,140.6,112.1,3.4,3,-0.1,0.0001,op+dep,부실·리파이낸싱,부실·리파이낸싱(negative): 구조적 악화 (영업적자 0/3년),0.021,company_history,617,UNLISTED_BLIND,,,순부채/EBITDA 12.6x / 부채비율 321% / 3년 순부채 +84억 vs EBITDA합 56억 / 유동비율 91% / 현금/매출 4%
70.8,58.7,57.4,(주)성욱,00767318,,false,도소매,도매·상품중개,REFI(롤오버형),631.6,-0.062,54.4,0.086,396,7.3,2.225,0.758,14.9,74,0.901,,50,143,measured_cashbridge,2025,audit,43.1,60.9,,,-17.8,410.9,321.1,15.2,59.4,-1.1,0.0017,op+dep,부실·리파이낸싱,부실·리파이낸싱(negative): 구조적 악화 (영업적자 0/3년),0.008,company_history,,,,,순부채/EBITDA 7.3x / 부채비율 222% / EBITDA마진 4%→9% / 3년 순부채 +74억 vs EBITDA합 82억 / 유동비율 76% / 현금/매출 2%
70.8,80.6,18,(주)이씨스,00818490,,false,제조업,전자부품·컴퓨터·통신장비,DISTRESS(구조조정형),3392.2,0.391,-534.5,-0.158,1171.6,,-3.453,0.306,15.2,587.2,3,0.276,425,,netdebt_inferred,,,,,,,,,,,,,,,부실·리파이낸싱,부실·리파이낸싱(negative): 구조적 악화 (영업적자 2/3년 · 자본잠식) | 성장자금형(negative): 매출 CAGR 39% 인데 EBITDA마진 13.0%p 훼손 — 기존사업 하락을 외형성장으로 마스킹하는지 확인 필요,0.02,company_history,0,RECENTLY_FUNDED,2026-06-16,[기재정정]주요사항보고서(유상증자결정),EBITDA 적자 -534억 / 자본잠식 / EBITDA마진 -3%→-16% / 3년 순부채 +587억 vs EBITDA합 -542억 / 유동비율 31% / 현금/매출 0% / 영업적자 2/3년 / 런웨이 0개월
70.8,64.1,47.8,일등라이스(주),00865373,,false,도소매,도매·상품중개,REFI(롤오버형),1036.4,-0.001,9.7,0.009,170,17.5,2.052,1.155,17.5,90.2,2.073,,3,4,measured_cashbridge,2025,audit,16.1,1.5,,,14.6,187.5,187.5,-17.2,1,-2.1,0.002,op+dep,부실·리파이낸싱,부실·리파이낸싱(negative): 구조적 악화 (영업적자 0/3년),0.008,company_history,,,,,순부채/EBITDA 17.5x / 부채비율 205% / 3년 순부채 +90억 vs EBITDA합 44억 / 유동비율 116% / 현금/매출 2%
70.8,39.5,92.2,(주)신안피앤씨,00927585,,false,제조업,펄프·종이 제조,WC_BURN(운전자본형),1107.6,0.097,148.9,0.134,767.9,5.2,0.659,0.343,108.3,212.3,0.694,1.616,14,194,measured_cashbridge,2025,audit,131.4,164.6,,,-33.2,876.2,732.6,-321.4,316.3,-506.4,0.4572,op+dep,부실·리파이낸싱,부실·리파이낸싱(neutral): 레버리지·유동성 부담 — 구조적/일시적 판단 보류 | 성장자금형(positive): 매출 CAGR 10% + 마진 유지 · capex/매출 14.9%,0.02,company_history,,,,,순부채/EBITDA 5.2x / 3년 순부채 +212억 vs EBITDA합 306억 / 매출 1원 성장에 순부채 1.62원 / 유동비율 34%
70.8,68.7,39.7,동아전자(주),01216237,,false,제조업,전자부품·컴퓨터·통신장비,REFI(롤오버형),950.9,-0.005,13.8,0.015,177.3,12.8,2.419,1.189,8.2,102.2,1.833,,108,301,measured_cashbridge,2025,audit,-76.8,4.5,,,-81.3,185.4,151.1,73.3,-3.9,0.4,0.0004,op+dep,부실·리파이낸싱,부실·리파이낸싱(negative): 구조적 악화 (영업적자 0/3년),0.02,company_history,1,,,,순부채/EBITDA 12.8x / 부채비율 242% (3년 89%p↑) / 3년 순부채 +102억 vs EBITDA합 56억 / 유동비율 119% / 현금/매출 1% / 런웨이 1개월
70.8,72.7,32.5,선산산업(주),01468894,,false,숙박·음식,음식점·주점,DISTRESS(구조조정형),764.6,-0.124,-17.9,-0.023,129.7,,0.246,0.341,10.8,214.5,18.578,0.609,50,131,measured_cashbridge,2025,audit,-23.7,0.1,,,-23.8,140.5,140.5,0.4,-23.4,0,0,op+dep,부실·리파이낸싱,부실·리파이낸싱(negative): 구조적 악화 (영업적자 2/3년),0.014,company_history,5,UNLISTED_BLIND,,,EBITDA 적자 -18억 / EBITDA마진 0%→-2% / 3년 순부채 +214억 vs EBITDA합 12억 / 매출 1원 성장에 순부채 0.61원 / 유동비율 34% / 현금/매출 1% / 현금 2년 연속 감소 / 영업적자 2/3년 / 런웨이 5개월
70.7,51,71.1,태양금속,01029464,,false,도소매,도매·상품중개,TIGHT(유동성형),6200.2,0.102,292.9,0.047,1943.7,6.6,3.788,0.858,78.1,24.3,0.025,0.015,35,,netdebt_inferred,,,,,,,,,,,,,,,부실·리파이낸싱,부실·리파이낸싱(neutral): 레버리지·유동성 부담 — 구조적/일시적 판단 보류 | 성장자금형(positive): 매출 CAGR 10% + 마진 유지,0.013,company_history,,,,,순부채/EBITDA 6.6x / 부채비율 379% / 3년 순부채 +24억 vs EBITDA합 973억 / 유동비율 86% / 현금/매출 1% / 현금 2년 연속 감소
70.7,83.8,12,에이치에스건설(주),01677298,,false,건설업,종합 건설,DISTRESS(구조조정형),528.2,,-98.5,-0.187,323.4,,-30.531,1.07,1.7,323.4,3,0.612,137,,netdebt_inferred,,,,,,,,,,,,,,,부실·리파이낸싱,부실·리파이낸싱(negative): 구조적 악화 (영업적자 1/3년 · 자본잠식),0.025,company_history,0,UNLISTED_BLIND,,,EBITDA 적자 -99억 / 자본잠식 / EBITDA마진 7%→-19% / 3년 순부채 +323억 vs EBITDA합 -32억 / 매출 1원 성장에 순부채 0.61원 / 유동비율 107% / 현금/매출 0% / 현금 2년 연속 감소 / 런웨이 0개월
70.7,71.1,35,롯데알미늄(주),00120535,,false,제조업,1차 금속,DISTRESS(구조조정형),8214.6,-0.046,-488.6,-0.059,,,1.924,0.759,1628.2,4957.8,42.209,,0,0,measured_cashbridge,2025,audit,79.7,262.4,,,-190.4,,,,995,,,op+dep,부실·리파이낸싱,부실·리파이낸싱(negative): 구조적 악화 (영업적자 3/3년),0.026,company_history,,UNLISTED_BLIND,,,"EBITDA 적자 -489억 / EBITDA마진 0%→-6% / 3년 순부채 +4,958억 vs EBITDA합 117억 / 유동비율 76% / 영업적자 3/3년"
70.7,66,43.9,동아베스텍(주),00247780,,false,제조업,비금속 광물제품,REFI(롤오버형),568.2,0.044,15,0.026,290.9,19.4,1.27,0.8,102.4,85.3,18.339,1.128,0,36,measured_cashbridge,2025,audit,4.9,10.3,,,-5.4,393.3,312.1,6.7,11.8,-0.2,0.0003,op+dep,부실·리파이낸싱,부실·리파이낸싱(negative): 구조적 악화 (영업적자 2/3년),0.052,company_history,,UNLISTED_BLIND,,,순부채/EBITDA 19.4x / 3년 순부채 +85억 vs EBITDA합 5억 / 매출 1원 성장에 순부채 1.13원 / 유동비율 80% / 현금 2년 연속 감소 / 영업적자 2/3년
70.7,67.5,41.2,새한(주),01214770,,false,제조업,자동차·트레일러,REFI(롤오버형),485.2,0.021,18,0.037,162,9,2.061,0.753,20.8,58.3,1.809,1.947,15,,netdebt_inferred,,,,,,,,,,,,,,,부실·리파이낸싱,부실·리파이낸싱(positive): 레버리지 부담은 크나 매출 회복 + 마진 반등 — 시황 저점 진입 가능성,0.034,company_history,,,,,순부채/EBITDA 9.0x / 부채비율 206% / 3년 순부채 +58억 vs EBITDA합 32억 / 매출 1원 성장에 순부채 1.95원 / 유동비율 75% / 현금/매출 4%
70.7,66.7,42.7,라온건설(주),00173388,,false,건설업,종합 건설,REFI(롤오버형),1544.3,-0.107,44.7,0.029,1026.4,23,3.361,1.35,143.3,690.9,3,2.808,0,0,measured_cashbridge,2025,audit,387.6,1.1,,,386.5,1169.7,788.1,-456.2,-95,26.4,0.0171,op+dep,부실·리파이낸싱,부실·리파이낸싱(negative): 구조적 악화 (영업적자 1/3년),0.025,company_history,,UNLISTED_BLIND,,,순부채/EBITDA 23.0x / 부채비율 336% (3년 50%p↑) / 3년 순부채 +691억 vs EBITDA합 -200억 / 매출 1원 성장에 순부채 2.81원
70.7,37.2,96,(주)새서울레저,00450649,,false,예술·여가,스포츠·오락,WC_BURN(운전자본형),1474.4,0.123,334.8,0.227,1095.8,3.3,2.294,0.919,117.1,166.9,0.37,1.027,971,3047,measured_cashbridge,2025,audit,-67.1,892.3,,,-959.4,1212.9,784.4,641.8,1080.9,-506.2,0.3433,op+dep,부실·리파이낸싱,부실·리파이낸싱(neutral): 레버리지·유동성 부담 — 구조적/일시적 판단 보류 | 성장자금형(negative): 매출 CAGR 12% 인데 EBITDA마진 4.4%p 훼손 — 기존사업 하락을 외형성장으로 마스킹하는지 확인 필요,0.034,company_history,21,UNLISTED_BLIND,,,순부채/EBITDA 3.3x / 부채비율 229% / EBITDA마진 29%→23% / 3년 순부채 +167억 vs EBITDA합 451억 / 매출 1원 성장에 순부채 1.03원 / 유동비율 92% / 런웨이 21개월
70.7,75.4,27.1,(주)경남,00511348,,false,도소매,도매·상품중개,REFI(롤오버형),462.6,-0.25,22.8,0.049,169.6,7.4,6.455,1.082,33.9,170.5,2.662,,45,,netdebt_inferred,2025,audit,14.8,,,,,203.4,195.8,-16.5,-1.7,0,0,op+dep,부실·리파이낸싱,부실·리파이낸싱(negative): 구조적 악화 (영업적자 0/3년),0.012,company_history,,UNLISTED_BLIND,,,순부채/EBITDA 7.4x / 부채비율 645% (3년 524%p↑) / 3년 순부채 +170억 vs EBITDA합 64억 / 유동비율 108% / 현금 2년 연속 감소
70.7,71.1,35,고모텍(주),00565978,,false,제조업,금속가공제품,REFI(롤오버형),839.8,-0.094,23.8,0.028,428.3,18,1.924,1.022,14.4,263.6,8.271,,122,355,measured_cashbridge,2025,audit,-44.8,55.2,,,-100,442.7,165.8,60.8,18.4,-2.4,0.0029,op+dep,부실·리파이낸싱,부실·리파이낸싱(negative): 구조적 악화 (영업적자 1/3년),0.02,company_history,4,UNLISTED_BLIND,,,순부채/EBITDA 18.0x / 3년 순부채 +264억 vs EBITDA합 32억 / 유동비율 102% / 현금/매출 2% / 런웨이 4개월
70.7,81.3,16.4,(주)알트론전주,00766753,,false,제조업,자동차·트레일러,DISTRESS(구조조정형),1184.1,0.149,-66,-0.056,145.8,,-3.379,0.722,0.2,28,3,0.07,55,,netdebt_inferred,,,,,,,,,,,,,,,부실·리파이낸싱,부실·리파이낸싱(negative): 구조적 악화 (영업적자 3/3년 · 자본잠식) | 성장자금형(negative): 매출 CAGR 15% 인데 EBITDA마진 3.8%p 훼손 — 기존사업 하락을 외형성장으로 마스킹하는지 확인 필요,0.02,company_history,0,UNLISTED_BLIND,,,EBITDA 적자 -66억 / 자본잠식 / EBITDA마진 -2%→-6% / 3년 순부채 +28억 vs EBITDA합 -131억 / 유동비율 72% / 현금/매출 0% / 영업적자 3/3년 / 런웨이 0개월
70.7,55.3,63.1,(주)케이지에프,01013001,,false,제조업,비금속 광물제품,WC_BURN(운전자본형),406.4,0.092,30.6,0.075,152,5,0.725,0.974,3.8,55.8,1.834,0.801,16,16,measured_cashbridge,2025,audit,19.9,7.4,,,12.4,155.8,135.8,-11.9,4.2,3.7,0.009,op+dep,부실·리파이낸싱,부실·리파이낸싱(positive): 레버리지 부담은 크나 매출 회복 + 마진 반등 — 시황 저점 진입 가능성 | 성장자금형(positive): 매출 CAGR 9% + 마진 유지 · capex/매출 1.8%,0.02,company_history,,UNLISTED_BLIND,,,순부채/EBITDA 5.0x / 3년 순부채 +56억 vs EBITDA합 30억 / 매출 1원 성장에 순부채 0.80원 / 유동비율 97% / 현금/매출 1% / 현금 2년 연속 감소
70.7,70.9,35,(주)이건창호,01234950,,false,제조업,금속가공제품,DISTRESS(구조조정형),1248.7,-0.028,20.1,0.016,740.8,36.9,1.275,0.391,24.7,180.6,3,,102,306,measured_cashbridge,2025,audit,-27.1,12.2,,,-45.5,765.6,562.3,-14.4,-37.6,-3.8,0.0031,op+dep,부실·리파이낸싱,부실·리파이낸싱(negative): 구조적 악화 (영업적자 2/3년),0.02,company_history,11,UNLISTED_BLIND,,,순부채/EBITDA 36.9x / 3년 순부채 +181억 vs EBITDA합 -38억 / 유동비율 39% / 현금/매출 2% / 영업적자 2/3년 / 런웨이 11개월
70.7,74.2,29.1,(주)이룸코리아,01376405,,false,도소매,도매·상품중개,REFI(롤오버형),483.8,-0.214,28.3,0.058,411.4,14.5,4.005,1.215,17.7,182.8,1.746,,90,265,measured_cashbridge,2025,audit,-34.9,31.1,,,-66,429.1,267.6,45.3,28.8,-18.4,0.0381,op+dep,부실·리파이낸싱,부실·리파이낸싱(negative): 구조적 악화 (영업적자 1/3년),0.008,company_history,6,UNLISTED_BLIND,,,순부채/EBITDA 14.5x / 부채비율 401% (3년 131%p↑) / 3년 순부채 +183억 vs EBITDA합 105억 / 현금/매출 4% / 런웨이 6개월
70.7,57.8,58.7,아이비텍(주),01499955,,false,전문·과학·기술,건축기술·엔지니어링,TIGHT(유동성형),364.2,0.108,25.3,0.07,29.9,1.2,59.544,0.384,9,37.4,3,0.527,0,0,measured_cashbridge,2025,audit,20.7,2.7,,,18,38.9,31.7,-17.9,2.8,0,0,op+dep,부실·리파이낸싱,부실·리파이낸싱(negative): 구조적 악화 (영업적자 2/3년) | 성장자금형(positive): 매출 CAGR 11% + 마진 유지 · capex/매출 0.7%,0.025,company_history,,,,,부채비율 5954% (3년 5549%p↑) / 3년 순부채 +37억 vs EBITDA합 -11억 / 매출 1원 성장에 순부채 0.53원 / 유동비율 38% / 현금/매출 2% / 영업적자 2/3년
70.7,86.2,7.5,(주)협화산업,01558045,,false,제조업,전기장비,DISTRESS(구조조정형),307.3,-0.149,-12.6,-0.041,258.3,,-4.285,0.038,1,99.4,3,24.501,31,54,measured_cashbridge,2025,audit,3.3,1.9,,,1.4,259.4,127.4,-1.9,2.3,-1,0.0032,op+dep,부실·리파이낸싱,부실·리파이낸싱(negative): 구조적 악화 (영업적자 3/3년 · 자본잠식),0.02,company_history,,DISTRESS_EVENT,,,EBITDA 적자 -13억 / 자본잠식 / EBITDA마진 -1%→-4% / 3년 순부채 +99억 vs EBITDA합 -5억 / 매출 1원 성장에 순부채 24.50원 / 유동비율 4% / 현금/매출 0% / 영업적자 3/3년
70.7,72,33,(주)상기코퍼레이션,01546864,,false,도소매,도매·상품중개,REFI(롤오버형),463.1,0,3.3,0.007,294.4,89.2,3.348,0.425,59.2,49.2,1.075,0.817,38,193,measured_cashbridge,2025,audit,-8.8,48.8,0,,-57.6,353.6,249.3,55,43.6,2.6,0.0055,op+dep,부실·리파이낸싱,부실·리파이낸싱(neutral): 레버리지·유동성 부담 — 구조적/일시적 판단 보류,0.036,company_history,81,UNLISTED_BLIND,,,순부채/EBITDA 89.2x / 부채비율 335% (3년 142%p↑) / EBITDA마진 3%→1% / 3년 순부채 +49억 vs EBITDA합 46억 / 매출 1원 성장에 순부채 0.82원 / 유동비율 43%
70.7,68.3,40,(주)라인에너지,01870637,,false,도소매,도매·상품중개,REFI(롤오버형),708.7,,0.7,0.001,6.5,9.3,7.015,1.306,1.7,8.1,21.03,0.013,17,17,measured_cashbridge,2025,audit,1.9,0,,,1.9,8.2,6.8,-1.6,0.3,0,0,op+dep,부실·리파이낸싱,부실·리파이낸싱(positive): 레버리지 부담은 크나 매출 회복 + 마진 반등 — 시황 저점 진입 가능성,0.008,company_history,,UNLISTED_BLIND,,,순부채/EBITDA 9.3x / 부채비율 701% (3년 701%p↑) / 3년 순부채 +8억 vs EBITDA합 0억 / 현금/매출 0%
70.6,70.7,35,농업회사법인(주)제일팜스,01136047,,false,농림어업,농업,DISTRESS(구조조정형),709.3,,-64.4,-0.091,150.9,,17.264,4.401,18.1,150.9,3,0.213,77,,netdebt_inferred,,,,,,,,,,,,,,,부실·리파이낸싱,부실·리파이낸싱(negative): 구조적 악화 (영업적자 2/3년),0.03,industry_band,3,,,,EBITDA 적자 -64억 / 부채비율 1726% (3년 1726%p↑) / 3년 순부채 +151억 vs EBITDA합 -139억 / 현금/매출 3% / 영업적자 2/3년 / 런웨이 3개월
70.6,50.3,72,(주)시그너스정공,00220914,,false,제조업,자동차·트레일러,GROWTH(성장자금형),566.8,0.156,29.3,0.052,259.6,8.9,2.031,0.6,9.3,7.1,0.056,0.025,44,106,measured_cashbridge,2025,audit,21.7,42.4,,,-20.7,268.9,145.3,21.1,45.3,-2.5,0.0044,op+dep,부실·리파이낸싱,부실·리파이낸싱(neutral): 레버리지·유동성 부담 — 구조적/일시적 판단 보류 | 성장자금형(negative): 매출 CAGR 16% 인데 EBITDA마진 3.6%p 훼손 — 기존사업 하락을 외형성장으로 마스킹하는지 확인 필요,0.02,company_history,,,,,순부채/EBITDA 8.9x / 부채비율 203% / EBITDA마진 9%→5% / 3년 순부채 +7억 vs EBITDA합 125억 / 유동비율 60% / 현금/매출 2%
70.6,82.7,13.5,(주)신안관광,00803984,,false,숙박·음식,숙박업,DISTRESS(구조조정형),364.9,0.214,-5.6,-0.015,664.4,,-2.049,0.302,3.6,92,3,0.571,63,,netdebt_inferred,,,,,,,,,,,,,,,부실·리파이낸싱,부실·리파이낸싱(negative): 구조적 악화 (영업적자 3/3년 · 자본잠식) | 성장자금형(positive): 매출 CAGR 21% + 마진 유지,0.01,company_history,1,,,,EBITDA 적자 -6억 / 자본잠식 / 3년 순부채 +92억 vs EBITDA합 -19억 / 매출 1원 성장에 순부채 0.57원 / 유동비율 30% / 현금/매출 1% / 현금 2년 연속 감소 / 영업적자 3/3년 / 런웨이 1개월
70.6,60.4,53.6,(주)웅진북센,00233167,,false,운수·물류,창고·운송관련 서비스,REFI(롤오버형),2112.5,0.015,66.1,0.031,674.6,10.2,2.279,0.611,10.4,355.5,3.076,,2,2,measured_cashbridge,2025,audit,89.5,2.4,,,87.1,685,574.2,-56.4,1.3,31.8,0.015,op+dep,부실·리파이낸싱,부실·리파이낸싱(positive): 레버리지 부담은 크나 매출 회복 + 마진 반등 — 시황 저점 진입 가능성,0.015,company_history,,UNLISTED_BLIND,,,순부채/EBITDA 10.2x / 부채비율 228% / 3년 순부채 +355억 vs EBITDA합 116억 / 유동비율 61% / 현금/매출 0%
70.6,73.6,30,(주)알루원,00185745,,false,제조업,1차 금속,DISTRESS(구조조정형),498.6,-0.114,-16.3,-0.033,277.9,,4.425,0.687,4.1,-25.6,-0.432,,17,23,measured_cashbridge,2025,audit,26,6.3,,,19.7,282,195,20.8,46.9,-0.1,0.0001,op+dep,부실·리파이낸싱,부실·리파이낸싱(negative): 구조적 악화 (영업적자 2/3년),0.02,company_history,,,,,EBITDA 적자 -16억 / 부채비율 442% (3년 193%p↑) / EBITDA마진 3%→-3% / 유동비율 69% / 현금/매출 1% / 영업적자 2/3년
70.6,57.5,58.8,(주)서연오토비전,00415202,,false,제조업,자동차·트레일러,REFI(롤오버형),1650,0.068,37.3,0.023,221.7,5.9,4.388,0.605,1.3,-186.4,-1.301,-0.603,73,154,measured_cashbridge,2025,audit,6,26.6,,,-24.4,223.1,166.4,25.3,33.7,-2.4,0.0015,op+dep,부실·리파이낸싱,부실·리파이낸싱(negative): 구조적 악화 (영업적자 2/3년),0.02,company_history,,,,,순부채/EBITDA 5.9x / 부채비율 439% / 유동비율 60% / 현금/매출 0% / 현금 2년 연속 감소 / 영업적자 2/3년
70.6,43.2,84.5,디스커버믹스테크매뉴팩처링(주),00626525,,false,제조업,자동차·트레일러,WC_BURN(운전자본형),551.9,0.095,96.4,0.175,260.6,2.7,13.936,1.029,13.6,154.9,0.837,1.285,11,15,measured_cashbridge,2025,audit,44.1,48.1,,,-4.1,274.2,31,-1.3,43,-0.2,0.0004,op+dep,성장,성장자금형(positive): 매출 CAGR 10% + 마진 유지 · capex/매출 8.7%,0.03,company_history,,UNLISTED_BLIND,,,부채비율 1394% / 3년 순부채 +155억 vs EBITDA합 185억 / 매출 1원 성장에 순부채 1.28원 / 유동비율 103% / 현금/매출 2%
70.6,43.5,83.9,농업회사법인(주)청정식품,01761542,,false,제조업,식료품 제조,GROWTH(성장자금형),339.1,0.237,39.4,0.116,121.5,3.1,2.035,0.703,3.5,150.5,3.328,0.49,0,0,measured_cashbridge,2025,audit,31.3,11.4,1,,19.9,125,48.5,-16.3,13.2,1.8,0.0052,op+dep,부실·리파이낸싱,부실·리파이낸싱(positive): 레버리지 부담은 크나 매출 회복 + 마진 반등 — 시황 저점 진입 가능성 | 성장자금형(positive): 매출 CAGR 24% + 마진 유지 · capex/매출 3.4%,0.02,company_history,,UNLISTED_BLIND,,,순부채/EBITDA 3.1x / 부채비율 204% / 3년 순부채 +151억 vs EBITDA합 45억 / 유동비율 70% / 현금/매출 1%
70.5,72,32.5,(주)레인보우미트,01696752,,false,도소매,도매·상품중개,REFI(롤오버형),430.6,,6.9,0.016,75.2,10.9,2.737,0.646,25.1,101,19.009,0.224,0,0,measured_cashbridge,2025,audit,9.9,0,,,9.9,100.2,100.2,-25.8,-0.7,-15.2,0.0352,op+dep,부실·리파이낸싱,부실·리파이낸싱(neutral): 레버리지·유동성 부담 — 구조적/일시적 판단 보류,0.008,company_history,,UNLISTED_BLIND,,,순부채/EBITDA 10.9x / 부채비율 274% (3년 274%p↑) / EBITDA마진 1%→2% / 3년 순부채 +101억 vs EBITDA합 5억 / 유동비율 65%
70.5,42.5,85.4,(주)비에스보성,00123286,,false,건설업,종합 건설,GROWTH(성장자금형),12224.1,0.289,1300.4,0.106,9378.9,7.2,1.374,1.164,1729.1,1914.4,1.137,0.294,1936,6822,measured_cashbridge,2025,audit,-1254.4,146.4,0.3,,-1472.8,11108,6465.5,2393.1,548.3,590.4,0.0483,op+dep,부실·리파이낸싱,부실·리파이낸싱(neutral): 레버리지·유동성 부담 — 구조적/일시적 판단 보류 | 성장자금형(positive): 매출 CAGR 29% + 마진 유지 · capex/매출 1.2%,0.1,company_history,17,,,,"순부채/EBITDA 7.2x / 3년 순부채 +1,914억 vs EBITDA합 1,684억 / 유동비율 116% / 현금 2년 연속 감소 / 런웨이 17개월"
70.5,67.4,40.5,유진판지(주),00144924,,false,제조업,펄프·종이 제조,DISTRESS(구조조정형),1034.2,-0.017,-29.2,-0.028,-0.7,,2.452,0.544,3.3,33.8,0.433,,40,86,measured_cashbridge,2025,audit,-3,19.8,,,-22.8,2.6,,11.2,16,-7.8,0.0075,op+dep,부실·리파이낸싱,부실·리파이낸싱(negative): 구조적 악화 (영업적자 2/3년),0.02,company_history,13,UNLISTED_BLIND,,,EBITDA 적자 -29억 / 부채비율 245% (3년 114%p↑) / EBITDA마진 3%→-3% / 3년 순부채 +34억 vs EBITDA합 78억 / 유동비율 54% / 현금/매출 0% / 영업적자 2/3년 / 런웨이 13개월
70.5,54.1,64.5,(주)삼표산업,00999032,,false,제조업,비금속 광물제품,REFI(롤오버형),14760.6,-0.039,2273,0.154,14132.4,6.2,2.153,0.584,3049.6,2905.6,2.011,45.839,0,1721,measured_cashbridge,2025,audit,1432.9,1317.2,239,,-69.4,17181.9,11286.6,159.9,1764.6,-171.8,0.0116,op+dep,부실·리파이낸싱,부실·리파이낸싱(negative): 구조적 악화 (영업적자 0/3년),0.02,company_history,,UNLISTED_BLIND,,,"순부채/EBITDA 6.2x / 부채비율 215% (3년 63%p↑) / 3년 순부채 +2,906억 vs EBITDA합 1,445억 / 매출 1원 성장에 순부채 45.84원 / 유동비율 58%"
70.5,50.5,71,(주)케이티서비스북부,01128473,,false,건설업,전문직별 공사,TIGHT(유동성형),2363.1,-0.021,252,0.107,88.2,0.4,9.544,0.681,1.6,34.4,0.109,,72,103,measured_cashbridge,2025,audit,87.8,1.9,,,-12.8,89.9,3,-41.7,100.6,-4.6,0.002,op+dep,부실·리파이낸싱,부실·리파이낸싱(negative): 구조적 악화 (영업적자 1/3년),0.025,company_history,,,,,부채비율 954% (3년 211%p↑) / 3년 순부채 +34억 vs EBITDA합 317억 / 유동비율 68% / 현금/매출 0% / 현금 2년 연속 감소
70.5,87.4,4.5,(주)한주하이텍,01148495,,false,제조업,기타 기계·장비,DISTRESS(구조조정형),430.2,-0.035,-94.7,-0.22,474.3,,-4.018,0.367,3.5,224.1,3,1.591,90,238,measured_cashbridge,2025,audit,-24.5,0.5,,,-27.1,477.8,467.4,4.5,-19.9,-0.2,0.0004,op+dep,부실·리파이낸싱,부실·리파이낸싱(negative): 구조적 악화 (영업적자 3/3년 · 자본잠식),0.02,company_history,2,UNLISTED_BLIND,,,EBITDA 적자 -95억 / 자본잠식 / 3년 순부채 +224억 vs EBITDA합 -154억 / 매출 1원 성장에 순부채 1.59원 / 유동비율 37% / 현금/매출 1% / 현금 2년 연속 감소 / 영업적자 3/3년 / 런웨이 2개월
70.5,52,68.3,(주)메가코스,01248342,,false,제조업,화학물질·화학제품,TIGHT(유동성형),883.4,0.415,34.8,0.039,248,7.1,1.527,0.62,0.4,37.4,0.42,0.115,67,159,measured_cashbridge,2025,audit,4.6,23.5,,,-24,248.3,238.3,29.7,34.3,0,0,op+dep,부실·리파이낸싱,부실·리파이낸싱(neutral): 레버리지·유동성 부담 — 구조적/일시적 판단 보류 | 성장자금형(positive): 매출 CAGR 42% + 마진 유지 · capex/매출 2.7%,0.02,company_history,,,,,순부채/EBITDA 7.1x / 3년 순부채 +37억 vs EBITDA합 89억 / 유동비율 62% / 현금/매출 0% / 현금 2년 연속 감소
70.5,77.5,22.5,악조노벨인더스트리얼코팅유한회사,01463808,,false,제조업,화학물질·화학제품,DISTRESS(구조조정형),503,-0.037,-24.1,-0.048,188.6,,5.677,1.434,131.4,40.2,3,,0,0,measured_cashbridge,2025,audit,-4.6,22.6,,,-27.3,320,,29.8,25.1,0,0,op+dep,부실·리파이낸싱,부실·리파이낸싱(negative): 구조적 악화 (영업적자 3/3년),0.1,company_history,343,UNLISTED_BLIND,,,EBITDA 적자 -24억 / 부채비율 568% (3년 253%p↑) / 3년 순부채 +40억 vs EBITDA합 -61억 / 영업적자 3/3년
70.5,69.1,37.5,한일크린에너지(주),01716913,,false,도소매,도매·상품중개,REFI(롤오버형),417.9,,3.1,0.008,43.9,14,2.015,0.732,3.8,43.9,2.758,0.105,14,,netdebt_inferred,,,,,,,,,,,,,,,부실·리파이낸싱,부실·리파이낸싱(neutral): 레버리지·유동성 부담 — 구조적/일시적 판단 보류,0.015,industry_band,,,,,순부채/EBITDA 14.0x / 부채비율 202% (3년 202%p↑) / 3년 순부채 +44억 vs EBITDA합 16억 / 유동비율 73% / 현금/매출 1%
70.5,65.3,44.6,에스시디디(주),01852871,,false,제조업,식료품 제조,REFI(롤오버형),361.8,,15.8,0.044,86.1,5.4,5.465,1.257,6.3,89.5,3.148,0.29,14,15,measured_cashbridge,2025,audit,5.4,1.7,,,3.7,92.4,44.1,-3.3,2.1,0,0,op+dep,부실·리파이낸싱,부실·리파이낸싱(neutral): 레버리지·유동성 부담 — 구조적/일시적 판단 보류,0.02,company_history,,,,,순부채/EBITDA 5.4x / 부채비율 546% (3년 546%p↑) / 3년 순부채 +90억 vs EBITDA합 28억 / 현금/매출 2% / 현금 2년 연속 감소
70.4,39.7,90.1,(주)서흥헬스케어,01647589,,false,제조업,식료품 제조,GROWTH(성장자금형),1652.2,0.359,143.9,0.087,323.6,2.2,0.71,0.911,22.4,265.4,1.845,0.205,70,111,measured_cashbridge,2025,audit,144.3,197.7,,,-53.5,346,276,-1.4,142.8,0.1,0,op+dep,부실·리파이낸싱,부실·리파이낸싱(positive): 레버리지 부담은 크나 매출 회복 + 마진 반등 — 시황 저점 진입 가능성 | 성장자금형(positive): 매출 CAGR 36% + 마진 유지 · capex/매출 12.0%,0.02,company_history,,,,,3년 순부채 +265억 vs EBITDA합 144억 / 유동비율 91% / 현금/매출 1%
70.4,42,86,마성산업(주),00393353,,false,제조업,기타 기계·장비,GROWTH(성장자금형),904,0.328,103.9,0.115,92.5,0.9,1.127,1.003,45.9,271.5,3.352,0.439,0,0,measured_cashbridge,2025,audit,103.7,22.6,,,81.1,138.4,67.7,-83.5,20.1,0,0,op+dep,성장,성장자금형(positive): 매출 CAGR 33% + 마진 유지 · capex/매출 2.5%,0.02,company_history,,UNLISTED_BLIND,,,3년 순부채 +271억 vs EBITDA합 81억 / 유동비율 100% / 영업적자 3/3년
70.4,60.3,53.1,(주)동진테크윈,00454371,,false,제조업,전기장비,REFI(롤오버형),4500.2,0.009,147.6,0.033,603.1,4.1,3.435,0.813,133,134.2,1.136,,0,0,measured_cashbridge,2025,audit,239.7,142.5,,,97.3,736.1,545.1,-85.2,132.2,22.3,0.005,op+dep,부실·리파이낸싱,부실·리파이낸싱(neutral): 레버리지·유동성 부담 — 구조적/일시적 판단 보류,0.02,company_history,,,,,순부채/EBITDA 4.1x / 부채비율 344% (3년 191%p↑) / EBITDA마진 6%→3% / 3년 순부채 +134억 vs EBITDA합 118억 / 유동비율 81% / 현금/매출 3%
70.4,60.5,52.5,대방산업개발(주),00606026,,false,건설업,종합 건설,REFI(롤오버형),3120.9,-0.208,384,0.123,11691.8,30.4,9.115,1.439,631.4,3923.6,2.156,3.085,2895,9788,measured_cashbridge,2025,audit,-2254.4,3.9,7,,-2258.3,12323.2,7873.6,2408.2,155.4,-1.7,0.0005,op+dep,부실·리파이낸싱,부실·리파이낸싱(negative): 구조적 악화 (영업적자 0/3년),0.026,company_history,3,UNLISTED_BLIND,,,"순부채/EBITDA 30.4x / 부채비율 911% (3년 719%p↑) / EBITDA마진 16%→12% / 3년 순부채 +3,924억 vs EBITDA합 1,820억 / 매출 1원 성장에 순부채 3.08원 / 런웨이 3개월"
70.4,59.7,54.3,(주)금아스틸,00623500,,false,제조업,1차 금속,REFI(롤오버형),1110.5,-0.07,56.5,0.051,619.2,11,1.936,0.342,2.2,113.9,0.524,,49,112,measured_cashbridge,2025,audit,34.7,6.5,,,28.2,621.5,563.6,7.4,42.5,-0.4,0.0004,op+dep,부실·리파이낸싱,부실·리파이낸싱(negative): 구조적 악화 (영업적자 0/3년),0.02,company_history,,,,,순부채/EBITDA 11.0x / 3년 순부채 +114억 vs EBITDA합 218억 / 유동비율 34% / 현금/매출 0% / 현금 2년 연속 감소
70.4,57.9,57.5,남양부직포(주),00665409,,false,제조업,섬유제품 제조,REFI(롤오버형),330.2,0.029,29,0.088,371,12.8,0.992,0.363,1.3,67.6,1.491,,99,259,measured_cashbridge,2025,audit,19.2,72.9,,,-53.6,372.2,270.5,38.2,53.1,4.3,0.013,op+dep,부실·리파이낸싱,부실·리파이낸싱(negative): 구조적 악화 (영업적자 2/3년),0.02,company_history,,UNLISTED_BLIND,,,순부채/EBITDA 12.8x / 3년 순부채 +68억 vs EBITDA합 45억 / 유동비율 36% / 현금/매출 0% / 영업적자 2/3년
70.4,62.7,48.6,(주)에치디엘,00837617,,false,운수·물류,육상운송·파이프라인,REFI(롤오버형),450.3,-0.007,34,0.076,283.7,8.3,3.181,0.368,41,145.7,1.258,1.402,0,35,measured_cashbridge,2025,audit,29.9,16.4,0,,13.4,324.6,265.6,-16.7,6.1,7,0.0156,op+dep,부실·리파이낸싱,부실·리파이낸싱(negative): 구조적 악화 (영업적자 0/3년),0.015,company_history,,UNLISTED_BLIND,,,순부채/EBITDA 8.3x / 부채비율 318% / 3년 순부채 +146억 vs EBITDA합 116억 / 매출 1원 성장에 순부채 1.40원 / 유동비율 37%
70.4,54.1,64.4,(주)함창,00865832,,false,제조업,금속가공제품,REFI(롤오버형),575.1,0.047,44.2,0.077,221.8,5,0.597,0.599,62.8,155.1,2.844,2.697,18,140,measured_cashbridge,2025,audit,6,46.6,,,-40.6,284.7,205.5,40,46.7,-0.6,0.0011,op+dep,부실·리파이낸싱,부실·리파이낸싱(positive): 레버리지 부담은 크나 매출 회복 + 마진 반등 — 시황 저점 진입 가능성,0.02,company_history,,,,,순부채/EBITDA 5.0x / 3년 순부채 +155억 vs EBITDA합 55억 / 매출 1원 성장에 순부채 2.70원 / 유동비율 60% / 현금 2년 연속 감소
70.4,45.3,80.1,(주)동영관광,01148051,,false,사업지원·임대,사업지원 서비스,GROWTH(성장자금형),455.8,0.171,47.3,0.104,173,3.7,4.924,1.031,32.3,129.3,1.191,0.704,10,38,measured_cashbridge,2025,audit,55.8,79.1,0.5,,-23.3,205.3,28.8,23.3,87.8,-8.7,0.0192,op+dep,성장,성장자금형(positive): 매출 CAGR 17% + 마진 유지 · capex/매출 17.4%,0.015,company_history,,,,,순부채/EBITDA 3.7x / 부채비율 492% / 3년 순부채 +129억 vs EBITDA합 109억 / 매출 1원 성장에 순부채 0.70원 / 유동비율 103%
70.4,60.6,52.5,(주)효산개발,00689320,,false,건설업,종합 건설,DISTRESS(구조조정형),508.6,0.855,-15.6,-0.031,20.7,,13.874,1.008,0.1,-95.9,0,-0.224,199,,netdebt_inferred,,,,,,,,,,,,,,,부실·리파이낸싱,부실·리파이낸싱(negative): 구조적 악화 (영업적자 2/3년) | 성장자금형(positive): 매출 CAGR 85% + 마진 유지,0.025,company_history,0,,,,EBITDA 적자 -16억 / 부채비율 1387% (3년 750%p↑) / 유동비율 101% / 현금/매출 0% / 영업적자 2/3년 / 런웨이 0개월
70.4,49.6,72.2,(주)비오팜,01371075,,false,제조업,식료품 제조,WC_BURN(운전자본형),580.8,0.101,44.5,0.077,92.7,2.1,2.299,1.19,65.7,157.1,1.052,1.53,0,1,measured_cashbridge,2025,audit,34.7,35.4,,,-0.7,158.3,58.7,16.8,44.3,7.2,0.0124,op+dep,성장,성장자금형(negative): 매출 CAGR 10% 인데 EBITDA마진 2.5%p 훼손 — 기존사업 하락을 외형성장으로 마스킹하는지 확인 필요,0.1,company_history,,,,,부채비율 230% (3년 201%p↑) / EBITDA마진 10%→8% / 3년 순부채 +157억 vs EBITDA합 149억 / 매출 1원 성장에 순부채 1.53원 / 유동비율 119% / 현금 2년 연속 감소
70.3,49.7,71.8,(주)사이언스,01614758,,false,제조업,고무·플라스틱제품,TIGHT(유동성형),1681.3,,170,0.101,471.2,2.8,0.626,0.637,33.3,373.6,25.472,0.871,116,287,measured_cashbridge,2025,audit,169.9,190.4,50,,-20.5,504.4,215.7,128.1,257.2,40.8,0.0243,op+dep,부실·리파이낸싱,부실·리파이낸싱(negative): 구조적 악화 (영업적자 2/3년),0.035,company_history,,,,,3년 순부채 +374억 vs EBITDA합 15억 / 매출 1원 성장에 순부채 0.87원 / 유동비율 64% / 현금/매출 2% / 영업적자 2/3년
70.3,40,89.1,대우공업(주),00202459,,false,제조업,자동차·트레일러,WC_BURN(운전자본형),1557.8,0.076,394.3,0.253,1271.8,3.2,3.131,0.193,42,256.3,0.261,0.805,0,0,measured_cashbridge,2025,audit,348,238,,,110.1,1313.7,940.8,-102.9,247.7,-2.5,0.0016,op+dep,부실·리파이낸싱,부실·리파이낸싱(neutral): 레버리지·유동성 부담 — 구조적/일시적 판단 보류 | 성장자금형(positive): 매출 CAGR 8% + 마진 유지 · capex/매출 15.3%,0.02,company_history,,UNLISTED_BLIND,,,순부채/EBITDA 3.2x / 부채비율 313% / 3년 순부채 +256억 vs EBITDA합 982억 / 매출 1원 성장에 순부채 0.80원 / 유동비율 19% / 현금/매출 3% / 현금 2년 연속 감소
70.3,64.5,45,삼익물류(주),00301088,,false,운수·물류,육상운송·파이프라인,REFI(롤오버형),1151.6,-0.04,19.4,0.017,230.8,11.9,2.049,1.22,87.5,191,1.872,9.935,28,221,measured_cashbridge,2025,audit,19.9,109.3,,,-89.4,318.4,50.5,93.6,139.5,-26,0.0226,op+dep,부실·리파이낸싱,부실·리파이낸싱(negative): 구조적 악화 (영업적자 0/3년),0.015,company_history,,UNLISTED_BLIND,,,순부채/EBITDA 11.9x / 부채비율 205% (3년 97%p↑) / 3년 순부채 +191억 vs EBITDA합 102억 / 매출 1원 성장에 순부채 9.93원
70.3,45.8,78.6,(주)천경,01332890,,false,건설업,종합 건설,WC_BURN(운전자본형),342.3,0.106,77.5,0.226,661.2,8.5,0.472,1.048,132,387.8,1.642,4.336,47,,netdebt_inferred,,,,,,,,,,,,,,,부실·리파이낸싱,부실·리파이낸싱(positive): 레버리지 부담은 크나 매출 회복 + 마진 반등 — 시황 저점 진입 가능성 | 성장자금형(positive): 매출 CAGR 11% + 마진 유지,0.079,company_history,,,,,순부채/EBITDA 8.5x / 3년 순부채 +388억 vs EBITDA합 236억 / 매출 1원 성장에 순부채 4.34원 / 유동비율 105%
70.3,42.4,85,조일공업(주),00562023,,false,제조업,자동차·트레일러,GROWTH(성장자금형),476.2,0.158,67.2,0.141,292.9,4.4,1.638,0.754,238.4,198.2,2.188,1.44,0,26,measured_cashbridge,2025,audit,55.4,102.8,,,-47.3,531.3,386.3,38.5,77,16.9,0.0355,op+dep,부실·리파이낸싱,부실·리파이낸싱(positive): 레버리지 부담은 크나 매출 회복 + 마진 반등 — 시황 저점 진입 가능성 | 성장자금형(positive): 매출 CAGR 16% + 마진 유지 · capex/매출 21.6%,0.071,company_history,,UNLISTED_BLIND,,,순부채/EBITDA 4.4x / 3년 순부채 +198억 vs EBITDA합 91억 / 매출 1원 성장에 순부채 1.44원 / 유동비율 75%
70.3,38.5,91.8,(주)삼라마이다스,00874098,,false,도소매,도매·상품중개,WC_BURN(운전자본형),6860,1.3,635.6,0.093,2259.3,3.6,0.395,1.373,968.6,4070.6,6.505,0.635,0,0,measured_cashbridge,2025,audit,2672.8,218.8,0.6,,2426.9,3227.9,2865.9,-3439.9,-760.1,-6.9,0.001,op+dep,성장,성장자금형(negative): 매출 CAGR 130% 인데 EBITDA마진 23.2%p 훼손 — 기존사업 하락을 외형성장으로 마스킹하는지 확인 필요 | 이벤트(neutral): 합병 — 승계·증여·분쟁 여부는 주주 레벨 사건이라 재무로 안 보임. 대주주 연령·지분율 개별 확인 필요,0.013,company_history,,UNLISTED_BLIND,,,"순부채/EBITDA 3.6x / EBITDA마진 28%→9% / 3년 순부채 +4,071억 vs EBITDA합 626억 / 매출 1원 성장에 순부채 0.63원"
70.3,72.6,30.7,(주)세류페이퍼,01085831,,false,도소매,도매·상품중개,REFI(롤오버형),423,-0.015,3.8,0.009,80.2,21.1,31.763,1.021,4.8,142.9,4.991,3.368,0,0,measured_cashbridge,2025,audit,60.8,0.2,,,60.6,85,85,-61.8,0,-1.1,0.0025,op+dep,부실·리파이낸싱,부실·리파이낸싱(negative): 구조적 악화 (영업적자 0/3년),0.008,company_history,,UNLISTED_BLIND,,,순부채/EBITDA 21.1x / 부채비율 3176% / 3년 순부채 +143억 vs EBITDA합 29억 / 매출 1원 성장에 순부채 3.37원 / 유동비율 102% / 현금/매출 1%
70.3,42.3,85,(주)신한씨엠,01587515,,false,제조업,고무·플라스틱제품,WC_BURN(운전자본형),377.4,0.2,60.1,0.159,134.7,2.2,0.882,0.502,12.9,233.7,1.596,0.917,0,0,measured_cashbridge,2025,audit,60.7,3.4,,,57.3,147.6,123,-42.1,18.6,0,0,op+dep,부실·리파이낸싱,부실·리파이낸싱(neutral): 레버리지·유동성 부담 — 구조적/일시적 판단 보류 | 성장자금형(positive): 매출 CAGR 20% + 마진 유지 · capex/매출 0.9%,0.024,company_history,,UNLISTED_BLIND,,,3년 순부채 +234억 vs EBITDA합 146억 / 매출 1원 성장에 순부채 0.92원 / 유동비율 50% / 현금/매출 3%
70.2,54.5,62.6,(주)엠넥스,01661464,,false,제조업,자동차·트레일러,TIGHT(유동성형),3405.9,,183.2,0.054,469.3,2.6,3.768,0.932,17.7,404.1,2.001,0.129,120,230,measured_cashbridge,2025,audit,313.2,339.1,8,,-25.8,486.9,331.5,29.4,403,-60.4,0.0177,op+dep,부실·리파이낸싱,부실·리파이낸싱(positive): 레버리지 부담은 크나 매출 회복 + 마진 반등 — 시황 저점 진입 가능성,0.022,company_history,,UNLISTED_BLIND,,,부채비율 377% (3년 377%p↑) / 3년 순부채 +404억 vs EBITDA합 202억 / 유동비율 93% / 현금/매출 1%
70.2,84.4,9,(주)에스와이에스리테일,00130976,,false,도소매,소매(자동차 제외),DISTRESS(구조조정형),5213.7,-0.103,-145.6,-0.028,1120.8,,-21.357,0.58,89.2,349.2,3,,236,807,measured_cashbridge,2025,audit,-150.1,42.7,,,-192.8,1210,1160,-84.1,-35.2,1,0.0002,op+dep,부실·리파이낸싱,부실·리파이낸싱(negative): 구조적 악화 (영업적자 3/3년 · 자본잠식),0.008,company_history,7,,,,EBITDA 적자 -146억 / 자본잠식 / 3년 순부채 +349억 vs EBITDA합 -259억 / 유동비율 58% / 현금/매출 2% / 영업적자 3/3년 / 런웨이 7개월
70.2,59.6,53.4,천마콘크리트공업(주),00151313,,false,제조업,비금속 광물제품,REFI(롤오버형),625.3,-0.013,43.5,0.07,215.7,5,1.726,0.6,0.3,91.3,1.461,1.262,90,230,measured_cashbridge,2025,audit,-43.6,5.3,,,-48.9,216,211.3,10.4,-33.1,0,0,op+dep,부실·리파이낸싱,부실·리파이낸싱(negative): 구조적 악화 (영업적자 1/3년),0.02,company_history,0,UNLISTED_BLIND,,,순부채/EBITDA 5.0x / 3년 순부채 +91억 vs EBITDA합 63억 / 매출 1원 성장에 순부채 1.26원 / 유동비율 60% / 현금/매출 0% / 런웨이 0개월
70.2,66.2,41.5,한국차체(주),00228642,,false,제조업,자동차·트레일러,REFI(롤오버형),832.7,-0.002,20.4,0.025,237.6,11.6,2.441,0.462,33.2,133.2,2.312,2.669,14,70,measured_cashbridge,2025,audit,26,32.4,3.6,,-6.4,270.8,175.4,6.3,31.8,0.4,0.0005,op+dep,부실·리파이낸싱,부실·리파이낸싱(negative): 구조적 악화 (영업적자 0/3년),0.02,company_history,,UNLISTED_BLIND,,,순부채/EBITDA 11.6x / 부채비율 244% / 3년 순부채 +133억 vs EBITDA합 58억 / 매출 1원 성장에 순부채 2.67원 / 유동비율 46% / 현금/매출 4%
70.2,72.6,30,(주)새시대체인,00228837,,false,도소매,소매(자동차 제외),REFI(롤오버형),397.8,-0.069,2.1,0.005,43.4,20.7,0.968,0.681,12.7,75.3,2.534,,22,51,measured_cashbridge,2025,audit,-5.9,3,2,,-8.8,56.1,44,3.8,2.6,-4.7,0.0118,op+dep,부실·리파이낸싱,부실·리파이낸싱(negative): 구조적 악화 (영업적자 1/3년),0.008,company_history,26,,,,순부채/EBITDA 20.7x / 3년 순부채 +75억 vs EBITDA합 30억 / 유동비율 68% / 현금/매출 3% / 현금 2년 연속 감소
70.2,33.7,100,(주)메가젠임플란트,00573676,,false,제조업,의료·정밀·광학기기,WC_BURN(운전자본형),3047.8,0.226,387.4,0.127,1180.6,3,1.118,1.169,238.8,705.2,0.611,0.506,0,,netdebt_inferred,,,,,,,,,,,,,,,성장,성장자금형(negative): 매출 CAGR 23% 인데 EBITDA마진 7.4%p 훼손 — 기존사업 하락을 외형성장으로 마스킹하는지 확인 필요,0.02,company_history,,,,,"순부채/EBITDA 3.0x / EBITDA마진 20%→13% / 3년 순부채 +705억 vs EBITDA합 1,153억 / 매출 1원 성장에 순부채 0.51원 / 유동비율 117%"
70.2,51.1,68.7,다임러트럭코리아(주),00670137,,false,도소매,자동차·부품 판매,WC_BURN(운전자본형),1870.2,0.101,73.7,0.039,-229.4,-3.1,3.499,1.598,229.4,656.8,1.997,2.466,0,0,measured_cashbridge,2025,audit,697.1,4.7,93.7,,692.4,0,0,-593.4,103.7,0,0,op+dep,성장,성장자금형(negative): 매출 CAGR 10% 인데 EBITDA마진 3.2%p 훼손 — 기존사업 하락을 외형성장으로 마스킹하는지 확인 필요,0.008,company_history,,UNLISTED_BLIND,,,부채비율 350% (3년 167%p↑) / EBITDA마진 7%→4% / 3년 순부채 +657억 vs EBITDA합 329억 / 매출 1원 성장에 순부채 2.47원
70.2,49,72.5,(주)태창이엔지,00886127,,false,제조업,기타 운송장비,DISTRESS(구조조정형),404.2,0.133,51.8,0.128,243.5,4.7,1.987,0.615,29.5,94.6,3.114,0.698,0,13,measured_cashbridge,2025,audit,16,18.6,,,-2.6,273.1,71.9,-33.1,-24,11.9,0.0294,op+dep,부실·리파이낸싱,부실·리파이낸싱(negative): 구조적 악화 (영업적자 2/3년) | 성장자금형(positive): 매출 CAGR 13% + 마진 유지 · capex/매출 4.6%,0.025,company_history,,UNLISTED_BLIND,,,순부채/EBITDA 4.7x / 3년 순부채 +95억 vs EBITDA합 30억 / 매출 1원 성장에 순부채 0.70원 / 유동비율 62% / 영업적자 2/3년
70.2,67.2,39.9,태림판지(주),01282036,,false,제조업,펄프·종이 제조,REFI(롤오버형),622.9,-0.07,17.4,0.028,103.4,5.9,0.829,0.639,6.6,153.3,2.006,,32,71,measured_cashbridge,2025,audit,13.1,18.7,,,-7.1,110,110,8.9,17,5.1,0.0081,op+dep,부실·리파이낸싱,부실·리파이낸싱(negative): 구조적 악화 (영업적자 1/3년),0.02,company_history,,UNLISTED_BLIND,,,순부채/EBITDA 5.9x / 3년 순부채 +153억 vs EBITDA합 76억 / 유동비율 64% / 현금/매출 1%
70.2,39.5,89.5,대산그린에너지(주),01309324,,false,전기·가스·환경,전기·가스·증기 공급,TIGHT(유동성형),762.2,0.213,83.9,0.11,1584.1,18.9,2.251,0.364,19.3,-280.7,-0.466,-0.574,0,,netdebt_inferred,2025,audit,126.6,,,,,,,,-1.4,,,op+dep,부실·리파이낸싱,부실·리파이낸싱(neutral): 레버리지·유동성 부담 — 구조적/일시적 판단 보류 | 성장자금형(positive): 매출 CAGR 21% + 마진 유지,0.015,company_history,,,,,순부채/EBITDA 18.9x / 부채비율 225% / 유동비율 36% / 현금/매출 3%
70.2,54.7,62.5,안좌쏠라시티2(주),01552324,,false,건설업,전문직별 공사,REFI(롤오버형),373.9,,275.9,0.738,1981.5,7.2,7.244,1.929,294.2,1731.9,3.029,4.58,0,0,measured_cashbridge,2025,audit,160,0,0,,160,2275.7,148,-145.3,64.7,-50,0.1337,op+dep,부실·리파이낸싱,부실·리파이낸싱(neutral): 레버리지·유동성 부담 — 구조적/일시적 판단 보류,0.1,company_history,,UNLISTED_BLIND,,,"순부채/EBITDA 7.2x / 부채비율 724% / 3년 순부채 +1,732억 vs EBITDA합 572억 / 매출 1원 성장에 순부채 4.58원 / 현금 2년 연속 감소"
70.2,74.1,27.5,커피몰,01732328,,false,도소매,도매·상품중개,DISTRESS(구조조정형),430.8,,0,0,46.4,,3.278,1.076,2.1,46.4,6.462,0.108,16,,netdebt_inferred,,,,,,,,,,,,,,,부실·리파이낸싱,부실·리파이낸싱(negative): 구조적 악화 (영업적자 2/3년),0.008,company_history,10,,,,EBITDA 적자 -0억 / 부채비율 328% (3년 328%p↑) / 3년 순부채 +46억 vs EBITDA합 7억 / 유동비율 108% / 현금/매출 0% / 영업적자 2/3년 / 런웨이 10개월
70.2,68.6,37.5,(주)다인푸드시스템,01787920,,false,도소매,도매·상품중개,REFI(롤오버형),436,,0.6,0.001,15.4,26.8,4.312,1.202,11.6,15.4,1.998,0.035,4,,netdebt_inferred,,,,,,,,,,,,,,,부실·리파이낸싱,부실·리파이낸싱(neutral): 레버리지·유동성 부담 — 구조적/일시적 판단 보류,0.015,industry_band,397,,,,순부채/EBITDA 26.8x / 부채비율 431% (3년 431%p↑) / 3년 순부채 +15억 vs EBITDA합 8억 / 현금/매출 3%
70.1,47.5,75,코웰패션,00674249,,false,제조업,섬유제품 제조,REFI(롤오버형),8086.3,0.063,643.8,0.08,3569.6,5.5,1.533,0.463,359,625.7,0.302,0.465,100,,netdebt_inferred,,,,,,,,,,,,,,,부실·리파이낸싱,부실·리파이낸싱(neutral): 레버리지·유동성 부담 — 구조적/일시적 판단 보류 | 성장자금형(negative): 매출 CAGR 6% 인데 EBITDA마진 3.0%p 훼손 — 기존사업 하락을 외형성장으로 마스킹하는지 확인 필요,0.039,company_history,,,,,"순부채/EBITDA 5.5x / EBITDA마진 11%→8% / 3년 순부채 +626억 vs EBITDA합 2,072억 / 유동비율 46% / 현금/매출 4% / 현금 2년 연속 감소"
70.1,89,60,상상인,00306162,038540,true,정보통신,컴퓨터 프로그래밍·SI,DISTRESS(구조조정형),3726.4,0.152,-345.4,-0.093,2121.9,,8.672,0.99,3169.1,4376.3,3,1.453,0,0,measured_cashbridge,2025,api,4045.7,62.7,0,,3930.9,5291.1,4681.7,-3053.2,1654.9,-662.4,0.1778,op+dep,부실·리파이낸싱,부실·리파이낸싱(negative): 구조적 악화 (영업적자 2/3년) | 성장자금형(negative): 매출 CAGR 15% 인데 EBITDA마진 32.8%p 훼손 — 기존사업 하락을 외형성장으로 마스킹하는지 확인 필요 | 이벤트(neutral): 표대결 · 5% 지분 이동 · 지분 인수·매각 — 승계·증여·분쟁 여부는 주주 레벨 사건이라 재무로 안 보임. 대주주 연령·지분율 개별 확인 필요,0.1,company_history,,IN_MOTION,2025-09-03,[기재정정]주요사항보고서(유상증자결정),"EBITDA 적자 -345억 / 부채비율 867% (3년 250%p↑) / EBITDA마진 10%→-9% / 3년 순부채 +4,376억 vs EBITDA합 -1,751억 / 매출 1원 성장에 순부채 1.45원 / 유동비율 99% / 현금 2년 연속 감소 / 영업적자 2/3년"
70.1,71.1,32.5,성림엔에스티(주),01680308,,false,도소매,소매(자동차 제외),REFI(롤오버형),444.5,,4.5,0.01,51.6,11.5,6.009,1.2,1.5,51.6,7.623,0.116,18,,netdebt_inferred,,,,,,,,,,,,,,,부실·리파이낸싱,부실·리파이낸싱(neutral): 레버리지·유동성 부담 — 구조적/일시적 판단 보류,0.008,company_history,,,,,순부채/EBITDA 11.5x / 부채비율 601% (3년 601%p↑) / 3년 순부채 +52억 vs EBITDA합 7억 / 현금/매출 0%
70.1,52.2,66.3,협성화학섬유(주),01632286,,false,제조업,고무·플라스틱제품,GROWTH(성장자금형),356.2,0.286,20.6,0.058,164.6,8,2.389,3.842,15.1,80.3,1.691,0.406,2,2,measured_cashbridge,2025,audit,3.8,1.6,,,2.2,179.8,,27.7,28.5,3,0.0085,op+dep,부실·리파이낸싱,부실·리파이낸싱(positive): 레버리지 부담은 크나 매출 회복 + 마진 반등 — 시황 저점 진입 가능성 | 성장자금형(positive): 매출 CAGR 29% + 마진 유지 · capex/매출 0.4%,0.042,company_history,,,,,순부채/EBITDA 8.0x / 부채비율 239% / 3년 순부채 +80억 vs EBITDA합 48억 / 현금/매출 4%
70.1,78.1,19.8,은성산업(주)(구.은성기화(주)),00184843,,false,건설업,종합 건설,DISTRESS(구조조정형),481.3,-0.239,23,0.048,781.6,34,592.539,0.952,21.8,587,3,,180,,netdebt_inferred,2025,audit,-72.5,,,,,803.4,784.9,111.3,48.2,-9.3,0.0194,op+dep,부실·리파이낸싱,부실·리파이낸싱(negative): 구조적 악화 (영업적자 2/3년),0.025,company_history,4,DISTRESS_EVENT,,,순부채/EBITDA 34.0x / 부채비율 59254% (3년 58999%p↑) / 3년 순부채 +587억 vs EBITDA합 -76억 / 유동비율 95% / 현금/매출 5% / 영업적자 2/3년 / 런웨이 4개월
70.1,47.5,75,(주)디엔피코퍼레이션,00403906,,false,제조업,전자부품·컴퓨터·통신장비,TIGHT(유동성형),1122.3,-0.027,211,0.188,452.4,2.1,7.58,0.359,2.6,-164.6,-0.203,,29,55,measured_cashbridge,2025,audit,233.2,172.1,30,,61,454.9,366.3,-34.5,198.2,0.4,0.0004,op+dep,부실·리파이낸싱,부실·리파이낸싱(negative): 구조적 악화 (영업적자 1/3년),0.02,company_history,,,,,부채비율 758% (3년 432%p↑) / EBITDA마진 26%→19% / 유동비율 36% / 현금/매출 0%
70.1,57.1,57.5,세계식품(주),00441401,,false,제조업,식료품 제조,REFI(롤오버형),543.5,0.045,38.7,0.071,875.3,22.6,1.692,0.72,3.4,286.8,7.787,,344,1000,measured_cashbridge,2025,audit,-140.2,164.4,,,-304.6,878.7,231.5,243.4,153.6,-50.4,0.0928,op+dep,부실·리파이낸싱,부실·리파이낸싱(positive): 레버리지 부담은 크나 매출 회복 + 마진 반등 — 시황 저점 진입 가능성,0.02,company_history,0,,,,순부채/EBITDA 22.6x / 3년 순부채 +287억 vs EBITDA합 37억 / 유동비율 72% / 현금/매출 1% / 런웨이 0개월
70.1,43.8,81.5,티아이씨(주),00967732,,false,제조업,화학물질·화학제품,WC_BURN(운전자본형),1068.6,0.08,99.1,0.093,519.2,5.2,1.481,0.638,69,160.9,0.577,0.732,13,,netdebt_inferred,,,,,,,,,,,,,,,부실·리파이낸싱,부실·리파이낸싱(neutral): 레버리지·유동성 부담 — 구조적/일시적 판단 보류 | 성장자금형(positive): 매출 CAGR 8% + 마진 유지,0.032,company_history,,,,,순부채/EBITDA 5.2x / 3년 순부채 +161억 vs EBITDA합 279억 / 매출 1원 성장에 순부채 0.73원 / 유동비율 64%
70.1,53,64.9,(주)영무건설,00531777,,false,건설업,종합 건설,REFI(롤오버형),979,-0.004,508.1,0.519,2568.5,5.1,15.028,1.499,805.2,1035.4,10.781,1.754,258,2317,measured_cashbridge,2025,audit,-820.2,38,,,-858.3,3373.7,1139.9,36.4,-783.9,0,0,op+dep,부실·리파이낸싱,부실·리파이낸싱(negative): 구조적 악화 (영업적자 1/3년),0.035,company_history,12,UNLISTED_BLIND,,,"순부채/EBITDA 5.1x / 부채비율 1503% (3년 1011%p↑) / 3년 순부채 +1,035억 vs EBITDA합 96억 / 매출 1원 성장에 순부채 1.75원 / 런웨이 12개월"
70.1,38.8,90.7,매크로통상(주),01156810,,false,도소매,도매·상품중개,GROWTH(성장자금형),1017,0.238,90.5,0.089,288.3,3.2,0.976,1.341,12.4,262.8,1.58,0.726,0,0,measured_cashbridge,2025,audit,39.8,7.1,,,32.7,300.7,170.7,-34.7,8.8,-3.7,0.0037,op+dep,성장,성장자금형(positive): 매출 CAGR 24% + 마진 유지 · capex/매출 0.7%,0.008,company_history,,UNLISTED_BLIND,,,순부채/EBITDA 3.2x / 3년 순부채 +263억 vs EBITDA합 166억 / 매출 1원 성장에 순부채 0.73원 / 현금/매출 1%
70.1,62.4,48,에스와이빌드(주),01135066,,false,제조업,금속가공제품,TIGHT(유동성형),421.4,0.136,4.7,0.011,,,4.38,0.559,11.1,47.3,3.015,0.208,0,0,measured_cashbridge,2025,audit,24.1,3.3,,,20.8,,,,13.9,,,op+dep,부실·리파이낸싱,부실·리파이낸싱(neutral): 레버리지·유동성 부담 — 구조적/일시적 판단 보류 | 성장자금형(positive): 매출 CAGR 14% + 마진 유지 · capex/매출 0.8%,0.02,company_history,,UNLISTED_BLIND,,,부채비율 438% (3년 198%p↑) / 3년 순부채 +47억 vs EBITDA합 16억 / 유동비율 56% / 현금/매출 3%
70.1,52,66.8,휴로스(주),01253326,,false,제조업,자동차·트레일러,WC_BURN(운전자본형),351.3,0.113,27.1,0.077,108.4,4,1.86,0.474,17.2,122,1.458,1.935,0,0,measured_cashbridge,2025,audit,28.9,17.9,,,11,125.6,102.8,-12.1,10.1,6.7,0.019,op+dep,부실·리파이낸싱,부실·리파이낸싱(neutral): 레버리지·유동성 부담 — 구조적/일시적 판단 보류 | 성장자금형(positive): 매출 CAGR 11% + 마진 유지 · capex/매출 5.1%,0.02,company_history,,UNLISTED_BLIND,,,순부채/EBITDA 4.0x / 3년 순부채 +122억 vs EBITDA합 84억 / 매출 1원 성장에 순부채 1.93원 / 유동비율 47% / 현금/매출 5%
70.1,70.4,33.5,(주)페이퍼익스프레스,01299692,,false,도소매,도매·상품중개,REFI(롤오버형),363.9,0.038,5.9,0.016,86.6,14.7,3.525,1.047,8.2,35.5,2.144,0.57,25,50,measured_cashbridge,2025,audit,-5,1.4,,,-6.4,94.7,80.3,8.2,3.2,0,0,op+dep,부실·리파이낸싱,부실·리파이낸싱(positive): 레버리지 부담은 크나 매출 회복 + 마진 반등 — 시황 저점 진입 가능성,0.014,company_history,20,,,,순부채/EBITDA 14.7x / 부채비율 353% (3년 48%p↑) / 3년 순부채 +35억 vs EBITDA합 17억 / 매출 1원 성장에 순부채 0.57원 / 유동비율 105% / 현금/매출 2% / 현금 2년 연속 감소 / 런웨이 20개월
70.1,77.4,21,광신홀딩스(주),01553475,,false,도소매,소매(자동차 제외),REFI(롤오버형),452.8,-0.228,5,0.011,268.6,53.7,4.94,0.057,0.9,56.4,0.942,,36,71,measured_cashbridge,2025,audit,8.1,3.2,,,4.9,269.5,269.5,-4.4,3.7,0,0,op+dep,부실·리파이낸싱,부실·리파이낸싱(negative): 구조적 악화 (영업적자 0/3년),0.008,company_history,,UNLISTED_BLIND,,,순부채/EBITDA 53.7x / 부채비율 494% (3년 62%p↑) / 3년 순부채 +56억 vs EBITDA합 60억 / 유동비율 6% / 현금/매출 0% / 현금 2년 연속 감소
70,44.3,80.3,서흥,01560509,,false,건설업,전문직별 공사,REFI(롤오버형),6532.6,0.031,737,0.113,4114.3,5.6,1.004,1.17,379.3,1026.1,0.409,1.815,120,,netdebt_inferred,,,,,,,,,,,,,,,부실·리파이낸싱,부실·리파이낸싱(neutral): 레버리지·유동성 부담 — 구조적/일시적 판단 보류,0.033,company_history,,,,,"순부채/EBITDA 5.6x / EBITDA마진 16%→11% / 3년 순부채 +1,026억 vs EBITDA합 2,507억 / 매출 1원 성장에 순부채 1.82원 / 유동비율 117%"
70,50,70,태아산업(주),00302139,,false,숙박·음식,음식점·주점,TIGHT(유동성형),1159.5,0.552,15.7,0.014,54.5,3.5,2.979,0.507,20.6,46.3,1.132,0.065,0,0,measured_cashbridge,2025,audit,19.2,7.2,1.5,,12.1,75.2,63,-15,5.3,-1.1,0.0009,op+dep,부실·리파이낸싱,부실·리파이낸싱(neutral): 레버리지·유동성 부담 — 구조적/일시적 판단 보류 | 성장자금형(positive): 매출 CAGR 55% + 마진 유지 · capex/매출 0.6%,0.01,company_history,,UNLISTED_BLIND,,,순부채/EBITDA 3.5x / 부채비율 298% / 3년 순부채 +46억 vs EBITDA합 41억 / 유동비율 51% / 현금/매출 2%
70,67.4,38.7,동그린(주),00258351,,false,제조업,식료품 제조,REFI(롤오버형),405.8,0.032,9.7,0.024,124.1,12.8,4.73,0.972,17.9,27.2,0.524,1.575,8,19,measured_cashbridge,2025,audit,13.5,12.7,,,0.7,142,68.7,-0.2,13.2,0,0.0001,op+dep,부실·리파이낸싱,부실·리파이낸싱(neutral): 레버리지·유동성 부담 — 구조적/일시적 판단 보류,0.02,company_history,,,,,순부채/EBITDA 12.8x / 부채비율 473% (3년 93%p↑) / EBITDA마진 5%→2% / 3년 순부채 +27억 vs EBITDA합 52억 / 매출 1원 성장에 순부채 1.58원 / 유동비율 97% / 현금/매출 4%
70,52.3,65.9,(주)하이호휠,00406949,,false,제조업,자동차·트레일러,REFI(롤오버형),1202.7,0.05,66.6,0.055,446.9,6.7,0.997,0.842,319,278.8,1.58,,0,180,measured_cashbridge,2025,audit,-84.2,18.6,,,-102.8,765.9,553.9,99.1,-40.1,55,0.0457,op+dep,부실·리파이낸싱,부실·리파이낸싱(positive): 레버리지 부담은 크나 매출 회복 + 마진 반등 — 시황 저점 진입 가능성 | 성장자금형(positive): 매출 CAGR 5% + 마진 유지 · capex/매출 1.5%,0.02,company_history,45,UNLISTED_BLIND,,,순부채/EBITDA 6.7x / 3년 순부채 +279억 vs EBITDA합 176억 / 유동비율 84% / 현금 2년 연속 감소
70,44.2,80.4,오케이에프음료(주),00820909,,false,제조업,음료 제조,REFI(롤오버형),1500.2,0.063,146.4,0.098,918.6,6.3,2.187,0.251,22,122.9,0.262,0.276,152,423,measured_cashbridge,2025,audit,169.2,261.8,,,-92.6,940.6,565.6,100.8,270,0,0,op+dep,부실·리파이낸싱,부실·리파이낸싱(neutral): 레버리지·유동성 부담 — 구조적/일시적 판단 보류 | 성장자금형(positive): 매출 CAGR 6% + 마진 유지 · capex/매출 17.5%,0.02,company_history,,,,,순부채/EBITDA 6.3x / 부채비율 219% / 3년 순부채 +123억 vs EBITDA합 469억 / 유동비율 25% / 현금/매출 1%
70,83.7,9.4,(주)유탑건설,00965503,,false,건설업,종합 건설,DISTRESS(구조조정형),1002.3,-0.183,-1201.7,-1.199,874.5,,-2.183,0.246,34.4,326.9,3.995,0.428,390,1190,measured_cashbridge,2025,audit,-263,0.4,,,-263.3,909,909,287.5,23.5,1,0.001,op+dep,부실·리파이낸싱,부실·리파이낸싱(negative): 구조적 악화 (영업적자 3/3년 · 자본잠식),0.025,company_history,2,DISTRESS_EVENT,,,"EBITDA 적자 -1,202억 / 자본잠식 / EBITDA마진 1%→-120% / 3년 순부채 +327억 vs EBITDA합 82억 / 유동비율 25% / 현금/매출 3% / 영업적자 3/3년 / 런웨이 2개월"
70,55,61,우성에스이(주),01069134,,false,제조업,의료·정밀·광학기기,TIGHT(유동성형),675,0.445,21.4,0.032,128.2,6,1.762,0.659,15.8,78.8,9.069,0.232,0,0,measured_cashbridge,2025,audit,44.5,0.6,0,,43.9,144,144,-36.6,7.9,0,0,op+dep,부실·리파이낸싱,부실·리파이낸싱(positive): 레버리지 부담은 크나 매출 회복 + 마진 반등 — 시황 저점 진입 가능성 | 성장자금형(positive): 매출 CAGR 44% + 마진 유지 · capex/매출 0.1%,0.02,company_history,,UNLISTED_BLIND,,,순부채/EBITDA 6.0x / 3년 순부채 +79억 vs EBITDA합 9억 / 유동비율 66% / 현금/매출 2%
70,72.2,30,동일에스티(주),01369812,,false,도소매,도매·상품중개,REFI(롤오버형),458.2,-0.106,2.4,0.005,57.5,24,5.186,1.027,23.8,20.1,0.769,,0,3,measured_cashbridge,2025,audit,4.1,0,2,,4.1,81.3,48.3,-1.8,4.5,-2.2,0.0048,op+dep,부실·리파이낸싱,부실·리파이낸싱(negative): 구조적 악화 (영업적자 0/3년),0.014,company_history,,,,,순부채/EBITDA 24.0x / 부채비율 519% (3년 72%p↑) / 3년 순부채 +20억 vs EBITDA합 26억 / 유동비율 103% / 현금 2년 연속 감소
70,79.4,17.2,레고랜드코리아유한회사,01502134,,false,예술·여가,스포츠·오락,DISTRESS(구조조정형),397.6,,248.6,0.625,1829.8,7.4,-2.376,0.046,20.4,1342.9,3,2.716,181,544,measured_cashbridge,2025,audit,-46.2,135.1,,,-181.3,1850.2,,181.3,135.1,0,0,op+dep,부실·리파이낸싱,부실·리파이낸싱(negative): 구조적 악화 (영업적자 3/3년 · 자본잠식),0.03,industry_band,5,DISTRESS_EVENT,,,"순부채/EBITDA 7.4x / 자본잠식 / EBITDA마진 2%→63% / 3년 순부채 +1,343억 vs EBITDA합 -158억 / 매출 1원 성장에 순부채 2.72원 / 유동비율 5% / 영업적자 3/3년 / 런웨이 5개월"
70,77.2,21,(주)삼진스틸,01508606,,false,도소매,도매·상품중개,DISTRESS(구조조정형),338.4,-0.221,-4.2,-0.012,105.1,,4.121,0.33,11.9,7.6,0.689,,21,46,measured_cashbridge,2025,audit,-3.2,0.1,,,-3.3,117,117,3.3,-0.3,0.4,0.0013,op+dep,부실·리파이낸싱,부실·리파이낸싱(negative): 구조적 악화 (영업적자 1/3년),0.008,company_history,45,,,,EBITDA 적자 -4억 / 부채비율 412% (3년 208%p↑) / 3년 순부채 +8억 vs EBITDA합 11억 / 유동비율 33% / 현금/매출 4%
70,84.4,8.2,워너비데이터(주),01745207,,false,정보통신,정보서비스,DISTRESS(구조조정형),423.2,,-1562.3,-2,391.3,,-1.47,0.047,3.7,391.3,3,0.925,,,netdebt_inferred,,,,,,,,,,,,,,,부실·리파이낸싱,부실·리파이낸싱(negative): 구조적 악화 (영업적자 2/3년 · 자본잠식),0.05,industry_band,0,,,,"EBITDA 적자 -1,562억 / 자본잠식 / 3년 순부채 +391억 vs EBITDA합 -2,167억 / 매출 1원 성장에 순부채 0.92원 / 유동비율 5% / 현금/매출 1% / 영업적자 2/3년 / 런웨이 0개월"
69.9,50.9,67.8,기흥관광개발,00106720,,false,예술·여가,스포츠·오락,REFI(롤오버형),303.5,0.033,99,0.326,2289.1,23.1,8.571,1.192,195.6,614.5,2.327,21.877,51,,netdebt_inferred,,,,,,,,,,,,,,,부실·리파이낸싱,부실·리파이낸싱(positive): 레버리지 부담은 크나 매출 회복 + 마진 반등 — 시황 저점 진입 가능성,0.1,company_history,55,,,,순부채/EBITDA 23.1x / 부채비율 857% / 3년 순부채 +615억 vs EBITDA합 264억 / 매출 1원 성장에 순부채 21.88원 / 유동비율 119%
69.9,58.9,53.6,(주)도드람푸드,00354390,,false,제조업,식료품 제조,REFI(롤오버형),6595.1,0.039,84.4,0.013,494.7,5.9,4.204,0.933,53.3,194,1.438,0.169,342,868,measured_cashbridge,2025,audit,-204,4.3,,,-208.3,548,548,205.5,1.5,0,0,op+dep,부실·리파이낸싱,부실·리파이낸싱(positive): 레버리지 부담은 크나 매출 회복 + 마진 반등 — 시황 저점 진입 가능성,0.02,company_history,3,UNLISTED_BLIND,,,순부채/EBITDA 5.9x / 부채비율 420% / 3년 순부채 +194억 vs EBITDA합 135억 / 유동비율 93% / 현금/매출 1% / 런웨이 3개월
69.9,58.4,54.6,후성정공(주),00243076,,false,제조업,자동차·트레일러,REFI(롤오버형),2549.1,0.028,72.4,0.028,683.9,9.4,3.422,0.855,48.9,21.9,0.119,0.15,152,451,measured_cashbridge,2025,audit,29.7,133.8,,,-104.1,732.8,464.8,102.8,132.7,-0.2,0.0001,op+dep,부실·리파이낸싱,부실·리파이낸싱(neutral): 레버리지·유동성 부담 — 구조적/일시적 판단 보류,0.02,company_history,,,,,순부채/EBITDA 9.4x / 부채비율 342% (3년 93%p↑) / 3년 순부채 +22억 vs EBITDA합 184억 / 유동비율 85% / 현금/매출 2%
69.9,75.1,24.5,(주)디비메탈,00652016,,false,제조업,1차 금속,DISTRESS(구조조정형),2002.5,-0.28,-35.6,-0.018,1348.2,,10.885,0.335,74.7,-1103,-0.916,,0,,netdebt_inferred,,,,,,,,,,,,,,,부실·리파이낸싱,부실·리파이낸싱(negative): 구조적 악화 (영업적자 2/3년),0.02,company_history,8,,,,EBITDA 적자 -36억 / 부채비율 1088% (3년 879%p↑) / EBITDA마진 13%→-2% / 유동비율 33% / 현금/매출 4% / 영업적자 2/3년 / 런웨이 8개월
69.9,46,76.9,스미세이케미칼(주),00801834,,false,제조업,화학물질·화학제품,WC_BURN(운전자본형),548.4,0.088,53.9,0.098,-10.1,-0.2,0.352,1.179,10.1,158.8,1.183,1.355,0,0,measured_cashbridge,2025,audit,49.4,30.9,,,18.5,0,0,-18.7,30.7,0,0,op+dep,성장,성장자금형(negative): 매출 CAGR 9% 인데 EBITDA마진 4.1%p 훼손 — 기존사업 하락을 외형성장으로 마스킹하는지 확인 필요,0.033,company_history,,,,,EBITDA마진 10%→10% / 3년 순부채 +159억 vs EBITDA합 134억 / 매출 1원 성장에 순부채 1.35원 / 유동비율 118% / 현금/매출 2% / 현금 2년 연속 감소
69.9,79.5,16.5,(주)신영이앤피,01020889,,false,제조업,목재·나무제품 제조,DISTRESS(구조조정형),2688.4,0.328,-218.3,-0.081,45.6,,-2.353,0.366,76.7,24.3,3,0.016,212,,netdebt_inferred,,,,,,,,,,,,,,,부실·리파이낸싱,부실·리파이낸싱(negative): 구조적 악화 (영업적자 3/3년 · 자본잠식) | 성장자금형(negative): 매출 CAGR 33% 인데 EBITDA마진 2.7%p 훼손 — 기존사업 하락을 외형성장으로 마스킹하는지 확인 필요,0.029,company_history,4,,,,EBITDA 적자 -218억 / 자본잠식 / EBITDA마진 -5%→-8% / 3년 순부채 +24억 vs EBITDA합 -593억 / 유동비율 37% / 현금/매출 3% / 영업적자 3/3년 / 런웨이 4개월
69.9,37.3,92.5,엔에이치엔링크(주),01361999,,false,정보통신,정보서비스,GROWTH(성장자금형),648,0.389,157.7,0.243,564.1,3.6,3.182,,568.7,586.1,2.57,1.49,0,0,measured_cashbridge,2025,audit,184.6,301.4,,,-136.5,1132.8,983.5,176.3,410.5,-49.6,0.0766,op+dep,성장,성장자금형(positive): 매출 CAGR 39% + 마진 유지 · capex/매출 46.5%,0.051,company_history,,UNLISTED_BLIND,,,순부채/EBITDA 3.6x / 부채비율 318% / 3년 순부채 +586억 vs EBITDA합 228억 / 매출 1원 성장에 순부채 1.49원
69.9,67.8,37.6,향상기업(주),01373277,,false,제조업,1차 금속,REFI(롤오버형),304,-0.055,13.8,0.046,135.1,9.8,4.458,0.794,10.1,34.5,0.412,,25,58,measured_cashbridge,2025,audit,17.3,23.9,,,-6.6,145.2,84,7.3,20.3,4.4,0.0144,op+dep,부실·리파이낸싱,부실·리파이낸싱(negative): 구조적 악화 (영업적자 0/3년),0.02,company_history,,,,,순부채/EBITDA 9.8x / 부채비율 446% / EBITDA마진 8%→5% / 3년 순부채 +35억 vs EBITDA합 84억 / 유동비율 79% / 현금/매출 3%
69.9,67.9,37.5,(주)우리마트양산유통센터,01456330,,false,도소매,소매(자동차 제외),REFI(롤오버형),972.2,-0.043,12.6,0.013,152.5,12.1,9.049,2.501,13.4,100.8,2.589,,37,,netdebt_inferred,,,,,,,,,,,,,,,부실·리파이낸싱,부실·리파이낸싱(negative): 구조적 악화 (영업적자 0/3년),0.014,company_history,,,,,순부채/EBITDA 12.1x / 부채비율 905% / 3년 순부채 +101억 vs EBITDA합 39억 / 현금/매출 1%
69.8,73.2,27.5,남성,01221868,,false,도소매,도매·상품중개,DISTRESS(구조조정형),745.8,-0.1,-9.7,-0.013,514.3,,1.571,0.704,80.6,211.3,3,,34,,netdebt_inferred,,,,,,,,,,,,,,,부실·리파이낸싱,부실·리파이낸싱(negative): 구조적 악화 (영업적자 2/3년),0.071,company_history,25,,,,EBITDA 적자 -10억 / EBITDA마진 2%→-1% / 3년 순부채 +211억 vs EBITDA합 -20억 / 유동비율 70% / 영업적자 2/3년
69.8,49.4,70.1,우양상선(주),00142971,,false,운수·물류,수상 운송,TIGHT(유동성형),3679.5,0.004,339.5,0.092,-20.3,-0.1,3.727,0.804,65.6,829.2,0.665,0.563,0,0,measured_cashbridge,2025,audit,287.5,0.1,,,287.4,45.3,43.3,82.1,2488,-2118.4,0.5757,op+dep,부실·리파이낸싱,부실·리파이낸싱(neutral): 레버리지·유동성 부담 — 구조적/일시적 판단 보류,0.016,company_history,,,,,"부채비율 373% (3년 193%p↑) / EBITDA마진 12%→9% / 3년 순부채 +829억 vs EBITDA합 1,247억 / 매출 1원 성장에 순부채 0.56원 / 유동비율 80% / 현금/매출 2%"
69.8,60.6,50.2,보령물산(주),00363422,,false,숙박·음식,음식점·주점,DISTRESS(구조조정형),504.2,0.134,2,0.004,156.6,78.3,0.623,0.339,11.4,36.9,3,0.121,33,80,measured_cashbridge,2025,audit,-2.6,1.2,,,-3.8,168,168,23.6,21,0,0,op+dep,부실·리파이낸싱,부실·리파이낸싱(negative): 구조적 악화 (영업적자 2/3년) | 성장자금형(positive): 매출 CAGR 13% + 마진 유지 · capex/매출 0.2%,0.01,company_history,53,UNLISTED_BLIND,,,순부채/EBITDA 78.3x / 3년 순부채 +37억 vs EBITDA합 -2억 / 유동비율 34% / 현금/매출 2% / 영업적자 2/3년
69.8,57,56.5,(주)팬코,00154967,,false,제조업,의복·모피 제조,REFI(롤오버형),2603.9,-0.142,151.5,0.058,1844.9,12.2,2.233,0.828,144.1,76.4,0.231,,152,644,measured_cashbridge,2025,audit,18.2,84,,,-65.8,1989,1778,-70,-146.5,94.7,0.0364,op+dep,부실·리파이낸싱,부실·리파이낸싱(negative): 구조적 악화 (영업적자 0/3년),0.02,company_history,,,,,순부채/EBITDA 12.2x / 부채비율 223% / 3년 순부채 +76억 vs EBITDA합 331억 / 유동비율 83% / 현금 2년 연속 감소
69.8,45,78.2,풍일산업(주),00442543,,false,제조업,자동차·트레일러,GROWTH(성장자금형),949.6,0.132,76.9,0.081,638.6,8.3,2.027,0.108,52.8,129.1,0.664,0.368,174,555,measured_cashbridge,2025,audit,157.3,322.7,,,-165.4,691.4,521.6,127.2,289.3,-4.9,0.0052,op+dep,부실·리파이낸싱,부실·리파이낸싱(positive): 레버리지 부담은 크나 매출 회복 + 마진 반등 — 시황 저점 진입 가능성 | 성장자금형(positive): 매출 CAGR 13% + 마진 유지 · capex/매출 34.0%,0.02,company_history,,UNLISTED_BLIND,,,순부채/EBITDA 8.3x / 부채비율 203% / 3년 순부채 +129억 vs EBITDA합 194억 / 유동비율 11%
69.8,63.6,44.6,포인트임플란트(주),00494616,,false,제조업,의료·정밀·광학기기,REFI(롤오버형),419.8,0.034,17.7,0.042,445.8,25.3,1.161,1.337,26.7,120.9,1.607,2.993,34,,netdebt_inferred,,,,,,,,,,,,,,,부실·리파이낸싱,부실·리파이낸싱(negative): 구조적 악화 (영업적자 2/3년),0.038,company_history,47,,,,순부채/EBITDA 25.3x / EBITDA마진 8%→4% / 3년 순부채 +121억 vs EBITDA합 75억 / 매출 1원 성장에 순부채 2.99원 / 영업적자 2/3년
69.8,53.9,62,패션그룹형지(주),00531591,,false,제조업,의복·모피 제조,REFI(롤오버형),2524.7,-0.104,193,0.077,2742.1,14.2,7.179,0.449,87.2,3,0.004,0.023,50,,netdebt_inferred,2025,audit,141.6,,,,,2829.3,1721.6,-223.5,250.2,-332.1,0.1316,op+dep,부실·리파이낸싱,부실·리파이낸싱(negative): 구조적 악화 (영업적자 0/3년),0.02,company_history,,UNLISTED_BLIND,,,순부채/EBITDA 14.2x / 부채비율 718% (3년 326%p↑) / 3년 순부채 +3억 vs EBITDA합 734억 / 유동비율 45% / 현금/매출 3%
69.8,46.8,74.8,한국학술정보(주),00618483,,false,제조업,인쇄·기록매체 복제,WC_BURN(운전자본형),391.5,0.081,64.4,0.165,252.9,3.9,2.457,0.702,17.5,136.8,0.867,1.647,0,0,measured_cashbridge,2025,audit,75.4,32.3,,,43.1,270.4,130.5,-34.1,32.6,8.7,0.0222,op+dep,부실·리파이낸싱,부실·리파이낸싱(neutral): 레버리지·유동성 부담 — 구조적/일시적 판단 보류 | 성장자금형(positive): 매출 CAGR 8% + 마진 유지 · capex/매출 8.3%,0.02,company_history,,UNLISTED_BLIND,,,순부채/EBITDA 3.9x / 부채비율 246% / 3년 순부채 +137억 vs EBITDA합 158억 / 매출 1원 성장에 순부채 1.65원 / 유동비율 70% / 현금/매출 4% / 현금 2년 연속 감소
69.8,67.5,37.5,림스케이블(주),00675558,,false,도소매,도매·상품중개,DISTRESS(구조조정형),858.6,-0.06,-2.8,-0.003,102.4,,3.662,0.885,16.7,4.6,0.212,,34,95,measured_cashbridge,2025,audit,-18.9,0,2.5,,-18.9,119.1,114.8,12.6,-35.1,28.8,0.0335,op+dep,부실·리파이낸싱,부실·리파이낸싱(negative): 구조적 악화 (영업적자 1/3년),0.008,company_history,11,,,,EBITDA 적자 -3억 / 부채비율 366% (3년 73%p↑) / 3년 순부채 +5억 vs EBITDA합 22억 / 유동비율 88% / 현금/매출 2% / 런웨이 11개월
69.8,51.8,66.1,(주)유송타일앤바스,00937087,,false,도소매,소매(자동차 제외),REFI(롤오버형),537,0.037,47,0.088,469.5,10,0.988,0.396,32.5,287.8,1.598,0.678,3,30,measured_cashbridge,2025,audit,59.6,42.1,,,17.6,502,424.5,-12,47.7,-0.1,0.0002,op+dep,부실·리파이낸싱,부실·리파이낸싱(neutral): 레버리지·유동성 부담 — 구조적/일시적 판단 보류,0.008,company_history,,UNLISTED_BLIND,,,순부채/EBITDA 10.0x / 3년 순부채 +288억 vs EBITDA합 180억 / 매출 1원 성장에 순부채 0.68원 / 유동비율 40%
69.8,70.2,33,(주)와이엠피라이팅,01115381,,false,제조업,고무·플라스틱제품,DISTRESS(구조조정형),498.3,0.035,-15.6,-0.031,141.6,,20.173,0.343,0.6,9.5,0.447,0.074,46,98,measured_cashbridge,2025,audit,-10.2,3.1,,,-13.3,142.2,129.7,16.4,0.2,5.9,0.0118,op+dep,부실·리파이낸싱,부실·리파이낸싱(neutral): 레버리지·유동성 부담 — 구조적/일시적 판단 보류,0.02,company_history,1,UNLISTED_BLIND,,,EBITDA 적자 -16억 / 부채비율 2017% (3년 640%p↑) / EBITDA마진 1%→-3% / 3년 순부채 +10억 vs EBITDA합 21억 / 유동비율 34% / 현금/매출 0% / 런웨이 1개월
69.8,55.6,59.2,화이트팜(주),01303764,,false,도소매,도매·상품중개,TIGHT(유동성형),1503.6,-0.064,101.1,0.067,393.9,3.9,4.409,0.568,1.7,172.6,0.416,,96,254,measured_cashbridge,2025,audit,34.6,9.4,70,,25.2,395.6,395.6,32.5,67.2,0,0,op+dep,부실·리파이낸싱,부실·리파이낸싱(negative): 구조적 악화 (영업적자 0/3년) | 리캡(negative): 배당 70억 (매출의 4.7% · OCF의 202%) + 순부채 +33억 — 차입 배당 구조,0.008,company_history,,,,,순부채/EBITDA 3.9x / 부채비율 441% (3년 102%p↑) / 3년 순부채 +173억 vs EBITDA합 415억 / 유동비율 57% / 현금/매출 0%
69.8,32.9,100,(주)티빙,01514351,,false,정보통신,영상·오디오 제작·배급,GROWTH(성장자금형),4059.8,0.179,1222.6,0.301,193,0.2,1.401,0.455,153.9,482.9,0.279,0.159,697,1833,measured_cashbridge,2025,audit,941.2,1697.8,,,-773.1,347,215.3,741.4,1665.2,17.4,0.0043,op+dep,부실·리파이낸싱,부실·리파이낸싱(negative): 구조적 악화 (영업적자 3/3년) | 성장자금형(positive): 매출 CAGR 18% + 마진 유지 · capex/매출 41.8%,0.035,company_history,,,,,"3년 순부채 +483억 vs EBITDA합 1,733억 / 유동비율 46% / 현금/매출 4% / 현금 2년 연속 감소 / 영업적자 3/3년"
69.8,67.6,37.5,(주)문원,01507917,,false,도소매,도매·상품중개,REFI(롤오버형),841.6,-0.117,15.2,0.018,134.6,8.9,2.521,0.917,11.2,136.6,1.747,0.96,0,0,measured_cashbridge,2025,audit,118.5,0,,,118.5,145.8,115.7,-136.8,-6.1,2.7,0.0032,op+dep,부실·리파이낸싱,부실·리파이낸싱(negative): 구조적 악화 (영업적자 0/3년),0.008,company_history,,UNLISTED_BLIND,,,순부채/EBITDA 8.9x / 부채비율 252% / 3년 순부채 +137억 vs EBITDA합 78억 / 매출 1원 성장에 순부채 0.96원 / 유동비율 92% / 현금/매출 1%
69.7,45.8,76.5,오에스피,01299425,,false,도소매,도매·상품중개,WC_BURN(운전자본형),337.6,0.262,30.9,0.092,94.6,3.1,1.602,1.209,44.9,101.5,1.252,0.695,0,0,measured_cashbridge,2025,audit,14.5,0.4,3,,14.1,139.6,105.5,-11.8,-1.5,4.2,0.0123,op+dep,성장,성장자금형(positive): 매출 CAGR 26% + 마진 유지 · capex/매출 0.1%,0.1,company_history,,,,,순부채/EBITDA 3.1x / 3년 순부채 +102억 vs EBITDA합 81억 / 매출 1원 성장에 순부채 0.69원 / 현금 2년 연속 감소
69.7,63.2,45,(주)더베스트미트,01674413,,false,도소매,도매·상품중개,REFI(롤오버형),703.9,,13.1,0.019,145.3,11.1,2.597,1.009,16.5,119.7,3.224,0.204,18,47,measured_cashbridge,2025,audit,-2,8.2,,,-10.2,161.8,54.1,4.9,8.1,-5.2,0.0074,op+dep,부실·리파이낸싱,부실·리파이낸싱(positive): 레버리지 부담은 크나 매출 회복 + 마진 반등 — 시황 저점 진입 가능성,0.008,company_history,99,UNLISTED_BLIND,,,순부채/EBITDA 11.1x / 부채비율 260% (3년 260%p↑) / 3년 순부채 +120억 vs EBITDA합 37억 / 유동비율 101% / 현금/매출 2%
69.7,44.4,79,(주)대림,00665393,,false,건설업,종합 건설,WC_BURN(운전자본형),72875.9,0.213,9441.1,0.13,52379.8,5.5,1.407,1.168,12008.6,35792.9,1.477,1.118,3133,,netdebt_inferred,,,,,,,,,,,,,,,부실·리파이낸싱,부실·리파이낸싱(positive): 레버리지 부담은 크나 매출 회복 + 마진 반등 — 시황 저점 진입 가능성 | 성장자금형(positive): 매출 CAGR 21% + 마진 유지,0.033,company_history,,,,,순부채/EBITDA 5.5x / 3년 순부채 +3.6조 vs EBITDA합 2.4조 / 매출 1원 성장에 순부채 1.12원 / 유동비율 117%
69.7,69,34.4,스템코(주),00225663,,false,제조업,전자부품·컴퓨터·통신장비,REFI(롤오버형),2157.1,-0.176,62.6,0.034,891.9,14.3,0.893,0.88,39.6,614.1,0.771,,440,1335,measured_cashbridge,2025,audit,163.6,541.3,,,-379.8,931.5,481.7,402.5,568.6,-2.5,0.0012,unavailable,부실·리파이낸싱,부실·리파이낸싱(negative): 구조적 악화 (영업적자 2/3년),0.02,company_history,,,,,순부채/EBITDA 14.3x / EBITDA마진 16%→3% / 3년 순부채 +614억 vs EBITDA합 796억 / 유동비율 88% / 현금/매출 2% / 영업적자 2/3년
69.7,47.7,73.1,(주)우양통상,00447025,,false,제조업,의복·모피 제조,GROWTH(성장자금형),959.3,0.257,53.1,0.055,287.6,5.4,1.477,1.251,15,215.9,1.596,0.385,47,132,measured_cashbridge,2025,audit,-11.6,0.4,,,-12,302.6,302.6,5.8,-3.9,-1.9,0.002,op+dep,부실·리파이낸싱,부실·리파이낸싱(neutral): 레버리지·유동성 부담 — 구조적/일시적 판단 보류 | 성장자금형(positive): 매출 CAGR 26% + 마진 유지 · capex/매출 0.0%,0.02,company_history,16,UNLISTED_BLIND,,,순부채/EBITDA 5.4x / 3년 순부채 +216억 vs EBITDA합 135억 / 현금/매출 2% / 런웨이 16개월
69.7,72.5,28.1,(주)신광엠앤피,00485690,,false,제조업,화학물질·화학제품,REFI(롤오버형),438.9,0.001,5.6,0.013,275.2,49.1,2.758,0.355,4.3,40.9,7.237,,62,154,measured_cashbridge,2025,audit,10.7,34.8,,,-24.1,279.5,218.8,25.8,36.1,0.4,0.0008,op+dep,부실·리파이낸싱,부실·리파이낸싱(negative): 구조적 악화 (영업적자 3/3년),0.02,company_history,,UNLISTED_BLIND,,,순부채/EBITDA 49.1x / 부채비율 276% / 3년 순부채 +41억 vs EBITDA합 6억 / 유동비율 36% / 현금/매출 1% / 영업적자 3/3년
69.7,65.1,41.8,(주)누비콤,00804901,,false,도소매,도매·상품중개,REFI(롤오버형),450.7,0.052,18.4,0.041,113,6.1,2.378,0.899,8.5,40.9,1.866,,7,7,measured_cashbridge,2025,audit,14.2,0.8,,,13.3,121.6,110.2,-17.5,-2.7,-0.6,0.0013,op+dep,부실·리파이낸싱,부실·리파이낸싱(negative): 구조적 악화 (영업적자 2/3년) | 성장자금형(positive): 매출 CAGR 5% + 마진 유지 · capex/매출 0.2%,0.016,company_history,,UNLISTED_BLIND,,,순부채/EBITDA 6.1x / 부채비율 238% (3년 58%p↑) / 3년 순부채 +41억 vs EBITDA합 22억 / 유동비율 90% / 현금/매출 2% / 영업적자 2/3년
69.7,56.7,56.6,지엔에스해운,01010396,,false,운수·물류,수상 운송,REFI(롤오버형),812.6,-0.082,68,0.084,339.6,5,1.905,0.874,34,308.2,1.637,6.273,0,0,measured_cashbridge,2025,audit,30.5,0,,,30.5,373.6,123.8,-33.1,-7.4,4.8,0.0059,op+dep,부실·리파이낸싱,부실·리파이낸싱(negative): 구조적 악화 (영업적자 0/3년),0.015,company_history,,UNLISTED_BLIND,,,순부채/EBITDA 5.0x / 3년 순부채 +308억 vs EBITDA합 188억 / 매출 1원 성장에 순부채 6.27원 / 유동비율 87% / 현금/매출 4%
69.7,53.5,62.3,(주)비타바이오,01018732,,false,제조업,식료품 제조,REFI(롤오버형),335.5,0.038,33.3,0.099,172.4,5.2,2.101,0.729,15.2,89.1,2.131,2.107,0,0,measured_cashbridge,2025,audit,44.5,1.5,2,,43,187.5,54.4,-18.8,-27.2,52.9,0.1577,op+dep,부실·리파이낸싱,부실·리파이낸싱(positive): 레버리지 부담은 크나 매출 회복 + 마진 반등 — 시황 저점 진입 가능성,0.025,company_history,,UNLISTED_BLIND,,,순부채/EBITDA 5.2x / 부채비율 210% / 3년 순부채 +89억 vs EBITDA합 42억 / 매출 1원 성장에 순부채 2.11원 / 유동비율 73% / 현금/매출 5%
69.7,79.9,15,(주)삼원가든,01354908,,false,숙박·음식,음식점·주점,WC_BURN(운전자본형),438.9,0.177,2.5,0.006,419.1,167.6,-4.482,0.227,12.9,132.9,7.161,0.71,47,118,measured_cashbridge,2025,audit,27.4,20.7,,,6.7,432,407,28.6,56.1,0,0,op+dep,부실·리파이낸싱,부실·리파이낸싱(negative): 구조적 악화 (영업적자 2/3년 · 자본잠식) | 성장자금형(positive): 매출 CAGR 18% + 마진 유지 · capex/매출 4.7%,0.025,company_history,,,,,순부채/EBITDA 167.6x / 자본잠식 / 3년 순부채 +133억 vs EBITDA합 19억 / 매출 1원 성장에 순부채 0.71원 / 유동비율 23% / 현금/매출 3% / 영업적자 2/3년
69.7,51.4,66.4,다음전선(주),01307812,,false,제조업,전기장비,TIGHT(유동성형),1364.2,0.112,36.3,0.027,169.5,4.7,3.071,0.646,29.1,108.7,1.176,0.292,39,,netdebt_inferred,,,,,,,,,,,,,,,부실·리파이낸싱,부실·리파이낸싱(neutral): 레버리지·유동성 부담 — 구조적/일시적 판단 보류 | 성장자금형(positive): 매출 CAGR 11% + 마진 유지,0.02,company_history,,,,,순부채/EBITDA 4.7x / 부채비율 307% / 3년 순부채 +109억 vs EBITDA합 92억 / 유동비율 65% / 현금/매출 2%
69.7,62.7,46.1,(주)더마펌,01290789,,false,제조업,화학물질·화학제품,WC_BURN(운전자본형),587.5,0.073,-128.8,-0.219,1,,0.146,5.339,99.3,521.8,10.69,3.354,120,518,measured_cashbridge,2025,audit,-167.8,5.5,,,-189.5,100.3,97.1,-70.2,386.5,-29,0.0494,op+dep,부실·리파이낸싱,부실·리파이낸싱(negative): 구조적 악화 (영업적자 2/3년) | 성장자금형(negative): 매출 CAGR 7% 인데 EBITDA마진 24.3%p 훼손 — 기존사업 하락을 외형성장으로 마스킹하는지 확인 필요,0.026,company_history,7,UNLISTED_BLIND,,,EBITDA 적자 -129억 / EBITDA마진 2%→-22% / 3년 순부채 +522억 vs EBITDA합 49억 / 매출 1원 성장에 순부채 3.35원 / 영업적자 2/3년 / 런웨이 7개월
69.7,79,16.5,(주)왓챠,01450424,,false,정보통신,영상·오디오 제작·배급,DISTRESS(구조조정형),438,0.048,45.3,0.103,616.1,13.6,-1.186,0.073,4.6,485.4,3,8.43,146,,netdebt_inferred,,,,,,,,,,,,,,,부실·리파이낸싱,부실·리파이낸싱(negative): 구조적 악화 (영업적자 3/3년 · 자본잠식),0.025,company_history,,,,,순부채/EBITDA 13.6x / 자본잠식 / 3년 순부채 +485억 vs EBITDA합 -86억 / 매출 1원 성장에 순부채 8.43원 / 유동비율 7% / 현금/매출 1% / 현금 2년 연속 감소 / 영업적자 3/3년
69.6,79.7,15,예선테크,00874487,,false,제조업,고무·플라스틱제품,DISTRESS(구조조정형),436.1,-0.129,-2,-0.004,262.2,,2.273,0.708,23.6,53.6,3,,26,,netdebt_inferred,,,,,,,,,,,,,,,부실·리파이낸싱,부실·리파이낸싱(negative): 구조적 악화 (영업적자 3/3년),0.02,company_history,17,,,,EBITDA 적자 -2억 / 부채비율 227% (3년 145%p↑) / 3년 순부채 +54억 vs EBITDA합 -105억 / 유동비율 71% / 영업적자 3/3년 / 런웨이 17개월
69.6,39.6,87.3,광명산업(주),00451000,,false,제조업,고무·플라스틱제품,GROWTH(성장자금형),2627.4,0.232,204.2,0.078,1008,4.9,2.531,1.028,84.1,63.9,0.125,0.052,0,,netdebt_inferred,,,,,,,,,,,,,,,부실·리파이낸싱,부실·리파이낸싱(neutral): 레버리지·유동성 부담 — 구조적/일시적 판단 보류 | 성장자금형(positive): 매출 CAGR 23% + 마진 유지,0.02,company_history,,,,,순부채/EBITDA 4.9x / 부채비율 253% / 3년 순부채 +64억 vs EBITDA합 511억 / 유동비율 103% / 현금/매출 3% / 현금 2년 연속 감소
69.6,38,89.8,코스틱폼텍(주),00107118,,false,제조업,화학물질·화학제품,WC_BURN(운전자본형),877.2,0.184,97.3,0.111,-3.5,0,0.24,1.684,39.5,224.2,3.137,0.813,79,274,measured_cashbridge,2025,audit,9.2,20.3,85,,-11.1,36,36,95.2,61.5,42.9,0.0489,op+dep,성장,성장자금형(positive): 매출 CAGR 18% + 마진 유지 · capex/매출 2.3% | 리캡(negative): 배당 85억 (매출의 9.7% · OCF의 924%) + 순부채 +95억 — 차입 배당 구조,0.02,company_history,,,,,3년 순부채 +224억 vs EBITDA합 71억 / 매출 1원 성장에 순부채 0.81원 / 현금/매출 5% / 현금 2년 연속 감소 / 영업적자 2/3년
69.6,65.8,40,한솔페이퍼텍(주),00364263,,false,제조업,펄프·종이 제조,DISTRESS(구조조정형),1139.1,-0.044,-65.5,-0.057,-3.1,,0.899,0.646,11.5,91,1.019,,31,72,measured_cashbridge,2025,audit,2.5,21.9,,,-19.4,8.5,6.7,0.5,19.8,-16.7,0.0147,op+dep,부실·리파이낸싱,부실·리파이낸싱(negative): 구조적 악화 (영업적자 3/3년),0.02,company_history,,UNLISTED_BLIND,,,EBITDA 적자 -65억 / EBITDA마진 2%→-6% / 3년 순부채 +91억 vs EBITDA합 89억 / 유동비율 65% / 현금/매출 1% / 영업적자 3/3년
69.6,42.3,82.3,(주)광진기계,00863889,,false,제조업,기타 기계·장비,GROWTH(성장자금형),1320.9,0.146,83.1,0.063,553.8,6.7,1.354,1.029,18.6,108.4,0.506,0.244,32,,netdebt_inferred,,,,,,,,,,,,,,,부실·리파이낸싱,부실·리파이낸싱(positive): 레버리지 부담은 크나 매출 회복 + 마진 반등 — 시황 저점 진입 가능성 | 성장자금형(positive): 매출 CAGR 15% + 마진 유지,0.02,company_history,,,,,순부채/EBITDA 6.7x / 3년 순부채 +108억 vs EBITDA합 214억 / 유동비율 103% / 현금/매출 1%
69.6,73.4,26.3,(주)대현철강,00547723,,false,도소매,도매·상품중개,REFI(롤오버형),795.2,-0.214,4.7,0.006,246.3,52.4,2.576,0.57,30.7,72.5,1.683,,12,58,measured_cashbridge,2025,audit,-1,2.8,,,-3.7,277,237,9.9,13.8,-4.9,0.0062,op+dep,부실·리파이낸싱,부실·리파이낸싱(negative): 구조적 악화 (영업적자 0/3년),0.008,company_history,368,,,,순부채/EBITDA 52.4x / 부채비율 258% / 3년 순부채 +73억 vs EBITDA합 43억 / 유동비율 57% / 현금/매출 4% / 현금 2년 연속 감소
69.6,71.4,30,(주)모란식품,00677626,,false,제조업,식료품 제조,DISTRESS(구조조정형),329.1,-0.046,-33.3,-0.101,143.5,,222.838,0.326,0.2,-7,-0.108,,36,69,measured_cashbridge,2025,audit,3.3,5.2,,,-1.9,143.7,143.7,1.2,4.5,0,0,op+dep,부실·리파이낸싱,부실·리파이낸싱(negative): 구조적 악화 (영업적자 1/3년),0.02,company_history,,,,,EBITDA 적자 -33억 / 부채비율 22284% (3년 20233%p↑) / EBITDA마진 6%→-10% / 유동비율 33% / 현금/매출 0%
69.6,57.4,54.9,동국성신(주),00862260,,false,제조업,전자부품·컴퓨터·통신장비,REFI(롤오버형),1106.5,-0.043,58.8,0.053,561.9,9.6,1.46,0.508,128.3,97.8,1.801,,0,40,measured_cashbridge,2025,audit,23,3.5,,,19.5,690.3,672.8,-24,16.4,-17.4,0.0157,op+dep,부실·리파이낸싱,부실·리파이낸싱(negative): 구조적 악화 (영업적자 0/3년),0.02,company_history,,,,,순부채/EBITDA 9.6x / 3년 순부채 +98억 vs EBITDA합 54억 / 유동비율 51%
69.6,59.6,51,(주)나우산업,00969411,,false,제조업,1차 금속,REFI(롤오버형),528.7,0.005,27.8,0.053,175.3,6.3,2.444,0.789,0.9,48,0.6,1.025,56,130,measured_cashbridge,2025,audit,8.2,30.6,0,,-22.3,176.2,144.7,24.8,34.2,-1.1,0.002,op+dep,부실·리파이낸싱,부실·리파이낸싱(positive): 레버리지 부담은 크나 매출 회복 + 마진 반등 — 시황 저점 진입 가능성,0.02,company_history,,,,,순부채/EBITDA 6.3x / 부채비율 244% / 3년 순부채 +48억 vs EBITDA합 80억 / 매출 1원 성장에 순부채 1.02원 / 유동비율 79% / 현금/매출 0% / 현금 2년 연속 감소
69.6,69.8,32.9,티케이지에코머티리얼(주),01021408,,false,제조업,고무·플라스틱제품,REFI(롤오버형),723.3,-0.237,49.3,0.068,786.5,16,2.373,0.326,53.5,84,7.333,,20,137,measured_cashbridge,2025,audit,65,31.4,,,33.5,840,840,-44.8,18.8,1.3,0.0018,op+dep,부실·리파이낸싱,부실·리파이낸싱(negative): 구조적 악화 (영업적자 2/3년),0.02,company_history,,UNLISTED_BLIND,,,순부채/EBITDA 16.0x / 부채비율 237% / 3년 순부채 +84억 vs EBITDA합 11억 / 유동비율 33% / 현금 2년 연속 감소 / 영업적자 2/3년
69.6,46.3,75,(주)일렉트로엠,01209972,,false,제조업,전자부품·컴퓨터·통신장비,DISTRESS(구조조정형),305.4,0.154,37.3,0.122,212.6,5.7,1.205,0.888,31.7,41.4,3,0.388,3,28,measured_cashbridge,2025,audit,9.6,1.9,,,7.5,244.3,223.5,-28.7,-14.8,-4.3,0.0141,op+dep,부실·리파이낸싱,부실·리파이낸싱(negative): 구조적 악화 (영업적자 2/3년) | 성장자금형(positive): 매출 CAGR 15% + 마진 유지 · capex/매출 0.6%,0.047,company_history,,,,,순부채/EBITDA 5.7x / 3년 순부채 +41억 vs EBITDA합 -16억 / 유동비율 89% / 영업적자 2/3년
69.6,56.4,57,예주산업(주),00808794,,false,제조업,자동차·트레일러,WC_BURN(운전자본형),497.5,0.09,27.8,0.056,250.3,9,1.586,1.418,20.3,212.1,2.679,1.869,79,,netdebt_inferred,,,,,,,,,,,,,,,부실·리파이낸싱,부실·리파이낸싱(neutral): 레버리지·유동성 부담 — 구조적/일시적 판단 보류 | 성장자금형(positive): 매출 CAGR 9% + 마진 유지,0.02,company_history,,,,,순부채/EBITDA 9.0x / 3년 순부채 +212억 vs EBITDA합 79억 / 매출 1원 성장에 순부채 1.87원 / 현금/매출 4%
69.6,55.8,58.1,(주)바로고,01453014,,false,정보통신,출판업,DISTRESS(구조조정형),2656.9,0.13,106.4,0.04,-11.2,-0.1,3.757,0.913,251,220.1,3,0.156,168,852,measured_cashbridge,2025,audit,-316.1,1.9,,,-318.1,239.8,239.8,228.5,-139.1,51.4,0.0194,op+dep,부실·리파이낸싱,부실·리파이낸싱(negative): 구조적 악화 (영업적자 2/3년) | 성장자금형(positive): 매출 CAGR 13% + 마진 유지 · capex/매출 0.1%,0.029,company_history,10,UNLISTED_BLIND,,,부채비율 376% (3년 282%p↑) / 3년 순부채 +220억 vs EBITDA합 -430억 / 유동비율 91% / 현금 2년 연속 감소 / 영업적자 2/3년 / 런웨이 10개월
69.5,58,53.7,(주)금광케이엘,01655481,,false,제조업,1차 금속,REFI(롤오버형),339.1,0.039,23.8,0.07,170.1,7.1,2.699,1.147,5.7,82.7,1.124,1.489,43,99,measured_cashbridge,2025,audit,-14.8,0.2,,,-15,175.8,133.1,16.6,1.7,0.1,0.0003,op+dep,부실·리파이낸싱,부실·리파이낸싱(neutral): 레버리지·유동성 부담 — 구조적/일시적 판단 보류,0.02,company_history,5,UNLISTED_BLIND,,,순부채/EBITDA 7.1x / 부채비율 270% / 3년 순부채 +83억 vs EBITDA합 74억 / 매출 1원 성장에 순부채 1.49원 / 유동비율 115% / 현금/매출 2% / 런웨이 5개월
69.5,34.5,95.7,(주)금강주택,00489818,,false,건설업,종합 건설,WC_BURN(운전자본형),7774.7,0.126,912.3,0.117,2766,3,0.547,3.333,857.9,2900.8,2.139,1.243,409,,netdebt_inferred,,,,,,,,,,,,,,,성장,성장자금형(positive): 매출 CAGR 13% + 마진 유지,0.05,company_history,,,,,"순부채/EBITDA 3.0x / 3년 순부채 +2,901억 vs EBITDA합 1,356억 / 매출 1원 성장에 순부채 1.24원"
69.5,51.4,65.3,(주)대우볼트,00491840,,false,제조업,금속가공제품,REFI(롤오버형),737.5,-0.049,83.2,0.113,527.1,6.3,1.936,0.848,24.4,203.6,0.806,,88,272,measured_cashbridge,2025,audit,-20.4,20.8,0.1,,-41.2,551.5,507,48.9,18.3,10.2,0.0138,op+dep,부실·리파이낸싱,부실·리파이낸싱(negative): 구조적 악화 (영업적자 0/3년),0.02,company_history,14,,,,순부채/EBITDA 6.3x / 3년 순부채 +204억 vs EBITDA합 253억 / 유동비율 85% / 현금/매출 3% / 런웨이 14개월
69.5,76.6,20,경북코일센타(주),00603612,,false,제조업,금속가공제품,DISTRESS(구조조정형),356.4,-0.127,1.5,0.004,114.1,76.1,2.744,0.757,8.5,16.5,5.818,,34,79,measured_cashbridge,2025,audit,-10,0.2,,,-10.2,122.5,122.5,14.8,4.3,0.5,0.0014,op+dep,부실·리파이낸싱,부실·리파이낸싱(negative): 구조적 악화 (영업적자 2/3년),0.02,company_history,10,,,,순부채/EBITDA 76.1x / 부채비율 274% (3년 63%p↑) / 3년 순부채 +16억 vs EBITDA합 3억 / 유동비율 76% / 현금/매출 2% / 영업적자 2/3년 / 런웨이 10개월
69.5,69.3,33.3,서원피덱스(주),01015656,,false,제조업,식료품 제조,REFI(롤오버형),412.5,-0.025,12.8,0.031,142.5,11.1,16.988,0.651,11,57.2,1.767,0.833,21,44,measured_cashbridge,2025,audit,7.6,3.7,,,3.9,153.4,153.4,-3.8,2.4,1.3,0.0033,op+dep,부실·리파이낸싱,부실·리파이낸싱(negative): 구조적 악화 (영업적자 0/3년),0.02,company_history,,UNLISTED_BLIND,,,순부채/EBITDA 11.1x / 부채비율 1699% / 3년 순부채 +57억 vs EBITDA합 32억 / 매출 1원 성장에 순부채 0.83원 / 유동비율 65% / 현금/매출 3%
69.5,54.9,59.1,(주)뉴젠스,01016965,,false,정보통신,컴퓨터 프로그래밍·SI,WC_BURN(운전자본형),886.9,0.092,32.9,0.037,225.9,6.9,0.905,2.305,6,265.9,2.206,2.712,18,20,measured_cashbridge,2025,audit,10.3,8.4,1,,1.9,231.9,30,-9.6,3.9,-3.1,0.0035,op+dep,부실·리파이낸싱,부실·리파이낸싱(neutral): 레버리지·유동성 부담 — 구조적/일시적 판단 보류 | 성장자금형(positive): 매출 CAGR 9% + 마진 유지 · capex/매출 0.9%,0.025,company_history,,,,,순부채/EBITDA 6.9x / 3년 순부채 +266억 vs EBITDA합 121억 / 매출 1원 성장에 순부채 2.71원 / 현금/매출 1%
69.5,59.9,50,로지스올엔지니어링(주),01153707,,false,제조업,기타 기계·장비,DISTRESS(구조조정형),475.6,0.156,-12.1,-0.025,15.2,,3.732,0.977,41,8.3,0.519,0.018,14,83,measured_cashbridge,2025,audit,-30.3,0.2,,,-30.5,56.2,42.8,-40.7,-53.4,-2.6,0.0055,op+dep,부실·리파이낸싱,부실·리파이낸싱(negative): 구조적 악화 (영업적자 2/3년) | 성장자금형(negative): 매출 CAGR 16% 인데 EBITDA마진 3.7%p 훼손 — 기존사업 하락을 외형성장으로 마스킹하는지 확인 필요,0.02,company_history,16,UNLISTED_BLIND,,,EBITDA 적자 -12억 / 부채비율 373% / EBITDA마진 1%→-3% / 3년 순부채 +8억 vs EBITDA합 16억 / 유동비율 98% / 영업적자 2/3년 / 런웨이 16개월
69.5,79.8,14.3,(주)야나두,01343416,,false,교육,교육 서비스,DISTRESS(구조조정형),774.5,0.373,-107.3,-0.138,284.7,,-33.688,0.411,94.3,707.6,3,1.489,235,,netdebt_inferred,,,,,,,,,,,,,,,부실·리파이낸싱,부실·리파이낸싱(negative): 구조적 악화 (영업적자 3/3년 · 자본잠식) | 성장자금형(positive): 매출 CAGR 37% + 마진 유지,0.097,company_history,9,,,,EBITDA 적자 -107억 / 자본잠식 / 3년 순부채 +708억 vs EBITDA합 -525억 / 매출 1원 성장에 순부채 1.49원 / 유동비율 41% / 영업적자 3/3년 / 런웨이 9개월
69.5,45.1,76.7,(주)정훈산업개발,01467293,,false,건설업,종합 건설,GROWTH(성장자금형),923.1,5.299,93,0.101,196.3,2.1,2.951,1.71,4.9,34.1,2.47,0.037,10,,netdebt_inferred,,,,,,,,,,,,,,,성장,성장자금형(positive): 매출 CAGR 530% + 마진 유지,0.025,company_history,,,,,부채비율 295% (3년 157%p↑) / 3년 순부채 +34억 vs EBITDA합 14억 / 현금/매출 1% / 영업적자 2/3년
69.5,80,14,굿윌아이엔씨(주),01460810,,false,사업지원·임대,사업지원 서비스,DISTRESS(구조조정형),463.7,-0.163,2.6,0.006,28.7,11,8.517,1.077,1.2,2.2,3,,25,37,measured_cashbridge,2025,audit,-2.5,0.5,,,-3,29.9,29.9,4,1,0.5,0.0011,op+dep,부실·리파이낸싱,부실·리파이낸싱(negative): 구조적 악화 (영업적자 1/3년),0.015,company_history,6,UNLISTED_BLIND,,,순부채/EBITDA 11.0x / 부채비율 852% (3년 113%p↑) / 3년 순부채 +2억 vs EBITDA합 -9억 / 유동비율 108% / 현금/매출 0% / 런웨이 6개월
69.4,67.7,35.8,(주)루트,00405269,,false,제조업,의복·모피 제조,DISTRESS(구조조정형),391,,18.6,0.048,198.2,10.6,6.207,1.546,27.7,198.2,3,0.507,68,,netdebt_inferred,,,,,,,,,,,,,,,부실·리파이낸싱,부실·리파이낸싱(negative): 구조적 악화 (영업적자 3/3년),0.071,company_history,,,,,순부채/EBITDA 10.6x / 부채비율 621% (3년 621%p↑) / 3년 순부채 +198억 vs EBITDA합 -4억 / 매출 1원 성장에 순부채 0.51원 / 영업적자 3/3년
69.4,54.2,60.2,삼진정공(주),00169622,,false,제조업,금속가공제품,REFI(롤오버형),1679.4,0.034,73.7,0.044,677.1,9.2,1.419,0.911,2.9,113.1,0.816,0.27,94,221,measured_cashbridge,2025,audit,29.3,48.6,0,,-19.3,680,450,78.7,77,31,0.0185,op+dep,부실·리파이낸싱,부실·리파이낸싱(positive): 레버리지 부담은 크나 매출 회복 + 마진 반등 — 시황 저점 진입 가능성,0.02,company_history,,UNLISTED_BLIND,,,순부채/EBITDA 9.2x / 3년 순부채 +113억 vs EBITDA합 139억 / 유동비율 91% / 현금/매출 0% / 현금 2년 연속 감소
69.4,78.9,15.7,(주)코스틸,00874511,,false,도소매,도매·상품중개,DISTRESS(구조조정형),792.2,-0.415,-96.6,-0.122,1101.4,,4.534,0.358,42.6,-282.7,0,,92,,netdebt_inferred,,,,,,,,,,,,,,,부실·리파이낸싱,부실·리파이낸싱(negative): 구조적 악화 (영업적자 3/3년),0.008,company_history,3,,,,EBITDA 적자 -97억 / 부채비율 453% (3년 213%p↑) / EBITDA마진 -2%→-12% / 유동비율 36% / 현금 2년 연속 감소 / 영업적자 3/3년 / 런웨이 3개월
69.4,71.1,29.6,캐스코드(주),00404826,,false,제조업,1차 금속,DISTRESS(구조조정형),873.9,-0.038,23.6,0.027,116,4.9,3.887,0.499,1.2,37.4,3,,12,12,measured_cashbridge,2025,audit,34.4,15.1,,,19.3,117.2,115.3,-21,10.9,2.4,0.0028,op+dep,부실·리파이낸싱,부실·리파이낸싱(negative): 구조적 악화 (영업적자 2/3년),0.02,company_history,,UNLISTED_BLIND,,,순부채/EBITDA 4.9x / 부채비율 389% / 3년 순부채 +37억 vs EBITDA합 -76억 / 유동비율 50% / 현금/매출 0% / 영업적자 2/3년
69.4,32,100,에스케이에어플러스(주),00634472,,false,제조업,화학물질·화학제품,TIGHT(유동성형),3233.3,0.253,1270.5,0.393,4303.1,3.4,2.279,0.256,14.2,-953.7,-0.309,-0.6,0,,netdebt_inferred,,,,,,,,,,,,,,,부실·리파이낸싱,부실·리파이낸싱(neutral): 레버리지·유동성 부담 — 구조적/일시적 판단 보류 | 성장자금형(negative): 매출 CAGR 25% 인데 EBITDA마진 7.8%p 훼손 — 기존사업 하락을 외형성장으로 마스킹하는지 확인 필요,0.02,company_history,,,,,순부채/EBITDA 3.4x / 부채비율 228% / EBITDA마진 47%→39% / 유동비율 26% / 현금/매출 0%
69.4,46,74.6,(주)가유,00834948,,false,제조업,금속가공제품,WC_BURN(운전자본형),460.2,0.079,92,0.2,533.9,5.8,2.594,0.497,91,164,0.792,2.764,3,141,measured_cashbridge,2025,audit,73.5,119.3,,,-45.8,624.9,308.3,60.8,126,8.3,0.018,op+dep,부실·리파이낸싱,부실·리파이낸싱(positive): 레버리지 부담은 크나 매출 회복 + 마진 반등 — 시황 저점 진입 가능성 | 성장자금형(positive): 매출 CAGR 8% + 마진 유지 · capex/매출 25.9%,0.02,company_history,,,,,순부채/EBITDA 5.8x / 부채비율 259% (3년 61%p↑) / 3년 순부채 +164억 vs EBITDA합 207억 / 매출 1원 성장에 순부채 2.76원 / 유동비율 50%
69.4,53.4,61.5,우리와(주),00921387,,false,제조업,식료품 제조,REFI(롤오버형),849.7,-0.074,84.9,0.1,708,8.3,2.987,0.283,16,-35.2,-0.183,,163,490,measured_cashbridge,2025,audit,80.9,163.9,,,-93.9,724,625,115.8,,,,op+dep,부실·리파이낸싱,부실·리파이낸싱(negative): 구조적 악화 (영업적자 1/3년),0.02,company_history,,,,,순부채/EBITDA 8.3x / 부채비율 299% (3년 72%p↑) / 유동비율 28% / 현금/매출 2% / 현금 2년 연속 감소
69.4,44.4,77.5,(주)투데이아트,00942414,,false,제조업,인쇄·기록매체 복제,REFI(롤오버형),1111.8,-0.003,155.9,0.14,1196.7,7.7,1.455,0.601,117.8,189.8,0.257,0.819,164,636,measured_cashbridge,2025,audit,127.6,247,10,,-119.3,1314.6,1059.3,112.3,248,-8,0.0072,op+dep,부실·리파이낸싱,부실·리파이낸싱(negative): 구조적 악화 (영업적자 0/3년),0.042,company_history,,UNLISTED_BLIND,,,순부채/EBITDA 7.7x / EBITDA마진 19%→14% / 3년 순부채 +190억 vs EBITDA합 739억 / 매출 1원 성장에 순부채 0.82원 / 유동비율 60%
69.4,70.9,30,(주)네이처텍,00927345,,false,제조업,식료품 제조,DISTRESS(구조조정형),456.2,-0.088,-6.3,-0.014,192.8,,3.413,1.218,10.6,6.5,0.102,,29,73,measured_cashbridge,2025,audit,36,25.4,20,,9.7,203.4,77.7,12,46.9,1.1,0.0024,op+dep,부실·리파이낸싱,부실·리파이낸싱(negative): 구조적 악화 (영업적자 2/3년) | 리캡(negative): 배당 20억 (매출의 4.4% · OCF의 56%) + 순부채 +12억 — 차입 배당 구조,0.02,company_history,,,,,EBITDA 적자 -6억 / 부채비율 341% (3년 158%p↑) / 3년 순부채 +6억 vs EBITDA합 63억 / 현금/매출 2% / 현금 2년 연속 감소 / 영업적자 2/3년
69.4,52.6,62.8,(주)유진기전,00929750,,false,도소매,도매·상품중개,TIGHT(유동성형),336.4,0.073,28.1,0.084,295.6,10.5,2.936,0.376,2.7,30.4,0.673,0.388,182,508,measured_cashbridge,2025,audit,27.2,178.7,,,-151.5,298.3,174.9,121.3,163.6,-15.1,0.045,op+dep,부실·리파이낸싱,부실·리파이낸싱(positive): 레버리지 부담은 크나 매출 회복 + 마진 반등 — 시황 저점 진입 가능성 | 성장자금형(positive): 매출 CAGR 7% + 마진 유지 · capex/매출 53.1%,0.008,company_history,,,,,순부채/EBITDA 10.5x / 부채비율 294% (3년 65%p↑) / 3년 순부채 +30억 vs EBITDA합 45억 / 유동비율 38% / 현금/매출 1%
69.4,49.5,68.4,(주)우리에프엔비,01292556,,false,제조업,식료품 제조,WC_BURN(운전자본형),484.1,0.066,51.3,0.106,166.4,3.2,1.923,0.567,27.2,137.1,1.412,3.002,0,1,measured_cashbridge,2025,audit,39.3,34.7,,,4.6,193.6,98.2,-3.6,33.7,1.9,0.0039,op+dep,부실·리파이낸싱,부실·리파이낸싱(positive): 레버리지 부담은 크나 매출 회복 + 마진 반등 — 시황 저점 진입 가능성 | 성장자금형(positive): 매출 CAGR 7% + 마진 유지 · capex/매출 7.2%,0.02,company_history,,UNLISTED_BLIND,,,순부채/EBITDA 3.2x / 3년 순부채 +137억 vs EBITDA합 97억 / 매출 1원 성장에 순부채 3.00원 / 유동비율 57%
69.3,69.2,32.5,코아스,01744420,,false,제조업,자동차·트레일러,DISTRESS(구조조정형),779.5,-0.111,-42.6,-0.055,178.6,,33.006,0.58,218.5,-39.6,0,,0,,netdebt_inferred,,,,,,,,,,,,,,,부실·리파이낸싱,부실·리파이낸싱(negative): 구조적 악화 (영업적자 3/3년),0.02,company_history,50,,,,EBITDA 적자 -43억 / 부채비율 3301% (3년 2984%p↑) / EBITDA마진 1%→-5% / 유동비율 58% / 영업적자 3/3년
69.3,40.7,83.9,티에스아이,00938174,,false,도소매,도매·상품중개,GROWTH(성장자금형),2719.9,0.593,180.5,0.066,760,4.2,1.92,1.392,131.2,378.2,1.36,0.185,135,,netdebt_inferred,,,,,,,,,,,,,,,부실·리파이낸싱,부실·리파이낸싱(positive): 레버리지 부담은 크나 매출 회복 + 마진 반등 — 시황 저점 진입 가능성 | 성장자금형(positive): 매출 CAGR 59% + 마진 유지,0.048,company_history,,,,,순부채/EBITDA 4.2x / 3년 순부채 +378억 vs EBITDA합 278억 / 현금/매출 5% / 현금 2년 연속 감소
69.3,59.7,49.7,농업회사법인에이플러스(주),01638077,,false,제조업,식료품 제조,REFI(롤오버형),611.6,0.063,8.2,0.013,84.1,10.3,3.182,1.325,3.5,27.3,1.025,0.266,9,,netdebt_inferred,,,,,,,,,,,,,,,부실·리파이낸싱,부실·리파이낸싱(neutral): 레버리지·유동성 부담 — 구조적/일시적 판단 보류 | 성장자금형(positive): 매출 CAGR 6% + 마진 유지,0.02,company_history,,,,,순부채/EBITDA 10.3x / 부채비율 318% / 3년 순부채 +27억 vs EBITDA합 27억 / 현금/매출 1% / 현금 2년 연속 감소
69.3,56.2,55.9,(주)흥아,00189112,,false,제조업,고무·플라스틱제품,REFI(롤오버형),3822.5,-0.102,214.7,0.056,1629,7.6,1.953,0.843,328.8,197.7,0.765,,0,104,measured_cashbridge,2025,audit,116.9,58.8,0,,51.4,1957.7,1464.7,-38.7,22.7,55.4,0.0145,op+dep,부실·리파이낸싱,부실·리파이낸싱(negative): 구조적 악화 (영업적자 0/3년),0.03,company_history,,,,,순부채/EBITDA 7.6x / 3년 순부채 +198억 vs EBITDA합 258억 / 유동비율 84%
69.3,50.6,66.2,마리오쇼핑(주),00219954,,false,제조업,의복·모피 제조,REFI(롤오버형),403.9,0.022,91,0.225,1269.6,14,1.466,0.152,141.7,389.2,1.191,6.329,0,187,measured_cashbridge,2025,audit,50.6,14,,,36.6,1411.3,1405.4,-8.8,39.4,2.4,0.006,op+dep,부실·리파이낸싱,부실·리파이낸싱(neutral): 레버리지·유동성 부담 — 구조적/일시적 판단 보류,0.02,company_history,,UNLISTED_BLIND,,,순부채/EBITDA 14.0x / EBITDA마진 28%→23% / 3년 순부채 +389억 vs EBITDA합 327억 / 매출 1원 성장에 순부채 6.33원 / 유동비율 15%
69.3,59.4,50.2,(주)세이브존,00255804,,false,도소매,소매(자동차 제외),REFI(롤오버형),1547.4,-0.05,57.5,0.037,713.9,12.4,0.384,0.94,276.7,75.9,1.067,,0,0,measured_cashbridge,2025,audit,61.8,19.7,5,,42.2,990.7,944.5,-73.6,-44.8,33,0.0213,op+dep,부실·리파이낸싱,부실·리파이낸싱(negative): 구조적 악화 (영업적자 1/3년),0.076,company_history,,,,,순부채/EBITDA 12.4x / EBITDA마진 7%→4% / 3년 순부채 +76억 vs EBITDA합 71억 / 유동비율 94%
69.3,65.6,39,에스케이어드밴스드(주),01043844,,false,제조업,화학물질·화학제품,DISTRESS(구조조정형),6101,-0.057,,,936.5,,4.074,0.43,1322,3634.5,3,,271,3214,measured_cashbridge,2025,api,-1250.5,48.2,,,-1301,2258.5,1702.2,-1182.3,45.6,-486.4,0.0797,unavailable,부실·리파이낸싱,부실·리파이낸싱(negative): 구조적 악화 (영업적자 3/3년),0.02,company_history,13,IN_MOTION,2025-12-23,주요사항보고서(자본으로인정되는채무증권발행결정),"부채비율 407% (3년 310%p↑) / 3년 순부채 +3,634억 vs EBITDA합 -1,686억 / 유동비율 43% / 영업적자 3/3년 / 런웨이 13개월"
69.3,75.7,21,(주)헬리녹스,01108530,,false,제조업,섬유제품 제조,REFI(롤오버형),481.2,-0.151,8.2,0.017,637.5,77.7,0.851,0.713,28.3,375.3,2.157,,149,457,measured_cashbridge,2025,audit,-11,76.7,0,,-87.7,665.9,665.9,-35.6,-43.5,-3,0.0063,op+dep,부실·리파이낸싱,부실·리파이낸싱(negative): 구조적 악화 (영업적자 2/3년),0.047,company_history,31,UNLISTED_BLIND,,,순부채/EBITDA 77.7x / EBITDA마진 8%→2% / 3년 순부채 +375억 vs EBITDA합 174억 / 유동비율 71% / 현금 2년 연속 감소 / 영업적자 2/3년
69.3,40.7,83.9,고젠코리아(주),01304532,,false,제조업,식료품 제조,GROWTH(성장자금형),509.2,0.255,46.5,0.091,127.4,2.7,4.593,0.981,29.7,60.9,0.784,0.276,0,0,measured_cashbridge,2025,audit,24.6,6.3,10.6,,18.3,157,156.9,-7.4,17.2,0,0,op+dep,부실·리파이낸싱,부실·리파이낸싱(positive): 레버리지 부담은 크나 매출 회복 + 마진 반등 — 시황 저점 진입 가능성 | 성장자금형(positive): 매출 CAGR 25% + 마진 유지 · capex/매출 1.2%,0.02,company_history,,,,,부채비율 459% (3년 111%p↑) / 3년 순부채 +61억 vs EBITDA합 78억 / 유동비율 98%
69.3,47.9,71.1,성우파일,01366480,,false,제조업,비금속 광물제품,REFI(롤오버형),747,0.062,68.6,0.092,377,5.5,1.368,0.671,23.8,215.9,1.61,0.521,107,323,measured_cashbridge,2025,audit,68,154,,,-86,400.9,272,62.8,131.3,-0.6,0.0007,op+dep,부실·리파이낸싱,부실·리파이낸싱(neutral): 레버리지·유동성 부담 — 구조적/일시적 판단 보류 | 성장자금형(positive): 매출 CAGR 6% + 마진 유지 · capex/매출 20.6%,0.02,company_history,,UNLISTED_BLIND,,,순부채/EBITDA 5.5x / 3년 순부채 +216억 vs EBITDA합 134억 / 매출 1원 성장에 순부채 0.52원 / 유동비율 67% / 현금/매출 3%
69.3,83.5,6.7,(주)에스엔디유통,01529609,,false,숙박·음식,음식점·주점,DISTRESS(구조조정형),533.7,-0.084,-24.4,-0.046,268.3,,-40.078,0.05,0.1,100.7,3,,73,179,measured_cashbridge,2025,audit,-20.7,0.2,,,-20.9,268.4,268.4,21.1,0.4,0,0,op+dep,부실·리파이낸싱,부실·리파이낸싱(negative): 구조적 악화 (영업적자 3/3년 · 자본잠식),0.01,company_history,0,UNLISTED_BLIND,,,EBITDA 적자 -24억 / 자본잠식 / 3년 순부채 +101억 vs EBITDA합 -63억 / 유동비율 5% / 현금/매출 0% / 영업적자 3/3년 / 런웨이 0개월
69.2,71.4,28.2,신성해운(주),00209799,,false,운수·물류,수상 운송,REFI(롤오버형),860.2,-0.26,25.2,0.029,429.8,17.1,6.951,0.304,1.6,-142.6,-0.295,,0,0,measured_cashbridge,2025,audit,105,0,5.8,,105,431.5,136.3,-137.5,-18.4,-14.1,0.0164,op+dep,부실·리파이낸싱,부실·리파이낸싱(negative): 구조적 악화 (영업적자 1/3년),0.015,company_history,,,,,순부채/EBITDA 17.1x / 부채비율 695% (3년 252%p↑) / EBITDA마진 9%→3% / 유동비율 30% / 현금/매출 0%
69.2,63.8,42.1,(주)농협유통,00221171,,false,도소매,도매·상품중개,TIGHT(유동성형),13944.4,0.031,65.9,0.005,177.1,2.7,1.644,0.324,37.7,987.6,1.795,0.819,386,1019,measured_cashbridge,2025,audit,108.8,203,,,-320.9,214.7,,-21.8,429.3,-342.3,0.0246,op+dep,부실·리파이낸싱,부실·리파이낸싱(negative): 구조적 악화 (영업적자 2/3년),0.008,company_history,,UNLISTED_BLIND,,,3년 순부채 +988억 vs EBITDA합 550억 / 매출 1원 성장에 순부채 0.82원 / 유동비율 32% / 현금/매출 0% / 현금 2년 연속 감소 / 영업적자 2/3년
69.2,57.9,52.7,대보실업(주),00246648,,false,건설업,종합 건설,REFI(롤오버형),1014.6,0.033,12.3,0.012,104,8.5,0.324,1.058,11.1,46.9,1.06,0.586,18,,netdebt_inferred,2025,audit,-39.3,,,,,115.1,115.1,-9.5,-48.8,0,0,op+dep,부실·리파이낸싱,부실·리파이낸싱(neutral): 레버리지·유동성 부담 — 구조적/일시적 판단 보류,0.025,company_history,3,,,,순부채/EBITDA 8.5x / 3년 순부채 +47억 vs EBITDA합 44억 / 매출 1원 성장에 순부채 0.59원 / 유동비율 106% / 현금/매출 1% / 현금 2년 연속 감소 / 런웨이 3개월
69.2,60.4,47.9,(주)에이치앤디이,00187938,,false,도소매,도매·상품중개,REFI(롤오버형),1982.5,0,28.3,0.014,257.6,9.1,0.649,0.289,19.2,87.8,1.346,0.575,25,72,measured_cashbridge,2025,audit,19.5,13.4,7.8,,6.2,276.8,276.8,54.3,73.7,0.1,0.0001,op+dep,부실·리파이낸싱,부실·리파이낸싱(negative): 구조적 악화 (영업적자 0/3년),0.008,company_history,,,,,순부채/EBITDA 9.1x / 3년 순부채 +88억 vs EBITDA합 65억 / 매출 1원 성장에 순부채 0.58원 / 유동비율 29% / 현금/매출 1%
69.2,61.6,45.9,(주)유승건설,00246897,,false,건설업,종합 건설,WC_BURN(운전자본형),489.7,0.082,11.3,0.023,188.7,16.8,0.908,4.413,9.4,329.6,9.312,3.208,141,,netdebt_inferred,,,,,,,,,,,,,,,부실·리파이낸싱,부실·리파이낸싱(neutral): 레버리지·유동성 부담 — 구조적/일시적 판단 보류 | 성장자금형(positive): 매출 CAGR 8% + 마진 유지,0.025,company_history,109,,,,순부채/EBITDA 16.8x / 3년 순부채 +330억 vs EBITDA합 35억 / 매출 1원 성장에 순부채 3.21원 / 현금/매출 2% / 현금 2년 연속 감소
69.2,44,77.7,만도브로제(주),00916437,,false,제조업,자동차·트레일러,TIGHT(유동성형),2644.5,0.093,194.5,0.074,786.2,4,1.695,0.78,59.1,486.6,0.978,0.48,449,1342,measured_cashbridge,2025,audit,107.5,522.3,,,-414.8,845.3,449.7,33.1,522.2,-381.5,0.1443,op+dep,부실·리파이낸싱,부실·리파이낸싱(positive): 레버리지 부담은 크나 매출 회복 + 마진 반등 — 시황 저점 진입 가능성 | 성장자금형(positive): 매출 CAGR 9% + 마진 유지 · capex/매출 19.8%,0.02,company_history,,UNLISTED_BLIND,,,순부채/EBITDA 4.0x / 3년 순부채 +487억 vs EBITDA합 498억 / 유동비율 78% / 현금/매출 2%
69.2,57.6,53.1,(주)대우컴프레셔,01152179,,false,제조업,전기장비,REFI(롤오버형),458.6,0.006,38.7,0.084,289.8,7.5,1.766,0.778,1.8,56.1,0.696,7.02,42,89,measured_cashbridge,2025,audit,3.2,6,,,-2.8,291.6,208.6,3.9,7,0,0,op+dep,부실·리파이낸싱,부실·리파이낸싱(positive): 레버리지 부담은 크나 매출 회복 + 마진 반등 — 시황 저점 진입 가능성,0.02,company_history,,UNLISTED_BLIND,,,순부채/EBITDA 7.5x / 3년 순부채 +56억 vs EBITDA합 81억 / 매출 1원 성장에 순부채 7.02원 / 유동비율 78% / 현금/매출 0%
69.2,36.6,91,(주)일렉스,01226313,,false,제조업,고무·플라스틱제품,GROWTH(성장자금형),1428.4,0.171,152.2,0.107,259.6,1.7,3.81,0.954,56.4,214.7,1.209,0.319,0,0,measured_cashbridge,2025,audit,114.1,39.4,20.3,,74.7,316,221,-58.8,63.4,-8.1,0.0057,op+dep,부실·리파이낸싱,부실·리파이낸싱(positive): 레버리지 부담은 크나 매출 회복 + 마진 반등 — 시황 저점 진입 가능성 | 성장자금형(positive): 매출 CAGR 17% + 마진 유지 · capex/매출 2.8%,0.02,company_history,,UNLISTED_BLIND,,,부채비율 381% / 3년 순부채 +215억 vs EBITDA합 178억 / 유동비율 95% / 현금/매출 4%
69.2,44.5,76.8,프리닉스(주),01228931,,false,제조업,전자부품·컴퓨터·통신장비,WC_BURN(운전자본형),660.6,0.215,86.5,0.068,380.4,4.4,1.795,1.157,145.3,291,1.012,0.512,11,282,measured_cashbridge,2025,api,-2.8,80.2,,,-82.9,525.7,524.8,169.9,209.4,-42.3,0.064,unavailable,부실·리파이낸싱,부실·리파이낸싱(neutral): 레버리지·유동성 부담 — 구조적/일시적 판단 보류 | 성장자금형(negative): 매출 CAGR 22% 인데 EBITDA마진 5.9%p 훼손 — 기존사업 하락을 외형성장으로 마스킹하는지 확인 필요,0.032,company_history,623,,,,순부채/EBITDA 4.4x / EBITDA마진 13%→7% / 3년 순부채 +291억 vs EBITDA합 288억 / 매출 1원 성장에 순부채 0.51원 / 유동비율 116%
69.2,59.9,49.1,(주)아산마트,01261255,,false,도소매,도매·상품중개,REFI(롤오버형),433.5,-0.027,36.3,0.084,425.1,11.7,1.873,0.851,0.9,271.9,2.825,,7,7,measured_cashbridge,2025,audit,17.4,0.7,,,16.7,426,55.6,-12.1,4.4,0.9,0.0021,op+dep,부실·리파이낸싱,부실·리파이낸싱(negative): 구조적 악화 (영업적자 0/3년),0.008,company_history,,,,,순부채/EBITDA 11.7x / 3년 순부채 +272억 vs EBITDA합 96억 / 유동비율 85% / 현금/매출 0%
69.2,60.5,47.9,성신레미컨(주),01344488,,false,제조업,비금속 광물제품,DISTRESS(구조조정형),1165.2,-0.001,-10.9,-0.009,449,,1.276,0.359,0.1,40,0.235,0.269,112,290,measured_cashbridge,2025,audit,-31.8,8.8,,,-45.8,449.1,431.6,45.9,14.2,0,0,op+dep,부실·리파이낸싱,부실·리파이낸싱(negative): 구조적 악화 (영업적자 1/3년),0.02,company_history,0,,,,EBITDA 적자 -11억 / EBITDA마진 5%→-1% / 3년 순부채 +40억 vs EBITDA합 170억 / 유동비율 36% / 현금/매출 0% / 현금 2년 연속 감소 / 런웨이 0개월
69.2,56.5,55.2,영재산업(주),01555011,,false,제조업,자동차·트레일러,TIGHT(유동성형),443,0.215,9.1,0.021,90.3,9.9,7.809,0.116,0,-10.1,-0.343,-0.06,26,37,measured_cashbridge,2025,audit,3.6,1.1,,,2.5,90.3,90.3,0,0.6,3,0.0068,op+dep,부실·리파이낸싱,부실·리파이낸싱(neutral): 레버리지·유동성 부담 — 구조적/일시적 판단 보류,0.02,company_history,,,,,순부채/EBITDA 9.9x / 부채비율 781% / 유동비율 12% / 현금/매출 0% / 현금 2년 연속 감소
69.2,79.7,13.5,(주)와식자재몰,01843819,,false,도소매,소매(자동차 제외),DISTRESS(구조조정형),586.1,,31.4,0.054,447,14.2,-338.947,0.078,5.4,462.3,3,0.9,36,77,measured_cashbridge,2025,audit,16.7,1.7,,,15,452.4,452.4,-15.3,1.3,0,0,op+dep,부실·리파이낸싱,부실·리파이낸싱(negative): 구조적 악화 (영업적자 2/3년 · 자본잠식),0.009,company_history,,,,,순부채/EBITDA 14.2x / 자본잠식 / 3년 순부채 +462억 vs EBITDA합 -4억 / 매출 1원 성장에 순부채 0.90원 / 유동비율 8% / 현금/매출 1% / 현금 2년 연속 감소 / 영업적자 2/3년
69.2,83,7.5,(주)케이커머디티,01446272,,false,도소매,도매·상품중개,REFI(롤오버형),450.4,-0.043,1.4,0.003,24.4,17.8,-1.241,0.194,0.6,18.9,3.003,,6,,netdebt_inferred,,,,,,,,,,,,,,,부실·리파이낸싱,부실·리파이낸싱(negative): 구조적 악화 (영업적자 1/3년 · 자본잠식),0.008,company_history,29,,,,순부채/EBITDA 17.8x / 자본잠식 / 3년 순부채 +19억 vs EBITDA합 6억 / 유동비율 19% / 현금/매출 0% / 현금 2년 연속 감소
69.2,60.2,48.4,(주)덕양가스,01523650,,false,제조업,화학물질·화학제품,REFI(롤오버형),943.1,0.032,29.2,0.031,237,8.1,2.306,0.884,95,147.1,1.471,0.596,12,178,measured_cashbridge,2025,audit,33.4,99.1,4,,-65.7,332,149.3,145.2,101,77.6,0.0823,op+dep,부실·리파이낸싱,부실·리파이낸싱(neutral): 레버리지·유동성 부담 — 구조적/일시적 판단 보류,0.024,company_history,,UNLISTED_BLIND,,,순부채/EBITDA 8.1x / 부채비율 231% (3년 66%p↑) / 3년 순부채 +147억 vs EBITDA합 100억 / 매출 1원 성장에 순부채 0.60원 / 유동비율 88%
69.1,45.1,75.2,케이사인,00925550,,false,정보통신,출판업,WC_BURN(운전자본형),518.7,0.116,40.9,0.079,-44.3,-1.1,0.658,1.057,553.5,424.5,2.017,2.911,0,,netdebt_inferred,,,,,,,,,,,,,,,성장,성장자금형(negative): 매출 CAGR 12% 인데 EBITDA마진 12.3%p 훼손 — 기존사업 하락을 외형성장으로 마스킹하는지 확인 필요,0.1,company_history,,,,,EBITDA마진 20%→8% / 3년 순부채 +425억 vs EBITDA합 210억 / 매출 1원 성장에 순부채 2.91원 / 유동비율 106%
69.1,61.9,45,(주)켐필드인터내셔널,01633744,,false,도소매,도매·상품중개,REFI(롤오버형),565.6,,3.8,0.007,46.3,12.2,2.001,1.178,8.5,35.3,1.487,0.065,30,68,measured_cashbridge,2025,audit,-14.3,0,0,,-14.3,54.8,54.8,14,0,-0.3,0.0005,op+dep,부실·리파이낸싱,부실·리파이낸싱(neutral): 레버리지·유동성 부담 — 구조적/일시적 판단 보류,0.008,company_history,7,,,,순부채/EBITDA 12.2x / 부채비율 200% (3년 200%p↑) / 3년 순부채 +35억 vs EBITDA합 24억 / 유동비율 118% / 현금/매출 2% / 런웨이 7개월
69.1,62.9,43.1,대륜산업(주),00532518,,false,제조업,기타 기계·장비,REFI(롤오버형),327.5,0.002,17.3,0.053,215.6,12.5,1.877,0.906,29.9,114.9,1.593,1.99,54,183,measured_cashbridge,2025,audit,-1.2,50.8,,,-52.1,245.5,123.2,51,47.5,2.3,0.0069,op+dep,부실·리파이낸싱,부실·리파이낸싱(neutral): 레버리지·유동성 부담 — 구조적/일시적 판단 보류,0.02,company_history,299,,,,순부채/EBITDA 12.5x / 3년 순부채 +115억 vs EBITDA합 72억 / 매출 1원 성장에 순부채 1.99원 / 유동비율 91%
69.1,45.3,75,(주)루트제이드,00579713,,false,제조업,전기장비,DISTRESS(구조조정형),453.3,0.512,68.5,0.151,137.3,2,0.755,0.88,9,139.3,3,1.094,66,176,measured_cashbridge,2025,audit,-30.6,10.2,,,-40.8,146.3,143,71.7,161.6,-120.5,0.2659,op+dep,부실·리파이낸싱,부실·리파이낸싱(negative): 구조적 악화 (영업적자 2/3년) | 성장자금형(positive): 매출 CAGR 51% + 마진 유지 · capex/매출 2.3%,0.02,company_history,4,UNLISTED_BLIND,,,3년 순부채 +139억 vs EBITDA합 -15억 / 매출 1원 성장에 순부채 1.09원 / 유동비율 88% / 현금/매출 2% / 영업적자 2/3년 / 런웨이 4개월
69.1,62.2,44.6,(주)농경,00605513,,false,제조업,화학물질·화학제품,REFI(롤오버형),324,0.012,17.1,0.053,148.7,8.7,1.146,1.161,4.4,112.1,1.863,9.383,0,0,measured_cashbridge,2025,audit,100.1,37.7,,,62.4,153.1,99.1,-57.1,43,0,0,op+dep,부실·리파이낸싱,부실·리파이낸싱(positive): 레버리지 부담은 크나 매출 회복 + 마진 반등 — 시황 저점 진입 가능성,0.02,company_history,,UNLISTED_BLIND,,,순부채/EBITDA 8.7x / 3년 순부채 +112억 vs EBITDA합 60억 / 매출 1원 성장에 순부채 9.38원 / 유동비율 116% / 현금/매출 1% / 현금 2년 연속 감소
69.1,60.4,47.8,(주)진로우성물산,00873664,,false,도소매,소매(자동차 제외),REFI(롤오버형),609.4,-0.001,27.6,0.045,299.5,10.9,1.146,1.21,5,137,1.823,,45,,netdebt_inferred,,,,,,,,,,,,,,,부실·리파이낸싱,부실·리파이낸싱(negative): 구조적 악화 (영업적자 0/3년),0.008,company_history,,,,,순부채/EBITDA 10.9x / 3년 순부채 +137억 vs EBITDA합 75억 / 현금/매출 1%
69.1,53.6,60,태형물산(주),00893516,,false,제조업,펄프·종이 제조,REFI(롤오버형),484.2,-0.068,61,0.126,356.4,5.8,2.514,0.463,1,131.7,0.613,0.637,57,138,measured_cashbridge,2025,audit,42.3,46,,,-3.7,357.3,331.9,9.4,51.5,0.2,0.0004,op+dep,부실·리파이낸싱,부실·리파이낸싱(negative): 구조적 악화 (영업적자 1/3년),0.02,company_history,,UNLISTED_BLIND,,,순부채/EBITDA 5.8x / 부채비율 251% (3년 64%p↑) / 3년 순부채 +132억 vs EBITDA합 215억 / 매출 1원 성장에 순부채 0.64원 / 유동비율 46% / 현금/매출 0% / 현금 2년 연속 감소
69.1,61.8,45,네파(주),00932930,,false,제조업,의복·모피 제조,DISTRESS(구조조정형),2887.6,-0.043,-16.1,-0.006,1982.3,,5.753,1.682,295.1,-587.7,-0.702,,23,502,measured_cashbridge,2025,audit,-43.1,92.5,,,-219.3,2277.4,203.3,189.1,127.5,18.5,0.0064,op+dep,부실·리파이낸싱,부실·리파이낸싱(negative): 구조적 악화 (영업적자 2/3년),0.027,company_history,82,UNLISTED_BLIND,,,EBITDA 적자 -16억 / 부채비율 575% (3년 378%p↑) / EBITDA마진 9%→-1% / 영업적자 2/3년
69.1,47.9,70,(주)골드앤드실버,01085752,,false,제조업,기타 제품 제조,TIGHT(유동성형),2419.4,0.255,42,0.017,153.1,3.6,1.786,0.731,5.5,76.6,1.321,0.217,80,156,measured_cashbridge,2025,audit,-21.6,2.5,1.5,,-24,158.6,119.6,35.7,12.4,1.8,0.0007,op+dep,부실·리파이낸싱,부실·리파이낸싱(positive): 레버리지 부담은 크나 매출 회복 + 마진 반등 — 시황 저점 진입 가능성 | 성장자금형(positive): 매출 CAGR 26% + 마진 유지 · capex/매출 0.1%,0.02,company_history,3,,,,순부채/EBITDA 3.6x / 3년 순부채 +77억 vs EBITDA합 58억 / 유동비율 73% / 현금/매출 0% / 런웨이 3개월
69.1,82.3,8.3,에이치디씨신라면세점(주),01095476,,false,도소매,소매(자동차 제외),DISTRESS(구조조정형),6019,-0.152,195.8,0.033,1223.2,6.2,16.334,0.682,73.2,304.7,3,,0,0,measured_cashbridge,2025,audit,202,16.4,,,185.6,1296.4,690.8,-173.2,6,456.5,0.0758,op+dep,부실·리파이낸싱,부실·리파이낸싱(negative): 구조적 악화 (영업적자 3/3년),0.009,company_history,,RECENTLY_FUNDED,2026-04-17,유상증자결정,순부채/EBITDA 6.2x / 부채비율 1633% (3년 1165%p↑) / 3년 순부채 +305억 vs EBITDA합 -268억 / 유동비율 68% / 현금/매출 1% / 영업적자 3/3년
69.1,65.9,37.9,(주)한국생활건강,01294040,,false,제조업,식료품 제조,REFI(롤오버형),314.5,-0.229,36.8,0.117,715.8,19.5,1.475,0.469,5.3,162.5,3,,87,233,measured_cashbridge,2025,audit,-7.2,0.6,,,-7.8,721.1,649.1,-8.8,-16,0,0,op+dep,부실·리파이낸싱,부실·리파이낸싱(negative): 구조적 악화 (영업적자 1/3년),0.02,company_history,9,,,,순부채/EBITDA 19.5x / 3년 순부채 +163억 vs EBITDA합 -45억 / 유동비율 47% / 현금/매출 2% / 현금 2년 연속 감소 / 런웨이 9개월
69.1,66,37.5,(주)유니앤모터스,01870132,,false,도소매,자동차·부품 판매,REFI(롤오버형),304.9,,3.4,0.011,55.2,16.2,27.528,1.54,1.9,55.2,7.693,0.181,18,,netdebt_inferred,,,,,,,,,,,,,,,부실·리파이낸싱,부실·리파이낸싱(neutral): 레버리지·유동성 부담 — 구조적/일시적 판단 보류,0.015,industry_band,73,,,,순부채/EBITDA 16.2x / 부채비율 2753% (3년 2753%p↑) / 3년 순부채 +55억 vs EBITDA합 7억 / 현금/매출 1%
69,65,39.1,(주)룸코리아,01641275,,false,도소매,도매·상품중개,REFI(롤오버형),957.1,-0.015,21.7,0.023,148.3,6.8,1.925,0.749,20.5,100.5,1.994,1.089,23,69,measured_cashbridge,2025,audit,-8.8,0.8,,,-9.5,168.7,168.7,15.2,2.6,3.9,0.004,op+dep,부실·리파이낸싱,부실·리파이낸싱(negative): 구조적 악화 (영업적자 0/3년),0.008,company_history,28,,,,순부채/EBITDA 6.8x / 3년 순부채 +101억 vs EBITDA합 50억 / 매출 1원 성장에 순부채 1.09원 / 유동비율 75% / 현금/매출 2%
69,79.5,12.8,(주)태성상사,01673733,,false,도소매,도매·상품중개,DISTRESS(구조조정형),1024.6,,-59.6,-0.058,101.5,,-4.082,0.391,8,101.5,3,0.099,45,,netdebt_inferred,,,,,,,,,,,,,,,부실·리파이낸싱,부실·리파이낸싱(negative): 구조적 악화 (영업적자 2/3년 · 자본잠식),0.008,company_history,1,,,,EBITDA 적자 -60억 / 자본잠식 / EBITDA마진 0%→-6% / 3년 순부채 +101억 vs EBITDA합 -61억 / 유동비율 39% / 현금/매출 1% / 영업적자 2/3년 / 런웨이 1개월
69,62.6,43.5,(주)을지공조시스템,01649879,,false,도소매,도매·상품중개,REFI(롤오버형),739.1,0.003,21.3,0.029,152.3,7.2,1.626,1.396,29,100.5,1.613,1.161,2,24,measured_cashbridge,2025,audit,-3.2,0.3,0.2,,-3.5,181.3,92.2,3.8,2.8,-2.2,0.003,op+dep,부실·리파이낸싱,부실·리파이낸싱(positive): 레버리지 부담은 크나 매출 회복 + 마진 반등 — 시황 저점 진입 가능성,0.008,company_history,109,,,,순부채/EBITDA 7.2x / 3년 순부채 +101억 vs EBITDA합 62억 / 매출 1원 성장에 순부채 1.16원 / 현금/매출 4% / 현금 2년 연속 감소
69,55.3,56.4,정안철강(주),00371245,,false,제조업,금속가공제품,REFI(롤오버형),2270.7,0.012,96.2,0.042,998,10.4,2.037,1.167,69.4,244.8,0.853,3.103,58,,netdebt_inferred,,,,,,,,,,,,,,,부실·리파이낸싱,부실·리파이낸싱(neutral): 레버리지·유동성 부담 — 구조적/일시적 판단 보류,0.02,company_history,,,,,순부채/EBITDA 10.4x / 부채비율 204% / 3년 순부채 +245억 vs EBITDA합 287억 / 매출 1원 성장에 순부채 3.10원 / 유동비율 117% / 현금/매출 3%
69,33.9,95,(주)서한사,00131522,,false,숙박·음식,숙박업,GROWTH(성장자금형),1450.6,0.319,281,0.194,890,3.2,1.195,0.898,274.9,395.3,3.115,0.787,0,0,measured_cashbridge,2025,audit,292.7,97.1,0,,195.6,1165,324.2,-354.1,-89.4,28,0.0193,op+dep,부실·리파이낸싱,부실·리파이낸싱(positive): 레버리지 부담은 크나 매출 회복 + 마진 반등 — 시황 저점 진입 가능성 | 성장자금형(positive): 매출 CAGR 32% + 마진 유지 · capex/매출 6.7%,0.013,company_history,,UNLISTED_BLIND,,,순부채/EBITDA 3.2x / 3년 순부채 +395억 vs EBITDA합 127억 / 매출 1원 성장에 순부채 0.79원 / 유동비율 90%
69,45.5,74.1,태림산업(주),01101412,,false,건설업,종합 건설,GROWTH(성장자금형),477.3,0.182,39.9,0.084,382.6,9.6,1.9,1.107,32.9,86.3,0.759,0.459,17,,netdebt_inferred,,,,,,,,,,,,,,,부실·리파이낸싱,부실·리파이낸싱(neutral): 레버리지·유동성 부담 — 구조적/일시적 판단 보류 | 성장자금형(positive): 매출 CAGR 18% + 마진 유지,0.025,company_history,,,,,순부채/EBITDA 9.6x / 3년 순부채 +86억 vs EBITDA합 114억 / 유동비율 111%
69,50,65.9,(주)프론텍,00530936,,false,제조업,전기장비,TIGHT(유동성형),555.6,0.107,29.1,0.052,253.2,8.7,2.028,0.493,1.2,41.2,0.596,0.281,14,,netdebt_inferred,,,,,,,,,,,,,,,부실·리파이낸싱,부실·리파이낸싱(neutral): 레버리지·유동성 부담 — 구조적/일시적 판단 보류 | 성장자금형(positive): 매출 CAGR 11% + 마진 유지,0.02,company_history,,,,,순부채/EBITDA 8.7x / 부채비율 203% / 3년 순부채 +41억 vs EBITDA합 69억 / 유동비율 49% / 현금/매출 0%
69,66.7,36.1,(주)대한강재,00256681,,false,도소매,도매·상품중개,REFI(롤오버형),581.2,-0.11,18.6,0.032,151.5,8.2,1.258,1.066,3.4,29.1,2.657,,8,,netdebt_inferred,,,,,,,,,,,,,,,부실·리파이낸싱,부실·리파이낸싱(negative): 구조적 악화 (영업적자 1/3년),0.008,company_history,,,,,순부채/EBITDA 8.2x / 3년 순부채 +29억 vs EBITDA합 11억 / 유동비율 107% / 현금/매출 1% / 현금 2년 연속 감소
69,63.5,41.5,(주)동양엘앤피,00973098,,false,제조업,펄프·종이 제조,REFI(롤오버형),546.1,-0.123,18.1,0.033,192,10.6,2.219,0.508,35,48.2,0.266,,0,0,measured_cashbridge,2025,audit,55.2,11.3,,,43.9,227,225.1,-65.8,-10.6,0,0,op+dep,부실·리파이낸싱,부실·리파이낸싱(negative): 구조적 악화 (영업적자 2/3년),0.02,company_history,,UNLISTED_BLIND,,,순부채/EBITDA 10.6x / 부채비율 222% / EBITDA마진 8%→3% / 3년 순부채 +48억 vs EBITDA합 181억 / 유동비율 51% / 영업적자 2/3년
69,74.2,22.5,(주)우성종합건설,01146567,,false,건설업,종합 건설,DISTRESS(구조조정형),699.4,-0.067,-71.6,-0.102,1587.2,,3.526,1.458,143.2,496.6,3,,72,,netdebt_inferred,,,,,,,,,,,,,,,부실·리파이낸싱,부실·리파이낸싱(negative): 구조적 악화 (영업적자 3/3년),0.081,company_history,11,,,,EBITDA 적자 -72억 / 부채비율 353% (3년 226%p↑) / 3년 순부채 +497억 vs EBITDA합 -418억 / 영업적자 3/3년 / 런웨이 11개월
69,61.8,44.7,(주)디에이치정공,01139521,,false,제조업,전기장비,REFI(롤오버형),325.4,-0.037,22.5,0.069,215.7,9.6,2.615,0.563,30.7,171,2.011,1.573,0,5,measured_cashbridge,2025,audit,17.4,3.1,,,14.3,246.4,187.8,-18.7,-1.3,0,0,op+dep,부실·리파이낸싱,부실·리파이낸싱(negative): 구조적 악화 (영업적자 0/3년),0.02,company_history,,UNLISTED_BLIND,,,순부채/EBITDA 9.6x / 부채비율 262% / 3년 순부채 +171억 vs EBITDA합 85억 / 매출 1원 성장에 순부채 1.57원 / 유동비율 56%
69,75.9,19.3,에어로케이항공(주),01298550,,false,운수·물류,창고·운송관련 서비스,DISTRESS(구조조정형),2136.6,1.183,-378.3,-0.177,538.8,,40.582,0.84,611.5,857.1,3,0.625,0,208,measured_cashbridge,2025,audit,30.8,15.6,,,-235.9,1150.4,306.5,-407.9,738.4,415.4,0.1944,op+dep,부실·리파이낸싱,부실·리파이낸싱(negative): 구조적 악화 (영업적자 3/3년) | 성장자금형(positive): 매출 CAGR 118% + 마진 유지 · capex/매출 0.7%,0.015,company_history,,,,,EBITDA 적자 -378억 / 부채비율 4058% (3년 4250%p↑) / 3년 순부채 +857억 vs EBITDA합 -453억 / 매출 1원 성장에 순부채 0.62원 / 유동비율 84% / 영업적자 3/3년
68.9,64.6,39.4,(주)드림메탈,01663879,,false,전기·가스·환경,폐기물 처리·자원재생,TIGHT(유동성형),442.5,,11.7,0.027,44.4,3.8,8.041,0.823,0.6,49.4,1.634,0.074,24,32,measured_cashbridge,2025,audit,7.7,7.7,,,0,45.1,43.1,6.2,7.7,6.2,0.014,op+dep,부실·리파이낸싱,부실·리파이낸싱(neutral): 레버리지·유동성 부담 — 구조적/일시적 판단 보류,0.015,company_history,,UNLISTED_BLIND,,,순부채/EBITDA 3.8x / 부채비율 804% (3년 804%p↑) / 3년 순부채 +49억 vs EBITDA합 30억 / 유동비율 82% / 현금/매출 0% / 현금 2년 연속 감소
68.9,64.6,39.5,금성농산영농조합법인,01664896,,false,도소매,도매·상품중개,REFI(롤오버형),363.3,,9.7,0.027,55.2,5.7,3.711,0.723,9.9,55.2,2.435,0.152,16,,netdebt_inferred,,,,,,,,,,,,,,,부실·리파이낸싱,부실·리파이낸싱(neutral): 레버리지·유동성 부담 — 구조적/일시적 판단 보류,0.008,company_history,,,,,순부채/EBITDA 5.7x / 부채비율 371% (3년 371%p↑) / 3년 순부채 +55억 vs EBITDA합 23억 / 유동비율 72% / 현금/매출 3%
68.9,30.9,100,(주)세라젬,00372916,,false,제조업,의료·정밀·광학기기,WC_BURN(운전자본형),5497.9,0.249,784.6,0.143,-1213.5,-1.5,1.415,1.57,1485.6,4046.3,1.387,1.423,0,0,measured_cashbridge,2025,audit,819,395.1,89.8,,174.3,272.1,188.2,819.8,599.6,1039.2,0.189,op+dep,성장,성장자금형(negative): 매출 CAGR 25% 인데 EBITDA마진 2.6%p 훼손 — 기존사업 하락을 외형성장으로 마스킹하는지 확인 필요,0.1,company_history,,UNLISTED_BLIND,,,"EBITDA마진 14%→14% / 3년 순부채 +4,046억 vs EBITDA합 2,917억 / 매출 1원 성장에 순부채 1.42원"
68.9,61.2,45.6,제이자원(주),00665241,,false,도소매,도매·상품중개,REFI(롤오버형),1507.1,-0.047,33.1,0.022,157.6,4.8,1.2,0.903,0.4,77.9,6.372,,25,38,measured_cashbridge,2025,audit,17.7,12.4,,,5.3,158,131.5,-15.9,1.8,0,0,op+dep,부실·리파이낸싱,부실·리파이낸싱(negative): 구조적 악화 (영업적자 2/3년),0.008,company_history,,UNLISTED_BLIND,,,순부채/EBITDA 4.8x / 3년 순부채 +78억 vs EBITDA합 12억 / 유동비율 90% / 현금/매출 0% / 영업적자 2/3년
68.9,57.7,51.6,(주)한강이앰피,00926948,,false,전기·가스·환경,폐기물 처리·자원재생,REFI(롤오버형),734.1,0.031,30.9,0.042,387.5,12.5,1.178,0.711,39.5,106.3,0.562,1.123,42,163,measured_cashbridge,2025,audit,14.7,46.5,,,-31.8,427,291.1,23.1,37.4,0.5,0.0007,op+dep,부실·리파이낸싱,부실·리파이낸싱(neutral): 레버리지·유동성 부담 — 구조적/일시적 판단 보류,0.029,company_history,,,,,순부채/EBITDA 12.5x / EBITDA마진 9%→4% / 3년 순부채 +106억 vs EBITDA합 189억 / 매출 1원 성장에 순부채 1.12원 / 유동비율 71%
68.9,34.4,93.6,(주)이미인,00976749,,false,제조업,화학물질·화학제품,GROWTH(성장자금형),1482.8,0.296,146.3,0.099,-164.7,-1.1,4.729,0.806,271.8,163.2,0.677,0.267,0,0,measured_cashbridge,2025,audit,172.4,98.9,,,62.3,107.1,,-56.3,114.1,2.1,0.0014,op+dep,부실·리파이낸싱,부실·리파이낸싱(positive): 레버리지 부담은 크나 매출 회복 + 마진 반등 — 시황 저점 진입 가능성 | 성장자금형(positive): 매출 CAGR 30% + 마진 유지 · capex/매출 6.7%,0.085,company_history,,,,,부채비율 473% (3년 441%p↑) / 3년 순부채 +163억 vs EBITDA합 241억 / 유동비율 81%
68.9,64.1,40.4,(주)케이프라이드,01072891,,false,제조업,식료품 제조,REFI(롤오버형),438.3,-0.074,24,0.055,135.4,5.6,2.51,1.018,20.6,52.4,3.39,,2,7,measured_cashbridge,2025,audit,7.8,3.4,,,4.5,156,64,-5.2,2.6,0,0,op+dep,부실·리파이낸싱,부실·리파이낸싱(negative): 구조적 악화 (영업적자 1/3년),0.02,company_history,,UNLISTED_BLIND,,,순부채/EBITDA 5.6x / 부채비율 251% / 3년 순부채 +52억 vs EBITDA합 15억 / 유동비율 102% / 현금/매출 5% / 현금 2년 연속 감소
68.9,35.2,92.1,(주)한국아이티에스,01292060,,false,도소매,도매·상품중개,WC_BURN(운전자본형),529.9,0.233,62.8,0.119,110.3,1.8,0.837,0.943,168,293,2.292,7.046,0,33,measured_cashbridge,2025,audit,-26.1,1,,,-27.1,278.4,278.4,-50.3,4.5,-0.4,0.0007,op+dep,부실·리파이낸싱,부실·리파이낸싱(neutral): 레버리지·유동성 부담 — 구조적/일시적 판단 보류 | 성장자금형(positive): 매출 CAGR 23% + 마진 유지 · capex/매출 0.2%,0.1,company_history,77,UNLISTED_BLIND,,,3년 순부채 +293억 vs EBITDA합 128억 / 매출 1원 성장에 순부채 7.05원 / 유동비율 94%
68.9,53,60,(주)모전기공,01307247,,false,제조업,자동차·트레일러,REFI(롤오버형),300.6,-0.026,37.3,0.124,306.1,8.2,2.038,0.523,8.7,51.1,0.482,,140,398,measured_cashbridge,2025,audit,39.8,145.6,,,-105.8,314.8,221.9,111.7,144.6,6.9,0.0231,op+dep,부실·리파이낸싱,부실·리파이낸싱(negative): 구조적 악화 (영업적자 0/3년),0.02,company_history,,,,,순부채/EBITDA 8.2x / 부채비율 204% / 3년 순부채 +51억 vs EBITDA합 106억 / 유동비율 52% / 현금/매출 3% / 현금 2년 연속 감소
68.9,79.4,12.8,에어로케이홀딩스(주),01298435,,false,운수·물류,창고·운송관련 서비스,DISTRESS(구조조정형),1422.4,,-186.2,-0.131,989.4,,-2.61,0.118,31,989.4,3,0.696,584,,netdebt_inferred,,,,,,,,,,,,,,,부실·리파이낸싱,부실·리파이낸싱(negative): 구조적 악화 (영업적자 2/3년 · 자본잠식),0.03,industry_band,2,,,,EBITDA 적자 -186억 / 자본잠식 / 3년 순부채 +989억 vs EBITDA합 -347억 / 매출 1원 성장에 순부채 0.70원 / 유동비율 12% / 현금/매출 2% / 영업적자 2/3년 / 런웨이 2개월
68.9,44.5,75.5,쿠팡풀필먼트서비스유한회사,01474789,,false,운수·물류,창고·운송관련 서비스,GROWTH(성장자금형),55462.9,0.4,6006.7,0.108,15980.1,2.7,5.318,0.863,1465.9,9433.5,1.587,0.351,0,0,measured_cashbridge,2025,audit,5030.7,2079.2,,,-132.4,17446,3658,6345.4,5467.5,5908.6,0.1065,op+dep,부실·리파이낸싱,부실·리파이낸싱(positive): 레버리지 부담은 크나 매출 회복 + 마진 반등 — 시황 저점 진입 가능성 | 성장자금형(positive): 매출 CAGR 40% + 마진 유지 · capex/매출 3.7%,0.015,company_history,,,,,"부채비율 532% / 3년 순부채 +9,434억 vs EBITDA합 5,946억 / 유동비율 86% / 현금/매출 3%"
68.9,62.9,42.2,(주)세종전선,01460139,,false,제조업,전기장비,DISTRESS(구조조정형),663.7,0.08,0.4,0.001,79.6,199,13.443,0.609,0.4,-0.2,0,-0.001,29,47,measured_cashbridge,2025,audit,2.3,3.3,,,-1.1,80,80,-0.2,2.3,-0.1,0.0002,op+dep,부실·리파이낸싱,부실·리파이낸싱(negative): 구조적 악화 (영업적자 2/3년),0.02,company_history,,,,,순부채/EBITDA 199.0x / 부채비율 1344% (3년 1045%p↑) / 유동비율 61% / 현금/매출 0% / 영업적자 2/3년
68.9,53.9,58.6,(주)에이치제이테크,01777367,,false,제조업,기타 기계·장비,REFI(롤오버형),301.3,0,31.7,0.105,194.6,6.1,2.229,0.481,18.5,195.5,3.108,0.632,20,58,measured_cashbridge,2025,audit,12.2,12.8,,,-0.6,213.2,181.6,-0.9,11.4,0,0,op+dep,부실·리파이낸싱,부실·리파이낸싱(neutral): 레버리지·유동성 부담 — 구조적/일시적 판단 보류,0.02,company_history,,UNLISTED_BLIND,,,순부채/EBITDA 6.1x / 부채비율 223% (3년 65%p↑) / 3년 순부채 +196억 vs EBITDA합 63억 / 매출 1원 성장에 순부채 0.63원 / 유동비율 48%
68.9,58.8,49.8,(주)마당쇠유통,01753002,,false,도소매,도매·상품중개,REFI(롤오버형),631.9,0.064,7.7,0.012,45.7,5.9,1.72,0.806,1.5,39.3,1.537,0.062,45,98,measured_cashbridge,2025,audit,0.1,22.8,,,-22.7,47.2,47.2,6.5,6.6,0,0,op+dep,부실·리파이낸싱,부실·리파이낸싱(neutral): 레버리지·유동성 부담 — 구조적/일시적 판단 보류 | 성장자금형(positive): 매출 CAGR 6% + 마진 유지 · capex/매출 3.6%,0.008,company_history,,,,,순부채/EBITDA 5.9x / 3년 순부채 +39억 vs EBITDA합 26억 / 유동비율 81% / 현금/매출 0% / 현금 2년 연속 감소
68.9,57.6,52.1,(주)정우금속산업,01507458,,false,도소매,도매·상품중개,REFI(롤오버형),1346.3,0.028,14.4,0.011,152,10.6,3.221,0.95,23,43.1,1.073,0.286,49,152,measured_cashbridge,2025,audit,-36.6,1.2,,,-37.8,175,175,50.3,14.3,-0.6,0.0005,op+dep,부실·리파이낸싱,부실·리파이낸싱(neutral): 레버리지·유동성 부담 — 구조적/일시적 판단 보류,0.008,company_history,8,,,,순부채/EBITDA 10.6x / 부채비율 322% / 3년 순부채 +43억 vs EBITDA합 40억 / 유동비율 95% / 현금/매출 2% / 런웨이 8개월
68.8,79.6,12,(주)피플카,01615915,,false,정보통신,정보서비스,DISTRESS(구조조정형),306.4,0.381,-24.5,-0.08,319.2,,-1.178,0.117,24.4,481.2,3,1.541,80,249,measured_cashbridge,2025,audit,-1.2,0.4,,,-50.2,343.6,343.6,27.5,26.3,0,0,op+dep,부실·리파이낸싱,부실·리파이낸싱(negative): 구조적 악화 (영업적자 3/3년 · 자본잠식) | 성장자금형(positive): 매출 CAGR 38% + 마진 유지 · capex/매출 0.1%,0.025,company_history,244,,,,EBITDA 적자 -24억 / 자본잠식 / 3년 순부채 +481억 vs EBITDA합 -115억 / 매출 1원 성장에 순부채 1.54원 / 유동비율 12% / 영업적자 3/3년
68.8,59.9,47.3,(주)우미종합건설,00368393,,false,건설업,종합 건설,REFI(롤오버형),585.5,-0.182,119,0.203,2184.3,18.4,3.612,14.626,32.7,2169.2,5.69,,745,,netdebt_inferred,,,,,,,,,,,,,,,부실·리파이낸싱,부실·리파이낸싱(negative): 구조적 악화 (영업적자 0/3년),0.036,company_history,16,,,,"순부채/EBITDA 18.4x / 부채비율 361% (3년 323%p↑) / 3년 순부채 +2,169억 vs EBITDA합 381억 / 런웨이 16개월"
68.8,64.3,39.5,동양가스산업(주),00491770,,false,도소매,소매(자동차 제외),REFI(롤오버형),608.9,-0.068,16.3,0.027,250.5,15.4,1.443,0.669,4.5,53.7,1.15,,21,,netdebt_inferred,,,,,,,,,,,,,,,부실·리파이낸싱,부실·리파이낸싱(negative): 구조적 악화 (영업적자 0/3년),0.008,company_history,325,,,,순부채/EBITDA 15.4x / 3년 순부채 +54억 vs EBITDA합 47억 / 유동비율 67% / 현금/매출 1%
68.8,65.3,37.5,한국광유(주),00550268,,false,도소매,도매·상품중개,REFI(롤오버형),842.6,-0.147,14.3,0.017,323.8,22.6,1.018,0.206,11.3,118.1,2.928,,69,190,measured_cashbridge,2025,audit,-22.3,14.3,,,-36.6,335.1,297.9,33.3,10.4,0.6,0.0007,op+dep,부실·리파이낸싱,부실·리파이낸싱(negative): 구조적 악화 (영업적자 1/3년),0.008,company_history,6,,,,순부채/EBITDA 22.6x / 3년 순부채 +118억 vs EBITDA합 40억 / 유동비율 21% / 현금/매출 1% / 런웨이 6개월
68.8,46.6,71.2,코스모이엔지(주),00262637,,false,정보통신,정보서비스,GROWTH(성장자금형),330.9,0.211,24.5,0.074,167,6.8,2.588,0.721,7.8,28.8,0.49,0.199,8,,netdebt_inferred,,,,,,,,,,,,,,,부실·리파이낸싱,부실·리파이낸싱(positive): 레버리지 부담은 크나 매출 회복 + 마진 반등 — 시황 저점 진입 가능성 | 성장자금형(positive): 매출 CAGR 21% + 마진 유지,0.025,company_history,,,,,순부채/EBITDA 6.8x / 부채비율 259% / 3년 순부채 +29억 vs EBITDA합 59억 / 유동비율 72% / 현금/매출 2%
68.8,47.9,69,페트로켐코리아(주),00562041,,false,건설업,종합 건설,WC_BURN(운전자본형),601.2,0.354,45.2,0.075,,,2.217,1.363,25.9,42.8,3,0.534,79,249,measured_cashbridge,2025,audit,-84.5,0.4,,,-84.8,,,,0.6,,,op+dep,성장,성장자금형(positive): 매출 CAGR 35% + 마진 유지 · capex/매출 0.1%,0.03,company_history,4,,,,부채비율 222% (3년 56%p↑) / 3년 순부채 +43억 vs EBITDA합 -21억 / 매출 1원 성장에 순부채 0.53원 / 현금/매출 4% / 영업적자 2/3년 / 런웨이 4개월
68.8,44,76.1,에스에스엘엠(주),00881265,,false,제조업,전기장비,REFI(롤오버형),1433.3,-0.012,195.3,0.136,1415.7,7.2,4.151,0.38,34.3,-542.5,-0.795,,0,,netdebt_inferred,2025,audit,,20.8,,,,1450,1450,-19.9,,,,op+dep,부실·리파이낸싱,부실·리파이낸싱(negative): 구조적 악화 (영업적자 0/3년),0.02,company_history,,,,,순부채/EBITDA 7.2x / 부채비율 415% / 유동비율 38% / 현금/매출 2%
68.8,63.4,41,비케이에너지(주),00920494,,false,도소매,도매·상품중개,REFI(롤오버형),849.1,-0.009,22.5,0.026,444.4,19.8,1.354,0.597,6.9,163.1,2.885,,58,,netdebt_inferred,,,,,,,,,,,,,,,부실·리파이낸싱,부실·리파이낸싱(negative): 구조적 악화 (영업적자 0/3년),0.008,company_history,15,,,,순부채/EBITDA 19.8x / 3년 순부채 +163억 vs EBITDA합 57억 / 유동비율 60% / 현금/매출 1% / 런웨이 15개월
68.8,64,40,헬름코리아(주),01035526,,false,도소매,도매·상품중개,REFI(롤오버형),1142.5,-0.083,5.9,0.005,136.6,23.2,2.81,1.351,0,81.2,1.158,0.619,0,0,measured_cashbridge,2025,audit,45.5,0,,,45.5,136.6,136.6,-45.5,0,0,0,op+dep,부실·리파이낸싱,부실·리파이낸싱(negative): 구조적 악화 (영업적자 1/3년),0.008,company_history,,UNLISTED_BLIND,,,순부채/EBITDA 23.2x / 부채비율 281% / 3년 순부채 +81억 vs EBITDA합 70억 / 매출 1원 성장에 순부채 0.62원 / 현금/매출 0%
68.8,53,59.7,(주)풍산시스템,01014082,,false,제조업,자동차·트레일러,TIGHT(유동성형),1258,0.015,65.2,0.052,229,3.5,2.368,0.892,10.1,186.5,1.098,0.383,0,0,measured_cashbridge,2025,audit,148.7,61.7,0,,87,239.1,239.1,-28.2,110.8,9.6,0.0077,op+dep,부실·리파이낸싱,부실·리파이낸싱(neutral): 레버리지·유동성 부담 — 구조적/일시적 판단 보류,0.02,company_history,,UNLISTED_BLIND,,,순부채/EBITDA 3.5x / 부채비율 237% (3년 123%p↑) / 3년 순부채 +187억 vs EBITDA합 170억 / 유동비율 89% / 현금/매출 1%
68.8,58.7,49.5,영흥식품(주),01303986,,false,제조업,식료품 제조,REFI(롤오버형),331.7,0.02,21.7,0.066,186.8,8.6,1.899,0.542,6.6,59.8,1.015,0.655,35,79,measured_cashbridge,2025,audit,2.3,5.1,,,-2.8,193.3,192.7,16.2,7.3,11.2,0.0337,op+dep,부실·리파이낸싱,부실·리파이낸싱(neutral): 레버리지·유동성 부담 — 구조적/일시적 판단 보류,0.02,company_history,,UNLISTED_BLIND,,,순부채/EBITDA 8.6x / 3년 순부채 +60억 vs EBITDA합 59억 / 매출 1원 성장에 순부채 0.66원 / 유동비율 54% / 현금/매출 2% / 현금 2년 연속 감소
68.8,52.9,60,(주)지파크개발,01544529,,false,전기·가스·환경,폐기물 처리·자원재생,DISTRESS(구조조정형),4129,2.444,68.7,0.017,1978.8,28.8,100.558,1.019,404.2,-350.5,-17.581,-0.113,699,2366,measured_cashbridge,2025,audit,-595.3,0,,,-595.3,2383,2383,751.4,156,0,0,op+dep,부실·리파이낸싱,부실·리파이낸싱(positive): 레버리지 부담은 크나 매출 회복 + 마진 반등 — 시황 저점 진입 가능성,0.065,company_history,8,,,,순부채/EBITDA 28.8x / 부채비율 10056% (3년 14993%p↑) / 유동비율 102% / 런웨이 8개월
68.8,60.8,45.7,미르스텐(주),01782891,,false,도소매,도매·상품중개,REFI(롤오버형),357.1,,16.9,0.047,79.1,4.7,1.868,0.587,1.4,79.1,1.73,0.221,18,,netdebt_inferred,,,,,,,,,,,,,,,부실·리파이낸싱,부실·리파이낸싱(neutral): 레버리지·유동성 부담 — 구조적/일시적 판단 보류,0.015,industry_band,,,,,순부채/EBITDA 4.7x / EBITDA마진 9%→5% / 3년 순부채 +79억 vs EBITDA합 46억 / 유동비율 59% / 현금/매출 0%
68.7,60,46.9,코오롱모터스(주),00310989,,false,도소매,자동차·부품 판매,REFI(롤오버형),16908.2,,614.9,0.036,3081.2,5,2.297,0.695,9.9,3081.2,3.601,0.182,794,,netdebt_inferred,,,,,,,,,,,,,,,부실·리파이낸싱,부실·리파이낸싱(neutral): 레버리지·유동성 부담 — 구조적/일시적 판단 보류,0.015,industry_band,,,,,"순부채/EBITDA 5.0x / 부채비율 230% (3년 230%p↑) / 3년 순부채 +3,081억 vs EBITDA합 856억 / 유동비율 69% / 현금/매출 0%"
68.7,60.2,46.4,(주)세진,00474870,,false,기타 서비스,국제·외국기관,REFI(롤오버형),1979.4,-0.014,43,0.022,286.8,6.7,5.554,0.65,0.2,-158.4,-1.007,,0,,netdebt_inferred,,,,,,,,,,,,,,,부실·리파이낸싱,부실·리파이낸싱(negative): 구조적 악화 (영업적자 1/3년),0.015,company_history,,,,,순부채/EBITDA 6.7x / 부채비율 555% / 유동비율 65% / 현금/매출 0%
68.7,31.6,98.1,(주)한국파크,00241023,,false,제조업,가죽·가방·신발 제조,GROWTH(성장자금형),1045.8,0.3,118.8,0.114,140.6,1.2,1.546,1.335,5.7,182.6,3.158,0.459,0,0,measured_cashbridge,2025,audit,72.5,4.6,5.2,,68,146.2,146.2,-61,9.7,1.9,0.0018,op+dep,성장,성장자금형(positive): 매출 CAGR 30% + 마진 유지 · capex/매출 0.4%,0.02,company_history,,UNLISTED_BLIND,,,3년 순부채 +183억 vs EBITDA합 58억 / 현금/매출 1%
68.7,61.1,45,(주)명진강업,00606682,,false,도소매,도매·상품중개,REFI(롤오버형),1273.3,-0.111,24,0.019,403.2,16.8,2.5,0.97,53.1,186.1,1.954,0.413,0,0,measured_cashbridge,2025,audit,64.1,3.8,,,60.3,456.4,446.4,-53.7,6.6,3.9,0.003,op+dep,부실·리파이낸싱,부실·리파이낸싱(negative): 구조적 악화 (영업적자 1/3년),0.008,company_history,,UNLISTED_BLIND,,,순부채/EBITDA 16.8x / 부채비율 250% / 3년 순부채 +186억 vs EBITDA합 95억 / 유동비율 97% / 현금/매출 4%
68.7,56.2,53.5,메타빌드(주),00670632,,false,정보통신,컴퓨터 프로그래밍·SI,WC_BURN(운전자본형),415.7,0.086,19.3,0.046,-47,-2.4,2.92,0.759,51.5,393.1,3.19,2.046,97,351,measured_cashbridge,2025,audit,15.3,144.3,,,-129,4.5,,65,135.7,-55.5,0.1335,op+dep,부실·리파이낸싱,부실·리파이낸싱(neutral): 레버리지·유동성 부담 — 구조적/일시적 판단 보류 | 성장자금형(negative): 매출 CAGR 9% 인데 EBITDA마진 4.7%p 훼손 — 기존사업 하락을 외형성장으로 마스킹하는지 확인 필요,0.036,company_history,,UNLISTED_BLIND,,,부채비율 292% (3년 47%p↑) / EBITDA마진 9%→5% / 3년 순부채 +393억 vs EBITDA합 123억 / 매출 1원 성장에 순부채 2.05원 / 유동비율 76%
68.7,58.8,49.1,(주)제이에이치테크놀러지,01154760,,false,제조업,자동차·트레일러,REFI(롤오버형),431.4,0.025,26.5,0.061,219.2,8.3,2.517,0.633,12.7,31.5,0.662,1.606,63,173,measured_cashbridge,2025,audit,-0.9,38.7,,,-39.7,231.9,156.8,48.4,41.4,6.1,0.0141,op+dep,부실·리파이낸싱,부실·리파이낸싱(positive): 레버리지 부담은 크나 매출 회복 + 마진 반등 — 시황 저점 진입 가능성,0.02,company_history,169,,,,순부채/EBITDA 8.3x / 부채비율 252% / 3년 순부채 +31억 vs EBITDA합 48억 / 매출 1원 성장에 순부채 1.61원 / 유동비율 63% / 현금/매출 3%
68.7,46.2,71.5,(주)디지털프론티어,01280630,,false,제조업,전자부품·컴퓨터·통신장비,GROWTH(성장자금형),776.3,0.883,51.6,0.067,205,4,2,1.406,43.6,212.2,6.977,0.322,150,,netdebt_inferred,,,,,,,,,,,,,,,성장,성장자금형(positive): 매출 CAGR 88% + 마진 유지,0.056,company_history,,,,,순부채/EBITDA 4.0x / 3년 순부채 +212억 vs EBITDA합 30억
68.7,80.8,9.5,와디즈(주),01419481,,false,도소매,도매·상품중개,DISTRESS(구조조정형),447.2,0.093,-9.9,-0.022,115,,-2.172,0.438,68,457,3,2.337,0,0,measured_cashbridge,2025,audit,23.8,1,,,22.9,183,123,12.1,-0.1,36,0.0805,op+dep,부실·리파이낸싱,부실·리파이낸싱(negative): 구조적 악화 (영업적자 3/3년 · 자본잠식) | 성장자금형(positive): 매출 CAGR 9% + 마진 유지 · capex/매출 0.2%,0.1,company_history,,,,,EBITDA 적자 -10억 / 자본잠식 / 3년 순부채 +457억 vs EBITDA합 -482억 / 매출 1원 성장에 순부채 2.34원 / 유동비율 44% / 현금 2년 연속 감소 / 영업적자 3/3년
68.7,61,45,(주)제이스타일코리아,01506608,,false,도소매,도매·상품중개,REFI(롤오버형),370,-0.038,25.9,0.07,261.1,10.1,1.31,1.19,10.7,183.6,1.185,12.204,23,53,measured_cashbridge,2025,audit,18,19.8,,,-1.8,271.8,150.5,12,29.6,0.4,0.001,op+dep,부실·리파이낸싱,부실·리파이낸싱(negative): 구조적 악화 (영업적자 0/3년),0.01,company_history,,,,,순부채/EBITDA 10.1x / EBITDA마진 13%→7% / 3년 순부채 +184억 vs EBITDA합 155억 / 매출 1원 성장에 순부채 12.20원 / 유동비율 119% / 현금/매출 3%
68.7,58.7,49,서울매일버스(주),01438529,,false,운수·물류,육상운송·파이프라인,TIGHT(유동성형),311,0.026,18.9,0.061,32.7,1.7,33.409,0.86,0.1,52.3,1.042,0.653,0,0,measured_cashbridge,2025,audit,23.6,0.2,,,23.4,32.8,30,6.4,1.9,28.1,0.0904,op+dep,부실·리파이낸싱,부실·리파이낸싱(positive): 레버리지 부담은 크나 매출 회복 + 마진 반등 — 시황 저점 진입 가능성,0.015,company_history,,,,,부채비율 3341% (3년 222%p↑) / 3년 순부채 +52억 vs EBITDA합 50억 / 매출 1원 성장에 순부채 0.65원 / 유동비율 86% / 현금/매출 0% / 현금 2년 연속 감소
68.7,60.6,45.8,(주)해맑음푸드,01470677,,false,제조업,식료품 제조,TIGHT(유동성형),375.8,0.121,4.6,0.012,81.2,17.7,4.882,0.452,0.5,14.5,0.57,0.122,29,47,measured_cashbridge,2025,audit,-0.7,0.9,,,-1.6,81.7,76.4,-7.8,-8.7,0.1,0.0003,op+dep,부실·리파이낸싱,부실·리파이낸싱(neutral): 레버리지·유동성 부담 — 구조적/일시적 판단 보류 | 성장자금형(positive): 매출 CAGR 12% + 마진 유지 · capex/매출 0.2%,0.02,company_history,9,UNLISTED_BLIND,,,순부채/EBITDA 17.7x / 부채비율 488% / 3년 순부채 +15억 vs EBITDA합 25억 / 유동비율 45% / 현금/매출 0% / 런웨이 9개월
68.7,68.5,31.5,(주)글로벌파워아시아,01488861,,false,도소매,도매·상품중개,REFI(롤오버형),1123.9,-0.154,4.4,0.004,47.4,10.8,3.184,0.295,0.4,17.3,0.728,,9,,netdebt_inferred,,,,,,,,,,,,,,,부실·리파이낸싱,부실·리파이낸싱(negative): 구조적 악화 (영업적자 0/3년),0.008,company_history,,,,,순부채/EBITDA 10.8x / 부채비율 318% / 3년 순부채 +17억 vs EBITDA합 24억 / 유동비율 30% / 현금/매출 0%
68.7,75.6,18.8,(주)슬링샷스튜디오,01770762,,false,정보통신,영상·오디오 제작·배급,DISTRESS(구조조정형),620.3,0.192,-92,-0.148,286.9,,-4.259,0.436,158.4,280.7,10.352,0.415,0,0,measured_cashbridge,2025,audit,68.8,5.5,,,63.3,445.3,,-7.5,46.8,14.5,0.0233,op+dep,부실·리파이낸싱,부실·리파이낸싱(negative): 구조적 악화 (영업적자 1/3년 · 자본잠식) | 성장자금형(negative): 매출 CAGR 19% 인데 EBITDA마진 16.6%p 훼손 — 기존사업 하락을 외형성장으로 마스킹하는지 확인 필요,0.087,company_history,,UNLISTED_BLIND,,,EBITDA 적자 -92억 / 자본잠식 / EBITDA마진 2%→-15% / 3년 순부채 +281억 vs EBITDA합 27억 / 유동비율 44%
68.6,75.1,19.3,(주)넵튠코리아,01662649,,false,도소매,도매·상품중개,DISTRESS(구조조정형),1143,0.456,11.7,0.01,235.1,20.1,21.785,0.678,36.1,142.9,3,0.237,0,18,measured_cashbridge,2025,audit,10.8,4,,,6.8,271.2,271.2,-26.8,4,-20,0.0175,op+dep,부실·리파이낸싱,부실·리파이낸싱(negative): 구조적 악화 (영업적자 2/3년) | 성장자금형(positive): 매출 CAGR 46% + 마진 유지 · capex/매출 0.3%,0.008,company_history,,,,,순부채/EBITDA 20.1x / 부채비율 2178% (3년 4217%p↑) / 3년 순부채 +143억 vs EBITDA합 -40억 / 유동비율 68% / 현금/매출 3% / 영업적자 2/3년
68.6,60.7,45,(주)에이치씨대하에너지,00366933,,false,도소매,도매·상품중개,REFI(롤오버형),1948.4,-0.048,10.4,0.005,159.4,15.3,2.899,0.783,5.5,52.3,1.07,0.113,55,138,measured_cashbridge,2025,audit,30.8,39.6,20,,-8.8,164.9,134.9,0.1,32.4,-1.6,0.0008,op+dep,부실·리파이낸싱,부실·리파이낸싱(negative): 구조적 악화 (영업적자 0/3년),0.008,company_history,,UNLISTED_BLIND,,,순부채/EBITDA 15.3x / 부채비율 290% (3년 69%p↑) / 3년 순부채 +52억 vs EBITDA합 49억 / 유동비율 78% / 현금/매출 0%
68.6,66.1,35.6,(주)한성피앤아이,00225760,,false,제조업,펄프·종이 제조,REFI(롤오버형),778,0.001,15,0.019,141.1,9.4,1.447,0.541,49.9,190.2,6.3,,0,0,measured_cashbridge,2025,audit,20.5,10.1,,,10.4,191,176,-23.7,-3.1,-0.1,0.0001,op+dep,부실·리파이낸싱,부실·리파이낸싱(negative): 구조적 악화 (영업적자 3/3년),0.036,company_history,,UNLISTED_BLIND,,,순부채/EBITDA 9.4x / 3년 순부채 +190억 vs EBITDA합 30억 / 유동비율 54% / 영업적자 3/3년
68.6,71.2,26.3,태광철강(주),00499602,,false,도소매,도매·상품중개,REFI(롤오버형),504.1,-0.181,1.4,0.003,103.3,73.8,2.073,0.548,7.2,43,1.147,,46,112,measured_cashbridge,2025,audit,-24.3,0.4,,,-24.7,110.5,104.2,23.7,-0.4,-0.2,0.0004,op+dep,부실·리파이낸싱,부실·리파이낸싱(negative): 구조적 악화 (영업적자 1/3년),0.008,company_history,4,,,,순부채/EBITDA 73.8x / 부채비율 207% / 3년 순부채 +43억 vs EBITDA합 38억 / 유동비율 55% / 현금/매출 1% / 런웨이 4개월
68.6,53.7,57.9,(주)아영에프비씨,00640668,,false,도소매,도매·상품중개,REFI(롤오버형),1011.5,-0.066,63.7,0.063,503.5,7.9,2.064,1.021,2.4,131.9,0.633,,57,137,measured_cashbridge,2025,audit,17.8,15.9,,,1.8,505.9,505.9,-3.9,13.9,0,0,op+dep,부실·리파이낸싱,부실·리파이낸싱(negative): 구조적 악화 (영업적자 0/3년),0.008,company_history,,,,,순부채/EBITDA 7.9x / 부채비율 206% / 3년 순부채 +132억 vs EBITDA합 208억 / 유동비율 102% / 현금/매출 0%
68.6,34.2,92.9,다이닝브랜즈그룹(주),00656988,,false,도소매,도매·상품중개,WC_BURN(운전자본형),6147.1,0.102,1645.3,0.268,-520.1,-0.3,0.278,1.023,589.8,2434.5,0.524,1.8,0,0,measured_cashbridge,2025,audit,2242.1,53.5,1407.9,,2128.8,69.7,,-655.8,1567.3,19.1,0.0031,op+dep,성장,성장자금형(negative): 매출 CAGR 10% 인데 EBITDA마진 7.2%p 훼손 — 기존사업 하락을 외형성장으로 마스킹하는지 확인 필요,0.1,company_history,,,,,"EBITDA마진 31%→27% / 3년 순부채 +2,435억 vs EBITDA합 4,643억 / 매출 1원 성장에 순부채 1.80원 / 유동비율 102% / 현금 2년 연속 감소"
68.6,46.9,69.8,이케이중공업(주),00765365,,false,제조업,기타 기계·장비,REFI(롤오버형),386.3,0.046,62.1,0.161,481.4,7.7,4.578,0.228,4.9,-14.8,-0.105,-0.302,0,,netdebt_inferred,,,,,,,,,,,,,,,부실·리파이낸싱,부실·리파이낸싱(neutral): 레버리지·유동성 부담 — 구조적/일시적 판단 보류,0.02,company_history,,,,,순부채/EBITDA 7.7x / 부채비율 458% / 유동비율 23% / 현금/매출 1% / 현금 2년 연속 감소
68.6,60.7,45,(주)서울개인택시복지법인,01237577,,false,도소매,소매(자동차 제외),REFI(롤오버형),1610.5,-0.039,20.3,0.013,194.4,9.6,1.048,0.414,55.1,99.2,1.338,0.436,0,0,measured_cashbridge,2025,audit,17.8,0.8,4.9,,16.9,249.5,240.7,-12.6,5,0.2,0.0001,op+dep,부실·리파이낸싱,부실·리파이낸싱(negative): 구조적 악화 (영업적자 0/3년) | 이벤트(neutral): 분할·카브아웃 — 승계·증여·분쟁 여부는 주주 레벨 사건이라 재무로 안 보임. 대주주 연령·지분율 개별 확인 필요,0.015,company_history,,UNLISTED_BLIND,,,순부채/EBITDA 9.6x / 3년 순부채 +99억 vs EBITDA합 74억 / 유동비율 41% / 현금/매출 3% / 현금 2년 연속 감소
68.6,32.1,96.8,에쓰푸드(주),01027299,,false,제조업,식료품 제조,GROWTH(성장자금형),2954.2,0.156,322.5,0.109,1189.8,3.7,2.132,1.699,125,554.8,0.739,0.533,102,,netdebt_inferred,,,,,,,,,,,,,,,성장,성장자금형(positive): 매출 CAGR 16% + 마진 유지,0.02,company_history,,,,,순부채/EBITDA 3.7x / 부채비율 213% (3년 73%p↑) / 3년 순부채 +555억 vs EBITDA합 751억 / 매출 1원 성장에 순부채 0.53원 / 현금/매출 4%
68.6,72.1,24.6,(주)동서가구,00115898,,false,제조업,가구 제조,DISTRESS(구조조정형),438.6,-0.138,15.5,0.035,56.4,3.6,5.138,0.815,2,21.5,3,,0,,netdebt_inferred,,,,,,,,,,,,,,,부실·리파이낸싱,부실·리파이낸싱(negative): 구조적 악화 (영업적자 2/3년),0.02,company_history,,,,,순부채/EBITDA 3.6x / 부채비율 514% (3년 267%p↑) / 3년 순부채 +21억 vs EBITDA합 -13억 / 유동비율 82% / 현금/매출 0% / 영업적자 2/3년
68.6,64.4,38.6,한국사토리(주),01788008,,false,도소매,도매·상품중개,REFI(롤오버형),374.1,,8.9,0.024,69,7.8,27.214,1.033,27.7,61,6.961,0.169,8,39,measured_cashbridge,2025,audit,-7.7,0,,,-7.7,96.7,96.7,7.9,-0.1,0.3,0.0009,op+dep,부실·리파이낸싱,부실·리파이낸싱(positive): 레버리지 부담은 크나 매출 회복 + 마진 반등 — 시황 저점 진입 가능성,0.015,industry_band,43,,,,순부채/EBITDA 7.8x / 부채비율 2721% (3년 2721%p↑) / 3년 순부채 +61억 vs EBITDA합 9억 / 유동비율 103%
68.6,51.8,61.3,(주)민현,01552184,,false,제조업,금속가공제품,TIGHT(유동성형),353.7,0.176,14.5,0.041,101.5,7,2.422,0.509,0.7,17.5,0.351,0.131,26,35,measured_cashbridge,2025,audit,13.7,11.8,,,1.9,102.2,95.8,-0.6,18.2,-5.1,0.0144,op+dep,부실·리파이낸싱,부실·리파이낸싱(neutral): 레버리지·유동성 부담 — 구조적/일시적 판단 보류 | 성장자금형(negative): 매출 CAGR 18% 인데 EBITDA마진 2.0%p 훼손 — 기존사업 하락을 외형성장으로 마스킹하는지 확인 필요,0.02,company_history,,,,,순부채/EBITDA 7.0x / 부채비율 242% / EBITDA마진 6%→4% / 3년 순부채 +18억 vs EBITDA합 50억 / 유동비율 51% / 현금/매출 0%
68.5,70.3,27.5,하나기술,00625234,,false,제조업,기타 기계·장비,DISTRESS(구조조정형),942.2,-0.059,-225.8,-0.24,602.3,,1.451,0.934,360.5,374.6,3,,0,,netdebt_inferred,,,,,,,,,,,,,,,부실·리파이낸싱,부실·리파이낸싱(negative): 구조적 악화 (영업적자 2/3년),0.087,company_history,17,,,,EBITDA 적자 -226억 / EBITDA마진 2%→-24% / 3년 순부채 +375억 vs EBITDA합 -116억 / 유동비율 93% / 영업적자 2/3년 / 런웨이 17개월
68.5,45.2,72.8,코퍼스코리아,01264960,,false,정보통신,영상·오디오 제작·배급,WC_BURN(운전자본형),418.3,0.073,49,0.117,153,3.1,1.694,0.631,131.8,112.8,0.234,1.415,0,,netdebt_inferred,,,,,,,,,,,,,,,부실·리파이낸싱,부실·리파이낸싱(neutral): 레버리지·유동성 부담 — 구조적/일시적 판단 보류 | 성장자금형(negative): 매출 CAGR 7% 인데 EBITDA마진 43.2%p 훼손 — 기존사업 하락을 외형성장으로 마스킹하는지 확인 필요,0.1,company_history,,,,,순부채/EBITDA 3.1x / EBITDA마진 55%→12% / 3년 순부채 +113억 vs EBITDA합 483억 / 매출 1원 성장에 순부채 1.42원 / 유동비율 63% / 현금 2년 연속 감소
68.5,43.6,75.4,코비코(주),00369259,,false,제조업,자동차·트레일러,REFI(롤오버형),2203.7,0.031,212.3,0.096,1442.4,6.8,1.432,0.752,419.1,395.1,0.763,0.912,586,2503,measured_cashbridge,2025,audit,97.1,991.6,,,-894.7,1861.5,676.3,825.8,999.9,-77,0.0349,op+dep,부실·리파이낸싱,부실·리파이낸싱(positive): 레버리지 부담은 크나 매출 회복 + 마진 반등 — 시황 저점 진입 가능성,0.02,company_history,,UNLISTED_BLIND,,,순부채/EBITDA 6.8x / 3년 순부채 +395억 vs EBITDA합 518억 / 매출 1원 성장에 순부채 0.91원 / 유동비율 75%
68.5,42.8,76.8,(주)라한호텔,00359757,,false,숙박·음식,숙박업,REFI(롤오버형),1006.8,-0.008,237.9,0.236,1536.9,6.5,1.918,1.411,240.4,815.4,1.087,5.968,0,0,measured_cashbridge,2025,audit,189.8,33.7,,,154.2,1777.3,7.2,-122.2,35.6,32,0.0318,op+dep,부실·리파이낸싱,부실·리파이낸싱(negative): 구조적 악화 (영업적자 0/3년),0.063,company_history,,UNLISTED_BLIND,,,순부채/EBITDA 6.5x / 3년 순부채 +815억 vs EBITDA합 750억 / 매출 1원 성장에 순부채 5.97원
68.5,43,76.7,(주)원풍산업,00566162,,false,제조업,자동차·트레일러,TIGHT(유동성형),307.8,0.134,30.9,0.101,159.4,5.2,3.401,0.554,4.3,-6.8,-0.056,-0.071,1,,netdebt_inferred,,,,,,,,,,,,,,,부실·리파이낸싱,부실·리파이낸싱(neutral): 레버리지·유동성 부담 — 구조적/일시적 판단 보류 | 성장자금형(negative): 매출 CAGR 13% 인데 EBITDA마진 3.0%p 훼손 — 기존사업 하락을 외형성장으로 마스킹하는지 확인 필요,0.02,company_history,,,,,순부채/EBITDA 5.2x / 부채비율 340% / EBITDA마진 13%→10% / 유동비율 55% / 현금/매출 1%
68.5,81.4,7.5,(주)알룩스,00569336,,false,제조업,기타 기계·장비,DISTRESS(구조조정형),420.5,-0.089,-129.2,-0.307,77,,-3.594,0.085,10.3,108.1,0.967,1.102,0,0,measured_cashbridge,2025,audit,487.8,7.3,,,480.5,87.2,0,-492.1,-43,38.7,0.092,op+dep,부실·리파이낸싱,부실·리파이낸싱(negative): 구조적 악화 (영업적자 1/3년 · 자본잠식),0.02,company_history,,DISTRESS_EVENT,,,EBITDA 적자 -129억 / 자본잠식 / EBITDA마진 6%→-31% / 3년 순부채 +108억 vs EBITDA합 112억 / 매출 1원 성장에 순부채 1.10원 / 유동비율 9% / 현금/매출 2%
68.5,48.2,67.2,(주)크로버,00911238,,false,제조업,기타 기계·장비,REFI(롤오버형),457.7,0.029,76.3,0.167,405.7,5.3,1.462,0.336,64.3,572,3.777,70.462,0,11,measured_cashbridge,2025,audit,43.6,10.9,,,32.8,470,470,-30.9,27.8,-15,0.0328,op+dep,부실·리파이낸싱,부실·리파이낸싱(positive): 레버리지 부담은 크나 매출 회복 + 마진 반등 — 시황 저점 진입 가능성,0.079,company_history,,,,,순부채/EBITDA 5.3x / 3년 순부채 +572억 vs EBITDA합 151억 / 매출 1원 성장에 순부채 70.46원 / 유동비율 34%
68.5,67.6,32.5,(주)인에너지,01763203,,false,도소매,도매·상품중개,REFI(롤오버형),449.3,,5,0.011,31.2,6.3,2.961,0.46,1.3,31.2,12.614,0.069,10,,netdebt_inferred,,,,,,,,,,,,,,,부실·리파이낸싱,부실·리파이낸싱(neutral): 레버리지·유동성 부담 — 구조적/일시적 판단 보류,0.008,company_history,,,,,순부채/EBITDA 6.3x / 부채비율 296% (3년 296%p↑) / 3년 순부채 +31억 vs EBITDA합 2억 / 유동비율 46% / 현금/매출 0%
68.5,57.4,50.5,(주)부루구루,01838145,,false,제조업,음료 제조,TIGHT(유동성형),424.7,,34,0.08,91.8,2.7,17.373,0.754,1.5,91.8,3,0.216,88,,netdebt_inferred,,,,,,,,,,,,,,,부실·리파이낸싱,부실·리파이낸싱(positive): 레버리지 부담은 크나 매출 회복 + 마진 반등 — 시황 저점 진입 가능성,0.04,industry_band,,,,,부채비율 1737% (3년 1737%p↑) / 3년 순부채 +92억 vs EBITDA합 -19억 / 유동비율 75% / 현금/매출 0%
68.5,81.4,7.6,넷마블에프앤씨(주),01291016,,false,정보통신,출판업,DISTRESS(구조조정형),696.9,-0.002,-42.4,-0.04,676.9,,-4.538,0.226,95.3,1045.3,3,,210,698,measured_cashbridge,2025,api,-137.3,1.4,,,-169.1,772.2,748,682.7,11.8,533.6,0.7657,unavailable,부실·리파이낸싱,부실·리파이낸싱(negative): 구조적 악화 (영업적자 3/3년 · 자본잠식),0.088,company_history,8,,,,"EBITDA 적자 -42억 / 자본잠식 / 3년 순부채 +1,045억 vs EBITDA합 -959억 / 유동비율 23% / 현금 2년 연속 감소 / 영업적자 3/3년 / 런웨이 8개월"
68.5,36.5,88.2,머스크컨트랙트로지스틱스코리아유한회사,01471524,,false,도소매,도매·상품중개,GROWTH(성장자금형),1179.9,0.129,106.9,0.091,211.9,2,1.9,0.636,41.3,172.7,0.564,0.479,52,,netdebt_inferred,,,,,,,,,,,,,,,부실·리파이낸싱,부실·리파이낸싱(neutral): 레버리지·유동성 부담 — 구조적/일시적 판단 보류 | 성장자금형(positive): 매출 CAGR 13% + 마진 유지,0.035,company_history,,,,,3년 순부채 +173억 vs EBITDA합 306억 / 유동비율 64% / 현금/매출 3% / 현금 2년 연속 감소
68.4,63.3,39.5,(주)파츠몰,00565774,,false,도소매,자동차·부품 판매,REFI(롤오버형),942.2,-0.047,25.1,0.027,378.9,15.1,2.773,0.952,29.6,56.2,0.369,3.836,26,98,measured_cashbridge,2025,audit,-5.6,0.3,0,,-5.9,408.4,374.6,-14.4,-25.4,5.5,0.0058,op+dep,부실·리파이낸싱,부실·리파이낸싱(negative): 구조적 악화 (영업적자 0/3년),0.008,company_history,63,,,,순부채/EBITDA 15.1x / 부채비율 277% / EBITDA마진 9%→3% / 3년 순부채 +56억 vs EBITDA합 152억 / 매출 1원 성장에 순부채 3.84원 / 유동비율 95% / 현금/매출 3%
68.4,53.1,58,(주)대전지오영,00888134,,false,도소매,도매·상품중개,TIGHT(유동성형),2265.2,0.068,3.2,0.001,-20.8,-6.5,43.679,0.845,21.8,3.7,0.212,0.006,0,,netdebt_inferred,2025,audit,0.9,,,,,1,0.8,6.4,0.9,6.3,0.0028,op+dep,부실·리파이낸싱,부실·리파이낸싱(negative): 구조적 악화 (영업적자 2/3년) | 성장자금형(positive): 매출 CAGR 7% + 마진 유지,0.008,company_history,,,,,부채비율 4368% (3년 1548%p↑) / 3년 순부채 +4억 vs EBITDA합 17억 / 유동비율 85% / 현금/매출 1% / 현금 2년 연속 감소 / 영업적자 2/3년
68.4,51.1,61.8,(주)에이패스,00921110,,false,제조업,금속가공제품,REFI(롤오버형),386.6,0.055,34.6,0.09,198.9,5.7,2.904,0.857,11.7,52.7,0.82,0.672,0,0,measured_cashbridge,2025,audit,26.2,6.1,0.6,,20,210.7,82.9,-17,9.4,-0.3,0.0008,op+dep,부실·리파이낸싱,부실·리파이낸싱(positive): 레버리지 부담은 크나 매출 회복 + 마진 반등 — 시황 저점 진입 가능성 | 성장자금형(positive): 매출 CAGR 5% + 마진 유지 · capex/매출 1.6%,0.02,company_history,,UNLISTED_BLIND,,,순부채/EBITDA 5.7x / 부채비율 290% / 3년 순부채 +53억 vs EBITDA합 64억 / 매출 1원 성장에 순부채 0.67원 / 유동비율 86% / 현금/매출 3%
68.4,45.7,71.4,페이레터(주),00922030,,false,정보통신,출판업,WC_BURN(운전자본형),1391,0.119,55.8,0.04,-210.9,-3.8,4.56,0.886,1209.8,152.3,0.851,0.923,0,0,measured_cashbridge,2025,audit,65.1,6.5,23.5,,53.9,998.9,990.2,-28.1,47,-10,0.0072,op+dep,부실·리파이낸싱,부실·리파이낸싱(neutral): 레버리지·유동성 부담 — 구조적/일시적 판단 보류 | 성장자금형(positive): 매출 CAGR 12% + 마진 유지 · capex/매출 0.5%,0.1,company_history,,,,,부채비율 456% (3년 68%p↑) / 3년 순부채 +152억 vs EBITDA합 179억 / 매출 1원 성장에 순부채 0.92원 / 유동비율 89%
68.4,62.3,41.5,아주건설(주),00240282,,false,건설업,종합 건설,REFI(롤오버형),353.5,0.057,13.2,0.038,160,12.1,1.473,1.597,7.8,180,13.539,3.341,66,,netdebt_inferred,,,,,,,,,,,,,,,부실·리파이낸싱,부실·리파이낸싱(positive): 레버리지 부담은 크나 매출 회복 + 마진 반등 — 시황 저점 진입 가능성 | 성장자금형(positive): 매출 CAGR 6% + 마진 유지,0.025,company_history,,,,,순부채/EBITDA 12.1x / 3년 순부채 +180억 vs EBITDA합 13억 / 매출 1원 성장에 순부채 3.34원 / 현금/매출 2%
68.4,64.4,37.5,(주)엔피씨케미칼,01309999,,false,제조업,화학물질·화학제품,REFI(롤오버형),568,-0.072,10.8,0.019,89.1,8.2,0.832,0.487,7,96.3,1.68,,19,33,measured_cashbridge,2025,audit,11.3,8.2,,,3.1,96.1,90.1,-3.2,8.1,0,0,op+dep,부실·리파이낸싱,부실·리파이낸싱(negative): 구조적 악화 (영업적자 0/3년),0.02,company_history,,,,,순부채/EBITDA 8.2x / 3년 순부채 +96억 vs EBITDA합 57억 / 유동비율 49% / 현금/매출 1%
68.4,71.6,24.7,에어프레미아(주),01380727,,false,운수·물류,항공 운송,WC_BURN(운전자본형),5936.5,1.235,459.4,0.077,9376.9,20.4,-28.343,0.348,280.5,4327.7,3.674,0.885,202,570,measured_cashbridge,2025,audit,363.3,74.5,,,-337,9657.4,,4419.3,950.4,3832.2,0.6455,op+dep,부실·리파이낸싱,부실·리파이낸싱(negative): 구조적 악화 (영업적자 1/3년 · 자본잠식) | 성장자금형(positive): 매출 CAGR 124% + 마진 유지 · capex/매출 1.3%,0.034,company_history,,DISTRESS_EVENT,,,"순부채/EBITDA 20.4x / 자본잠식 / 3년 순부채 +4,328억 vs EBITDA합 1,178억 / 매출 1원 성장에 순부채 0.88원 / 유동비율 35% / 현금/매출 5%"
68.3,59.7,45.6,(주)장원교육,00248008,,false,정보통신,출판업,REFI(롤오버형),331.7,0.041,13.9,0.042,170.3,12.3,2.361,0.476,33,50.7,0.873,2.328,6,42,measured_cashbridge,2025,audit,20.1,26.2,,,-6,203.3,130.8,6.4,26.3,0.3,0.0008,op+dep,부실·리파이낸싱,부실·리파이낸싱(neutral): 레버리지·유동성 부담 — 구조적/일시적 판단 보류,0.032,company_history,,,,,순부채/EBITDA 12.3x / 부채비율 236% / EBITDA마진 7%→4% / 3년 순부채 +51억 vs EBITDA합 58억 / 매출 1원 성장에 순부채 2.33원 / 유동비율 48%
68.3,52.3,59.2,(주)베바스토코리아홀딩스,00258148,,false,제조업,자동차·트레일러,DISTRESS(구조조정형),7348.9,0.175,250.4,0.034,596.6,2.4,2.356,0.587,108,1009.2,3,0.464,92,137,measured_cashbridge,2025,audit,205.5,205.7,,,-0.2,704.6,704.6,-133,70.5,1.9,0.0003,op+dep,부실·리파이낸싱,부실·리파이낸싱(negative): 구조적 악화 (영업적자 2/3년) | 성장자금형(positive): 매출 CAGR 17% + 마진 유지 · capex/매출 2.8%,0.02,company_history,,UNLISTED_BLIND,,,"부채비율 236% / 3년 순부채 +1,009억 vs EBITDA합 -47억 / 유동비율 59% / 현금/매출 1% / 영업적자 2/3년"
68.3,29.5,100,(주)더존홀딩스,00463449,,false,정보통신,출판업,GROWTH(성장자금형),3546.3,1.459,1085.2,0.306,2201.3,2,0.914,0.31,585.5,1398.7,0.657,0.423,0,,netdebt_inferred,,,,,,,,,,,,,,,부실·리파이낸싱,부실·리파이낸싱(neutral): 레버리지·유동성 부담 — 구조적/일시적 판단 보류 | 성장자금형(negative): 매출 CAGR 146% 인데 EBITDA마진 18.8%p 훼손 — 기존사업 하락을 외형성장으로 마스킹하는지 확인 필요,0.025,company_history,,,,,"EBITDA마진 49%→31% / 3년 순부채 +1,399억 vs EBITDA합 2,128억 / 유동비율 31%"
68.3,55.1,54.1,(주)동화건설,00667063,,false,건설업,종합 건설,DISTRESS(구조조정형),1359.8,0.076,-201,-0.148,731.7,,3.596,1.159,277.7,-194.6,0,-0.726,0,,netdebt_inferred,,,,,,,,,,,,,,,부실·리파이낸싱,부실·리파이낸싱(neutral): 레버리지·유동성 부담 — 구조적/일시적 판단 보류 | 성장자금형(negative): 매출 CAGR 8% 인데 EBITDA마진 26.3%p 훼손 — 기존사업 하락을 외형성장으로 마스킹하는지 확인 필요,0.025,company_history,14,,,,EBITDA 적자 -201억 / 부채비율 360% (3년 108%p↑) / EBITDA마진 11%→-15% / 유동비율 116% / 런웨이 14개월
68.3,36.2,88,동아출판(주),00694818,,false,정보통신,출판업,WC_BURN(운전자본형),1312.9,0.068,271.8,0.207,335.3,1.2,0.82,0.766,1.5,323,0.439,11.05,134,323,measured_cashbridge,2025,audit,138.7,200.8,0,,-73.4,336.8,336.3,81.7,220.8,-0.4,0.0003,op+dep,부실·리파이낸싱,부실·리파이낸싱(neutral): 레버리지·유동성 부담 — 구조적/일시적 판단 보류 | 성장자금형(positive): 매출 CAGR 7% + 마진 유지 · capex/매출 15.3%,0.025,company_history,,,,,3년 순부채 +323억 vs EBITDA합 736억 / 매출 1원 성장에 순부채 11.05원 / 유동비율 77% / 현금/매출 0% / 현금 2년 연속 감소
68.3,67.1,32.5,금광건설(주),00962889,,false,건설업,종합 건설,REFI(롤오버형),789,-0.059,7.6,0.01,1397.7,184.1,2.552,1.306,12.5,671.4,0.773,,393,,netdebt_inferred,,,,,,,,,,,,,,,부실·리파이낸싱,부실·리파이낸싱(negative): 구조적 악화 (영업적자 1/3년),0.025,company_history,2,,,,순부채/EBITDA 184.1x / 부채비율 255% / EBITDA마진 13%→1% / 3년 순부채 +671억 vs EBITDA합 868억 / 현금/매출 2% / 런웨이 2개월
68.3,41.3,78.8,스틸싸이클에스씨(주),01087839,,false,제조업,1차 금속,GROWTH(성장자금형),1735.5,0.469,114.7,0.066,194,1.7,0.952,1.356,23.4,126.1,3.721,0.668,18,25,measured_cashbridge,2025,audit,11.6,6.8,,,4.6,217.4,130,-5.2,6.4,-0.1,0.0001,op+dep,성장,성장자금형(positive): 매출 CAGR 47% + 마진 유지 · capex/매출 0.4%,0.02,company_history,,UNLISTED_BLIND,,,3년 순부채 +126억 vs EBITDA합 34억 / 매출 1원 성장에 순부채 0.67원 / 현금/매출 1% / 영업적자 2/3년
68.3,47.8,67.1,(주)상지,00814865,,false,건설업,전문직별 공사,GROWTH(성장자금형),346.6,0.245,20.9,0.06,103.5,5,1.896,0.65,0,48.8,0.797,0.292,17,,netdebt_inferred,,,,,,,,,,,,,,,부실·리파이낸싱,부실·리파이낸싱(neutral): 레버리지·유동성 부담 — 구조적/일시적 판단 보류 | 성장자금형(positive): 매출 CAGR 24% + 마진 유지,0.025,company_history,,,,,순부채/EBITDA 5.0x / 3년 순부채 +49억 vs EBITDA합 61억 / 유동비율 65% / 현금/매출 0% / 현금 2년 연속 감소
68.2,59.6,45.5,(주)서림유통,01630020,,false,도소매,소매(자동차 제외),REFI(롤오버형),664.2,,25.4,0.038,111.3,4.4,3.188,0.386,27,147,6.493,0.212,0,0,measured_cashbridge,2025,audit,24.4,6.6,,,17.7,138.4,110.1,-9,15.4,0,0,op+dep,부실·리파이낸싱,부실·리파이낸싱(positive): 레버리지 부담은 크나 매출 회복 + 마진 반등 — 시황 저점 진입 가능성,0.008,company_history,,,,,순부채/EBITDA 4.4x / 부채비율 319% (3년 319%p↑) / 3년 순부채 +147억 vs EBITDA합 23억 / 유동비율 39% / 현금/매출 4%
68.2,41,78.8,유성씨앤에프(주),00184597,,false,제조업,고무·플라스틱제품,GROWTH(성장자금형),912.9,0.207,67.9,0.074,295.1,4.3,0.669,0.792,141.7,141.1,1.433,0.575,0,0,measured_cashbridge,2025,audit,38.4,37.1,,,1.4,436.9,396.9,-3,141.6,-106.2,0.1163,op+dep,부실·리파이낸싱,부실·리파이낸싱(positive): 레버리지 부담은 크나 매출 회복 + 마진 반등 — 시황 저점 진입 가능성 | 성장자금형(positive): 매출 CAGR 21% + 마진 유지 · capex/매출 4.1%,0.031,company_history,,UNLISTED_BLIND,,,순부채/EBITDA 4.3x / 3년 순부채 +141억 vs EBITDA합 98억 / 매출 1원 성장에 순부채 0.57원 / 유동비율 79%
68.2,59.9,45,순덕철강(주),00182456,,false,제조업,1차 금속,REFI(롤오버형),2751.8,-0.039,49.1,0.018,410.6,8.4,2.669,1.219,54.2,126.9,0.827,0.668,48,141,measured_cashbridge,2025,audit,-1.1,3,3,,-4.1,464.8,397.4,-15.4,9.9,-26.4,0.0096,op+dep,부실·리파이낸싱,부실·리파이낸싱(negative): 구조적 악화 (영업적자 0/3년),0.02,company_history,591,,,,순부채/EBITDA 8.4x / 부채비율 267% / 3년 순부채 +127억 vs EBITDA합 153억 / 매출 1원 성장에 순부채 0.67원 / 현금/매출 2% / 현금 2년 연속 감소
68.2,69.6,27.6,(주)지아이티아카데미,01209820,,false,교육,교육 서비스,TIGHT(유동성형),341.7,-0.058,9.8,0.029,4.6,0.5,3.471,0.436,1.5,29.7,3,,17,17,measured_cashbridge,2025,audit,8,5.5,0,,2.5,6.2,6.2,-8.1,0,0,0,op+dep,부실·리파이낸싱,부실·리파이낸싱(negative): 구조적 악화 (영업적자 2/3년),0.015,company_history,,UNLISTED_BLIND,,,부채비율 347% (3년 276%p↑) / 3년 순부채 +30억 vs EBITDA합 -6억 / 유동비율 44% / 현금/매출 0% / 현금 2년 연속 감소 / 영업적자 2/3년
68.2,55.8,52.5,(주)진선팜,01503683,,false,도소매,도매·상품중개,TIGHT(유동성형),375.7,0.133,1.3,0.003,1.5,1.2,9.184,0.961,2,9.9,5.873,0.12,25,40,measured_cashbridge,2025,audit,-5.8,0.1,1.1,,-5.9,3.5,3.5,3.9,-2.5,0.6,0.0017,op+dep,부실·리파이낸싱,부실·리파이낸싱(positive): 레버리지 부담은 크나 매출 회복 + 마진 반등 — 시황 저점 진입 가능성 | 성장자금형(positive): 매출 CAGR 13% + 마진 유지 · capex/매출 0.0%,0.008,company_history,4,,,,부채비율 918% (3년 151%p↑) / 3년 순부채 +10억 vs EBITDA합 2억 / 유동비율 96% / 현금/매출 1% / 런웨이 4개월
68.2,54.2,55.1,(주)큐로드,01553767,,false,정보통신,출판업,DISTRESS(구조조정형),321.9,0.086,27.4,0.085,-19.6,-0.7,6.143,0.553,32.6,100.5,3.898,0.669,0,0,measured_cashbridge,2025,audit,13.4,3.6,,,5.6,13,13,-9.7,3.5,0.2,0.0006,op+dep,부실·리파이낸싱,부실·리파이낸싱(negative): 구조적 악화 (영업적자 2/3년) | 성장자금형(positive): 매출 CAGR 9% + 마진 유지 · capex/매출 1.1%,0.079,company_history,,UNLISTED_BLIND,,,부채비율 614% (3년 2623%p↑) / 3년 순부채 +100억 vs EBITDA합 26억 / 매출 1원 성장에 순부채 0.67원 / 유동비율 55% / 영업적자 2/3년
68.1,41.2,78.2,디아이씨,00306205,,false,제조업,전자부품·컴퓨터·통신장비,REFI(롤오버형),7191.3,0.068,629.5,0.088,2896,4.6,3.095,0.664,343.8,591.6,0.286,0.459,109,,netdebt_inferred,,,,,,,,,,,,,,,부실·리파이낸싱,부실·리파이낸싱(neutral): 레버리지·유동성 부담 — 구조적/일시적 판단 보류 | 성장자금형(positive): 매출 CAGR 7% + 마진 유지,0.034,company_history,,,,,"순부채/EBITDA 4.6x / 부채비율 310% / 3년 순부채 +592억 vs EBITDA합 2,067억 / 유동비율 66% / 현금/매출 5%"
68.1,57.2,49.3,(주)화림식자재마트,01626674,,false,도소매,소매(자동차 제외),REFI(롤오버형),519.5,,17.9,0.034,107,6,1.479,0.426,51.8,91.3,1.049,0.152,8,87,measured_cashbridge,2025,audit,14.5,41.8,,,-27.2,158.8,158.8,20,35.6,-1.1,0.0021,op+dep,부실·리파이낸싱,부실·리파이낸싱(neutral): 레버리지·유동성 부담 — 구조적/일시적 판단 보류,0.023,company_history,,,,,순부채/EBITDA 6.0x / EBITDA마진 6%→3% / 3년 순부채 +91억 vs EBITDA합 87억 / 유동비율 43% / 현금 2년 연속 감소
68.1,77.5,12.8,(주)티몬글로벌,01697353,,false,사업지원·임대,사업지원 서비스,DISTRESS(구조조정형),1296.5,,-2493.3,-1.923,3831.8,,-1.77,0.149,160.6,3831.8,3,2.955,,,netdebt_inferred,,,,,,,,,,,,,,,부실·리파이낸싱,부실·리파이낸싱(negative): 구조적 악화 (영업적자 2/3년 · 자본잠식),0.03,industry_band,1,,,,"EBITDA 적자 -2,493억 / 자본잠식 / 3년 순부채 +3,832억 vs EBITDA합 -2,503억 / 매출 1원 성장에 순부채 2.96원 / 유동비율 15% / 영업적자 2/3년 / 런웨이 1개월"
68.1,78.8,10.5,아주엠씨엠(주),00312084,,false,제조업,1차 금속,DISTRESS(구조조정형),758.1,0.065,-58,-0.076,189.2,,-3.715,0.249,15.2,0.1,3,0.001,70,,netdebt_inferred,,,,,,,,,,,,,,,부실·리파이낸싱,부실·리파이낸싱(negative): 구조적 악화 (영업적자 3/3년 · 자본잠식) | 성장자금형(positive): 매출 CAGR 7% + 마진 유지,0.02,company_history,3,,,,EBITDA 적자 -58억 / 자본잠식 / 3년 순부채 +0억 vs EBITDA합 -253억 / 유동비율 25% / 현금/매출 2% / 현금 2년 연속 감소 / 영업적자 3/3년 / 런웨이 3개월
68.1,73,21,이수건설(주),00115144,,false,건설업,종합 건설,DISTRESS(구조조정형),2110.9,-0.237,-197.2,-0.093,-7,,4.962,1.035,116.9,695.2,3,4.547,435,1435,measured_cashbridge,2025,audit,-493.2,1.3,,,-494.5,110,33.8,-258.6,-319.8,-31.9,0.0151,op+dep,부실·리파이낸싱,부실·리파이낸싱(negative): 구조적 악화 (영업적자 3/3년),0.025,company_history,3,UNLISTED_BLIND,,,"EBITDA 적자 -197억 / 부채비율 496% (3년 196%p↑) / 3년 순부채 +695억 vs EBITDA합 -1,060억 / 매출 1원 성장에 순부채 4.55원 / 유동비율 103% / 영업적자 3/3년 / 런웨이 3개월"
68.1,56.6,50.7,일동후디스(주),00107525,,false,제조업,식료품 제조,REFI(롤오버형),1867.9,-0.136,72.7,0.039,529.2,7.3,1.548,1.05,171.8,401.3,1.5,,0,20,measured_cashbridge,2025,audit,44.1,41.5,,,2.6,701,497.6,-11,32.9,0.2,0.0001,op+dep,부실·리파이낸싱,부실·리파이낸싱(negative): 구조적 악화 (영업적자 0/3년),0.02,company_history,,,,,순부채/EBITDA 7.3x / 3년 순부채 +401억 vs EBITDA합 268억 / 유동비율 105%
68.1,53.7,55.8,(주)케이.피.씨,00152446,,false,제조업,기타 기계·장비,REFI(롤오버형),842.6,0.018,52.7,0.063,299.1,5.7,0.745,1.167,75.1,184.8,3.268,4.569,0,0,measured_cashbridge,2025,audit,69.5,15.1,0.6,,54.4,374.2,338,-56.4,13.1,0.1,0.0001,op+dep,부실·리파이낸싱,부실·리파이낸싱(neutral): 레버리지·유동성 부담 — 구조적/일시적 판단 보류,0.02,company_history,,UNLISTED_BLIND,,,순부채/EBITDA 5.7x / EBITDA마진 2%→6% / 3년 순부채 +185억 vs EBITDA합 57억 / 매출 1원 성장에 순부채 4.57원 / 유동비율 117%
68.1,64.5,36.2,신풍금속(주),00137322,,false,제조업,1차 금속,REFI(롤오버형),515.7,-0.037,16.7,0.032,125.1,7.5,2.172,1.343,8.3,46.6,5.32,,20,37,measured_cashbridge,2025,audit,14.2,5.6,4,,8.7,133.4,123.5,-4.2,10,0,0,op+dep,부실·리파이낸싱,부실·리파이낸싱(negative): 구조적 악화 (영업적자 1/3년),0.02,company_history,,,,,순부채/EBITDA 7.5x / 부채비율 217% (3년 60%p↑) / 3년 순부채 +47억 vs EBITDA합 9억 / 현금/매출 2%
68.1,59.7,45,(주)광일금속,00405995,,false,제조업,1차 금속,REFI(롤오버형),1672.6,-0.088,27.1,0.016,495.4,18.3,1.844,1.148,84.2,100.6,0.695,,35,208,measured_cashbridge,2025,audit,19.3,59,,,-39.6,579.6,447.4,81.1,100.9,-0.5,0.0003,op+dep,부실·리파이낸싱,부실·리파이낸싱(negative): 구조적 악화 (영업적자 0/3년),0.02,company_history,,,,,순부채/EBITDA 18.3x / 3년 순부채 +101억 vs EBITDA합 145억 / 유동비율 115%
68.1,57.3,49.1,동진모타공업(주),00408619,,false,제조업,전기장비,TIGHT(유동성형),445.2,0.141,9.5,0.021,68.4,7.2,4.7,0.693,1.8,-15,-0.904,-0.103,0,,netdebt_inferred,,,,,,,,,,,,,,,부실·리파이낸싱,부실·리파이낸싱(positive): 레버리지 부담은 크나 매출 회복 + 마진 반등 — 시황 저점 진입 가능성 | 성장자금형(positive): 매출 CAGR 14% + 마진 유지,0.02,company_history,,,,,순부채/EBITDA 7.2x / 부채비율 470% / 유동비율 69% / 현금/매출 0% / 현금 2년 연속 감소
68.1,43.7,73.7,제이서해안고속도로(주),00675956,,false,사업지원·임대,임대업(부동산 제외),REFI(롤오버형),806.3,0.022,378.8,0.47,4343.7,11.5,35.532,0.236,176.3,-986.4,-0.507,-16.026,0,0,measured_cashbridge,2025,audit,473.2,61.5,,,411.8,4520,528.3,-431.8,-55.1,96.5,0.1197,op+dep,부실·리파이낸싱,부실·리파이낸싱(neutral): 레버리지·유동성 부담 — 구조적/일시적 판단 보류,0.015,company_history,,,,,순부채/EBITDA 11.5x / 부채비율 3553% / EBITDA마진 84%→47% / 유동비율 24%
68.1,55.4,52.7,크레텍책임(주),01023433,,false,도소매,도매·상품중개,REFI(롤오버형),3538.5,-0.041,161.3,0.046,1156.7,7.2,0.978,1.398,157.5,674.8,0.882,17.024,107,587,measured_cashbridge,2025,audit,79.4,196.9,60,,-117.5,1314.1,733.2,-40.5,142.9,-104,0.0294,op+dep,부실·리파이낸싱,부실·리파이낸싱(negative): 구조적 악화 (영업적자 0/3년),0.008,company_history,,,,,순부채/EBITDA 7.2x / 3년 순부채 +675억 vs EBITDA합 765억 / 매출 1원 성장에 순부채 17.02원 / 현금/매출 4% / 현금 2년 연속 감소
68.1,52.4,58,(주)교동식품,01088379,,false,제조업,식료품 제조,REFI(롤오버형),576,0.004,44.1,0.077,267.3,6.1,2.038,0.473,3.8,109.9,1.468,,6,6,measured_cashbridge,2025,audit,38,10.8,,,27.1,271.1,171.7,-33.5,4.2,0.3,0.0005,op+dep,부실·리파이낸싱,부실·리파이낸싱(positive): 레버리지 부담은 크나 매출 회복 + 마진 반등 — 시황 저점 진입 가능성,0.02,company_history,,UNLISTED_BLIND,,,순부채/EBITDA 6.1x / 부채비율 204% / 3년 순부채 +110억 vs EBITDA합 75억 / 유동비율 47% / 현금/매출 1%
68.1,54,55,(주)엠케이에스,00324432,,false,제조업,기타 제품 제조,TIGHT(유동성형),494,0.17,2.6,0.005,30.8,11.9,13.426,0.787,3.4,-1.5,-0.161,-0.008,0,,netdebt_inferred,,,,,,,,,,,,,,,부실·리파이낸싱,부실·리파이낸싱(neutral): 레버리지·유동성 부담 — 구조적/일시적 판단 보류 | 성장자금형(positive): 매출 CAGR 17% + 마진 유지,0.02,company_history,,,,,순부채/EBITDA 11.9x / 부채비율 1343% / 유동비율 79% / 현금/매출 1%
68.1,79.6,9.1,한국트린지오유한회사,01474725,,false,제조업,화학물질·화학제품,DISTRESS(구조조정형),529.2,-0.058,15.9,0.03,133,8.4,-7.636,0.444,42.2,80.5,3,34.406,0,24,measured_cashbridge,2025,audit,14.5,8.8,,,5.7,175.2,175.2,-1.8,8.7,4,0.0075,op+dep,부실·리파이낸싱,부실·리파이낸싱(negative): 구조적 악화 (영업적자 3/3년 · 자본잠식),0.054,company_history,,,,,순부채/EBITDA 8.4x / 자본잠식 / 3년 순부채 +80억 vs EBITDA합 -15억 / 매출 1원 성장에 순부채 34.41원 / 유동비율 44% / 영업적자 3/3년
68.1,51.4,60,(주)한컴금거래소,01477263,,false,도소매,도매·상품중개,DISTRESS(구조조정형),7535.1,0.22,50.8,0.007,35.9,0.7,2.811,0.984,84.1,34,3,,0,0,measured_cashbridge,2025,audit,45.2,0.1,,,45.2,120,120,-45.4,0.1,-0.2,0,op+dep,부실·리파이낸싱,부실·리파이낸싱(positive): 레버리지 부담은 크나 매출 회복 + 마진 반등 — 시황 저점 진입 가능성 | 성장자금형(positive): 매출 CAGR 22% + 마진 유지 · capex/매출 0.0%,0.008,company_history,,UNLISTED_BLIND,,,부채비율 281% (3년 86%p↑) / 3년 순부채 +34억 vs EBITDA합 -0억 / 유동비율 98% / 현금/매출 1%
68,55.9,51.3,넥스턴바이오,01811281,,false,전문·과학·기술,연구개발업,WC_BURN(운전자본형),316.4,0.231,7.7,0.024,453.6,59.1,0.706,2.326,106,581.7,25.978,3.966,146,,netdebt_inferred,,,,,,,,,,,,,,,부실·리파이낸싱,부실·리파이낸싱(negative): 구조적 악화 (영업적자 2/3년) | 성장자금형(positive): 매출 CAGR 23% + 마진 유지,0.1,company_history,74,,,,순부채/EBITDA 59.1x / 3년 순부채 +582억 vs EBITDA합 22억 / 매출 1원 성장에 순부채 3.97원 / 영업적자 2/3년
68,49.1,63.8,케어캠프(주),00348575,,false,도소매,도매·상품중개,TIGHT(유동성형),9391.5,0.108,153.7,0.016,39.9,0.3,22.525,0.932,45,396.6,1.264,0.16,120,,netdebt_inferred,,,,,,,,,,,,,,,부실·리파이낸싱,부실·리파이낸싱(positive): 레버리지 부담은 크나 매출 회복 + 마진 반등 — 시황 저점 진입 가능성 | 성장자금형(positive): 매출 CAGR 11% + 마진 유지,0.008,company_history,,,,,부채비율 2252% / 3년 순부채 +397억 vs EBITDA합 314억 / 유동비율 93% / 현금/매출 0% / 현금 2년 연속 감소
68,74.2,18.4,(주)평안철강,01329212,,false,도소매,도매·상품중개,REFI(롤오버형),346,-0.195,8.4,0.024,169.4,20.2,2.592,0.527,9.2,40.3,4.58,,25,55,measured_cashbridge,2025,audit,0.7,1,,,-0.3,178.7,178.7,-0.1,0.5,0.1,0.0003,op+dep,부실·리파이낸싱,부실·리파이낸싱(negative): 구조적 악화 (영업적자 1/3년),0.008,company_history,,UNLISTED_BLIND,,,순부채/EBITDA 20.2x / 부채비율 259% / 3년 순부채 +40억 vs EBITDA합 9억 / 유동비율 53% / 현금/매출 3% / 현금 2년 연속 감소
68,31.7,95,(주)비앤비코리아,01076240,,false,제조업,화학물질·화학제품,GROWTH(성장자금형),1411.7,0.398,281.7,0.2,-65.2,-0.2,0.589,2.385,123.3,484.1,2.258,0.433,90,427,measured_cashbridge,2025,audit,60.6,125.3,120,,-74,58.1,0,33.7,200.5,-106.2,0.0752,op+dep,성장,성장자금형(negative): 매출 CAGR 40% 인데 EBITDA마진 7.3%p 훼손 — 기존사업 하락을 외형성장으로 마스킹하는지 확인 필요 | 리캡(negative): 배당 120억 (매출의 8.5% · OCF의 198%) + 순부채 +34억 — 차입 배당 구조,0.02,company_history,,UNLISTED_BLIND,,,EBITDA마진 6%→20% / 3년 순부채 +484억 vs EBITDA합 214억
68,63.7,37.5,(주)글로벌하베스트,01864292,,false,도소매,도매·상품중개,REFI(롤오버형),468.5,,7,0.015,96.4,13.8,6.113,4.988,7,89.2,6.256,0.198,38,88,measured_cashbridge,2025,audit,-23.6,1.3,,,-24.9,103.3,,7.2,-14.1,-2.3,0.0049,op+dep,부실·리파이낸싱,부실·리파이낸싱(neutral): 레버리지·유동성 부담 — 구조적/일시적 판단 보류,0.014,company_history,4,,,,순부채/EBITDA 13.8x / 부채비율 611% (3년 611%p↑) / 3년 순부채 +89억 vs EBITDA합 14억 / 현금/매출 1% / 런웨이 4개월
67.9,70.3,25,충남스틸(주),01645484,,false,도소매,도매·상품중개,REFI(롤오버형),409,-0.115,3.1,0.008,21.8,7,1.661,0.891,0.2,11.3,3,,2,,netdebt_inferred,,,,,,,,,,,,,,,부실·리파이낸싱,부실·리파이낸싱(negative): 구조적 악화 (영업적자 1/3년),0.008,company_history,,,,,순부채/EBITDA 7.0x / 3년 순부채 +11억 vs EBITDA합 -1억 / 유동비율 89% / 현금/매출 0%
67.9,69,27.2,(주)무궁화,00121437,,false,제조업,화학물질·화학제품,DISTRESS(구조조정형),433.6,-0.005,-3.9,-0.009,235,,1.199,0.379,9.8,64.2,61.051,2.057,41,102,measured_cashbridge,2025,audit,-4.1,2.2,,,-6.2,244.8,244.1,7.4,-0.9,4.2,0.0097,op+dep,부실·리파이낸싱,부실·리파이낸싱(negative): 구조적 악화 (영업적자 1/3년),0.02,company_history,29,,,,EBITDA 적자 -4억 / 3년 순부채 +64억 vs EBITDA합 1억 / 매출 1원 성장에 순부채 2.06원 / 유동비율 38% / 현금/매출 2%
67.9,66.1,32.8,가온아이,00529772,,false,정보통신,출판업,REFI(롤오버형),412.6,-0.06,12.1,0.029,319.6,26.4,2.153,1.161,109.3,393,3.8,,0,0,measured_cashbridge,2025,audit,18.5,3.6,,,13.9,428.9,196.4,3.2,20.5,1.2,0.0028,op+dep,부실·리파이낸싱,부실·리파이낸싱(negative): 구조적 악화 (영업적자 1/3년),0.1,company_history,,UNLISTED_BLIND,,,순부채/EBITDA 26.4x / 부채비율 215% (3년 61%p↑) / EBITDA마진 7%→3% / 3년 순부채 +393억 vs EBITDA합 103억 / 유동비율 116%
67.9,49.5,62.5,주광정밀(주),00573311,,false,제조업,기타 기계·장비,DISTRESS(구조조정형),875.5,0.014,118.7,0.136,264.1,2.2,9.105,0.496,146.9,414.7,3,,0,0,measured_cashbridge,2025,audit,120.4,98.1,,,22.3,411,388.3,-75.9,52.4,-7.8,0.0089,op+dep,부실·리파이낸싱,부실·리파이낸싱(negative): 구조적 악화 (영업적자 3/3년),0.022,company_history,,UNLISTED_BLIND,,,부채비율 910% (3년 651%p↑) / 3년 순부채 +415억 vs EBITDA합 -192억 / 유동비율 50% / 영업적자 3/3년
67.9,48.8,63.6,(주)세고스,00657428,,false,제조업,금속가공제품,REFI(롤오버형),1248.9,-0.023,123.1,0.099,828.1,6.7,3.115,0.417,93,83.5,0.434,0.874,0,0,measured_cashbridge,2025,audit,101.6,14.7,,,86.9,921.1,864.3,-80,22.5,-0.9,0.0007,op+dep,부실·리파이낸싱,부실·리파이낸싱(negative): 구조적 악화 (영업적자 0/3년),0.021,company_history,,UNLISTED_BLIND,,,순부채/EBITDA 6.7x / 부채비율 311% / 3년 순부채 +83억 vs EBITDA합 193억 / 매출 1원 성장에 순부채 0.87원 / 유동비율 42%
67.9,62.7,38.7,(주)포탈하이웨이,00909118,,false,도소매,소매(자동차 제외),REFI(롤오버형),818,-0.016,18.1,0.022,221.2,12.2,1.677,0.433,34.8,68.5,1.047,,77,262,measured_cashbridge,2025,audit,15.1,93,0,,-77.9,256,176,72.9,88.1,0,0,op+dep,부실·리파이낸싱,부실·리파이낸싱(negative): 구조적 악화 (영업적자 0/3년),0.018,company_history,,,,,순부채/EBITDA 12.2x / 3년 순부채 +69억 vs EBITDA합 65억 / 유동비율 43% / 현금/매출 4%
67.9,73,20,(주)삼우에스앤티,01148440,,false,도소매,도매·상품중개,DISTRESS(구조조정형),372.9,-0.079,6.1,0.016,43.6,7.1,5.648,1.191,24.1,24.5,3,,23,78,measured_cashbridge,2025,audit,-20,2.2,,,-22.2,67.7,66,3.3,-12.5,-4.2,0.0113,op+dep,부실·리파이낸싱,부실·리파이낸싱(negative): 구조적 악화 (영업적자 2/3년),0.009,company_history,14,UNLISTED_BLIND,,,순부채/EBITDA 7.1x / 부채비율 565% / 3년 순부채 +25억 vs EBITDA합 -9억 / 유동비율 119% / 영업적자 2/3년 / 런웨이 14개월
67.9,48.8,63.7,(주)대신스틸,01030488,,false,도소매,도매·상품중개,TIGHT(유동성형),781.4,0.181,18.9,0.024,172.2,9.1,2.282,0.982,19,21.5,0.218,0.07,6,,netdebt_inferred,,,,,,,,,,,,,,,부실·리파이낸싱,부실·리파이낸싱(neutral): 레버리지·유동성 부담 — 구조적/일시적 판단 보류 | 성장자금형(negative): 매출 CAGR 18% 인데 EBITDA마진 2.8%p 훼손 — 기존사업 하락을 외형성장으로 마스킹하는지 확인 필요,0.008,company_history,,,,,순부채/EBITDA 9.1x / 부채비율 228% / EBITDA마진 5%→2% / 3년 순부채 +21억 vs EBITDA합 99억 / 유동비율 98% / 현금/매출 2%
67.9,63.4,37.5,패스트박스(주),01557514,,false,운수·물류,창고·운송관련 서비스,REFI(롤오버형),377.2,,4.7,0.013,134.4,28.6,1.329,1.544,8.9,134.4,1.189,0.299,0,0,measured_cashbridge,2025,audit,52.2,0.9,,,51.4,,,,0.7,,,op+dep,부실·리파이낸싱,부실·리파이낸싱(negative): 구조적 악화 (영업적자 3/3년),0.015,company_history,,UNLISTED_BLIND,,,순부채/EBITDA 28.6x / 3년 순부채 +134억 vs EBITDA합 113억 / 현금/매출 2% / 현금 2년 연속 감소 / 영업적자 3/3년
67.8,73.3,19.2,참엔지니어링,00269296,,false,제조업,기타 기계·장비,DISTRESS(구조조정형),649,-0.245,-338.8,-0.522,-61.9,,8.524,9.479,77.3,516,3,,165,,netdebt_inferred,,,,,,,,,,,,,,,부실·리파이낸싱,부실·리파이낸싱(negative): 구조적 악화 (영업적자 2/3년),0.081,company_history,3,,,,EBITDA 적자 -339억 / 부채비율 852% (3년 136%p↑) / EBITDA마진 -9%→-52% / 3년 순부채 +516억 vs EBITDA합 -561억 / 현금 2년 연속 감소 / 영업적자 2/3년 / 런웨이 3개월
67.8,63.2,37.5,디에이치산전(주),01733646,,false,도소매,도매·상품중개,REFI(롤오버형),493.1,,0.4,0.001,10.3,23.5,2.016,1.21,1.7,10.3,9.158,0.021,4,,netdebt_inferred,,,,,,,,,,,,,,,부실·리파이낸싱,부실·리파이낸싱(neutral): 레버리지·유동성 부담 — 구조적/일시적 판단 보류,0.015,industry_band,119,,,,순부채/EBITDA 23.5x / 부채비율 202% (3년 202%p↑) / 3년 순부채 +10억 vs EBITDA합 1억 / 현금/매출 0%
67.8,60.6,42,(주)삼강금속,00124948,,false,제조업,1차 금속,REFI(롤오버형),519.5,-0.079,18.1,0.035,362,20,1.182,0.546,26,227,4.459,,4,26,measured_cashbridge,2025,audit,30.4,0,,,30.4,388,388,-29.8,0,0.6,0.0012,op+dep,부실·리파이낸싱,부실·리파이낸싱(negative): 구조적 악화 (영업적자 0/3년),0.02,company_history,,,,,순부채/EBITDA 20.0x / 3년 순부채 +227억 vs EBITDA합 51억 / 유동비율 55%
67.8,48.8,63.4,(주)경동엔지니어링,00264750,,false,전문·과학·기술,건축기술·엔지니어링,TIGHT(유동성형),1190.4,0.048,57,0.048,44.3,0.8,0.715,0.73,24.4,199.3,1.784,1.515,0,0,measured_cashbridge,2025,audit,91,4.1,12.7,,86.9,68.7,68.7,-82.4,13.6,-3.9,0.0033,op+dep,부실·리파이낸싱,부실·리파이낸싱(positive): 레버리지 부담은 크나 매출 회복 + 마진 반등 — 시황 저점 진입 가능성,0.025,company_history,,,,,3년 순부채 +199억 vs EBITDA합 112억 / 매출 1원 성장에 순부채 1.51원 / 유동비율 73% / 현금/매출 2%
67.8,63.2,37.3,한국알루미나,00766832,,false,제조업,비금속 광물제품,REFI(롤오버형),495.6,-0.054,21.9,0.044,206.2,9.4,1.606,0.729,69.3,194.3,2.836,2.921,0,0,measured_cashbridge,2025,audit,31.2,1.3,,,29.9,275.6,275.6,-33.5,2.5,-4.8,0.0098,op+dep,부실·리파이낸싱,부실·리파이낸싱(negative): 구조적 악화 (영업적자 0/3년),0.033,company_history,,UNLISTED_BLIND,,,순부채/EBITDA 9.4x / 3년 순부채 +194억 vs EBITDA합 68억 / 매출 1원 성장에 순부채 2.92원 / 유동비율 73%
67.8,78.7,9.4,(주)엠지티앤씨,00929024,,false,도소매,도매·상품중개,DISTRESS(구조조정형),448.6,0.088,9.4,0.021,204.5,21.8,-15.173,0.73,3.2,38.4,3,12.42,86,223,measured_cashbridge,2025,audit,-51.4,0.8,,,-52.3,207.7,207.7,46.1,-6.1,0.7,0.0016,op+dep,부실·리파이낸싱,부실·리파이낸싱(negative): 구조적 악화 (영업적자 2/3년 · 자본잠식) | 성장자금형(positive): 매출 CAGR 9% + 마진 유지 · capex/매출 0.2%,0.008,company_history,1,,,,순부채/EBITDA 21.8x / 자본잠식 / 3년 순부채 +38억 vs EBITDA합 -33억 / 매출 1원 성장에 순부채 12.42원 / 유동비율 73% / 현금/매출 1% / 영업적자 2/3년 / 런웨이 1개월
67.8,52.2,57.3,한미프랜트(주),01458286,,false,건설업,전문직별 공사,TIGHT(유동성형),422.1,0.862,11.6,0.028,135.2,11.7,2.1,0.688,1.2,33,0.766,0.092,32,,netdebt_inferred,,,,,,,,,,,,,,,부실·리파이낸싱,부실·리파이낸싱(neutral): 레버리지·유동성 부담 — 구조적/일시적 판단 보류 | 성장자금형(positive): 매출 CAGR 86% + 마진 유지,0.025,company_history,,,,,순부채/EBITDA 11.7x / 부채비율 210% / 3년 순부채 +33억 vs EBITDA합 43억 / 유동비율 69% / 현금/매출 0%
67.8,63.1,37.5,해와달(주),01761649,,false,도소매,도매·상품중개,REFI(롤오버형),486.8,,1.4,0.003,9.7,6.9,3.39,1.352,2.4,9.7,1.967,0.02,3,,netdebt_inferred,,,,,,,,,,,,,,,부실·리파이낸싱,부실·리파이낸싱(neutral): 레버리지·유동성 부담 — 구조적/일시적 판단 보류,0.008,company_history,,,,,순부채/EBITDA 6.9x / 부채비율 339% (3년 339%p↑) / 3년 순부채 +10억 vs EBITDA합 5억 / 현금/매출 0%
67.7,41.9,75.4,우리산업,00225982,,false,건설업,전문직별 공사,GROWTH(성장자금형),5105.7,0.216,278.6,0.055,803.4,2.9,1.899,1.307,130.8,640.5,1.359,0.283,209,,netdebt_inferred,,,,,,,,,,,,,,,성장,성장자금형(positive): 매출 CAGR 22% + 마진 유지,0.025,company_history,,,,,3년 순부채 +641억 vs EBITDA합 471억 / 현금/매출 3%
67.7,42.3,74.6,네온테크,00872610,,false,제조업,기타 기계·장비,GROWTH(성장자금형),1044.5,0.279,54.4,0.052,246.5,4.5,1.396,1.066,159.1,133.8,1.725,0.245,0,,netdebt_inferred,,,,,,,,,,,,,,,부실·리파이낸싱,부실·리파이낸싱(positive): 레버리지 부담은 크나 매출 회복 + 마진 반등 — 시황 저점 진입 가능성 | 성장자금형(positive): 매출 CAGR 28% + 마진 유지,0.083,company_history,,,,,순부채/EBITDA 4.5x / 3년 순부채 +134억 vs EBITDA합 78억 / 유동비율 107%
67.7,68.8,26.8,동일조선(주),00455060,,false,제조업,기타 운송장비,REFI(롤오버형),307.1,-0.072,8,0.026,170.5,21.4,1.619,0.712,26,58.2,29.451,,11,,netdebt_inferred,,,,,,,,,,,,,,,부실·리파이낸싱,부실·리파이낸싱(negative): 구조적 악화 (영업적자 1/3년),0.02,company_history,144,,,,순부채/EBITDA 21.4x / 3년 순부채 +58억 vs EBITDA합 2억 / 유동비율 71% / 현금 2년 연속 감소
67.7,53.1,55.2,(주)메라톤,00144687,,false,제조업,고무·플라스틱제품,REFI(롤오버형),744.9,-0.094,58.9,0.079,630.2,10.7,1.116,1.519,13.3,248.5,2.088,3.034,135,391,measured_cashbridge,2025,audit,-91.7,3.4,,,-95.1,643.5,328.8,110.1,17.5,0.9,0.0012,op+dep,부실·리파이낸싱,부실·리파이낸싱(negative): 구조적 악화 (영업적자 0/3년),0.02,company_history,2,,,,순부채/EBITDA 10.7x / 3년 순부채 +249억 vs EBITDA합 119억 / 매출 1원 성장에 순부채 3.03원 / 현금/매출 2% / 런웨이 2개월
67.7,36.9,84.3,(주)비엠씨,01075427,,false,제조업,전자부품·컴퓨터·통신장비,GROWTH(성장자금형),3384.5,0.378,229.6,0.068,1503.5,6.5,0.806,1.263,553.7,534.2,0.813,0.256,0,,netdebt_inferred,,,,,,,,,,,,,,,부실·리파이낸싱,부실·리파이낸싱(neutral): 레버리지·유동성 부담 — 구조적/일시적 판단 보류 | 성장자금형(negative): 매출 CAGR 38% 인데 EBITDA마진 2.1%p 훼손 — 기존사업 하락을 외형성장으로 마스킹하는지 확인 필요,0.02,company_history,,,,,순부채/EBITDA 6.5x / EBITDA마진 9%→7% / 3년 순부채 +534억 vs EBITDA합 657억
67.7,64.4,34.9,(주)동진엠아이,00678184,,false,제조업,금속가공제품,DISTRESS(구조조정형),824.3,-0.043,36.9,0.045,371.2,10.1,1.876,0.931,10.7,46.4,3,,7,7,measured_cashbridge,2025,audit,21.7,0.3,0,,21.4,381.9,185.2,-8.5,9,4.3,0.0052,op+dep,부실·리파이낸싱,부실·리파이낸싱(negative): 구조적 악화 (영업적자 1/3년),0.02,company_history,,UNLISTED_BLIND,,,순부채/EBITDA 10.1x / 3년 순부채 +46억 vs EBITDA합 -37억 / 유동비율 93% / 현금/매출 1%
67.7,53.2,54.9,(주)대진종합금속,01215371,,false,제조업,1차 금속,REFI(롤오버형),561.5,0.021,32.5,0.058,219.6,6.8,1.419,0.71,26.4,64.6,0.595,1.68,12,47,measured_cashbridge,2025,audit,11.1,5.7,,,5.3,246,234.3,-5.7,8.6,-3.3,0.0059,op+dep,부실·리파이낸싱,부실·리파이낸싱(neutral): 레버리지·유동성 부담 — 구조적/일시적 판단 보류,0.02,company_history,,,,,순부채/EBITDA 6.8x / 3년 순부채 +65억 vs EBITDA합 109억 / 매출 1원 성장에 순부채 1.68원 / 유동비율 71% / 현금/매출 5%
67.7,67,30,(주)파츠몰에이투지,01206072,,false,도소매,자동차·부품 판매,REFI(롤오버형),407.1,-0.031,1.5,0.004,158.3,105.5,3.208,1.379,11.3,26.5,0.947,3.171,48,128,measured_cashbridge,2025,audit,-27.5,0,,,-27.5,169.6,151.8,19.5,-9.5,1.5,0.0038,op+dep,부실·리파이낸싱,부실·리파이낸싱(negative): 구조적 악화 (영업적자 0/3년),0.008,company_history,5,,,,순부채/EBITDA 105.5x / 부채비율 321% (3년 116%p↑) / 3년 순부채 +26억 vs EBITDA합 28억 / 매출 1원 성장에 순부채 3.17원 / 현금/매출 3% / 런웨이 5개월
67.7,63,37.5,(주)제이아이티인터내셔널,01361023,,false,도소매,도매·상품중개,REFI(롤오버형),625.1,-0.051,8.2,0.013,38.5,4.7,2.784,0.966,5.7,68.4,1.621,0.826,0,0,measured_cashbridge,2025,audit,24.8,0.9,3.5,,23.9,44.1,44.1,-20.9,3.8,0.2,0.0003,op+dep,부실·리파이낸싱,부실·리파이낸싱(negative): 구조적 악화 (영업적자 0/3년),0.008,company_history,,,,,순부채/EBITDA 4.7x / 부채비율 278% / 3년 순부채 +68억 vs EBITDA합 42억 / 매출 1원 성장에 순부채 0.83원 / 유동비율 97% / 현금/매출 1%
67.7,62.1,39.1,(주)포디아이,01551307,,false,도소매,도매·상품중개,REFI(롤오버형),931.9,-0.059,23.7,0.025,244.6,10.3,1.851,2.093,82.3,176.8,1.219,,7,161,measured_cashbridge,2025,audit,180.3,222.8,10,,-42.5,326.9,145.8,52.5,313,-80.3,0.0861,op+dep,부실·리파이낸싱,부실·리파이낸싱(negative): 구조적 악화 (영업적자 0/3년),0.008,company_history,,,,,순부채/EBITDA 10.3x / EBITDA마진 5%→3% / 3년 순부채 +177억 vs EBITDA합 145억 / 현금 2년 연속 감소
67.6,79.1,8.2,(주)누하스,01647118,,false,도소매,도매·상품중개,DISTRESS(구조조정형),427.7,,-49.2,-0.115,80.8,,-6.49,0.674,13.4,80.8,3,0.189,40,,netdebt_inferred,,,,,,,,,,,,,,,부실·리파이낸싱,부실·리파이낸싱(negative): 구조적 악화 (영업적자 2/3년 · 자본잠식),0.02,company_history,3,,,,EBITDA 적자 -49억 / 자본잠식 / EBITDA마진 -2%→-11% / 3년 순부채 +81억 vs EBITDA합 -51억 / 유동비율 67% / 현금/매출 3% / 영업적자 2/3년 / 런웨이 3개월
67.6,44,71.2,그린에코넥서스(주),01614819,,false,전문·과학·기술,건축기술·엔지니어링,REFI(롤오버형),403.2,0.056,108.8,0.27,435.4,4,1.083,0.52,14.3,298.2,2.974,0.891,0,0,measured_cashbridge,2025,audit,69.1,19.9,,,49.2,449.7,197.1,-99.7,-30.6,0,0,op+dep,부실·리파이낸싱,부실·리파이낸싱(positive): 레버리지 부담은 크나 매출 회복 + 마진 반등 — 시황 저점 진입 가능성 | 성장자금형(positive): 매출 CAGR 6% + 마진 유지 · capex/매출 4.9%,0.025,company_history,,UNLISTED_BLIND,,,순부채/EBITDA 4.0x / 3년 순부채 +298억 vs EBITDA합 100억 / 매출 1원 성장에 순부채 0.89원 / 유동비율 52% / 현금/매출 4%
67.6,58.5,45,신라철강(주),00136013,,false,제조업,1차 금속,REFI(롤오버형),5202,-0.027,97,0.019,878.1,9.1,2.244,1.183,149.8,559.2,2.137,0.56,0,27,measured_cashbridge,2025,audit,65.3,13.7,,,51.6,1028,742.7,-60.5,6.8,-2,0.0004,op+dep,부실·리파이낸싱,부실·리파이낸싱(negative): 구조적 악화 (영업적자 0/3년),0.02,company_history,,UNLISTED_BLIND,,,순부채/EBITDA 9.1x / 부채비율 224% / 3년 순부채 +559억 vs EBITDA합 262억 / 매출 1원 성장에 순부채 0.56원 / 유동비율 118% / 현금/매출 3%
67.6,28,100,(주)KAL호텔네트워크,00405135,,false,숙박·음식,숙박업,GROWTH(성장자금형),1198.3,0.158,213.8,0.178,2111.1,9.9,1.526,0.72,397.2,93.5,0.225,0.195,0,0,measured_cashbridge,2025,audit,262.3,15.2,,,238.1,2508.3,2500,-325,-125.7,63,0.0526,op+dep,부실·리파이낸싱,부실·리파이낸싱(positive): 레버리지 부담은 크나 매출 회복 + 마진 반등 — 시황 저점 진입 가능성 | 성장자금형(positive): 매출 CAGR 16% + 마진 유지 · capex/매출 1.3%,0.016,company_history,,UNLISTED_BLIND,,,순부채/EBITDA 9.9x / 3년 순부채 +93억 vs EBITDA합 415억 / 유동비율 72%
67.6,64.9,33.5,지오영네트웍스,00816881,,false,도소매,도매·상품중개,DISTRESS(구조조정형),12302.5,0.007,-32.7,-0.003,-213.2,,7.351,1.057,218.8,20.8,1.571,0.009,0,9,measured_cashbridge,2025,audit,-37.8,0,,,-44.6,5.6,5.6,176,-9.2,147.4,0.012,op+dep,부실·리파이낸싱,부실·리파이낸싱(negative): 구조적 악화 (영업적자 2/3년),0.008,company_history,69,,,,EBITDA 적자 -33억 / 부채비율 735% (3년 218%p↑) / 3년 순부채 +21억 vs EBITDA합 13억 / 유동비율 106% / 현금/매출 2% / 영업적자 2/3년
67.6,50.2,60.1,(주)대명오앤씨,01150083,,false,제조업,식료품 제조,TIGHT(유동성형),370.2,0.098,23.1,0.062,86.1,3.7,5.165,0.475,5,8.2,0.089,0.066,8,8,measured_cashbridge,2025,audit,19.7,4.3,,,15.4,91.1,90.7,-17.3,2.4,0,0,op+dep,부실·리파이낸싱,부실·리파이낸싱(neutral): 레버리지·유동성 부담 — 구조적/일시적 판단 보류 | 성장자금형(negative): 매출 CAGR 10% 인데 EBITDA마진 4.1%p 훼손 — 기존사업 하락을 외형성장으로 마스킹하는지 확인 필요,0.02,company_history,,UNLISTED_BLIND,,,순부채/EBITDA 3.7x / 부채비율 516% (3년 1584%p↑) / EBITDA마진 10%→6% / 3년 순부채 +8억 vs EBITDA합 92억 / 유동비율 47% / 현금/매출 1%
67.5,39,79.8,(주)이스파이스,01632781,,false,정보통신,컴퓨터 프로그래밍·SI,GROWTH(성장자금형),925,0.618,71.8,0.078,43.5,0.6,4.358,0.862,84.4,72.6,1.667,0.235,0,0,measured_cashbridge,2025,audit,56.9,12.9,0.5,,44,128,128,-43.5,15.7,-2.3,0.0025,op+dep,부실·리파이낸싱,부실·리파이낸싱(positive): 레버리지 부담은 크나 매출 회복 + 마진 반등 — 시황 저점 진입 가능성 | 성장자금형(positive): 매출 CAGR 62% + 마진 유지 · capex/매출 1.4%,0.025,company_history,,UNLISTED_BLIND,,,부채비율 436% / 3년 순부채 +73억 vs EBITDA합 44억 / 유동비율 86%
67.5,56.9,47.5,(주)삼표에너지,00128722,,false,제조업,코크스·석유정제품,REFI(롤오버형),1860.4,-0.003,12.5,0.007,457.9,36.7,3.149,0.153,2,-1.4,-0.023,,9,,netdebt_inferred,,,,,,,,,,,,,,,부실·리파이낸싱,부실·리파이낸싱(negative): 구조적 악화 (영업적자 0/3년),0.02,company_history,2,,,,순부채/EBITDA 36.7x / 부채비율 315% / 유동비율 15% / 현금/매출 0% / 현금 2년 연속 감소 / 런웨이 2개월
67.5,58.1,45.4,한신전선(주),00194965,,false,제조업,전기장비,REFI(롤오버형),1305.7,-0.017,25.1,0.019,469.4,18.7,1.032,1.503,0.1,104.5,1.228,,68,152,measured_cashbridge,2025,audit,-5.4,1.3,,,-6.8,469.6,354,7.2,1.7,0,0,op+dep,부실·리파이낸싱,부실·리파이낸싱(negative): 구조적 악화 (영업적자 0/3년),0.02,company_history,0,,,,순부채/EBITDA 18.7x / 3년 순부채 +105억 vs EBITDA합 85억 / 현금/매출 0% / 현금 2년 연속 감소 / 런웨이 0개월
67.5,60.6,40.9,(주)티에스피,00153597,,false,제조업,전자부품·컴퓨터·통신장비,REFI(롤오버형),514,-0.1,24.7,0.048,264.7,10.7,3.013,1.24,49.1,90.9,3,,0,,netdebt_inferred,,,,,,,,,,,,,,,부실·리파이낸싱,부실·리파이낸싱(negative): 구조적 악화 (영업적자 1/3년),0.046,company_history,,,,,순부채/EBITDA 10.7x / 부채비율 301% / 3년 순부채 +91억 vs EBITDA합 -2억
67.5,80.8,4.5,라인게임즈(주),01246894,,false,정보통신,출판업,DISTRESS(구조조정형),489.4,-0.127,-232.2,-0.474,1794.7,,-1.321,0.427,89.5,1724.6,3,,476,,netdebt_inferred,,,,,,,,,,,,,,,부실·리파이낸싱,부실·리파이낸싱(negative): 구조적 악화 (영업적자 3/3년 · 자본잠식),0.1,company_history,3,,,,"EBITDA 적자 -232억 / 자본잠식 / 3년 순부채 +1,725억 vs EBITDA합 -945억 / 유동비율 43% / 현금 2년 연속 감소 / 영업적자 3/3년 / 런웨이 3개월"
67.5,64,34.9,(주)지오하우스,00970189,,false,도소매,자동차·부품 판매,REFI(롤오버형),370.2,-0.107,13.4,0.036,282.6,21.1,1.952,0.239,10.9,87.4,3.224,,95,269,measured_cashbridge,2025,audit,8.9,70.3,5,,-61.3,293.5,244.1,52.2,61.1,0,0.0001,op+dep,부실·리파이낸싱,부실·리파이낸싱(negative): 구조적 악화 (영업적자 0/3년),0.009,company_history,,,,,순부채/EBITDA 21.1x / 3년 순부채 +87억 vs EBITDA합 27억 / 유동비율 24% / 현금/매출 3%
67.5,63.8,35,과천개발(주),01411443,,false,건설업,종합 건설,DISTRESS(구조조정형),737.1,,-36,-0.049,95.2,,7.139,1.138,41.8,-508.5,-4833.791,-0.69,0,,netdebt_inferred,,,,,,,,,,,,,,,부실·리파이낸싱,부실·리파이낸싱(negative): 구조적 악화 (영업적자 2/3년),0.057,company_history,12,,,,EBITDA 적자 -36억 / 부채비율 714% / EBITDA마진 7%→-5% / 유동비율 114% / 현금 2년 연속 감소 / 영업적자 2/3년 / 런웨이 12개월
67.5,62.5,37.5,강호에너지(주),01744040,,false,도소매,도매·상품중개,REFI(롤오버형),322.7,,0.8,0.003,7.6,9,2.845,1.327,3.7,7.6,1.777,0.023,3,,netdebt_inferred,,,,,,,,,,,,,,,부실·리파이낸싱,부실·리파이낸싱(neutral): 레버리지·유동성 부담 — 구조적/일시적 판단 보류,0.015,industry_band,,,,,순부채/EBITDA 9.0x / 부채비율 285% (3년 285%p↑) / 3년 순부채 +8억 vs EBITDA합 4억 / 현금/매출 1%
67.5,38.9,79.9,호법강남대성기숙학원(주),01446193,,false,교육,교육 서비스,WC_BURN(운전자본형),391.5,0.116,92.9,0.237,1.7,0,1.188,0.012,0.4,100.5,0.27,1.048,0,0,measured_cashbridge,2025,audit,133.8,27.8,,,104,2.1,1.8,1.1,31.7,103.2,0.2636,op+dep,부실·리파이낸싱,부실·리파이낸싱(neutral): 레버리지·유동성 부담 — 구조적/일시적 판단 보류 | 성장자금형(negative): 매출 CAGR 12% 인데 EBITDA마진 16.6%p 훼손 — 기존사업 하락을 외형성장으로 마스킹하는지 확인 필요,0.015,company_history,,,,,EBITDA마진 40%→24% / 3년 순부채 +101억 vs EBITDA합 372억 / 매출 1원 성장에 순부채 1.05원 / 유동비율 1% / 현금/매출 0% / 현금 2년 연속 감소
67.4,66.3,30.4,(주)소디프비앤에프,00217451,,false,제조업,식료품 제조,DISTRESS(구조조정형),321.4,-0.062,17.6,0.055,280.3,15.9,2.286,0.187,5.2,39.5,3,2.989,52,128,measured_cashbridge,2025,audit,9.7,18.4,,,-8.6,285.6,285.6,8.5,20.7,-2.5,0.0077,op+dep,부실·리파이낸싱,부실·리파이낸싱(negative): 구조적 악화 (영업적자 1/3년),0.02,company_history,,,,,순부채/EBITDA 15.9x / 부채비율 229% / 3년 순부채 +40억 vs EBITDA합 -14억 / 매출 1원 성장에 순부채 2.99원 / 유동비율 19% / 현금/매출 2%
67.4,34.9,86.7,(주)이스턴웰스,00576752,,false,운수·물류,창고·운송관련 서비스,GROWTH(성장자금형),590.1,0.145,61,0.103,234.6,3.8,1.585,0.2,3.2,16,0.133,0.081,9,,netdebt_inferred,,,,,,,,,,,,,,,부실·리파이낸싱,부실·리파이낸싱(positive): 레버리지 부담은 크나 매출 회복 + 마진 반등 — 시황 저점 진입 가능성 | 성장자금형(positive): 매출 CAGR 14% + 마진 유지,0.015,company_history,,,,,순부채/EBITDA 3.8x / 3년 순부채 +16억 vs EBITDA합 120억 / 유동비율 20% / 현금/매출 1% / 현금 2년 연속 감소
67.4,50.4,59,평화씨엠비(주),00206163,,false,제조업,고무·플라스틱제품,REFI(롤오버형),1292.4,0.052,61.6,0.048,337.8,5.5,5.732,1.012,10.7,85.8,0.98,0.235,0,0,measured_cashbridge,2025,audit,59.9,5.8,,,53.4,348.5,348.5,-48.4,11.4,0,0,op+dep,부실·리파이낸싱,부실·리파이낸싱(positive): 레버리지 부담은 크나 매출 회복 + 마진 반등 — 시황 저점 진입 가능성 | 성장자금형(positive): 매출 CAGR 5% + 마진 유지 · capex/매출 0.4%,0.02,company_history,,UNLISTED_BLIND,,,순부채/EBITDA 5.5x / 부채비율 573% / 3년 순부채 +86억 vs EBITDA합 88억 / 유동비율 101% / 현금/매출 1%
67.4,53.7,53.1,(주)케이피텍,00263238,,false,제조업,고무·플라스틱제품,REFI(롤오버형),669.1,-0.105,59.3,0.089,548.8,9.3,1.268,0.744,135.1,273.9,3,,0,0,measured_cashbridge,2025,audit,33,4.6,,,28.4,684,358.3,-37.6,3.1,-7.7,0.0115,op+dep,부실·리파이낸싱,부실·리파이낸싱(negative): 구조적 악화 (영업적자 1/3년),0.02,company_history,,,,,순부채/EBITDA 9.3x / 3년 순부채 +274억 vs EBITDA합 -3억 / 유동비율 74%
67.4,32.9,90.3,(주)마이텍,00910974,,false,제조업,기타 기계·장비,GROWTH(성장자금형),544.3,0.199,61.3,0.113,247.2,4,1.694,0.701,94.4,82.7,0.893,0.643,0,0,measured_cashbridge,2025,audit,87.7,18.5,0.5,,69.2,341.6,235.2,-56.3,31.4,-0.1,0.0001,op+dep,부실·리파이낸싱,부실·리파이낸싱(positive): 레버리지 부담은 크나 매출 회복 + 마진 반등 — 시황 저점 진입 가능성 | 성장자금형(positive): 매출 CAGR 20% + 마진 유지 · capex/매출 3.4%,0.045,company_history,,,,,순부채/EBITDA 4.0x / 3년 순부채 +83억 vs EBITDA합 93억 / 매출 1원 성장에 순부채 0.64원 / 유동비율 70%
67.4,36.6,83.8,정아정밀(주),00924533,,false,제조업,자동차·트레일러,GROWTH(성장자금형),1387.2,0.183,91.4,0.066,384,4.2,2.45,0.561,109.5,90.5,0.42,0.148,7,154,measured_cashbridge,2025,audit,54,103.2,,,-49.3,493.5,378,12.2,84.6,-18.4,0.0133,op+dep,부실·리파이낸싱,부실·리파이낸싱(positive): 레버리지 부담은 크나 매출 회복 + 마진 반등 — 시황 저점 진입 가능성 | 성장자금형(positive): 매출 CAGR 18% + 마진 유지 · capex/매출 7.4%,0.025,company_history,,,,,순부채/EBITDA 4.2x / 부채비율 245% / 3년 순부채 +91억 vs EBITDA합 215억 / 유동비율 56%
67.4,72.4,19.2,풀무원다논(주),00970462,,false,제조업,식료품 제조,TIGHT(유동성형),1334.9,0.107,50,0.037,574.8,11.5,-6.469,0.357,15.1,153,1.961,0.748,24,35,measured_cashbridge,2025,audit,73.7,27.3,,,41.8,589.9,576.8,-36.4,30,7.3,0.0055,op+dep,부실·리파이낸싱,부실·리파이낸싱(negative): 구조적 악화 (영업적자 1/3년 · 자본잠식) | 성장자금형(positive): 매출 CAGR 11% + 마진 유지 · capex/매출 2.0%,0.02,company_history,,,,,순부채/EBITDA 11.5x / 자본잠식 / 3년 순부채 +153억 vs EBITDA합 78억 / 매출 1원 성장에 순부채 0.75원 / 유동비율 36% / 현금/매출 1%
67.4,54.7,51.1,대원전력(주),01826238,,false,건설업,전문직별 공사,TIGHT(유동성형),646.6,,26.1,0.04,50.6,1.9,2.768,0.472,14.9,61.2,1.368,0.065,0,0,measured_cashbridge,2025,audit,37.4,9.4,1.3,,28,65.5,65.5,-10.6,26.8,0,0,op+dep,부실·리파이낸싱,부실·리파이낸싱(neutral): 레버리지·유동성 부담 — 구조적/일시적 판단 보류,0.025,company_history,,,,,부채비율 277% (3년 277%p↑) / 3년 순부채 +61억 vs EBITDA합 45억 / 유동비율 47% / 현금/매출 2% / 현금 2년 연속 감소
67.3,77.1,10.3,(주)대부메탈,01688063,,false,도소매,도매·상품중개,DISTRESS(구조조정형),597.7,0.026,-3.9,-0.006,1.6,,-1.833,0.338,0.4,0.4,3,0.009,2,,netdebt_inferred,,,,,,,,,,,,,,,부실·리파이낸싱,부실·리파이낸싱(negative): 구조적 악화 (영업적자 2/3년 · 자본잠식),0.008,company_history,1,,,,EBITDA 적자 -4억 / 자본잠식 / 3년 순부채 +0억 vs EBITDA합 -4억 / 유동비율 34% / 현금/매출 0% / 현금 2년 연속 감소 / 영업적자 2/3년 / 런웨이 1개월
67.3,62,37.5,가림종합건설(주),01686579,,false,건설업,종합 건설,REFI(롤오버형),333.3,,2,0.006,9.9,5,4.084,1.235,0,9.9,0.336,0.03,1,,netdebt_inferred,,,,,,,,,,,,,,,부실·리파이낸싱,부실·리파이낸싱(neutral): 레버리지·유동성 부담 — 구조적/일시적 판단 보류,0.025,company_history,,,,,순부채/EBITDA 5.0x / 부채비율 408% (3년 408%p↑) / EBITDA마진 6%→1% / 3년 순부채 +10억 vs EBITDA합 29억 / 현금/매출 0% / 현금 2년 연속 감소
67.3,56.2,47.9,금강기계공업(주),00207612,,false,제조업,금속가공제품,REFI(롤오버형),957.3,0.066,28.1,0.029,126.1,4.5,0.943,1.352,6.3,102.2,1.851,0.715,46,107,measured_cashbridge,2025,audit,39.6,31.1,34.5,,8.5,132.4,77.7,47.4,87,0,0,op+dep,부실·리파이낸싱,부실·리파이낸싱(neutral): 레버리지·유동성 부담 — 구조적/일시적 판단 보류 | 성장자금형(negative): 매출 CAGR 7% 인데 EBITDA마진 4.8%p 훼손 — 기존사업 하락을 외형성장으로 마스킹하는지 확인 필요 | 리캡(negative): 배당 35억 (매출의 3.6% · OCF의 87%) + 순부채 +47억 — 차입 배당 구조,0.02,company_history,,,,,순부채/EBITDA 4.5x / EBITDA마진 4%→3% / 3년 순부채 +102억 vs EBITDA합 55억 / 매출 1원 성장에 순부채 0.71원 / 현금/매출 1%
67.3,54.4,51.2,동아화학(주),00210847,,false,제조업,화학물질·화학제품,TIGHT(유동성형),696.4,-0.012,43.1,0.062,100.1,2.3,1.307,0.678,7.4,242.4,1.61,2.6,4,4,measured_cashbridge,2025,audit,24,4.8,,,19.2,107.5,107.5,-4.2,-29.2,49,0.0704,op+dep,부실·리파이낸싱,부실·리파이낸싱(negative): 구조적 악화 (영업적자 0/3년),0.02,company_history,,,,,3년 순부채 +242억 vs EBITDA합 151억 / 매출 1원 성장에 순부채 2.60원 / 유동비율 68% / 현금/매출 1%
67.3,79.6,6,(주)유에스컴로지스틱스,00873080,,false,운수·물류,창고·운송관련 서비스,DISTRESS(구조조정형),410.2,-0.116,4.2,0.01,118,28.1,-34.202,0.377,8.2,137.8,3,,45,112,measured_cashbridge,2025,audit,-17.8,0.4,,,-18.2,126.3,126.3,18.4,10.6,-0.1,0.0003,op+dep,부실·리파이낸싱,부실·리파이낸싱(negative): 구조적 악화 (영업적자 2/3년 · 자본잠식),0.015,company_history,6,UNLISTED_BLIND,,,순부채/EBITDA 28.1x / 자본잠식 / 3년 순부채 +138억 vs EBITDA합 -4억 / 유동비율 38% / 현금/매출 2% / 영업적자 2/3년 / 런웨이 6개월
67.3,44.4,69.3,범한메카텍(주),01182790,,false,제조업,금속가공제품,REFI(롤오버형),4151.1,0.069,239.1,0.058,1006.2,4.2,1.576,1.539,639.6,2136.1,1.565,0.834,0,0,measured_cashbridge,2025,audit,656.6,158.4,,,401.7,1645.8,1197.8,-378.1,,,,op+dep,부실·리파이낸싱,부실·리파이낸싱(neutral): 레버리지·유동성 부담 — 구조적/일시적 판단 보류 | 성장자금형(negative): 매출 CAGR 7% 인데 EBITDA마진 4.3%p 훼손 — 기존사업 하락을 외형성장으로 마스킹하는지 확인 필요,0.028,company_history,,UNLISTED_BLIND,,,"순부채/EBITDA 4.2x / EBITDA마진 10%→6% / 3년 순부채 +2,136억 vs EBITDA합 1,365억 / 매출 1원 성장에 순부채 0.83원"
67.2,44.5,68.5,한성기업,00387194,,false,건설업,종합 건설,TIGHT(유동성형),3324.9,0.097,135.2,0.041,985,7.3,2.606,0.956,52.6,73.6,0.218,0.091,40,,netdebt_inferred,,,,,,,,,,,,,,,부실·리파이낸싱,부실·리파이낸싱(positive): 레버리지 부담은 크나 매출 회복 + 마진 반등 — 시황 저점 진입 가능성 | 성장자금형(positive): 매출 CAGR 10% + 마진 유지,0.025,company_history,,,,,순부채/EBITDA 7.3x / 부채비율 261% / 3년 순부채 +74억 vs EBITDA합 337억 / 유동비율 96% / 현금/매출 2%
67.2,31.3,92.5,영화식품(주),00525192,,false,제조업,식료품 제조,GROWTH(성장자금형),813.7,0.179,110.7,0.136,540.2,4.9,1.7,0.412,197.1,125.3,0.616,0.375,0,0,measured_cashbridge,2025,audit,59.1,7.8,7.4,,51.3,737.3,737.3,-95.2,15.5,-51.6,0.0634,op+dep,부실·리파이낸싱,부실·리파이낸싱(neutral): 레버리지·유동성 부담 — 구조적/일시적 판단 보류 | 성장자금형(positive): 매출 CAGR 18% + 마진 유지 · capex/매출 1.0%,0.02,company_history,,,,,순부채/EBITDA 4.9x / 3년 순부채 +125억 vs EBITDA합 203억 / 유동비율 41%
67.2,49.2,60.3,(주)정아마린,00563785,,false,제조업,기타 운송장비,GROWTH(성장자금형),320.6,0.142,18.7,0.058,108.6,5.8,1.929,0.992,43.4,76.5,3.47,0.814,0,9,measured_cashbridge,2025,audit,13.1,3.4,7,,9.7,152,152,-9.8,8.3,-5,0.0155,op+dep,부실·리파이낸싱,부실·리파이낸싱(positive): 레버리지 부담은 크나 매출 회복 + 마진 반등 — 시황 저점 진입 가능성 | 성장자금형(positive): 매출 CAGR 14% + 마진 유지 · capex/매출 1.1%,0.066,company_history,,UNLISTED_BLIND,,,순부채/EBITDA 5.8x / 3년 순부채 +76억 vs EBITDA합 22억 / 매출 1원 성장에 순부채 0.81원 / 유동비율 99%
67.2,59.3,42.1,(주)서울약업,00660097,,false,도소매,도매·상품중개,REFI(롤오버형),519.9,0.011,6.6,0.013,86.4,13.1,16.475,1.057,0,-39.7,-4.495,-0.807,51,113,measured_cashbridge,2025,audit,-24.5,0.6,,,-25.1,86.4,72.5,4,-20.5,0,0,op+dep,부실·리파이낸싱,부실·리파이낸싱(positive): 레버리지 부담은 크나 매출 회복 + 마진 반등 — 시황 저점 진입 가능성,0.008,company_history,0,,,,순부채/EBITDA 13.1x / 부채비율 1648% (3년 806%p↑) / 유동비율 106% / 현금/매출 0% / 현금 2년 연속 감소 / 런웨이 0개월
67.2,54.9,49.8,한국프라스틱(주),01399673,,false,제조업,고무·플라스틱제품,REFI(롤오버형),699.1,-0.005,37.3,0.053,288,7.7,2.339,0.957,34.5,66.8,0.593,,8,,netdebt_inferred,,,,,,,,,,,,,,,부실·리파이낸싱,부실·리파이낸싱(negative): 구조적 악화 (영업적자 0/3년),0.02,company_history,,,,,순부채/EBITDA 7.7x / 부채비율 234% / 3년 순부채 +67억 vs EBITDA합 113억 / 유동비율 96% / 현금/매출 5%
67.2,70.7,21.5,(주)디엠산업,01078691,,false,제조업,자동차·트레일러,WC_BURN(운전자본형),659.7,0.394,44.5,0.067,353.7,7.9,-4.358,0.541,17.3,188.8,3,0.831,0,0,measured_cashbridge,2025,audit,38.6,23.4,,,15.2,371,86.4,-10,28.6,0,0,op+dep,부실·리파이낸싱,부실·리파이낸싱(negative): 구조적 악화 (영업적자 0/3년 · 자본잠식) | 성장자금형(positive): 매출 CAGR 39% + 마진 유지 · capex/매출 3.5%,0.02,company_history,,,,,순부채/EBITDA 7.9x / 자본잠식 / 3년 순부채 +189억 vs EBITDA합 -13억 / 매출 1원 성장에 순부채 0.83원 / 유동비율 54% / 현금/매출 3%
67.2,33.7,88.2,(주)서영산업개발,01294925,,false,건설업,종합 건설,WC_BURN(운전자본형),567.2,0.218,60,0.106,-14.6,-0.2,0.671,0.988,84.3,512.7,10.031,1.471,112,,netdebt_inferred,2025,audit,310.8,,,,,69.7,69.7,-264.4,44.7,1.7,0.003,op+dep,부실·리파이낸싱,부실·리파이낸싱(neutral): 레버리지·유동성 부담 — 구조적/일시적 판단 보류 | 성장자금형(positive): 매출 CAGR 22% + 마진 유지,0.084,company_history,,UNLISTED_BLIND,,,3년 순부채 +513억 vs EBITDA합 51억 / 매출 1원 성장에 순부채 1.47원 / 유동비율 99%
67.2,53.4,52.8,(주)이엠피서비스,01502471,,false,사업지원·임대,사업시설관리·조경,TIGHT(유동성형),817,0.084,7.5,0.009,52.4,7,9.126,0.769,11.9,-1.8,-0.066,-0.011,14,27,measured_cashbridge,2025,audit,1.9,2.7,,,-0.8,64.3,56.6,1.4,-5.9,9.1,0.0112,op+dep,부실·리파이낸싱,부실·리파이낸싱(neutral): 레버리지·유동성 부담 — 구조적/일시적 판단 보류,0.015,company_history,,,,,순부채/EBITDA 7.0x / 부채비율 913% / 유동비율 77% / 현금/매출 1%
67.2,56,48,리소스뱅크(주),00932523,,false,광업,석탄·원유·천연가스 광업,REFI(롤오버형),404.7,,22.3,0.055,100.1,4.5,3.074,0.606,18.7,100.1,2.633,0.247,33,,netdebt_inferred,,,,,,,,,,,,,,,부실·리파이낸싱,부실·리파이낸싱(positive): 레버리지 부담은 크나 매출 회복 + 마진 반등 — 시황 저점 진입 가능성,0.015,company_history,,,,,순부채/EBITDA 4.5x / 부채비율 307% (3년 307%p↑) / 3년 순부채 +100억 vs EBITDA합 38억 / 유동비율 61% / 현금/매출 5%
67.2,58.4,43.8,(주)카카오엔터프라이즈,01411434,,false,정보통신,출판업,DISTRESS(구조조정형),1697.5,0.013,,,-411.6,,4.814,0.729,583.2,2276.3,3,5.79,0,71,measured_cashbridge,2025,audit,-56.8,35.1,,,-175.9,171.6,51.3,-2309.2,198.8,2.8,0.0017,unavailable,부실·리파이낸싱,부실·리파이낸싱(negative): 구조적 악화 (영업적자 3/3년),0.066,company_history,123,,,,"부채비율 481% (3년 176%p↑) / 3년 순부채 +2,276억 vs EBITDA합 -2,207억 / 매출 1원 성장에 순부채 5.79원 / 유동비율 73% / 영업적자 3/3년"
67.1,57.5,44.9,수월한(주),01739862,,false,도소매,도매·상품중개,REFI(롤오버형),310.7,,13.8,0.045,104.2,7.6,1.496,1.663,3.4,80.5,2.518,0.237,45,101,measured_cashbridge,2025,audit,-12.9,10.5,,,-23.4,107.6,60,23.7,10.8,0,0,op+dep,부실·리파이낸싱,부실·리파이낸싱(neutral): 레버리지·유동성 부담 — 구조적/일시적 판단 보류,0.011,company_history,3,,,,순부채/EBITDA 7.6x / 3년 순부채 +81억 vs EBITDA합 32억 / 현금/매출 1% / 현금 2년 연속 감소 / 런웨이 3개월
67.1,61.7,37.5,성경수산(주),00250623,,false,농림어업,어업,REFI(롤오버형),419.9,,6.6,0.016,101.3,15.4,1.606,1.602,0.7,101.3,2.345,0.241,37,,netdebt_inferred,,,,,,,,,,,,,,,부실·리파이낸싱,부실·리파이낸싱(neutral): 레버리지·유동성 부담 — 구조적/일시적 판단 보류,0.015,company_history,26,,,,순부채/EBITDA 15.4x / EBITDA마진 4%→2% / 3년 순부채 +101억 vs EBITDA합 43억 / 현금/매출 0%
67.1,26.9,100,한림건설(주),00251826,,false,미분류,,WC_BURN(운전자본형),2043,0.214,274.2,0.134,488.2,1.8,0.207,2.694,619.4,3107.6,2.047,3.446,915,,netdebt_inferred,,,,,,,,,,,,,,,성장,성장자금형(positive): 매출 CAGR 21% + 마진 유지,0.082,company_history,,,,,"3년 순부채 +3,108억 vs EBITDA합 1,518억 / 매출 1원 성장에 순부채 3.45원"
67.1,40.4,75.8,(주)티에스오토모티브,00208727,,false,제조업,자동차·트레일러,REFI(롤오버형),659.6,0.064,70.1,0.106,329.4,4.7,2.881,0.382,36.3,36.1,0.146,,20,83,measured_cashbridge,2025,audit,90,96.8,,,-6.8,365.7,320.7,9,98.9,0.2,0.0003,op+dep,부실·리파이낸싱,부실·리파이낸싱(neutral): 레버리지·유동성 부담 — 구조적/일시적 판단 보류 | 성장자금형(negative): 매출 CAGR 6% 인데 EBITDA마진 3.1%p 훼손 — 기존사업 하락을 외형성장으로 마스킹하는지 확인 필요,0.02,company_history,,,,,순부채/EBITDA 4.7x / 부채비율 288% / EBITDA마진 14%→11% / 3년 순부채 +36억 vs EBITDA합 248억 / 유동비율 38%
67.1,56.3,47.2,(주)쟈뎅,00413301,,false,제조업,식료품 제조,REFI(롤오버형),748.6,-0.063,39.2,0.052,306.4,7.8,1.697,0.88,71.2,99.7,1.346,9.29,0,94,measured_cashbridge,2025,audit,-3.8,6.7,,,-10.5,377.6,377.6,27.5,1,22.7,0.0303,op+dep,부실·리파이낸싱,부실·리파이낸싱(negative): 구조적 악화 (영업적자 0/3년),0.02,company_history,225,UNLISTED_BLIND,,,순부채/EBITDA 7.8x / 3년 순부채 +100억 vs EBITDA합 74억 / 매출 1원 성장에 순부채 9.29원 / 유동비율 88%
67.1,62.3,36.3,미성통상(주),00575382,,false,도소매,도매·상품중개,REFI(롤오버형),379.3,-0.014,14.5,0.038,111.3,7.7,0.189,0.672,1.3,80.8,1.66,,32,60,measured_cashbridge,2025,audit,33.4,37.6,,,-4.2,112.7,112.7,13.4,41.3,5.6,0.0147,op+dep,부실·리파이낸싱,부실·리파이낸싱(negative): 구조적 악화 (영업적자 0/3년),0.008,company_history,,,,,순부채/EBITDA 7.7x / 3년 순부채 +81억 vs EBITDA합 49억 / 유동비율 67% / 현금/매출 0%
67.1,39.1,78.1,(주)피엔케이인더스트리,00562333,,false,제조업,고무·플라스틱제품,GROWTH(성장자금형),721.1,0.206,51.8,0.072,213.6,4.1,2.025,0.847,20.5,76.7,0.648,0.247,26,,netdebt_inferred,,,,,,,,,,,,,,,부실·리파이낸싱,부실·리파이낸싱(positive): 레버리지 부담은 크나 매출 회복 + 마진 반등 — 시황 저점 진입 가능성 | 성장자금형(positive): 매출 CAGR 21% + 마진 유지,0.02,company_history,,,,,순부채/EBITDA 4.1x / 부채비율 202% / 3년 순부채 +77억 vs EBITDA합 118억 / 유동비율 85% / 현금/매출 3%
67.1,37.8,80.4,성신공업(주),00577821,,false,제조업,자동차·트레일러,GROWTH(성장자금형),541.2,0.303,43,0.08,128.9,3,3.155,0.681,20.7,22.7,0.264,0.077,2,,netdebt_inferred,,,,,,,,,,,,,,,부실·리파이낸싱,부실·리파이낸싱(positive): 레버리지 부담은 크나 매출 회복 + 마진 반등 — 시황 저점 진입 가능성 | 성장자금형(positive): 매출 CAGR 30% + 마진 유지,0.038,company_history,,,,,부채비율 316% (3년 67%p↑) / 3년 순부채 +23억 vs EBITDA합 86억 / 유동비율 68% / 현금/매출 4%
67.1,38.4,79.3,(주)함소아제약,00618137,,false,제조업,의료용물질·의약품,GROWTH(성장자금형),804.3,0.324,74.6,0.093,641.8,8.6,1.662,0.674,16.2,8.9,0.157,0.028,188,557,measured_cashbridge,2025,audit,-142.7,6.4,,,-149.1,658,351.6,151.9,8.2,0.9,0.0012,op+dep,부실·리파이낸싱,부실·리파이낸싱(positive): 레버리지 부담은 크나 매출 회복 + 마진 반등 — 시황 저점 진입 가능성 | 성장자금형(positive): 매출 CAGR 32% + 마진 유지 · capex/매출 0.8%,0.02,company_history,1,,,,순부채/EBITDA 8.6x / 3년 순부채 +9억 vs EBITDA합 56억 / 유동비율 67% / 현금/매출 2% / 런웨이 1개월
67.1,49.5,59.2,세한비지네스폼(주),00833301,,false,제조업,인쇄·기록매체 복제,TIGHT(유동성형),610.5,0.047,36.4,0.06,79.5,2.2,3.173,0.578,13.3,109.5,1.836,0.734,0,0,measured_cashbridge,2025,audit,42.9,15.3,,,27.5,92.8,92.8,-72.5,17.7,-47.4,0.0777,op+dep,부실·리파이낸싱,부실·리파이낸싱(positive): 레버리지 부담은 크나 매출 회복 + 마진 반등 — 시황 저점 진입 가능성,0.02,company_history,,UNLISTED_BLIND,,,부채비율 317% / 3년 순부채 +110억 vs EBITDA합 60억 / 매출 1원 성장에 순부채 0.73원 / 유동비율 58% / 현금/매출 2%
67.1,52,54.9,(주)나우스,00917667,,false,제조업,펄프·종이 제조,REFI(롤오버형),736,-0.031,57.3,0.078,476,8.3,1.723,0.795,2.3,83.3,0.545,,41,89,measured_cashbridge,2025,audit,12.2,0.9,0.4,,11.3,478.3,344.2,-10.4,-7.2,9,0.0122,op+dep,부실·리파이낸싱,부실·리파이낸싱(negative): 구조적 악화 (영업적자 0/3년),0.02,company_history,,,,,순부채/EBITDA 8.3x / 3년 순부채 +83억 vs EBITDA합 153억 / 유동비율 80% / 현금/매출 0%
67.1,55.3,48.8,월드페이퍼(주),01031779,,false,도소매,도매·상품중개,REFI(롤오버형),693.3,0.057,13.2,0.019,101.5,7.7,4.923,0.903,40.5,29.6,0.718,0.303,7,44,measured_cashbridge,2025,audit,-4.9,2.3,0.4,,-7.2,142,134.6,4.9,0.4,-0.4,0.0005,op+dep,부실·리파이낸싱,부실·리파이낸싱(neutral): 레버리지·유동성 부담 — 구조적/일시적 판단 보류 | 성장자금형(positive): 매출 CAGR 6% + 마진 유지 · capex/매출 0.3%,0.043,company_history,99,,,,순부채/EBITDA 7.7x / 부채비율 492% / 3년 순부채 +30억 vs EBITDA합 41억 / 유동비율 90%
67.1,71.5,19.5,(주)농협하나로유통,01065040,,false,도소매,도매·상품중개,DISTRESS(구조조정형),11804.1,-0.05,-231.7,-0.02,1436.5,,0.713,0.249,4.8,284.7,3,,611,1665,measured_cashbridge,2025,audit,-359.6,43.5,,,-412.4,1441.4,1434.5,467.1,108,-0.5,0,op+dep,부실·리파이낸싱,부실·리파이낸싱(negative): 구조적 악화 (영업적자 3/3년),0.008,company_history,0,,,,EBITDA 적자 -232억 / 3년 순부채 +285억 vs EBITDA합 -317억 / 유동비율 25% / 현금/매출 0% / 영업적자 3/3년 / 런웨이 0개월
67.1,65.7,30,(주)삼보,00173245,,false,건설업,종합 건설,REFI(롤오버형),392.5,-0.036,1,0.003,184.6,176,0.3,0.155,0.2,20.3,0.839,,9,,netdebt_inferred,,,,,,,,,,,,,,,부실·리파이낸싱,부실·리파이낸싱(negative): 구조적 악화 (영업적자 1/3년),0.025,company_history,0,,,,순부채/EBITDA 176.0x / EBITDA마진 2%→0% / 3년 순부채 +20억 vs EBITDA합 24억 / 유동비율 16% / 현금/매출 0% / 런웨이 0개월
67.1,68.2,25.6,(주)에스알건설,00454511,,false,건설업,종합 건설,WC_BURN(운전자본형),679.7,1.173,76.5,0.113,1114.6,14.6,-7.586,0.859,7.7,336.1,3.496,0.548,132,,netdebt_inferred,,,,,,,,,,,,,,,부실·리파이낸싱,부실·리파이낸싱(negative): 구조적 악화 (영업적자 1/3년 · 자본잠식) | 성장자금형(positive): 매출 CAGR 117% + 마진 유지,0.025,company_history,,,,,순부채/EBITDA 14.6x / 자본잠식 / 3년 순부채 +336억 vs EBITDA합 96억 / 매출 1원 성장에 순부채 0.55원 / 유동비율 86% / 현금/매출 1% / 현금 2년 연속 감소
67.1,72.1,18.8,주은주택건설(주),01312133,,false,건설업,종합 건설,DISTRESS(구조조정형),706.6,0.342,-69.6,-0.098,559.9,,-16.175,2.45,357.1,676.7,6.562,1.619,170,1082,measured_cashbridge,2025,audit,-386.1,0,,,-386.1,917,467,201.4,-184.7,0,0,op+dep,부실·리파이낸싱,부실·리파이낸싱(negative): 구조적 악화 (영업적자 0/3년 · 자본잠식) | 성장자금형(negative): 매출 CAGR 34% 인데 EBITDA마진 7.5%p 훼손 — 기존사업 하락을 외형성장으로 마스킹하는지 확인 필요,0.1,company_history,11,UNLISTED_BLIND,,,EBITDA 적자 -70억 / 자본잠식 / EBITDA마진 9%→-10% / 3년 순부채 +677억 vs EBITDA합 103억 / 매출 1원 성장에 순부채 1.62원 / 런웨이 11개월
67.1,63.1,35,(주)교원,00185718,,false,정보통신,출판업,DISTRESS(구조조정형),3158.7,-0.042,-55.7,-0.018,2758.5,,3.291,0.663,155.6,-912.7,0,,99,,netdebt_inferred,,,,,,,,,,,,,,,부실·리파이낸싱,부실·리파이낸싱(negative): 구조적 악화 (영업적자 3/3년),0.025,company_history,9,,,,EBITDA 적자 -56억 / 부채비율 329% (3년 66%p↑) / 유동비율 66% / 현금/매출 5% / 영업적자 3/3년 / 런웨이 9개월
67.1,61.5,37.5,엘앤케이에너지(주),01732975,,false,도소매,소매(자동차 제외),REFI(롤오버형),534.5,-0.048,5.4,0.01,69.1,12.8,2.238,0.977,18.9,76.3,1.766,0.136,1,2,measured_cashbridge,2025,audit,4.6,1,,,3.7,88,46.3,-7.2,-2.5,0,0,op+dep,부실·리파이낸싱,부실·리파이낸싱(negative): 구조적 악화 (영업적자 0/3년),0.021,company_history,,UNLISTED_BLIND,,,순부채/EBITDA 12.8x / 부채비율 224% (3년 82%p↑) / 3년 순부채 +76억 vs EBITDA합 43억 / 유동비율 98% / 현금/매출 4%
67.1,54.8,49.8,(주)두레농산,01824568,,false,제조업,식료품 제조,REFI(롤오버형),888.9,,32.1,0.036,129.6,4,2.274,1.005,11,129.6,2.156,0.146,37,,netdebt_inferred,,,,,,,,,,,,,,,부실·리파이낸싱,부실·리파이낸싱(neutral): 레버리지·유동성 부담 — 구조적/일시적 판단 보류,0.04,industry_band,,,,,순부채/EBITDA 4.0x / 부채비율 227% (3년 227%p↑) / 3년 순부채 +130억 vs EBITDA합 60억 / 유동비율 101% / 현금/매출 1%
67,47.5,62.5,(주)나노아이티,01629273,,false,정보통신,출판업,TIGHT(유동성형),625.3,0.296,9.8,0.016,66.4,6.8,1.922,0.671,8.7,5.5,0.176,0.024,0,0,measured_cashbridge,2025,audit,19.7,2.9,0,,16.8,75.1,65,-11.9,7.9,0,0,op+dep,부실·리파이낸싱,부실·리파이낸싱(neutral): 레버리지·유동성 부담 — 구조적/일시적 판단 보류 | 성장자금형(positive): 매출 CAGR 30% + 마진 유지 · capex/매출 0.5%,0.025,company_history,,,,,순부채/EBITDA 6.8x / 3년 순부채 +5억 vs EBITDA합 31억 / 유동비율 67% / 현금/매출 1%
67,53.4,51.9,(주)씨티알홀딩스,00234403,,false,제조업,자동차·트레일러,REFI(롤오버형),2641.2,-0.088,113.4,0.043,821.8,7.2,1.348,0.852,284.3,87.3,0.512,,0,388,measured_cashbridge,2025,audit,-63.5,44.8,,,-108.3,1106.1,982.9,49.4,12.5,-26.6,0.0101,op+dep,부실·리파이낸싱,부실·리파이낸싱(negative): 구조적 악화 (영업적자 1/3년),0.02,company_history,54,,,,순부채/EBITDA 7.2x / EBITDA마진 6%→4% / 3년 순부채 +87억 vs EBITDA합 171억 / 유동비율 85%
67,46.3,64.8,(주)TSR,00153603,,false,제조업,고무·플라스틱제품,REFI(롤오버형),1553.2,0.016,105.9,0.068,512.2,4.8,2.192,0.669,71.1,106.9,0.788,0.503,0,0,measured_cashbridge,2025,audit,110.2,31.8,12.8,,78.4,583.3,507.9,-41.2,59.8,9.3,0.006,op+dep,부실·리파이낸싱,부실·리파이낸싱(neutral): 레버리지·유동성 부담 — 구조적/일시적 판단 보류,0.02,company_history,,,,,순부채/EBITDA 4.8x / 부채비율 219% (3년 54%p↑) / 3년 순부채 +107억 vs EBITDA합 136억 / 매출 1원 성장에 순부채 0.50원 / 유동비율 67% / 현금/매출 5%
67,45.4,66.1,(주)제이앤에이취프레스,00918745,,false,제조업,기타 기계·장비,WC_BURN(운전자본형),434.6,0.086,38.5,0.089,144.1,3.7,1.533,0.893,3.6,98.2,0.74,1.034,41,,netdebt_inferred,,,,,,,,,,,,,,,부실·리파이낸싱,부실·리파이낸싱(neutral): 레버리지·유동성 부담 — 구조적/일시적 판단 보류 | 성장자금형(positive): 매출 CAGR 9% + 마진 유지,0.02,company_history,,,,,순부채/EBITDA 3.7x / 3년 순부채 +98억 vs EBITDA합 133억 / 매출 1원 성장에 순부채 1.03원 / 유동비율 89% / 현금/매출 1%
67,54.3,50.1,(주)그랜드우성,01011988,,false,제조업,기타 기계·장비,REFI(롤오버형),580.9,-0.003,31.2,0.054,148,4.7,9.771,0.702,15.9,-12.9,-0.201,,0,,netdebt_inferred,,,,,,,,,,,,,,,부실·리파이낸싱,부실·리파이낸싱(negative): 구조적 악화 (영업적자 2/3년),0.02,company_history,,,,,순부채/EBITDA 4.7x / 부채비율 977% (3년 403%p↑) / 유동비율 70% / 현금/매출 3% / 영업적자 2/3년
67,47.8,61.9,(주)삼주,01349632,,false,제조업,화학물질·화학제품,TIGHT(유동성형),843.6,0.105,33.7,0.04,139.7,4.1,6.921,0.617,9.3,-2.3,-0.026,-0.01,6,6,measured_cashbridge,2025,audit,24.7,12.4,0,,12.3,149,91.7,-10.9,13.7,0.1,0.0002,op+dep,부실·리파이낸싱,부실·리파이낸싱(neutral): 레버리지·유동성 부담 — 구조적/일시적 판단 보류,0.02,company_history,,UNLISTED_BLIND,,,순부채/EBITDA 4.1x / 부채비율 692% (3년 194%p↑) / 유동비율 62% / 현금/매출 1%
67,68.3,25,(주)알피오,01568422,,false,도소매,도매·상품중개,REFI(롤오버형),336.9,-0.12,4.4,0.013,36.9,8.4,3.571,1.187,32.2,59.5,81.88,,0,0,measured_cashbridge,2025,audit,14.8,0,,,14.8,69.2,57.5,-12.9,13.8,-11.9,0.0355,op+dep,부실·리파이낸싱,부실·리파이낸싱(negative): 구조적 악화 (영업적자 0/3년),0.026,company_history,,UNLISTED_BLIND,,,순부채/EBITDA 8.4x / 부채비율 357% / 3년 순부채 +60억 vs EBITDA합 1억 / 유동비율 119% / 현금 2년 연속 감소
67,74.9,13.2,아이에스오일(주),01504336,,false,도소매,소매(자동차 제외),DISTRESS(구조조정형),2763.2,0.075,-11.7,-0.004,21.7,,-23.548,0.924,0.8,2.1,3,0.004,21,,netdebt_inferred,,,,,,,,,,,,,,,부실·리파이낸싱,부실·리파이낸싱(negative): 구조적 악화 (영업적자 3/3년 · 자본잠식) | 성장자금형(positive): 매출 CAGR 7% + 마진 유지,0.008,company_history,1,,,,EBITDA 적자 -12억 / 자본잠식 / 3년 순부채 +2억 vs EBITDA합 -87억 / 유동비율 92% / 현금/매출 0% / 영업적자 3/3년 / 런웨이 1개월
66.9,35.6,83.5,에스지생활안전(주),00125099,,false,제조업,기타 제품 제조,GROWTH(성장자금형),1230.6,0.217,79.9,0.065,383.8,4.8,2.528,1.201,11.9,21.5,0.084,0.035,127,356,measured_cashbridge,2025,audit,-21.3,67.9,,,-89.2,395.7,250.7,86,61.2,3.5,0.0029,op+dep,부실·리파이낸싱,부실·리파이낸싱(neutral): 레버리지·유동성 부담 — 구조적/일시적 판단 보류 | 성장자금형(negative): 매출 CAGR 22% 인데 EBITDA마진 2.7%p 훼손 — 기존사업 하락을 외형성장으로 마스킹하는지 확인 필요,0.02,company_history,7,,,,순부채/EBITDA 4.8x / 부채비율 253% / EBITDA마진 9%→6% / 3년 순부채 +21억 vs EBITDA합 256억 / 현금/매출 1% / 런웨이 7개월
66.9,64,32.5,세윤철강(주),00577265,,false,제조업,1차 금속,DISTRESS(구조조정형),739.9,-0.041,-5.2,-0.007,120.1,,3.73,0.53,1,-16,-2.063,-0.217,24,33,measured_cashbridge,2025,audit,5.4,3.7,,,1.7,121.2,61.7,-0.7,3.5,1.2,0.0016,op+dep,부실·리파이낸싱,부실·리파이낸싱(negative): 구조적 악화 (영업적자 3/3년),0.02,company_history,,,,,EBITDA 적자 -5억 / 부채비율 373% / 유동비율 53% / 현금/매출 0% / 현금 2년 연속 감소 / 영업적자 3/3년
66.9,57.7,43.7,(주)에듀윌,00875875,,false,교육,교육 서비스,TIGHT(유동성형),823.5,-0.174,148.4,0.18,563.3,3.8,15.583,0.36,2.5,244.2,1.106,,0,0,measured_cashbridge,2025,audit,76.7,20.1,,,56.6,565.8,342.7,-62.1,27.7,-13.1,0.0159,op+dep,부실·리파이낸싱,부실·리파이낸싱(negative): 구조적 악화 (영업적자 1/3년),0.015,company_history,,,,,순부채/EBITDA 3.8x / 부채비율 1558% (3년 3934%p↑) / 3년 순부채 +244억 vs EBITDA합 221억 / 유동비율 36% / 현금/매출 0%
66.9,38.9,77.4,조일산업(주),01011261,,false,제조업,자동차·트레일러,GROWTH(성장자금형),705.3,0.151,60.8,0.086,136.1,2.2,1.562,1.148,9.8,43.9,2.273,0.34,0,0,measured_cashbridge,2025,audit,69.6,5.3,,,64.3,145.9,93.9,-54.3,17,-1.7,0.0025,op+dep,성장,성장자금형(positive): 매출 CAGR 15% + 마진 유지 · capex/매출 0.8%,0.02,company_history,,UNLISTED_BLIND,,,3년 순부채 +44억 vs EBITDA합 19억 / 유동비율 115% / 현금/매출 1%
66.9,58,43.3,(주)위즈컴퍼니,01560697,,false,도소매,소매(자동차 제외),REFI(롤오버형),587.5,-0.019,22.8,0.039,158.4,6.9,0.939,1.323,7.7,124.1,1.346,,24,48,measured_cashbridge,2025,audit,15.6,14,,,1.6,166.1,163.1,8.5,24.4,-0.3,0.0006,op+dep,부실·리파이낸싱,부실·리파이낸싱(negative): 구조적 악화 (영업적자 0/3년),0.008,company_history,,,,,순부채/EBITDA 6.9x / 3년 순부채 +124억 vs EBITDA합 92억 / 현금/매출 1%
66.8,43.5,68.8,(주)리치코리아,01682157,,false,제조업,식료품 제조,REFI(롤오버형),406.4,0.056,45.6,0.112,216.2,4.7,2.393,1.385,34.7,180.6,1.923,1.959,0,0,measured_cashbridge,2025,audit,13.8,11.7,,,2.1,250.9,62.9,4.2,24.6,-6.6,0.0162,op+dep,부실·리파이낸싱,부실·리파이낸싱(neutral): 레버리지·유동성 부담 — 구조적/일시적 판단 보류 | 성장자금형(positive): 매출 CAGR 6% + 마진 유지 · capex/매출 2.9%,0.032,company_history,,UNLISTED_BLIND,,,순부채/EBITDA 4.7x / 부채비율 239% / 3년 순부채 +181억 vs EBITDA합 94억 / 매출 1원 성장에 순부채 1.96원
66.8,46.4,63.8,대호산업,00113711,,false,제조업,1차 금속,TIGHT(유동성형),622.7,0.094,32.2,0.052,327.5,10.2,1.3,0.996,12.5,44.2,0.679,0.299,9,,netdebt_inferred,,,,,,,,,,,,,,,부실·리파이낸싱,부실·리파이낸싱(positive): 레버리지 부담은 크나 매출 회복 + 마진 반등 — 시황 저점 진입 가능성 | 성장자금형(positive): 매출 CAGR 9% + 마진 유지,0.02,company_history,,,,,순부채/EBITDA 10.2x / 3년 순부채 +44억 vs EBITDA합 65억 / 유동비율 100% / 현금/매출 2%
66.8,42.3,70.9,참빛도시가스공업(주),00253310,,false,전기·가스·환경,전기·가스·증기 공급,WC_BURN(운전자본형),356.5,0.114,32.3,0.091,92.8,2.9,1.641,0.521,26.8,79.7,0.752,0.625,20,54,measured_cashbridge,2025,audit,30.2,45.8,5,,-15.6,119.6,9.1,-8.5,21.7,0,0,op+dep,부실·리파이낸싱,부실·리파이낸싱(neutral): 레버리지·유동성 부담 — 구조적/일시적 판단 보류 | 성장자금형(negative): 매출 CAGR 11% 인데 EBITDA마진 2.9%p 훼손 — 기존사업 하락을 외형성장으로 마스킹하는지 확인 필요,0.075,company_history,,,,,EBITDA마진 12%→9% / 3년 순부채 +80억 vs EBITDA합 106억 / 매출 1원 성장에 순부채 0.62원 / 유동비율 52% / 현금 2년 연속 감소
66.8,60.6,38.1,천일제지(주),00186203,,false,제조업,펄프·종이 제조,REFI(롤오버형),712.9,-0.105,15.6,0.022,171.6,11,0.89,2.914,80.4,206.7,1.437,,0,28,measured_cashbridge,2025,audit,36.7,46.1,0,,-9.3,252,44,-15.8,20.9,0,0,op+dep,부실·리파이낸싱,부실·리파이낸싱(negative): 구조적 악화 (영업적자 2/3년),0.079,company_history,,,,,순부채/EBITDA 11.0x / EBITDA마진 5%→2% / 3년 순부채 +207억 vs EBITDA합 144억 / 영업적자 2/3년
66.8,60.9,37.5,성보건설산업(주),00132673,,false,건설업,종합 건설,REFI(롤오버형),834.4,-0.122,4.6,0.006,140,30.4,1.122,1.446,14.5,272,5.116,6.677,97,,netdebt_inferred,2025,audit,26.4,,,,,154.5,143.6,-5.9,20.4,0,0,op+dep,부실·리파이낸싱,부실·리파이낸싱(negative): 구조적 악화 (영업적자 0/3년),0.025,company_history,,,,,순부채/EBITDA 30.4x / 3년 순부채 +272억 vs EBITDA합 53억 / 매출 1원 성장에 순부채 6.68원 / 현금/매출 2%
66.8,74.2,13.5,(주)에버코스,00410614,,false,제조업,화학물질·화학제품,REFI(롤오버형),817.8,0.013,37.2,0.046,175.7,4.7,-15.05,0.454,6,35,5.791,0.95,39,89,measured_cashbridge,2025,audit,-6.6,2.5,,,-9.1,181.7,157.8,-1,-7.6,0,0,op+dep,부실·리파이낸싱,부실·리파이낸싱(negative): 구조적 악화 (영업적자 3/3년 · 자본잠식),0.02,company_history,11,DISTRESS_EVENT,,,순부채/EBITDA 4.7x / 자본잠식 / 3년 순부채 +35억 vs EBITDA합 6억 / 매출 1원 성장에 순부채 0.95원 / 유동비율 45% / 현금/매출 1% / 영업적자 3/3년 / 런웨이 11개월
66.8,52.4,52.9,(주)동일금속코일센터,00618881,,false,제조업,금속가공제품,TIGHT(유동성형),507.3,0.097,15.6,0.031,126.9,8.1,4.353,0.963,0.6,0.3,0.01,0.002,0,,netdebt_inferred,,,,,,,,,,,,,,,부실·리파이낸싱,부실·리파이낸싱(positive): 레버리지 부담은 크나 매출 회복 + 마진 반등 — 시황 저점 진입 가능성 | 성장자금형(positive): 매출 CAGR 10% + 마진 유지,0.02,company_history,,,,,순부채/EBITDA 8.1x / 부채비율 435% / 3년 순부채 +0억 vs EBITDA합 25억 / 유동비율 96% / 현금/매출 0%
66.8,36.8,80.8,대익이엔지(주),00866354,,false,건설업,종합 건설,TIGHT(유동성형),1306.7,0.053,135.4,0.104,445.1,3.3,2.534,0.732,4.2,125,0.532,0.348,172,459,measured_cashbridge,2025,audit,-79.5,3.4,,,-82.8,449.4,403.5,-88.2,-7.3,-8.7,0.0067,op+dep,부실·리파이낸싱,부실·리파이낸싱(positive): 레버리지 부담은 크나 매출 회복 + 마진 반등 — 시황 저점 진입 가능성 | 성장자금형(positive): 매출 CAGR 5% + 마진 유지 · capex/매출 0.3%,0.025,company_history,1,UNLISTED_BLIND,,,순부채/EBITDA 3.3x / 부채비율 253% / 3년 순부채 +125억 vs EBITDA합 235억 / 유동비율 73% / 현금/매출 0% / 런웨이 1개월
66.8,73.3,15.3,(주)윈플러스마트,01074163,,false,도소매,도매·상품중개,REFI(롤오버형),529.4,0.032,29.8,0.056,143.2,4.8,-2.189,0.95,31.8,153.5,12.837,3.162,0,0,measured_cashbridge,2025,audit,24.2,2.3,,,8.9,175,,-17.9,18.1,-11.8,0.0223,op+dep,부실·리파이낸싱,부실·리파이낸싱(negative): 구조적 악화 (영업적자 3/3년 · 자본잠식),0.008,company_history,,UNLISTED_BLIND,,,순부채/EBITDA 4.8x / 자본잠식 / 3년 순부채 +154억 vs EBITDA합 12억 / 매출 1원 성장에 순부채 3.16원 / 유동비율 95% / 현금 2년 연속 감소 / 영업적자 3/3년
66.8,60.9,37.5,(주)씨앤씨유통,01292796,,false,도소매,소매(자동차 제외),REFI(롤오버형),684.9,-0.046,9.7,0.014,132.2,13.6,6.396,1.624,12.8,10.3,0.271,,14,26,measured_cashbridge,2025,audit,-1.1,2.2,3,,-3.3,145,,8.3,7.1,0.1,0.0001,op+dep,부실·리파이낸싱,부실·리파이낸싱(negative): 구조적 악화 (영업적자 0/3년),0.016,company_history,140,,,,순부채/EBITDA 13.6x / 부채비율 640% (3년 142%p↑) / 3년 순부채 +10억 vs EBITDA합 38억 / 현금/매출 2%
66.8,49.6,57.8,(주)메디라인액티브코리아,01466391,,false,제조업,의료용물질·의약품,REFI(롤오버형),424.8,0.023,38.9,0.092,157.7,4.1,2.387,0.824,33.5,143.1,1.662,2.804,0,22,measured_cashbridge,2025,audit,17.9,10.9,,,7,191.2,191.2,1.3,-16.2,35.4,0.0833,op+dep,부실·리파이낸싱,부실·리파이낸싱(positive): 레버리지 부담은 크나 매출 회복 + 마진 반등 — 시황 저점 진입 가능성,0.021,company_history,,UNLISTED_BLIND,,,순부채/EBITDA 4.1x / 부채비율 239% / 3년 순부채 +143억 vs EBITDA합 86억 / 매출 1원 성장에 순부채 2.80원 / 유동비율 82%
66.8,75.2,12,도레이배터리세퍼레이터필름한국유한회사,01490103,,false,제조업,전기장비,DISTRESS(구조조정형),1188.9,-0.03,-313.1,-0.263,2016.5,,-8.884,0.286,22.3,125.2,0.379,,111,329,measured_cashbridge,2025,audit,-52.6,55.9,,,-109.2,,,,53,,,op+dep,부실·리파이낸싱,부실·리파이낸싱(negative): 구조적 악화 (영업적자 3/3년 · 자본잠식),0.02,company_history,5,UNLISTED_BLIND,,,EBITDA 적자 -313억 / 자본잠식 / 3년 순부채 +125억 vs EBITDA합 331억 / 유동비율 29% / 현금/매출 2% / 영업적자 3/3년 / 런웨이 5개월
66.8,58.2,42.4,(주)티앤티하우시스템,01765371,,false,도소매,도매·상품중개,REFI(롤오버형),496.4,0.064,8.3,0.017,161.5,19.5,7.142,1.954,33.4,138.2,3.967,0.269,20,61,measured_cashbridge,2025,audit,-15.9,1.8,,,-17.8,194.9,36,23.3,6.3,1.1,0.0022,op+dep,부실·리파이낸싱,부실·리파이낸싱(neutral): 레버리지·유동성 부담 — 구조적/일시적 판단 보류 | 성장자금형(positive): 매출 CAGR 6% + 마진 유지 · capex/매출 0.4%,0.066,company_history,25,,,,순부채/EBITDA 19.5x / 부채비율 714% / 3년 순부채 +138억 vs EBITDA합 35억
66.8,34.5,85,(주)슈올즈,01742194,,false,제조업,가죽·가방·신발 제조,WC_BURN(운전자본형),352.8,0.229,57.4,0.163,149.9,2.6,1.539,0.809,65.6,214.2,1.552,0.708,0,0,measured_cashbridge,2025,audit,83.5,1.4,,,82,215.5,212.8,-64.3,29.4,-10.3,0.0291,op+dep,부실·리파이낸싱,부실·리파이낸싱(neutral): 레버리지·유동성 부담 — 구조적/일시적 판단 보류 | 성장자금형(positive): 매출 CAGR 23% + 마진 유지 · capex/매출 0.4%,0.028,company_history,,UNLISTED_BLIND,,,3년 순부채 +214억 vs EBITDA합 138억 / 매출 1원 성장에 순부채 0.71원 / 유동비율 81%
66.7,28.1,96.1,드림시큐리티,00416283,,false,정보통신,출판업,WC_BURN(운전자본형),2688.4,0.124,1082.8,0.403,2540,2.3,2.632,0.656,788.1,686.2,0.221,0.865,0,,netdebt_inferred,,,,,,,,,,,,,,,부실·리파이낸싱,부실·리파이낸싱(neutral): 레버리지·유동성 부담 — 구조적/일시적 판단 보류 | 성장자금형(negative): 매출 CAGR 12% 인데 EBITDA마진 2.6%p 훼손 — 기존사업 하락을 외형성장으로 마스킹하는지 확인 필요,0.1,company_history,,,,,"부채비율 263% / EBITDA마진 43%→40% / 3년 순부채 +686억 vs EBITDA합 3,101억 / 매출 1원 성장에 순부채 0.86원 / 유동비율 66%"
66.7,46.3,63.3,(주)듀링,00363750,,false,제조업,자동차·트레일러,REFI(롤오버형),1335.8,0.013,86.7,0.065,431.5,5,1.685,0.972,51,364.2,0.818,,0,0,measured_cashbridge,2025,audit,123,108.2,,,13.1,482.4,223.9,-55.6,-14.7,82.1,0.0615,op+dep,부실·리파이낸싱,부실·리파이낸싱(neutral): 레버리지·유동성 부담 — 구조적/일시적 판단 보류,0.02,company_history,,,,,순부채/EBITDA 5.0x / EBITDA마진 11%→6% / 3년 순부채 +364억 vs EBITDA합 445억 / 유동비율 97% / 현금/매출 4%
66.7,74.9,12,리드산업개발(주),00495147,,false,건설업,종합 건설,DISTRESS(구조조정형),609.3,,-24.5,-0.04,851,,-618.839,2.611,3,403.5,10.352,,156,434,measured_cashbridge,2025,audit,-132.9,0.3,,,-133.3,854.1,39.1,154.2,16.3,5,0.0082,op+dep,부실·리파이낸싱,부실·리파이낸싱(negative): 구조적 악화 (영업적자 1/3년 · 자본잠식),0.025,company_history,0,,,,EBITDA 적자 -24억 / 자본잠식 / EBITDA마진 5%→-4% / 3년 순부채 +403억 vs EBITDA합 39억 / 현금/매출 0% / 런웨이 0개월
66.7,61.3,36.5,(주)신오케미칼,00812760,,false,제조업,화학물질·화학제품,REFI(롤오버형),397.9,-0.06,16.6,0.042,156.1,9.4,1.373,0.495,32.7,90.9,2.492,,0,0,measured_cashbridge,2025,audit,35.5,11.5,,,24,188.8,163.4,-22.3,13.1,0,0.0001,op+dep,부실·리파이낸싱,부실·리파이낸싱(negative): 구조적 악화 (영업적자 1/3년),0.026,company_history,,,,,순부채/EBITDA 9.4x / 3년 순부채 +91억 vs EBITDA합 36억 / 유동비율 50%
66.7,60.7,37.5,(주)대승메탈,00833860,,false,전기·가스·환경,폐기물 처리·자원재생,REFI(롤오버형),532.4,-0.052,7,0.013,44.1,6.3,4.369,0.9,15.7,7.8,0.212,,2,,netdebt_inferred,,,,,,,,,,,,,,,부실·리파이낸싱,부실·리파이낸싱(negative): 구조적 악화 (영업적자 0/3년),0.015,company_history,,,,,순부채/EBITDA 6.3x / 부채비율 437% / 3년 순부채 +8억 vs EBITDA합 37억 / 유동비율 90% / 현금/매출 3%
66.7,69.9,21,(주)대진기계,00920616,,false,제조업,의료·정밀·광학기기,DISTRESS(구조조정형),1074.6,0.429,-230.2,-0.214,330.8,,-6.909,0.639,61.5,71.4,0.587,0.415,0,5,measured_cashbridge,2025,audit,8.2,3.8,,,4.4,392.3,222.7,6.2,14.4,0,0,op+dep,부실·리파이낸싱,부실·리파이낸싱(negative): 구조적 악화 (영업적자 1/3년 · 자본잠식) | 성장자금형(negative): 매출 CAGR 43% 인데 EBITDA마진 30.6%p 훼손 — 기존사업 하락을 외형성장으로 마스킹하는지 확인 필요,0.02,company_history,,,,,EBITDA 적자 -230억 / 자본잠식 / EBITDA마진 9%→-21% / 3년 순부채 +71억 vs EBITDA합 122억 / 유동비율 64%
66.6,40,74.4,(주)신세계야구단,00363097,,false,예술·여가,스포츠·오락,TIGHT(유동성형),722,0.094,75.1,0.104,38.5,0.5,0.518,0.296,11.5,123.9,3,1.538,0,0,measured_cashbridge,2025,audit,73.5,3.5,,,68.5,50,50,-55.8,17.7,0,0,op+dep,부실·리파이낸싱,부실·리파이낸싱(positive): 레버리지 부담은 크나 매출 회복 + 마진 반등 — 시황 저점 진입 가능성 | 성장자금형(positive): 매출 CAGR 9% + 마진 유지 · capex/매출 0.5%,0.015,company_history,,,,,3년 순부채 +124억 vs EBITDA합 -27억 / 매출 1원 성장에 순부채 1.54원 / 유동비율 30% / 현금/매출 2%
66.6,47.7,60.4,(주)제스코마트,00873956,,false,도소매,소매(자동차 제외),REFI(롤오버형),1461.4,-0.033,104,0.071,605.2,5.8,0.999,0.6,85.2,256,0.613,,0,30,measured_cashbridge,2025,audit,79.5,56.2,,,23.3,690.4,610.4,-22.8,46.9,9.8,0.0067,op+dep,부실·리파이낸싱,부실·리파이낸싱(negative): 구조적 악화 (영업적자 0/3년),0.021,company_history,,,,,순부채/EBITDA 5.8x / 3년 순부채 +256억 vs EBITDA합 418억 / 유동비율 60%
66.6,73.6,14,제이케이머티리얼즈(주),00939836,,false,제조업,고무·플라스틱제품,DISTRESS(구조조정형),404.1,-0.276,-25.2,-0.062,312.6,,1.289,0.481,38.7,19.7,3,,39,159,measured_cashbridge,2025,audit,27.8,49.5,,,-21.7,351.3,347.3,-34.3,-9.1,2.6,0.0065,op+dep,부실·리파이낸싱,부실·리파이낸싱(negative): 구조적 악화 (영업적자 3/3년),0.02,company_history,,,,,EBITDA 적자 -25억 / EBITDA마진 -4%→-6% / 3년 순부채 +20억 vs EBITDA합 -28억 / 유동비율 48% / 영업적자 3/3년
66.6,51.6,53.6,주원테크(주),01016451,,false,제조업,고무·플라스틱제품,REFI(롤오버형),519.5,0.014,29.6,0.057,265.3,9,0.984,1.782,16,166,3.291,6.745,18,47,measured_cashbridge,2025,audit,-0.2,0.8,,,-1,281.4,131.8,23.3,23.1,0,0,op+dep,부실·리파이낸싱,부실·리파이낸싱(positive): 레버리지 부담은 크나 매출 회복 + 마진 반등 — 시황 저점 진입 가능성,0.025,company_history,960,,,,순부채/EBITDA 9.0x / 3년 순부채 +166억 vs EBITDA합 50억 / 매출 1원 성장에 순부채 6.74원 / 현금/매출 3%
66.6,59.4,39.4,탑앤탑미트(주),01468052,,false,도소매,도매·상품중개,REFI(롤오버형),536.2,0.027,5.5,0.01,36.2,6.6,3.525,1.398,30.9,16.3,3,,0,0,measured_cashbridge,2025,audit,7.8,0.3,5,,7.5,67.1,52.6,-1.7,6,0.1,0.0001,op+dep,부실·리파이낸싱,부실·리파이낸싱(positive): 레버리지 부담은 크나 매출 회복 + 마진 반등 — 시황 저점 진입 가능성,0.018,company_history,,,,,순부채/EBITDA 6.6x / 부채비율 352% (3년 84%p↑) / 3년 순부채 +16억 vs EBITDA합 -2억
66.6,50.4,55.6,경남자동차판매(주),01529812,,false,도소매,자동차·부품 판매,TIGHT(유동성형),2458.4,0.023,84.4,0.034,214.6,2.5,2.233,0.993,40.5,272.2,1.055,1.884,0,0,measured_cashbridge,2025,audit,75.8,2.3,,,73.4,255.1,255.1,-72.6,3.9,-0.8,0.0003,op+dep,부실·리파이낸싱,부실·리파이낸싱(neutral): 레버리지·유동성 부담 — 구조적/일시적 판단 보류,0.016,company_history,,UNLISTED_BLIND,,,부채비율 223% (3년 77%p↑) / 3년 순부채 +272억 vs EBITDA합 258억 / 매출 1원 성장에 순부채 1.88원 / 유동비율 99% / 현금/매출 2%
66.5,65.8,27.4,(주)명산,01697645,,false,도소매,도매·상품중개,REFI(롤오버형),533,-0.202,13.6,0.026,142.5,10.5,2.246,0.347,16.2,83.1,2.157,,13,33,measured_cashbridge,2025,audit,3.9,0.5,,,3.2,158.7,158.7,2.5,-2.8,9.2,0.0173,op+dep,부실·리파이낸싱,부실·리파이낸싱(negative): 구조적 악화 (영업적자 0/3년),0.008,company_history,,UNLISTED_BLIND,,,순부채/EBITDA 10.5x / 부채비율 225% / 3년 순부채 +83억 vs EBITDA합 39억 / 유동비율 35% / 현금/매출 3%
66.5,64.3,30.3,쌍용철강(주),01657452,,false,도소매,도매·상품중개,REFI(롤오버형),411.7,-0.056,8.7,0.021,149.4,17.2,2.461,1.014,11.8,98,2.363,0.691,0,0,measured_cashbridge,2025,audit,153,0.6,,,152.4,161.2,33.2,-1.3,5.3,146.4,0.3556,op+dep,부실·리파이낸싱,부실·리파이낸싱(negative): 구조적 악화 (영업적자 0/3년),0.008,company_history,,UNLISTED_BLIND,,,순부채/EBITDA 17.2x / 부채비율 246% / 3년 순부채 +98억 vs EBITDA합 41억 / 매출 1원 성장에 순부채 0.69원 / 유동비율 101% / 현금/매출 3%
66.5,54,48.6,(주)이스트밸리,00133788,,false,제조업,식료품 제조,REFI(롤오버형),462.6,0.024,28.1,0.061,478.3,17,1.229,0.245,23.3,75,1.183,0.834,22,72,measured_cashbridge,2025,audit,22.1,5.6,,,8.3,501.7,340.7,82.8,106,-1.1,0.0024,op+dep,부실·리파이낸싱,부실·리파이낸싱(positive): 레버리지 부담은 크나 매출 회복 + 마진 반등 — 시황 저점 진입 가능성,0.02,company_history,,UNLISTED_BLIND,,,순부채/EBITDA 17.0x / 3년 순부채 +75억 vs EBITDA합 63억 / 매출 1원 성장에 순부채 0.83원 / 유동비율 25%
66.5,50.8,54.5,세운철강(주),01075418,,false,전기·가스·환경,폐기물 처리·자원재생,REFI(롤오버형),9115.2,0.037,216.5,0.024,1981.4,9.2,1.866,0.959,33.4,433.2,0.605,0.463,165,,netdebt_inferred,,,,,,,,,,,,,,,부실·리파이낸싱,부실·리파이낸싱(neutral): 레버리지·유동성 부담 — 구조적/일시적 판단 보류,0.015,company_history,,,,,순부채/EBITDA 9.2x / 3년 순부채 +433억 vs EBITDA합 716억 / 유동비율 96% / 현금/매출 0%
66.5,32.2,88.2,대주정공(주),00222259,,false,제조업,고무·플라스틱제품,GROWTH(성장자금형),2464.8,0.138,213.9,0.087,646.8,3,3.316,0.233,31.8,57.7,0.109,0.067,94,196,measured_cashbridge,2025,audit,220.3,250.3,,,-29.9,678.6,612,81,301.3,0,0,op+dep,부실·리파이낸싱,부실·리파이낸싱(positive): 레버리지 부담은 크나 매출 회복 + 마진 반등 — 시황 저점 진입 가능성 | 성장자금형(positive): 매출 CAGR 14% + 마진 유지 · capex/매출 10.2%,0.02,company_history,,,,,순부채/EBITDA 3.0x / 부채비율 332% / 3년 순부채 +58억 vs EBITDA합 532억 / 유동비율 23% / 현금/매출 1%
66.5,51.3,53.6,(주)케이알산업,00168234,,false,건설업,종합 건설,REFI(롤오버형),8068.1,-0.003,326.3,0.04,1741.3,5.3,1.856,1.376,653.7,2357.6,2.019,2.541,0,0,measured_cashbridge,2025,audit,1039,29,,,857.8,2395,1149.3,-970.4,308.8,-240.2,0.0298,op+dep,부실·리파이낸싱,부실·리파이낸싱(negative): 구조적 악화 (영업적자 0/3년),0.034,company_history,,UNLISTED_BLIND,,,"순부채/EBITDA 5.3x / 3년 순부채 +2,358억 vs EBITDA합 1,168억 / 매출 1원 성장에 순부채 2.54원"
66.5,52.5,51.3,엘티정밀,00185912,,false,제조업,금속가공제품,REFI(롤오버형),1486.5,-0.053,60.8,0.041,285.9,4.7,0.395,1.206,19.1,460.1,1.815,,86,258,measured_cashbridge,2025,audit,290.2,300.4,44.2,,-10.2,305,128.8,32.8,322.9,0,0,op+dep,부실·리파이낸싱,부실·리파이낸싱(negative): 구조적 악화 (영업적자 0/3년),0.02,company_history,,,,,순부채/EBITDA 4.7x / 3년 순부채 +460억 vs EBITDA합 253억 / 현금/매출 1%
66.5,56.9,43.4,(주)유라코퍼레이션,00256478,,false,제조업,자동차·트레일러,REFI(롤오버형),25782,0.059,705.8,0.027,4248.8,6,3.361,1.059,760.5,1786.7,3,0.395,0,0,measured_cashbridge,2025,audit,707.6,296.4,,,411.2,5009.2,4959.2,292.8,1003.1,-2.7,0.0001,op+dep,부실·리파이낸싱,부실·리파이낸싱(positive): 레버리지 부담은 크나 매출 회복 + 마진 반등 — 시황 저점 진입 가능성 | 성장자금형(positive): 매출 CAGR 6% + 마진 유지 · capex/매출 1.1%,0.02,company_history,,UNLISTED_BLIND,,,"순부채/EBITDA 6.0x / 부채비율 336% / 3년 순부채 +1,787억 vs EBITDA합 -19억 / 유동비율 106% / 현금/매출 3%"
66.5,58.3,41.2,(주)풀무원녹즙,00444569,,false,제조업,식료품 제조,TIGHT(유동성형),728.9,-0.023,23.5,0.032,66.4,2.8,1.137,0.968,1.7,97.2,1.192,,24,,netdebt_inferred,,,,,,,,,,,,,,,부실·리파이낸싱,부실·리파이낸싱(negative): 구조적 악화 (영업적자 2/3년),0.02,company_history,,,,,EBITDA마진 7%→3% / 3년 순부채 +97억 vs EBITDA합 82억 / 유동비율 97% / 현금/매출 0% / 영업적자 2/3년
66.5,50.3,55.3,(주)현대엘앤씨,01035298,,false,제조업,고무·플라스틱제품,REFI(롤오버형),9828.5,-0.006,467.1,0.048,2469.2,5.3,2.552,0.964,133.7,727.4,0.541,1.157,261,661,measured_cashbridge,2025,audit,303.6,220.6,,,1.8,2603,1994.5,65.9,338.2,31.3,0.0032,op+dep,부실·리파이낸싱,부실·리파이낸싱(negative): 구조적 악화 (영업적자 0/3년),0.02,company_history,,,,,"순부채/EBITDA 5.3x / 부채비율 255% / 3년 순부채 +727억 vs EBITDA합 1,345억 / 매출 1원 성장에 순부채 1.16원 / 유동비율 96% / 현금/매출 1%"
66.5,70,19.9,세영모빌리티(주),01718328,,false,도소매,자동차·부품 판매,TIGHT(유동성형),2603.2,6.05,63.2,0.024,643.5,10.2,-66.925,0.577,5.3,687.6,21.398,0.432,0,0,measured_cashbridge,2025,audit,95.2,54,,,41.2,648.8,338.8,-44.1,51,0,0,op+dep,부실·리파이낸싱,부실·리파이낸싱(negative): 구조적 악화 (영업적자 1/3년 · 자본잠식) | 성장자금형(positive): 매출 CAGR 605% + 마진 유지 · capex/매출 2.1%,0.008,company_history,,,,,순부채/EBITDA 10.2x / 자본잠식 / 3년 순부채 +688억 vs EBITDA합 32억 / 유동비율 58% / 현금/매출 0%
66.4,35.3,81.9,파워넷,00971009,,false,도소매,도매·상품중개,GROWTH(성장자금형),3230,0.158,193,0.06,842.2,4.4,0.843,2.243,473.3,884.3,2.199,0.768,0,,netdebt_inferred,,,,,,,,,,,,,,,부실·리파이낸싱,부실·리파이낸싱(positive): 레버리지 부담은 크나 매출 회복 + 마진 반등 — 시황 저점 진입 가능성 | 성장자금형(positive): 매출 CAGR 16% + 마진 유지,0.048,company_history,,,,,순부채/EBITDA 4.4x / 3년 순부채 +884억 vs EBITDA합 402억 / 매출 1원 성장에 순부채 0.77원
66.4,44,66.2,(주)바이킹마켓,01615456,,false,도소매,도매·상품중개,TIGHT(유동성형),812.9,0.138,31.1,0.038,169.5,5.5,4.888,0.835,11.4,-5.1,-0.11,-0.02,53,142,measured_cashbridge,2025,audit,-25.4,5.9,,,-31.4,180.9,166.6,36,17.2,-6.7,0.0082,op+dep,부실·리파이낸싱,부실·리파이낸싱(positive): 레버리지 부담은 크나 매출 회복 + 마진 반등 — 시황 저점 진입 가능성,0.008,company_history,5,UNLISTED_BLIND,,,순부채/EBITDA 5.5x / 부채비율 489% / 유동비율 84% / 현금/매출 1% / 런웨이 5개월
66.4,76.5,7.9,푸드팡(주),01643431,,false,도소매,도매·상품중개,DISTRESS(구조조정형),482.7,,-49.2,-0.102,11.6,,12265.411,0.759,27,11.6,3,0.024,76,,netdebt_inferred,,,,,,,,,,,,,,,부실·리파이낸싱,부실·리파이낸싱(negative): 구조적 악화 (영업적자 3/3년),0.056,company_history,6,,,,EBITDA 적자 -49억 / 부채비율 1226541% (3년 1226541%p↑) / 3년 순부채 +12억 vs EBITDA합 -165억 / 유동비율 76% / 영업적자 3/3년 / 런웨이 6개월
66.4,60.1,37.5,게임피아(주),00653158,,false,도소매,도매·상품중개,REFI(롤오버형),671.3,-0.091,8.2,0.012,96.3,11.7,1.881,1.123,53.1,85.2,3.942,,0,0,measured_cashbridge,2025,audit,33.3,33.6,,,-0.3,149.4,78.7,3,36.3,0,0,op+dep,부실·리파이낸싱,부실·리파이낸싱(negative): 구조적 악화 (영업적자 0/3년),0.019,company_history,,,,,순부채/EBITDA 11.7x / 3년 순부채 +85억 vs EBITDA합 22억 / 유동비율 112%
66.4,56.2,44.3,(주)연합,00912431,,false,제조업,1차 금속,REFI(롤오버형),538.9,0.026,8.7,0.016,275,31.5,0.642,1.304,11.6,53.3,0.821,1.313,20,,netdebt_inferred,,,,,,,,,,,,,,,부실·리파이낸싱,부실·리파이낸싱(neutral): 레버리지·유동성 부담 — 구조적/일시적 판단 보류,0.02,company_history,19,,,,순부채/EBITDA 31.5x / EBITDA마진 5%→2% / 3년 순부채 +53억 vs EBITDA합 65억 / 매출 1원 성장에 순부채 1.31원 / 현금/매출 2% / 런웨이 19개월
66.4,28.1,94.9,삼일산업(주),00198493,,false,제조업,기타 기계·장비,GROWTH(성장자금형),1552.2,0.492,185.9,0.12,209.3,1.1,1.565,1.467,97.4,236.7,0.635,0.218,15,,netdebt_inferred,,,,,,,,,,,,,,,성장,성장자금형(positive): 매출 CAGR 49% + 마진 유지,0.02,company_history,,,,,3년 순부채 +237억 vs EBITDA합 373억 / 현금 2년 연속 감소
66.4,29.6,92.5,(주)대명티에스,01011702,,false,제조업,기타 기계·장비,GROWTH(성장자금형),786,0.2,105.2,0.134,177.6,1.7,1.394,1.195,219.6,213.9,1.524,1.302,0,33,measured_cashbridge,2025,audit,127,184.9,,,-58,397.2,271.6,30.9,149.2,8.7,0.0111,op+dep,성장,성장자금형(positive): 매출 CAGR 20% + 마진 유지 · capex/매출 23.5%,0.1,company_history,,UNLISTED_BLIND,,,3년 순부채 +214억 vs EBITDA합 140억 / 매출 1원 성장에 순부채 1.30원 / 유동비율 119%
66.4,30.9,90,(주)신영브라이튼여의도,01366392,,false,건설업,종합 건설,DISTRESS(구조조정형),4319.9,0.365,2423,0.561,1020.3,0.4,3.469,0.486,479.7,-3655.4,-1.644,-0.84,0,,netdebt_inferred,2025,audit,3703.4,,,,,1500,1500,200.3,2603,1300.7,0.3011,op+dep,부실·리파이낸싱,부실·리파이낸싱(neutral): 레버리지·유동성 부담 — 구조적/일시적 판단 보류 | 성장자금형(positive): 매출 CAGR 37% + 마진 유지,0.1,company_history,,,,,부채비율 347% (3년 1973%p↑) / 유동비율 49% / 현금 2년 연속 감소
66.4,79,3.2,(주)위메프,00938590,,false,도소매,소매(자동차 제외),DISTRESS(구조조정형),443.5,-0.434,-1321,-2,-51.9,,-1.205,0.143,54.7,854.6,3,,464,,netdebt_inferred,,,,,,,,,,,,,,,부실·리파이낸싱,부실·리파이낸싱(negative): 구조적 악화 (영업적자 3/3년 · 자본잠식),0.051,company_history,0,,,,"EBITDA 적자 -1,321억 / 자본잠식 / EBITDA마진 -35%→-200% / 3년 순부채 +855억 vs EBITDA합 -2,726억 / 유동비율 14% / 현금 2년 연속 감소 / 영업적자 3/3년 / 런웨이 0개월"
66.3,91.7,40,대림통상,00109824,006570,true,제조업,금속가공제품,DISTRESS(구조조정형),1261.7,-0.102,-85.3,-0.068,781.5,,3.054,0.768,38.7,210.8,2.17,,117,378,measured_cashbridge,2025,api,4.5,52.7,0,,-48.2,820.2,819.4,122.3,44.1,82.8,0.0656,op+dep,부실·리파이낸싱,부실·리파이낸싱(negative): 구조적 악화 (영업적자 3/3년) | 이벤트(neutral): 5% 지분 이동 — 승계·증여·분쟁 여부는 주주 레벨 사건이라 재무로 안 보임. 대주주 연령·지분율 개별 확인 필요,0.02,company_history,,PRE_SIGNAL,,,EBITDA 적자 -85억 / 부채비율 305% (3년 192%p↑) / EBITDA마진 2%→-7% / 3년 순부채 +211억 vs EBITDA합 97억 / 유동비율 77% / 현금/매출 3% / 영업적자 3/3년
66.3,53.1,49.8,록야(주),01675689,,false,제조업,식료품 제조,DISTRESS(구조조정형),390.2,0.193,14,0.036,49.2,3.5,3.125,1.102,6.8,49.5,3,0.153,19,29,measured_cashbridge,2025,audit,3.3,5.6,,,-2.3,56,35.1,-0.3,7.6,0,0,op+dep,성장,성장자금형(positive): 매출 CAGR 19% + 마진 유지 · capex/매출 1.4%,0.02,company_history,,,,,순부채/EBITDA 3.5x / 부채비율 312% / 3년 순부채 +49억 vs EBITDA합 -10억 / 유동비율 110% / 현금/매출 2% / 현금 2년 연속 감소
66.3,25.2,100,(주)조선호텔앤리조트,00149053,,false,숙박·음식,숙박업,GROWTH(성장자금형),7771.8,0.174,1913.1,0.246,3891.5,2,1.464,0.075,39.4,870.7,0.294,0.253,0,,netdebt_inferred,2025,audit,,394,30.7,,,3930.9,3930.9,45.2,,,,op+dep,부실·리파이낸싱,부실·리파이낸싱(positive): 레버리지 부담은 크나 매출 회복 + 마진 반등 — 시황 저점 진입 가능성 | 성장자금형(positive): 매출 CAGR 17% + 마진 유지 · capex/매출 5.1% | 이벤트(neutral): 분할·카브아웃 — 승계·증여·분쟁 여부는 주주 레벨 사건이라 재무로 안 보임. 대주주 연령·지분율 개별 확인 필요,0.01,company_history,,UNLISTED_BLIND,,,"3년 순부채 +871억 vs EBITDA합 2,961억 / 유동비율 7% / 현금/매출 1% / 현금 2년 연속 감소"
66.3,45.8,62.6,(주)이랜드월드,00179407,,false,제조업,의복·모피 제조,REFI(롤오버형),54519.8,0.039,6521.7,0.12,44023.8,6.8,1.705,0.697,4447.7,7120.1,0.401,1.204,2432,,netdebt_inferred,,,,,,,,,,,,,,,부실·리파이낸싱,부실·리파이낸싱(positive): 레버리지 부담은 크나 매출 회복 + 마진 반등 — 시황 저점 진입 가능성,0.082,company_history,,,,,"순부채/EBITDA 6.8x / 3년 순부채 +7,120억 vs EBITDA합 1.8조 / 매출 1원 성장에 순부채 1.20원 / 유동비율 70%"
66.3,42.7,68.5,(주)아방,00255503,,false,제조업,의복·모피 제조,GROWTH(성장자금형),346.2,0.164,22.5,0.065,146.7,6.5,1.642,1.677,0.5,43.1,0.825,0.321,33,59,measured_cashbridge,2025,audit,1.7,5.3,0,,-3.6,147.3,99.8,7.3,4.7,4.3,0.0125,op+dep,부실·리파이낸싱,부실·리파이낸싱(positive): 레버리지 부담은 크나 매출 회복 + 마진 반등 — 시황 저점 진입 가능성 | 성장자금형(positive): 매출 CAGR 16% + 마진 유지 · capex/매출 1.5%,0.02,company_history,,,,,순부채/EBITDA 6.5x / 3년 순부채 +43억 vs EBITDA합 52억 / 현금/매출 0%
66.3,35.3,81.5,(주)대일이노텍,00611064,,false,제조업,자동차·트레일러,GROWTH(성장자금형),2353.4,0.163,137.1,0.058,430.8,3.1,1.885,0.724,18.1,35.4,0.117,0.053,0,0,measured_cashbridge,2025,audit,82.8,11.5,,,69.4,448.9,378.9,-147.4,-64.6,0,0,op+dep,부실·리파이낸싱,부실·리파이낸싱(neutral): 레버리지·유동성 부담 — 구조적/일시적 판단 보류 | 성장자금형(positive): 매출 CAGR 16% + 마진 유지 · capex/매출 0.5%,0.02,company_history,,,,,순부채/EBITDA 3.1x / 3년 순부채 +35억 vs EBITDA합 302억 / 유동비율 72% / 현금/매출 1% / 현금 2년 연속 감소
66.3,64.1,30,세계로케미칼(주),00875158,,false,도소매,도매·상품중개,REFI(롤오버형),401.3,-0.026,3.1,0.008,155.5,50.2,1.699,1.197,56.4,74.1,1.224,2.389,0,56,measured_cashbridge,2025,audit,8.6,25.2,,,-16.6,212,175.7,2.3,-30,40.9,0.1019,op+dep,부실·리파이낸싱,부실·리파이낸싱(negative): 구조적 악화 (영업적자 0/3년),0.039,company_history,,,,,순부채/EBITDA 50.2x / EBITDA마진 5%→1% / 3년 순부채 +74억 vs EBITDA합 61억 / 매출 1원 성장에 순부채 2.39원 / 유동비율 120% / 현금 2년 연속 감소
66.3,33.4,85,홍진실업(주),00362964,,false,제조업,섬유제품 제조,GROWTH(성장자금형),438,0.271,100.4,0.229,300.3,3,1.819,1.042,20.9,216.8,0.888,0.964,74,,netdebt_inferred,,,,,,,,,,,,,,,성장,성장자금형(positive): 매출 CAGR 27% + 마진 유지,0.02,company_history,,,,,3년 순부채 +217억 vs EBITDA합 244억 / 매출 1원 성장에 순부채 0.96원 / 유동비율 104% / 현금/매출 5%
66.3,47.2,60.4,에이씨티(주),01071698,,false,도소매,도매·상품중개,REFI(롤오버형),1250,-0.013,85,0.068,380.1,4.5,1.297,0.697,20.6,111,0.633,,40,,netdebt_inferred,,,,,,,,,,,,,,,부실·리파이낸싱,부실·리파이낸싱(negative): 구조적 악화 (영업적자 0/3년),0.016,company_history,,,,,순부채/EBITDA 4.5x / 3년 순부채 +111억 vs EBITDA합 175억 / 유동비율 70% / 현금/매출 2%
66.3,63,31.8,(주)웨이코스,01308307,,false,도소매,도매·상품중개,REFI(롤오버형),557.8,-0.218,25.8,0.046,261.6,10.1,1.625,1.294,1.5,112.4,1.696,,37,75,measured_cashbridge,2025,audit,4.6,10.9,,,-6.3,263.1,149.4,3,5.5,2.1,0.0038,op+dep,부실·리파이낸싱,부실·리파이낸싱(negative): 구조적 악화 (영업적자 0/3년),0.008,company_history,,,,,순부채/EBITDA 10.1x / 3년 순부채 +112억 vs EBITDA합 66억 / 현금/매출 0% / 현금 2년 연속 감소
66.2,75.5,9,(주)트릿지,01592243,,false,정보통신,출판업,DISTRESS(구조조정형),674.1,,-329.5,-0.489,189.4,,-6.845,0.669,35.7,189.4,3,0.281,384,,netdebt_inferred,,,,,,,,,,,,,,,부실·리파이낸싱,부실·리파이낸싱(negative): 구조적 악화 (영업적자 3/3년 · 자본잠식),0.053,company_history,1,,,,"EBITDA 적자 -329억 / 자본잠식 / 3년 순부채 +189억 vs EBITDA합 -1,093억 / 유동비율 67% / 영업적자 3/3년 / 런웨이 1개월"
66.2,24.9,100,일신건영(주),00175146,,false,건설업,종합 건설,WC_BURN(운전자본형),4237.2,0.332,904.1,0.213,2349.5,2.6,1.126,3.137,780,2113,0.955,0.864,512,,netdebt_inferred,,,,,,,,,,,,,,,성장,성장자금형(positive): 매출 CAGR 33% + 마진 유지,0.1,company_history,,,,,"3년 순부채 +2,113억 vs EBITDA합 2,212억 / 매출 1원 성장에 순부채 0.86원 / 현금 2년 연속 감소"
66.2,54.7,46.3,한화제약(주),00219477,,false,제조업,의료용물질·의약품,DISTRESS(구조조정형),806.4,0.04,-6,-0.007,511.1,,1.688,0.878,14.1,13.8,0.071,0.066,147,430,measured_cashbridge,2025,audit,-41.5,12.6,37.6,,-54.1,525.2,495.2,92.2,48,2.7,0.0033,op+dep,부실·리파이낸싱,부실·리파이낸싱(neutral): 레버리지·유동성 부담 — 구조적/일시적 판단 보류 | 리캡(negative): 배당 38억 (매출의 4.7% · OCF 적자) + 순부채 +92억 — 차입 배당 구조,0.02,company_history,4,,,,EBITDA 적자 -6억 / EBITDA마진 9%→-1% / 3년 순부채 +14억 vs EBITDA합 196억 / 유동비율 88% / 현금/매출 2% / 런웨이 4개월
66.2,76.2,7.8,한국코러스(주),00763604,,false,제조업,의료용물질·의약품,DISTRESS(구조조정형),356.4,0.056,-12.8,-0.036,246.9,,-3.144,0.245,0.4,6.3,3,0.118,42,,netdebt_inferred,,,,,,,,,,,,,,,부실·리파이낸싱,부실·리파이낸싱(negative): 구조적 악화 (영업적자 3/3년 · 자본잠식) | 성장자금형(positive): 매출 CAGR 6% + 마진 유지,0.02,company_history,0,,,,EBITDA 적자 -13억 / 자본잠식 / 3년 순부채 +6억 vs EBITDA합 -150억 / 유동비율 24% / 현금/매출 0% / 영업적자 3/3년 / 런웨이 0개월
66.2,27,96.1,(주)시지바이오,00941594,,false,제조업,의료용물질·의약품,GROWTH(성장자금형),2442.9,0.123,440.3,0.18,546.6,1.2,0.878,1.107,437.8,857.3,1.462,2.661,0,18,measured_cashbridge,2025,audit,265.1,286.7,,,-29.1,984.4,942.8,188.8,353.3,100.7,0.0412,op+dep,성장,성장자금형(positive): 매출 CAGR 12% + 마진 유지 · capex/매출 11.7%,0.077,company_history,,UNLISTED_BLIND,,,3년 순부채 +857억 vs EBITDA합 586억 / 매출 1원 성장에 순부채 2.66원 / 유동비율 111%
66.2,65.1,27.5,(주)글로비텍,00965169,,false,제조업,전자부품·컴퓨터·통신장비,DISTRESS(구조조정형),683.3,-0.101,-7.3,-0.011,444.4,,4.049,0.463,79,-153.1,-1.145,,33,203,measured_cashbridge,2025,audit,-8.4,26.6,,,-35,523.5,498.8,-102.3,-99.3,-11.4,0.0167,op+dep,부실·리파이낸싱,부실·리파이낸싱(negative): 구조적 악화 (영업적자 3/3년),0.039,company_history,113,,,,EBITDA 적자 -7억 / 부채비율 405% / EBITDA마진 4%→-1% / 유동비율 46% / 영업적자 3/3년
66.2,74.2,11.3,(주)화림유통,01863761,,false,도소매,자동차·부품 판매,REFI(롤오버형),305.9,,2.7,0.009,45.8,16.9,-13.84,0.377,3.2,45.8,3.188,0.15,15,,netdebt_inferred,,,,,,,,,,,,,,,부실·리파이낸싱,부실·리파이낸싱(negative): 구조적 악화 (영업적자 1/3년 · 자본잠식),0.015,industry_band,,,,,순부채/EBITDA 16.9x / 자본잠식 / EBITDA마진 3%→1% / 3년 순부채 +46억 vs EBITDA합 14억 / 유동비율 38% / 현금/매출 1%
66.1,38.5,74.9,에어버스헬리콥터스코리아유한회사,01692622,,false,전문·과학·기술,연구개발업,GROWTH(성장자금형),391.9,0.439,40.3,0.103,,,2.608,1.411,172.7,103.8,2.58,0.643,0,0,measured_cashbridge,2025,audit,70.6,0.1,38.5,,70.5,,,,38.6,,,op+dep,성장,성장자금형(positive): 매출 CAGR 44% + 마진 유지 · capex/매출 0.0%,0.1,company_history,,,,,부채비율 261% (3년 133%p↑) / 3년 순부채 +104억 vs EBITDA합 40억 / 매출 1원 성장에 순부채 0.64원
66.1,62.7,31.5,용산케미칼(주),00109116,,false,제조업,화학물질·화학제품,DISTRESS(구조조정형),2458.3,-0.159,-127.9,-0.052,755.1,,0.985,0.889,253,50.4,0.107,,147,854,measured_cashbridge,2025,audit,38.6,306.7,0,,-268,1008,808.7,245.6,278.2,6.1,0.0025,op+dep,부실·리파이낸싱,부실·리파이낸싱(negative): 구조적 악화 (영업적자 2/3년),0.02,company_history,,,,,EBITDA 적자 -128억 / EBITDA마진 11%→-5% / 3년 순부채 +50억 vs EBITDA합 471억 / 유동비율 89% / 영업적자 2/3년
66.1,66.7,24.5,코오롱아우토(주),00409317,,false,도소매,자동차·부품 판매,DISTRESS(구조조정형),1015.2,-0.195,-14.7,-0.014,142.8,,2.867,0.939,32.1,-102.8,0,,41,147,measured_cashbridge,2025,audit,-32.4,1.2,,,-51.2,175,20.9,-1.7,2,-6.1,0.0061,op+dep,부실·리파이낸싱,부실·리파이낸싱(negative): 구조적 악화 (영업적자 3/3년),0.014,company_history,12,,,,EBITDA 적자 -15억 / 부채비율 287% (3년 148%p↑) / 유동비율 94% / 현금/매출 3% / 현금 2년 연속 감소 / 영업적자 3/3년 / 런웨이 12개월
66.1,60.6,35.4,(주)대우로지스틱스,00491983,,false,운수·물류,수상 운송,REFI(롤오버형),1509.5,-0.394,58.4,0.039,676.6,11.6,2.419,0.481,73.8,183.2,0.494,,55,276,measured_cashbridge,2025,audit,68.4,72.1,,,-53.1,750.5,411.8,-70.4,54.9,50.4,0.0334,op+dep,부실·리파이낸싱,부실·리파이낸싱(negative): 구조적 악화 (영업적자 0/3년),0.015,company_history,,,,,순부채/EBITDA 11.6x / 부채비율 242% / EBITDA마진 3%→4% / 3년 순부채 +183억 vs EBITDA합 371억 / 유동비율 48% / 현금/매출 5%
66.1,66.5,24.5,위본모터스(주),00607247,,false,도소매,자동차·부품 판매,DISTRESS(구조조정형),1178.7,-0.257,-9.7,-0.008,371.2,,171.929,0.432,53.9,-77.6,0,,26,145,measured_cashbridge,2025,audit,-25.3,1.8,,,-27.1,425.1,405.9,-50.7,-24.2,-51.8,0.044,op+dep,부실·리파이낸싱,부실·리파이낸싱(negative): 구조적 악화 (영업적자 3/3년),0.008,company_history,26,,,,EBITDA 적자 -10억 / 부채비율 17193% (3년 16802%p↑) / 유동비율 43% / 현금/매출 5% / 영업적자 3/3년
66.1,63.5,30,한국신쇼(주),00769644,,false,도소매,도매·상품중개,REFI(롤오버형),422.1,-0.026,7.6,0.018,231.9,30.5,12.125,1.078,64.9,130.3,4.274,,59,265,measured_cashbridge,2025,audit,-73.1,0,6.6,,-73.1,296.8,296.8,79.7,6.6,0,0,op+dep,부실·리파이낸싱,부실·리파이낸싱(negative): 구조적 악화 (영업적자 0/3년),0.046,company_history,11,,,,순부채/EBITDA 30.5x / 부채비율 1213% / 3년 순부채 +130억 vs EBITDA합 30억 / 유동비율 108% / 런웨이 11개월
66.1,32.3,86.1,(주)푸르온,00524458,,false,제조업,식료품 제조,GROWTH(성장자금형),772.4,0.163,76.3,0.099,249.2,3.3,1.809,0.811,53.4,84.5,0.481,0.3,0,,netdebt_inferred,,,,,,,,,,,,,,,부실·리파이낸싱,부실·리파이낸싱(positive): 레버리지 부담은 크나 매출 회복 + 마진 반등 — 시황 저점 진입 가능성 | 성장자금형(positive): 매출 CAGR 16% + 마진 유지,0.02,company_history,,,,,순부채/EBITDA 3.3x / 3년 순부채 +84억 vs EBITDA합 176억 / 유동비율 81%
66.1,68.5,21,(주)한길철강,01017858,,false,도소매,도매·상품중개,REFI(롤오버형),408.7,-0.287,3.4,0.008,108.5,31.9,1.724,0.554,8.7,46.8,1.496,,11,13,measured_cashbridge,2025,audit,13,5.7,,,7.3,117.2,83.3,-10,-1,4,0.0098,op+dep,부실·리파이낸싱,부실·리파이낸싱(negative): 구조적 악화 (영업적자 1/3년),0.008,company_history,,,,,순부채/EBITDA 31.9x / 3년 순부채 +47억 vs EBITDA합 31억 / 유동비율 55% / 현금/매출 2%
66.1,64.8,27.7,(주)엠에프지코리아,01048432,,false,숙박·음식,음식점·주점,REFI(롤오버형),732.4,-0.162,19.6,0.027,199.8,10.2,6.69,0.65,103.3,-1.7,-0.005,-0.012,36,266,measured_cashbridge,2025,audit,9.3,67.3,0,,-93.7,303.1,169.7,78.1,83.6,3.8,0.0051,op+dep,부실·리파이낸싱,부실·리파이낸싱(negative): 구조적 악화 (영업적자 2/3년),0.033,company_history,,,,,순부채/EBITDA 10.2x / 부채비율 669% (3년 498%p↑) / EBITDA마진 8%→3% / 유동비율 65% / 영업적자 2/3년
66.1,55.7,44,(주)컬리,01153956,,false,도소매,소매(자동차 제외),DISTRESS(구조조정형),23671.2,0.051,,,1945.6,,9.463,0.896,1453.9,75.1,3,0.012,0,0,measured_cashbridge,2025,api,1102.3,68.7,,,610.1,3399.5,,-363.4,919.2,-180.4,0.0076,unavailable,부실·리파이낸싱,부실·리파이낸싱(negative): 구조적 악화 (영업적자 2/3년) | 성장자금형(neutral): 매출 CAGR 5% — EBITDA 마진을 구하지 못해 기존사업 훼손 여부 판정 불가 (capex/매출 0.3%) | 이벤트(neutral): 지배구조·재편 공시 1건 — 승계·증여·분쟁 여부는 주주 레벨 사건이라 재무로 안 보임. 대주주 연령·지분율 개별 확인 필요,0.061,company_history,,RECENTLY_FUNDED,2026-05-06,주요사항보고서(유상증자결정),"부채비율 946% (3년 642%p↑) / 3년 순부채 +75억 vs EBITDA합 -1,718억 / 유동비율 90% / 영업적자 2/3년"
66.1,62.1,32.8,(주)한영수퍼체인,01306169,,false,도소매,도매·상품중개,REFI(롤오버형),393.4,-0.001,3.6,0.009,44.1,12.3,10.41,0.66,0.7,8.7,0.734,0.584,23,31,measured_cashbridge,2025,audit,0.5,0.9,,,-0.4,44.8,44.8,0.3,0.8,0,0,op+dep,부실·리파이낸싱,부실·리파이낸싱(negative): 구조적 악화 (영업적자 0/3년),0.008,company_history,,,,,순부채/EBITDA 12.3x / 부채비율 1041% / 3년 순부채 +9억 vs EBITDA합 12억 / 매출 1원 성장에 순부채 0.58원 / 유동비율 66% / 현금/매출 0%
66.1,58.3,39.4,(주)에코그린티엠,01459708,,false,사업지원·임대,사업지원 서비스,DISTRESS(구조조정형),370.1,0.112,3.3,0.009,4.3,1.3,26.549,0.9,0.3,2.3,3,0.044,18,18,measured_cashbridge,2025,audit,3.7,2,,,1.7,4.6,4.6,-1.9,1.8,0,0,op+dep,부실·리파이낸싱,부실·리파이낸싱(negative): 구조적 악화 (영업적자 2/3년) | 성장자금형(positive): 매출 CAGR 11% + 마진 유지 · capex/매출 0.5%,0.015,company_history,,,,,부채비율 2655% (3년 4415%p↑) / 3년 순부채 +2억 vs EBITDA합 -8억 / 유동비율 90% / 현금/매출 0% / 영업적자 2/3년
66.1,71.1,16.5,(주)피라인모터스,01487206,,false,제조업,전기장비,DISTRESS(구조조정형),432,0.973,-622.3,-1.441,594.5,,-7.921,0.398,16.7,838.3,3.242,0.561,44,62,measured_cashbridge,2025,audit,126,124.6,,,-4.7,611.2,544.9,-70.6,42,13.5,0.0312,op+dep,부실·리파이낸싱,부실·리파이낸싱(negative): 구조적 악화 (영업적자 0/3년 · 자본잠식) | 성장자금형(positive): 매출 CAGR 97% + 마진 유지 · capex/매출 28.8%,0.02,company_history,,DISTRESS_EVENT,,,EBITDA 적자 -622억 / 자본잠식 / 3년 순부채 +838억 vs EBITDA합 259억 / 매출 1원 성장에 순부채 0.56원 / 유동비율 40% / 현금/매출 4%
66,48.6,56.7,대명알미늄(주),01640498,,false,제조업,1차 금속,TIGHT(유동성형),411.8,0.264,10.5,0.026,75.9,7.2,2.349,0.477,4.1,8.2,0.332,0.053,14,14,measured_cashbridge,2025,audit,8.8,2.8,0.3,,6.1,80,49.9,-5.8,3.2,-0.2,0.0005,op+dep,부실·리파이낸싱,부실·리파이낸싱(neutral): 레버리지·유동성 부담 — 구조적/일시적 판단 보류 | 성장자금형(positive): 매출 CAGR 26% + 마진 유지 · capex/매출 0.7%,0.02,company_history,,,,,순부채/EBITDA 7.2x / 부채비율 235% / 3년 순부채 +8억 vs EBITDA합 25억 / 유동비율 48% / 현금/매출 1%
66,45,63.1,니콘프레시젼코리아(주),00218016,,false,제조업,산업용기계·장비 수리,WC_BURN(운전자본형),792.4,0.14,34.5,0.044,-410.4,-11.9,0.462,3.169,412.6,182.5,2.55,1.27,0,0,measured_cashbridge,2025,audit,204.6,0.7,0,,201.6,2.2,,-182.7,-0.6,22.4,0.0283,op+dep,성장,성장자금형(negative): 매출 CAGR 14% 인데 EBITDA마진 15.0%p 훼손 — 기존사업 하락을 외형성장으로 마스킹하는지 확인 필요,0.1,company_history,,,,,EBITDA마진 2%→4% / 3년 순부채 +182억 vs EBITDA합 72억 / 매출 1원 성장에 순부채 1.27원
66,56.4,42.5,일성기계공업(주),00146199,,false,제조업,기타 기계·장비,REFI(롤오버형),324.9,-0.091,25.5,0.078,419,16.4,2.533,1.01,48.2,101.5,2.904,,67,257,measured_cashbridge,2025,audit,-74.8,0.5,,,-75.3,467.2,196.6,47.2,-1.6,-26,0.08,op+dep,부실·리파이낸싱,부실·리파이낸싱(negative): 구조적 악화 (영업적자 1/3년),0.04,company_history,8,,,,순부채/EBITDA 16.4x / 부채비율 253% / 3년 순부채 +101억 vs EBITDA합 35억 / 유동비율 101% / 런웨이 8개월
66,43.7,65.2,(주)신화모텍,00613460,,false,제조업,자동차·트레일러,REFI(롤오버형),1528.4,0.023,101.5,0.066,451.8,4.5,1.763,0.703,30.6,159.3,0.581,0.361,0,0,measured_cashbridge,2025,audit,105.9,50.2,,,55.7,482.4,442.2,-15.1,96.3,-5.4,0.0036,op+dep,부실·리파이낸싱,부실·리파이낸싱(neutral): 레버리지·유동성 부담 — 구조적/일시적 판단 보류,0.02,company_history,,,,,순부채/EBITDA 4.5x / 3년 순부채 +159억 vs EBITDA합 274억 / 유동비율 70% / 현금/매출 2% / 현금 2년 연속 감소
66,36,79.2,(주)에스디이앤티,00815758,,false,도소매,도매·상품중개,GROWTH(성장자금형),1209.5,0.214,61.1,0.051,210.2,3.4,3.598,0.679,33.5,1.5,0.016,0.006,0,0,measured_cashbridge,2025,audit,35.3,15.7,,,19.6,243.6,211.6,-6.8,15,13.5,0.0111,op+dep,부실·리파이낸싱,부실·리파이낸싱(positive): 레버리지 부담은 크나 매출 회복 + 마진 반등 — 시황 저점 진입 가능성 | 성장자금형(positive): 매출 CAGR 21% + 마진 유지 · capex/매출 1.3%,0.008,company_history,,,,,순부채/EBITDA 3.4x / 부채비율 360% / 3년 순부채 +1억 vs EBITDA합 91억 / 유동비율 68% / 현금/매출 3%
66,48.3,57.2,동인중공업(주),01027536,,false,제조업,금속가공제품,REFI(롤오버형),722.1,-0.068,62,0.086,351.7,5.7,2.046,0.99,10.4,120.9,0.749,,24,57,measured_cashbridge,2025,audit,53.5,35.1,,,18.4,362.1,307.4,-13.2,26.8,13.5,0.0187,op+dep,부실·리파이낸싱,부실·리파이낸싱(negative): 구조적 악화 (영업적자 0/3년),0.02,company_history,,,,,순부채/EBITDA 5.7x / 부채비율 205% / 3년 순부채 +121억 vs EBITDA합 161억 / 유동비율 99% / 현금/매출 1%
66,55,45,(주)남광디씨텍,01075481,,false,제조업,자동차·트레일러,REFI(롤오버형),318.4,-0.025,22.3,0.07,258.9,11.6,1.784,0.557,13.8,55.5,0.75,0.925,42,113,measured_cashbridge,2025,audit,5.8,19.9,,,-14.1,272.7,212.5,28,34,-0.3,0.0008,op+dep,부실·리파이낸싱,부실·리파이낸싱(negative): 구조적 악화 (영업적자 0/3년),0.02,company_history,,,,,순부채/EBITDA 11.6x / 3년 순부채 +55억 vs EBITDA합 74억 / 매출 1원 성장에 순부채 0.93원 / 유동비율 56% / 현금/매출 4%
66,55.5,44,(주)리치,01223705,,false,도소매,소매(자동차 제외),REFI(롤오버형),414.5,-0.022,27.7,0.067,198.9,7.2,1.449,0.563,70.1,112.9,1.535,12.334,0,36,measured_cashbridge,2025,audit,26.7,43.7,,,-17,269,140,12.4,60.2,-21.2,0.0511,op+dep,부실·리파이낸싱,부실·리파이낸싱(negative): 구조적 악화 (영업적자 0/3년),0.044,company_history,,,,,순부채/EBITDA 7.2x / 3년 순부채 +113억 vs EBITDA합 74억 / 매출 1원 성장에 순부채 12.33원 / 유동비율 56%
66,58.4,39,대방수산(주),01290099,,false,도소매,도매·상품중개,REFI(롤오버형),494.4,0.026,13.6,0.028,94,6.9,0.75,1.742,0.2,53.2,1.4,1.454,16,,netdebt_inferred,,,,,,,,,,,,,,,부실·리파이낸싱,부실·리파이낸싱(neutral): 레버리지·유동성 부담 — 구조적/일시적 판단 보류,0.008,company_history,,,,,순부채/EBITDA 6.9x / 3년 순부채 +53억 vs EBITDA합 38억 / 매출 1원 성장에 순부채 1.45원 / 현금/매출 0%
65.9,76.9,65,더블유씨피,01291317,393890,true,제조업,전기장비,DISTRESS(구조조정형),2239.7,0.202,-103.5,-0.032,9226,,1.175,0.364,299.7,6673.7,3.529,4.886,2774,8473,measured_cashbridge,2025,api,-274.6,2272.1,,,-2546.8,9525.7,3027.7,2272.9,2068.6,-70.3,0.0314,unavailable,부실·리파이낸싱,부실·리파이낸싱(neutral): 레버리지·유동성 부담 — 구조적/일시적 판단 보류 | 성장자금형(negative): 매출 CAGR 20% 인데 EBITDA마진 40.1%p 훼손 — 기존사업 하락을 외형성장으로 마스킹하는지 확인 필요 | 이벤트(neutral): 표대결 · 5% 지분 이동 — 승계·증여·분쟁 여부는 주주 레벨 사건이라 재무로 안 보임. 대주주 연령·지분율 개별 확인 필요,0.1,company_history,13,RECENTLY_FUNDED,2026-05-11,[기재정정]주요사항보고서(전환사채권발행결정),"EBITDA 적자 -103억 / EBITDA마진 37%→-3% / 3년 순부채 +6,674억 vs EBITDA합 1,891억 / 매출 1원 성장에 순부채 4.89원 / 유동비율 36% / 현금 2년 연속 감소 / 런웨이 13개월"
65.9,37.1,76.9,(주)코웰,00175793,,false,제조업,1차 금속,GROWTH(성장자금형),532.9,0.224,36.2,0.068,179.5,5,1.001,1.291,4.9,79.3,0.749,0.433,0,0,measured_cashbridge,2025,audit,46,7.9,,,38.1,184.4,161.4,-71.4,-31.8,6.4,0.0119,op+dep,부실·리파이낸싱,부실·리파이낸싱(positive): 레버리지 부담은 크나 매출 회복 + 마진 반등 — 시황 저점 진입 가능성 | 성장자금형(positive): 매출 CAGR 22% + 마진 유지 · capex/매출 1.5%,0.02,company_history,,,,,순부채/EBITDA 5.0x / 3년 순부채 +79억 vs EBITDA합 106억 / 현금/매출 1%
65.9,56.8,41.4,글로벌세아(주),00247522,,false,전문·과학·기술,전문서비스업,DISTRESS(구조조정형),59929.8,0.077,3817.9,0.064,8659.4,2.3,2.895,0.756,5150.3,3862.5,10.651,16.634,0,0,measured_cashbridge,2025,audit,1092.6,1410.8,0,,-479.4,13809.7,3814.7,-1278.1,825.4,-413.9,0.0069,op+dep,부실·리파이낸싱,부실·리파이낸싱(positive): 레버리지 부담은 크나 매출 회복 + 마진 반등 — 시황 저점 진입 가능성 | 성장자금형(positive): 매출 CAGR 8% + 마진 유지 · capex/매출 2.4% | 이벤트(neutral): 지분 인수·매각 — 승계·증여·분쟁 여부는 주주 레벨 사건이라 재무로 안 보임. 대주주 연령·지분율 개별 확인 필요,0.025,company_history,,UNLISTED_BLIND,,,"부채비율 289% (3년 242%p↑) / 3년 순부채 +3,862억 vs EBITDA합 363억 / 매출 1원 성장에 순부채 16.63원 / 유동비율 76%"
65.9,68.1,21,더블유스코프코리아(주),00601669,,false,제조업,고무·플라스틱제품,DISTRESS(구조조정형),343.4,-0.428,-232.1,-0.676,725.9,,1.53,0.355,6.4,-19.2,-0.029,,289,,netdebt_inferred,2025,audit,,162.8,,,,732.3,634.1,-58.3,,,,op+dep,부실·리파이낸싱,부실·리파이낸싱(negative): 구조적 악화 (영업적자 3/3년),0.02,company_history,0,,,,EBITDA 적자 -232억 / EBITDA마진 14%→-68% / 유동비율 35% / 현금/매출 2% / 현금 2년 연속 감소 / 영업적자 3/3년 / 런웨이 0개월
65.9,61.7,32.4,성창기업(주),00699521,,false,제조업,목재·나무제품 제조,DISTRESS(구조조정형),578.9,-0.096,30.6,0.053,527.6,17.2,0.343,0.36,44.3,177,3,,12,89,measured_cashbridge,2025,audit,24.8,0.4,,,21.6,571.9,571.9,-48,-7.1,-16.1,0.0278,op+dep,부실·리파이낸싱,부실·리파이낸싱(negative): 구조적 악화 (영업적자 2/3년),0.02,company_history,,,,,순부채/EBITDA 17.2x / 3년 순부채 +177억 vs EBITDA합 -243억 / 유동비율 36% / 영업적자 2/3년
65.9,41.7,68.5,(주)야놀자,00907864,,false,정보통신,정보서비스,WC_BURN(운전자본형),10292,0.195,,,-5726.8,,1.283,1.006,5891.1,10126.1,4.81,1.704,0,0,measured_cashbridge,2025,api,193.6,278.1,,,-205.3,164.3,,457.8,784,-132.7,0.0129,unavailable,성장,성장자금형(neutral): 매출 CAGR 20% — EBITDA 마진을 구하지 못해 기존사업 훼손 여부 판정 불가 (capex/매출 2.7%) | 이벤트(neutral): 분할·카브아웃 — 승계·증여·분쟁 여부는 주주 레벨 사건이라 재무로 안 보임. 대주주 연령·지분율 개별 확인 필요,0.1,company_history,,UNLISTED_BLIND,,,"3년 순부채 +1.0조 vs EBITDA합 2,105억 / 매출 1원 성장에 순부채 1.70원 / 유동비율 101% / 현금 2년 연속 감소"
65.9,41.9,68.1,(주)예그리나,01374142,,false,제조업,화학물질·화학제품,GROWTH(성장자금형),455.2,0.129,33.7,0.074,204.6,6.1,3.663,0.563,69.4,40,0.523,0.205,23,140,measured_cashbridge,2025,audit,23.4,59.9,2.4,,-36.5,273.9,233.1,38.3,63.7,-2,0.0044,op+dep,부실·리파이낸싱,부실·리파이낸싱(positive): 레버리지 부담은 크나 매출 회복 + 마진 반등 — 시황 저점 진입 가능성 | 성장자금형(positive): 매출 CAGR 13% + 마진 유지 · capex/매출 13.2%,0.07,company_history,,,,,순부채/EBITDA 6.1x / 부채비율 366% / 3년 순부채 +40억 vs EBITDA합 76억 / 유동비율 56%
65.9,41.2,69.5,(주)경원알미늄,01345955,,false,제조업,금속가공제품,WC_BURN(운전자본형),406.1,0.165,27.7,0.068,133.9,4.8,1.425,2.078,31.9,57.7,1.068,0.657,0,0,measured_cashbridge,2025,audit,22,4.4,,,17.6,165.7,14.2,5.4,27.5,-0.1,0.0002,op+dep,부실·리파이낸싱,부실·리파이낸싱(positive): 레버리지 부담은 크나 매출 회복 + 마진 반등 — 시황 저점 진입 가능성 | 성장자금형(positive): 매출 CAGR 17% + 마진 유지 · capex/매출 1.1%,0.079,company_history,,,,,순부채/EBITDA 4.8x / 3년 순부채 +58억 vs EBITDA합 54억 / 매출 1원 성장에 순부채 0.66원 / 현금 2년 연속 감소
65.9,61,33.6,(주)지오에너지,01451894,,false,도소매,도매·상품중개,REFI(롤오버형),553.7,-0.13,13.1,0.024,124.8,9.5,2.447,1.493,7.8,11.3,1.152,,5,5,measured_cashbridge,2025,audit,10.1,0.8,,,9.3,132.7,21.6,-8.2,1.9,0,0.0001,op+dep,부실·리파이낸싱,부실·리파이낸싱(negative): 구조적 악화 (영업적자 2/3년),0.008,company_history,,,,,순부채/EBITDA 9.5x / 부채비율 245% / 3년 순부채 +11억 vs EBITDA합 10억 / 현금/매출 1% / 영업적자 2/3년
65.9,58.4,38.4,우진전장(주),01460157,,false,제조업,전기장비,REFI(롤오버형),340.3,-0.119,16.3,0.048,165.1,10.1,1,0.527,15.9,88.8,1.414,1.98,0,0,measured_cashbridge,2025,audit,27.9,1.6,,,26.3,181,181,-29.5,-1.5,-0.2,0.0005,op+dep,부실·리파이낸싱,부실·리파이낸싱(negative): 구조적 악화 (영업적자 0/3년),0.02,company_history,,,,,순부채/EBITDA 10.1x / 3년 순부채 +89억 vs EBITDA합 63억 / 매출 1원 성장에 순부채 1.98원 / 유동비율 53% / 현금/매출 5%
65.9,50.8,52.3,(주)대현단자,01469990,,false,제조업,전자부품·컴퓨터·통신장비,REFI(롤오버형),620.8,0.064,27.7,0.045,157.4,5.7,2.335,0.832,23.1,40.3,0.786,0.325,67,207,measured_cashbridge,2025,audit,-46.5,5.9,,,-52.4,180.5,177.5,-8.9,-56,0.7,0.0011,op+dep,부실·리파이낸싱,부실·리파이낸싱(negative): 구조적 악화 (영업적자 2/3년) | 성장자금형(positive): 매출 CAGR 6% + 마진 유지 · capex/매출 1.0%,0.02,company_history,6,UNLISTED_BLIND,,,순부채/EBITDA 5.7x / 부채비율 234% / 3년 순부채 +40억 vs EBITDA합 51억 / 유동비율 83% / 현금/매출 4% / 영업적자 2/3년 / 런웨이 6개월
65.9,56.2,42.5,(주)엘제이농산,01779286,,false,도소매,도매·상품중개,TIGHT(유동성형),347.6,,18.5,0.053,38.1,2.1,2.839,0.701,3,38.1,2.621,0.109,11,,netdebt_inferred,,,,,,,,,,,,,,,부실·리파이낸싱,부실·리파이낸싱(positive): 레버리지 부담은 크나 매출 회복 + 마진 반등 — 시황 저점 진입 가능성,0.009,company_history,,,,,부채비율 284% (3년 284%p↑) / 3년 순부채 +38억 vs EBITDA합 15억 / 유동비율 70% / 현금/매출 1% / 현금 2년 연속 감소
65.9,74,10.5,(주)누리티케이,01862160,,false,사업지원·임대,사업지원 서비스,DISTRESS(구조조정형),736.2,,-0.1,0,1,,-1.583,0,0,1,3,0.001,1,,netdebt_inferred,,,,,,,,,,,,,,,부실·리파이낸싱,부실·리파이낸싱(negative): 구조적 악화 (영업적자 2/3년 · 자본잠식),0.03,industry_band,0,,,,EBITDA 적자 -0억 / 자본잠식 / 3년 순부채 +1억 vs EBITDA합 -1억 / 유동비율 0% / 현금/매출 0% / 영업적자 2/3년 / 런웨이 0개월
65.8,58.8,37.5,(주)오일리오,01636538,,false,도소매,소매(자동차 제외),REFI(롤오버형),834.2,-0.086,6.2,0.007,67.6,10.9,2.275,0.409,7.4,26.9,1.447,0.165,9,,netdebt_inferred,2025,audit,,0,,,,75,75,-6.1,-3.8,,,op+dep,부실·리파이낸싱,부실·리파이낸싱(negative): 구조적 악화 (영업적자 0/3년),0.008,company_history,,,,,순부채/EBITDA 10.9x / 부채비율 227% / 3년 순부채 +27억 vs EBITDA합 19억 / 유동비율 41% / 현금/매출 1%
65.8,45.1,62.1,(주)씨티알에코포징,01609996,,false,제조업,자동차·트레일러,REFI(롤오버형),1147.2,0.03,60.2,0.052,336.3,5.6,1.406,1.182,85.2,271.9,1.531,0.255,34,226,measured_cashbridge,2025,audit,0.7,25.7,35,,-25.5,421.5,355,66.4,67,0.1,0.0001,op+dep,부실·리파이낸싱,부실·리파이낸싱(neutral): 레버리지·유동성 부담 — 구조적/일시적 판단 보류 | 리캡(negative): 배당 35억 (매출의 3.1% · OCF의 5000%) + 순부채 +66억 — 차입 배당 구조,0.02,company_history,,,,,순부채/EBITDA 5.6x / 3년 순부채 +272억 vs EBITDA합 178억 / 유동비율 118%
65.8,52.3,49,(주)대광직물,00108898,,false,제조업,섬유제품 제조,REFI(롤오버형),407.6,0.039,22.3,0.055,527.1,23.7,9.137,0.425,0.1,-15.8,-0.223,-0.361,9,,netdebt_inferred,,,,,,,,,,,,,,,부실·리파이낸싱,부실·리파이낸싱(neutral): 레버리지·유동성 부담 — 구조적/일시적 판단 보류,0.02,company_history,0,,,,순부채/EBITDA 23.7x / 부채비율 914% / 유동비율 43% / 현금/매출 0% / 현금 2년 연속 감소 / 런웨이 0개월
65.8,33.7,82.5,로로피아나코리아(주),00525040,,false,도소매,소매(자동차 제외),WC_BURN(운전자본형),1568.4,0.095,138.4,0.088,572,4.1,1.192,1.697,3.3,247.3,0.783,0.557,353,1026,measured_cashbridge,2025,audit,-238.6,51.9,,,-290.5,575.2,575.2,289.2,50.6,0,0,op+dep,부실·리파이낸싱,부실·리파이낸싱(positive): 레버리지 부담은 크나 매출 회복 + 마진 반등 — 시황 저점 진입 가능성 | 성장자금형(positive): 매출 CAGR 10% + 마진 유지 · capex/매출 3.3%,0.008,company_history,0,,,,순부채/EBITDA 4.1x / 3년 순부채 +247억 vs EBITDA합 316억 / 매출 1원 성장에 순부채 0.56원 / 현금/매출 0% / 런웨이 0개월
65.8,42.3,67,에이스메디칼(주),00527589,,false,도소매,도매·상품중개,REFI(롤오버형),428.7,0.028,51.3,0.12,473.5,9.2,1.708,1.649,34.4,373.8,3.641,,0,2,measured_cashbridge,2025,audit,21.3,8.9,10.1,,12.4,507.9,103.9,-11.5,9.8,0,0.0001,op+dep,부실·리파이낸싱,부실·리파이낸싱(positive): 레버리지 부담은 크나 매출 회복 + 마진 반등 — 시황 저점 진입 가능성,0.035,company_history,,UNLISTED_BLIND,,,순부채/EBITDA 9.2x / 3년 순부채 +374억 vs EBITDA합 103억
65.8,36.5,77.5,(주)케이아이비,00915243,,false,제조업,고무·플라스틱제품,TIGHT(유동성형),364.1,0.099,49.5,0.136,230.6,4.7,1.81,0.414,2,57.3,0.464,0.678,13,13,measured_cashbridge,2025,audit,50,30.6,,,19.4,232.6,168.9,-86,-36,0,0,op+dep,부실·리파이낸싱,부실·리파이낸싱(positive): 레버리지 부담은 크나 매출 회복 + 마진 반등 — 시황 저점 진입 가능성 | 성장자금형(positive): 매출 CAGR 10% + 마진 유지 · capex/매출 8.4%,0.02,company_history,,UNLISTED_BLIND,,,순부채/EBITDA 4.7x / 3년 순부채 +57억 vs EBITDA합 124억 / 매출 1원 성장에 순부채 0.68원 / 유동비율 41% / 현금/매출 1%
65.8,56,42.3,(주)엔씨다이노스,00923507,,false,예술·여가,스포츠·오락,REFI(롤오버형),546.8,-0.024,19.6,0.036,254.1,13,151.201,0.334,82.9,-66,-0.444,-8.385,0,0,measured_cashbridge,2025,audit,38.9,3.7,,,35.3,337,337,-39.1,-0.2,0,0,op+dep,부실·리파이낸싱,부실·리파이낸싱(negative): 구조적 악화 (영업적자 0/3년),0.035,company_history,,,,,순부채/EBITDA 13.0x / 부채비율 15120% (3년 17267%p↑) / EBITDA마진 9%→4% / 유동비율 33%
65.8,65,26.2,(주)케이앤비,01107391,,false,도소매,도매·상품중개,GROWTH(성장자금형),736.9,0.32,186.1,0.253,1987.5,10.7,-9.539,0.897,0,910.3,3.139,2.184,360,,netdebt_inferred,,,,,,,,,,,,,,,부실·리파이낸싱,부실·리파이낸싱(negative): 구조적 악화 (영업적자 1/3년 · 자본잠식) | 성장자금형(positive): 매출 CAGR 32% + 마진 유지,0.008,company_history,,,,,순부채/EBITDA 10.7x / 자본잠식 / 3년 순부채 +910억 vs EBITDA합 290억 / 매출 1원 성장에 순부채 2.18원 / 유동비율 90% / 현금/매출 0%
65.8,30.5,88.2,타이슨푸드코리아유한회사,01576731,,false,도소매,도매·상품중개,GROWTH(성장자금형),1444.9,0.195,116.5,0.081,294.5,2.5,1.46,1.307,45.7,254.3,1.031,0.485,7,42,measured_cashbridge,2025,audit,26.9,35.8,,,-8.9,340.2,200,15.5,34.1,8.3,0.0057,op+dep,성장,성장자금형(positive): 매출 CAGR 19% + 마진 유지 · capex/매출 2.5%,0.021,company_history,,,,,3년 순부채 +254억 vs EBITDA합 247억 / 현금/매출 3%
65.8,57.4,40,버슘머트리얼즈피엠코리아,01526772,,false,제조업,화학물질·화학제품,REFI(롤오버형),1053.1,-0.032,5,0.005,26.4,5.3,0.197,2.408,63.3,330,1.745,0.727,0,0,measured_cashbridge,2025,audit,65,42.8,,,22.2,89.7,89.7,-19.8,43.1,2.1,0.002,op+dep,부실·리파이낸싱,부실·리파이낸싱(negative): 구조적 악화 (영업적자 3/3년),0.034,company_history,,UNLISTED_BLIND,,,순부채/EBITDA 5.3x / EBITDA마진 3%→0% / 3년 순부채 +330억 vs EBITDA합 189억 / 매출 1원 성장에 순부채 0.73원 / 영업적자 3/3년
65.8,44,64.1,(주)유코,01541373,,false,도소매,도매·상품중개,REFI(롤오버형),344.1,0.008,98.5,0.286,481.6,4.9,2.443,0.366,41.2,308.1,1.314,2.542,53,197,measured_cashbridge,2025,audit,-16.6,0.1,14.1,,-16.7,522.7,517.7,37.7,13.4,7.7,0.0224,op+dep,부실·리파이낸싱,부실·리파이낸싱(neutral): 레버리지·유동성 부담 — 구조적/일시적 판단 보류,0.063,company_history,30,,,,순부채/EBITDA 4.9x / 부채비율 244% / 3년 순부채 +308억 vs EBITDA합 235억 / 매출 1원 성장에 순부채 2.54원 / 유동비율 37%
65.7,50.8,51.3,(주)신우유통,00452993,,false,도소매,도매·상품중개,REFI(롤오버형),1402.4,0.023,3.7,0.003,61.2,16.5,3.397,0.938,0.5,-2.1,-0.165,-0.009,44,94,measured_cashbridge,2025,audit,-19.9,0,,,-19.9,61.7,61.7,20.3,0.4,0,0,op+dep,부실·리파이낸싱,부실·리파이낸싱(neutral): 레버리지·유동성 부담 — 구조적/일시적 판단 보류,0.008,company_history,0,,,,순부채/EBITDA 16.5x / 부채비율 340% / 유동비율 94% / 현금/매출 0% / 런웨이 0개월
65.7,44.3,63.2,(주)포원,00866293,,false,운수·물류,창고·운송관련 서비스,REFI(롤오버형),328.5,0.002,40.9,0.124,167.1,4.1,16.855,0.574,29.6,101,1.338,,0,0,measured_cashbridge,2025,audit,39.3,19.9,0,,19.4,196.7,106.6,-20.8,24.2,-5.8,0.0175,op+dep,부실·리파이낸싱,부실·리파이낸싱(positive): 레버리지 부담은 크나 매출 회복 + 마진 반등 — 시황 저점 진입 가능성,0.015,company_history,,UNLISTED_BLIND,,,순부채/EBITDA 4.1x / 부채비율 1685% / 3년 순부채 +101억 vs EBITDA합 76억 / 유동비율 57%
65.7,57.8,38.7,기경산업(주),00875732,,false,도소매,도매·상품중개,REFI(롤오버형),650.7,-0.137,15.6,0.024,145,9.3,1.71,1.647,2.3,57.5,1.736,,20,,netdebt_inferred,,,,,,,,,,,,,,,부실·리파이낸싱,부실·리파이낸싱(negative): 구조적 악화 (영업적자 0/3년),0.008,company_history,,,,,순부채/EBITDA 9.3x / 3년 순부채 +58억 vs EBITDA합 33억 / 현금/매출 0%
65.7,27.9,92.5,(주)루메나,01476352,,false,제조업,전기장비,WC_BURN(운전자본형),683,0.213,117.3,0.172,160.4,1.4,1.951,1.323,102.5,226.1,1.05,1.268,0,0,measured_cashbridge,2025,audit,30.8,23.4,,,7.4,263,233,39,44.1,25.8,0.0377,op+dep,성장,성장자금형(positive): 매출 CAGR 21% + 마진 유지 · capex/매출 3.4%,0.072,company_history,,,,,3년 순부채 +226억 vs EBITDA합 215억 / 매출 1원 성장에 순부채 1.27원
65.7,73.1,11.3,네이버제트(주),01486517,,false,정보통신,정보서비스,DISTRESS(구조조정형),662.5,0.083,-465.4,-0.702,740.4,,-1.213,,285.9,1163.3,3,2.949,206,1057,measured_cashbridge,2025,audit,-390.6,12.8,,,-425.4,1026.3,,428.1,232.7,-195.2,0.2946,op+dep,부실·리파이낸싱,부실·리파이낸싱(negative): 구조적 악화 (영업적자 3/3년 · 자본잠식) | 성장자금형(positive): 매출 CAGR 8% + 마진 유지 · capex/매출 1.9%,0.1,company_history,9,,,,"EBITDA 적자 -465억 / 자본잠식 / 3년 순부채 +1,163억 vs EBITDA합 -2,014억 / 매출 1원 성장에 순부채 2.95원 / 영업적자 3/3년 / 런웨이 9개월"
65.6,53.6,46.1,(주)농업회사법인돈우,01628654,,false,제조업,식료품 제조,TIGHT(유동성형),357,0.075,9.7,0.027,91.3,9.4,1.966,0.329,6.4,11.4,0.601,,24,45,measured_cashbridge,2025,audit,0.2,0.9,,,-0.7,97.6,97.6,0.5,0.7,0,0,op+dep,부실·리파이낸싱,부실·리파이낸싱(positive): 레버리지 부담은 크나 매출 회복 + 마진 반등 — 시황 저점 진입 가능성 | 성장자금형(positive): 매출 CAGR 8% + 마진 유지 · capex/매출 0.3%,0.02,company_history,,,,,순부채/EBITDA 9.4x / 3년 순부채 +11억 vs EBITDA합 19억 / 유동비율 33% / 현금/매출 2%
65.6,51,50.4,우영산업(주),00143031,,false,제조업,자동차·트레일러,DISTRESS(구조조정형),2218.9,0.085,16.9,0.008,356.9,21.1,1.508,0.687,114.7,-158.8,-27.015,-0.448,19,182,measured_cashbridge,2025,audit,116.8,168.6,,,-51.8,471.6,425.1,96.2,175,38,0.0171,op+dep,부실·리파이낸싱,부실·리파이낸싱(negative): 구조적 악화 (영업적자 2/3년) | 성장자금형(positive): 매출 CAGR 8% + 마진 유지 · capex/매출 7.6%,0.02,company_history,,,,,순부채/EBITDA 21.1x / 유동비율 69% / 현금 2년 연속 감소 / 영업적자 2/3년
65.6,41.1,68.6,정림개발(주),00368621,,false,숙박·음식,숙박업,REFI(롤오버형),369.8,0.039,47.1,0.127,637.5,13.5,0.891,0.049,3.3,74.6,0.581,0.542,42,92,measured_cashbridge,2025,audit,35.3,11.7,,,23.6,640.8,416.7,-22.6,12,0.7,0.002,op+dep,부실·리파이낸싱,부실·리파이낸싱(neutral): 레버리지·유동성 부담 — 구조적/일시적 판단 보류,0.01,company_history,,,,,순부채/EBITDA 13.5x / 3년 순부채 +75억 vs EBITDA합 129억 / 매출 1원 성장에 순부채 0.54원 / 유동비율 5% / 현금/매출 1%
65.6,45.8,60,(주)동성진흥,00243207,,false,제조업,금속가공제품,REFI(롤오버형),399.9,-0.115,63.5,0.159,296,4.7,2.814,0.942,7.4,59.9,0.47,1.693,7,7,measured_cashbridge,2025,audit,32.4,2.4,,,30,303.4,224.9,-32.1,-0.2,0.5,0.0013,op+dep,부실·리파이낸싱,부실·리파이낸싱(negative): 구조적 악화 (영업적자 1/3년),0.02,company_history,,UNLISTED_BLIND,,,순부채/EBITDA 4.7x / 부채비율 281% (3년 68%p↑) / 3년 순부채 +60억 vs EBITDA합 127억 / 매출 1원 성장에 순부채 1.69원 / 유동비율 94% / 현금/매출 2%
65.6,67.3,21.2,대도철강(주),00568832,,false,도소매,도매·상품중개,DISTRESS(구조조정형),558.3,-0.216,16.3,0.029,115.7,7.1,1.598,0.69,24.2,10.8,3,,0,0,measured_cashbridge,2025,audit,13.5,0.6,0,,13,139.9,123.9,-11.1,-1.3,3.8,0.0067,op+dep,부실·리파이낸싱,부실·리파이낸싱(negative): 구조적 악화 (영업적자 2/3년),0.008,company_history,,UNLISTED_BLIND,,,순부채/EBITDA 7.1x / 3년 순부채 +11억 vs EBITDA합 -2억 / 유동비율 69% / 현금/매출 4% / 영업적자 2/3년
65.6,38.5,73.2,(주)화경,00815350,,false,도소매,도매·상품중개,TIGHT(유동성형),421,0.07,51.5,0.122,190.1,3.7,2.157,0.94,12.1,73.6,0.642,0.952,20,,netdebt_inferred,,,,,,,,,,,,,,,부실·리파이낸싱,부실·리파이낸싱(positive): 레버리지 부담은 크나 매출 회복 + 마진 반등 — 시황 저점 진입 가능성 | 성장자금형(positive): 매출 CAGR 7% + 마진 유지,0.008,company_history,,,,,순부채/EBITDA 3.7x / 부채비율 216% / 3년 순부채 +74억 vs EBITDA합 115억 / 매출 1원 성장에 순부채 0.95원 / 유동비율 94% / 현금/매출 3%
65.6,68.6,18.9,농업회사법인돈마루(주),00989761,,false,제조업,식료품 제조,TIGHT(유동성형),493.3,-0.194,13.2,0.027,27.5,2.1,36.795,0.52,0.8,3.2,3,,21,25,measured_cashbridge,2025,audit,1,0,,,1,28.3,28.3,1,2,0,0,op+dep,부실·리파이낸싱,부실·리파이낸싱(negative): 구조적 악화 (영업적자 1/3년),0.02,company_history,,UNLISTED_BLIND,,,부채비율 3680% (3년 3039%p↑) / 3년 순부채 +3억 vs EBITDA합 -3억 / 유동비율 52% / 현금/매출 0%
65.6,54.2,44.9,삼익전자산업(주),01154645,,false,제조업,전자부품·컴퓨터·통신장비,REFI(롤오버형),616.4,0.028,13.2,0.021,144.6,11,2.751,1.358,2,39.5,1.224,0.496,49,111,measured_cashbridge,2025,audit,-18.2,7.1,,,-25.3,146.6,56.1,22.3,5.2,-1.1,0.0017,op+dep,부실·리파이낸싱,부실·리파이낸싱(neutral): 레버리지·유동성 부담 — 구조적/일시적 판단 보류,0.02,company_history,1,,,,순부채/EBITDA 11.0x / 부채비율 275% / 3년 순부채 +40억 vs EBITDA합 32억 / 현금/매출 0% / 런웨이 1개월
65.6,23.6,100,(주)디팜스테크,01137231,,false,제조업,기타 기계·장비,GROWTH(성장자금형),1662.5,0.416,261.7,0.157,440.2,1.7,2.42,0.973,158,284.8,0.577,0.392,0,0,measured_cashbridge,2025,audit,284.8,269.8,,,15,598.3,237.7,0.4,273.1,12.2,0.0073,op+dep,부실·리파이낸싱,부실·리파이낸싱(positive): 레버리지 부담은 크나 매출 회복 + 마진 반등 — 시황 저점 진입 가능성 | 성장자금형(positive): 매출 CAGR 42% + 마진 유지 · capex/매출 16.2%,0.041,company_history,,,,,부채비율 242% (3년 66%p↑) / 3년 순부채 +285억 vs EBITDA합 493억 / 유동비율 97%
65.6,63.6,28,(주)현대디에프,01083994,,false,도소매,소매(자동차 제외),REFI(롤오버형),9721.3,-0.151,150.2,0.016,3074.9,20.5,4.173,1.218,180.4,-1013.9,-5.184,,0,,netdebt_inferred,,,,,,,,,,,,,,,부실·리파이낸싱,부실·리파이낸싱(negative): 구조적 악화 (영업적자 3/3년),0.008,company_history,115,,,,순부채/EBITDA 20.5x / 부채비율 417% (3년 76%p↑) / 현금/매출 2% / 현금 2년 연속 감소 / 영업적자 3/3년
65.6,66.1,23.6,에스지레일(주),01380967,,false,운수·물류,육상운송·파이프라인,DISTRESS(구조조정형),1463.6,,802.8,0.549,16213.9,20.2,12.9,0.506,767.1,10450.8,3,16.952,2043,7565,measured_cashbridge,2025,audit,247.2,2982.5,,,-2735.3,16981,291.2,2102.9,2350.1,0,0,op+dep,부실·리파이낸싱,부실·리파이낸싱(negative): 구조적 악화 (영업적자 2/3년),0.03,industry_band,,UNLISTED_BLIND,,,순부채/EBITDA 20.2x / 부채비율 1290% (3년 997%p↑) / 3년 순부채 +1.0조 vs EBITDA합 -177억 / 매출 1원 성장에 순부채 16.95원 / 유동비율 51% / 영업적자 2/3년
65.6,56.1,41.6,(주)클릭나라,01457454,,false,도소매,소매(자동차 제외),REFI(롤오버형),906.3,0.042,15.6,0.017,85.4,5.5,1.827,1.021,72.2,153.6,6.349,,0,0,measured_cashbridge,2025,audit,39.7,27.3,,,12.4,157.6,130.6,-47.4,7.9,-15.6,0.0172,op+dep,부실·리파이낸싱,부실·리파이낸싱(positive): 레버리지 부담은 크나 매출 회복 + 마진 반등 — 시황 저점 진입 가능성,0.027,company_history,,UNLISTED_BLIND,,,순부채/EBITDA 5.5x / 3년 순부채 +154억 vs EBITDA합 24억 / 유동비율 102%
65.6,58.3,37.3,에스지에스한국(주),01443804,,false,도소매,도매·상품중개,REFI(롤오버형),396,-0.075,17.6,0.045,224.9,12.8,2.598,1.146,23.8,84.4,1.014,11.72,45,144,measured_cashbridge,2025,audit,24.5,64,0,,-39.5,248.7,99.5,47.4,71.9,0,0,op+dep,부실·리파이낸싱,부실·리파이낸싱(negative): 구조적 악화 (영업적자 0/3년),0.008,company_history,,,,,순부채/EBITDA 12.8x / 부채비율 260% / 3년 순부채 +84억 vs EBITDA합 83억 / 매출 1원 성장에 순부채 11.72원 / 유동비율 115%
65.6,75,7.2,농업회사법인(주)참연푸드웰,01548321,,false,제조업,식료품 제조,DISTRESS(구조조정형),405.1,0.007,-5.6,-0.014,15.5,,-4.121,1.96,3.9,32.8,3,0.686,22,34,measured_cashbridge,2025,audit,-4,1.9,,,-5.9,19.4,2,-79.1,-72.7,-10.4,0.0257,op+dep,부실·리파이낸싱,부실·리파이낸싱(negative): 구조적 악화 (영업적자 3/3년 · 자본잠식),0.02,company_history,12,DISTRESS_EVENT,,,EBITDA 적자 -6억 / 자본잠식 / 3년 순부채 +33억 vs EBITDA합 -7억 / 매출 1원 성장에 순부채 0.69원 / 현금/매출 1% / 영업적자 3/3년 / 런웨이 12개월
65.6,70.8,15,(주)주성기술산업,01771664,,false,제조업,기타 운송장비,DISTRESS(구조조정형),408.1,0.432,-1.6,-0.004,5.6,,-47.379,0.929,0.5,4.9,10.489,0.012,3,,netdebt_inferred,2025,audit,-0.7,,,,,6.1,6,0.7,0,0,0,op+dep,부실·리파이낸싱,부실·리파이낸싱(negative): 구조적 악화 (영업적자 2/3년 · 자본잠식) | 성장자금형(positive): 매출 CAGR 43% + 마진 유지,0.02,company_history,9,,,,EBITDA 적자 -2억 / 자본잠식 / 3년 순부채 +5억 vs EBITDA합 0억 / 유동비율 93% / 현금/매출 0% / 영업적자 2/3년 / 런웨이 9개월
65.5,65,25,(주)세유,01077638,,false,사업지원·임대,사업지원 서비스,DISTRESS(구조조정형),475.3,-0.051,-8.1,-0.017,46.6,,11.431,1.052,17.8,-2,0,,5,,netdebt_inferred,,,,,,,,,,,,,,,부실·리파이낸싱,부실·리파이낸싱(negative): 구조적 악화 (영업적자 1/3년),0.018,company_history,20,,,,EBITDA 적자 -8억 / 부채비율 1143% (3년 11874%p↑) / EBITDA마진 0%→-2% / 유동비율 105% / 현금/매출 4% / 런웨이 20개월
65.5,53.8,45.3,(주)남신약품,00369620,,false,도소매,도매·상품중개,REFI(롤오버형),1397.6,-0.018,26.4,0.019,196.7,7.5,1.889,1.616,115.5,54.8,1.101,,0,0,measured_cashbridge,2025,audit,23,0.7,,,22.3,312.2,249.1,-14.7,4.7,3.6,0.0025,op+dep,부실·리파이낸싱,부실·리파이낸싱(negative): 구조적 악화 (영업적자 0/3년),0.008,company_history,,,,,순부채/EBITDA 7.5x / 3년 순부채 +55억 vs EBITDA합 50억
65.5,53.8,45,(주)유진로지스틱스,00490434,,false,운수·물류,육상운송·파이프라인,TIGHT(유동성형),1985.4,-0.037,5.8,0.003,,,0.678,0.597,10.1,234.5,1.203,,47,103,measured_cashbridge,2025,audit,26.1,3.6,,,-26.9,,,,26.8,,,op+dep,부실·리파이낸싱,부실·리파이낸싱(negative): 구조적 악화 (영업적자 0/3년),0.015,company_history,,,,,EBITDA마진 3%→0% / 3년 순부채 +235억 vs EBITDA합 195억 / 유동비율 60% / 현금/매출 1%
65.5,68.4,19,중흥토건(주),00916862,,false,건설업,종합 건설,DISTRESS(구조조정형),96833.8,-0.037,-4723.5,-0.049,45832.7,,3.267,2.014,25725.2,24068.9,24.571,48.389,0,0,measured_cashbridge,2025,audit,3436,1105.3,,,1500.4,71557.9,18398,-961.7,2417.7,56.7,0.0006,op+dep,부실·리파이낸싱,부실·리파이낸싱(negative): 구조적 악화 (영업적자 1/3년) | 이벤트(neutral): 합병 — 승계·증여·분쟁 여부는 주주 레벨 사건이라 재무로 안 보임. 대주주 연령·지분율 개별 확인 필요,0.031,company_history,,UNLISTED_BLIND,,,"EBITDA 적자 -4,723억 / 부채비율 327% (3년 223%p↑) / 3년 순부채 +2.4조 vs EBITDA합 980억 / 매출 1원 성장에 순부채 48.39원"
65.5,26.2,95,(주)미래도건설,00571021,,false,건설업,전문직별 공사,GROWTH(성장자금형),3426.9,0.586,1065.5,0.311,1991.8,1.9,2.366,3.528,192.1,1065.8,1.029,0.415,181,,netdebt_inferred,,,,,,,,,,,,,,,성장,성장자금형(positive): 매출 CAGR 59% + 마진 유지,0.05,company_history,,,,,"부채비율 237% / 3년 순부채 +1,066억 vs EBITDA합 1,036억 / 영업적자 2/3년"
65.5,60.8,32.5,(주)광신종합건설,01155635,,false,건설업,종합 건설,REFI(롤오버형),1035.9,-0.19,25.6,0.025,938.5,36.7,1.169,2.022,103.7,547.7,1.241,3.887,134,556,measured_cashbridge,2025,audit,-69.9,0.2,,,-70.1,1042.2,941.6,612.5,-29.2,571.8,0.552,op+dep,부실·리파이낸싱,부실·리파이낸싱(negative): 구조적 악화 (영업적자 0/3년),0.025,company_history,18,,,,순부채/EBITDA 36.7x / EBITDA마진 9%→2% / 3년 순부채 +548억 vs EBITDA합 441억 / 매출 1원 성장에 순부채 3.89원 / 런웨이 18개월
65.5,40,70,(주)에이치엔비아시아,01454332,,false,도소매,도매·상품중개,TIGHT(유동성형),1073.6,0.086,55.3,0.052,83.9,1.5,1.625,0.961,29.6,264.5,2.54,0.624,15,46,measured_cashbridge,2025,audit,16.6,0.1,25.2,,16.5,113.5,113.5,-145.9,-89.5,-39.9,0.0371,op+dep,부실·리파이낸싱,부실·리파이낸싱(neutral): 레버리지·유동성 부담 — 구조적/일시적 판단 보류 | 성장자금형(positive): 매출 CAGR 9% + 마진 유지 · capex/매출 0.0%,0.025,company_history,,UNLISTED_BLIND,,,3년 순부채 +265억 vs EBITDA합 104억 / 매출 1원 성장에 순부채 0.62원 / 유동비율 96% / 현금/매출 3%
65.5,31.7,85,(주)팩트코퍼레이션,01547669,,false,전문·과학·기술,전문서비스업,GROWTH(성장자금형),381,0.21,277.2,0.728,677.6,2.4,1.761,1.059,25.3,533.2,0.943,3.214,146,,netdebt_inferred,,,,,,,,,,,,,,,성장,성장자금형(positive): 매출 CAGR 21% + 마진 유지,0.025,company_history,,,,,3년 순부채 +533억 vs EBITDA합 566억 / 매출 1원 성장에 순부채 3.21원 / 유동비율 106%
65.4,60.5,32.5,대동금속,00666408,,false,제조업,1차 금속,DISTRESS(구조조정형),995.1,-0.095,-22.9,-0.023,217.3,,1.122,0.716,0.7,-38.5,-0.393,,8,,netdebt_inferred,,,,,,,,,,,,,,,부실·리파이낸싱,부실·리파이낸싱(negative): 구조적 악화 (영업적자 1/3년),0.02,company_history,0,,,,EBITDA 적자 -23억 / EBITDA마진 5%→-2% / 유동비율 72% / 현금/매출 0% / 현금 2년 연속 감소 / 런웨이 0개월
65.4,71.6,12.8,오앤비(주),01650413,,false,도소매,도매·상품중개,DISTRESS(구조조정형),1106.4,,-9,-0.008,32.1,,-1.554,0.213,2.4,32.1,3,0.029,15,,netdebt_inferred,,,,,,,,,,,,,,,부실·리파이낸싱,부실·리파이낸싱(negative): 구조적 악화 (영업적자 2/3년 · 자본잠식),0.008,company_history,3,,,,EBITDA 적자 -9억 / 자본잠식 / 3년 순부채 +32억 vs EBITDA합 -49억 / 유동비율 21% / 현금/매출 0% / 영업적자 2/3년 / 런웨이 3개월
65.4,67.1,21,기린종합건설(주),01616385,,false,건설업,종합 건설,REFI(롤오버형),426.5,-0.157,7.4,0.017,80,10.8,2.328,1.733,5.8,197.1,2.523,,28,66,measured_cashbridge,2025,audit,64,72.4,,,-8.4,85.8,17.9,9.1,-64.7,137.8,0.3231,op+dep,부실·리파이낸싱,부실·리파이낸싱(negative): 구조적 악화 (영업적자 0/3년),0.025,company_history,,,,,순부채/EBITDA 10.8x / 부채비율 233% / EBITDA마진 5%→2% / 3년 순부채 +197억 vs EBITDA합 78억 / 현금/매출 1%
65.4,46.4,57.9,(주)아이엠아이인더스트리,00146603,,false,제조업,1차 금속,REFI(롤오버형),1155.9,0.053,31.3,0.027,323,10.3,2.093,1.484,30,50.8,0.616,,83,262,measured_cashbridge,2025,audit,-60.3,5.8,,,-66.1,353,236,65.5,4.1,1.1,0.001,op+dep,부실·리파이낸싱,부실·리파이낸싱(neutral): 레버리지·유동성 부담 — 구조적/일시적 판단 보류 | 성장자금형(positive): 매출 CAGR 5% + 마진 유지 · capex/매출 0.5%,0.02,company_history,6,,,,순부채/EBITDA 10.3x / 부채비율 209% (3년 52%p↑) / 3년 순부채 +51억 vs EBITDA합 82억 / 현금/매출 3% / 런웨이 6개월
65.4,58.1,37,(주)김정문알로에,00176561,,false,제조업,식료품 제조,REFI(롤오버형),423.9,0,21.4,0.051,246.3,11.5,0.941,0.96,13.6,70.3,2.165,1.098,5,5,measured_cashbridge,2025,audit,19.2,0.6,2.1,,18.6,260,155.1,-15.8,5.2,-1.8,0.0042,op+dep,부실·리파이낸싱,부실·리파이낸싱(negative): 구조적 악화 (영업적자 0/3년),0.02,company_history,,,,,순부채/EBITDA 11.5x / 3년 순부채 +70억 vs EBITDA합 32억 / 매출 1원 성장에 순부채 1.10원 / 유동비율 96% / 현금/매출 3%
65.4,32.7,82.9,이든텍(주),00523219,,false,제조업,자동차·트레일러,TIGHT(유동성형),602.5,0.175,53,0.088,250,4.7,2.096,0.613,10.5,-14.6,-0.121,-0.046,8,8,measured_cashbridge,2025,audit,25.7,4.6,,,21.1,260.5,222.2,-4,25.6,-3.8,0.0063,op+dep,부실·리파이낸싱,부실·리파이낸싱(positive): 레버리지 부담은 크나 매출 회복 + 마진 반등 — 시황 저점 진입 가능성,0.02,company_history,,,,,순부채/EBITDA 4.7x / 부채비율 210% / 유동비율 61% / 현금/매출 2%
65.4,51.9,48.3,반도기전(주),00629568,,false,도소매,도매·상품중개,REFI(롤오버형),362.2,0.008,24.3,0.067,113.9,4.7,0.958,0.811,9.1,93.5,1.603,10.078,24,49,measured_cashbridge,2025,audit,-2.4,2.7,,,-5.1,123,95.5,-5.6,-9.5,1.5,0.0041,op+dep,부실·리파이낸싱,부실·리파이낸싱(neutral): 레버리지·유동성 부담 — 구조적/일시적 판단 보류,0.008,company_history,46,,,,순부채/EBITDA 4.7x / 3년 순부채 +94억 vs EBITDA합 58억 / 매출 1원 성장에 순부채 10.08원 / 유동비율 81% / 현금/매출 3%
65.4,46.4,58.2,화이트산업(주),00677592,,false,제조업,가죽·가방·신발 제조,REFI(롤오버형),311,-0.015,34.6,0.111,335.6,9.7,2.073,1.176,5.3,92.6,0.938,0.407,90,239,measured_cashbridge,2025,audit,-35.1,15.1,,,-50.1,340.9,247,50.1,12.9,2.1,0.0067,op+dep,부실·리파이낸싱,부실·리파이낸싱(negative): 구조적 악화 (영업적자 0/3년),0.02,company_history,2,,,,순부채/EBITDA 9.7x / 부채비율 207% / 3년 순부채 +93억 vs EBITDA합 99억 / 유동비율 118% / 현금/매출 2% / 런웨이 2개월
65.4,45.4,60,(주)티티에스,01005507,,false,제조업,기타 기계·장비,REFI(롤오버형),353.2,-0.07,42.4,0.12,253.4,6,1.488,0.728,10.4,48.8,0.414,,18,,netdebt_inferred,,,,,,,,,,,,,,,부실·리파이낸싱,부실·리파이낸싱(negative): 구조적 악화 (영업적자 1/3년),0.02,company_history,,,,,순부채/EBITDA 6.0x / 3년 순부채 +49억 vs EBITDA합 118억 / 유동비율 73% / 현금/매출 3%
65.4,65.4,23.7,대양프라텍(주),00814351,,false,제조업,고무·플라스틱제품,REFI(롤오버형),493.9,-0.056,15.9,0.032,129.6,8.2,2.36,1.018,15.5,17.5,3,1.586,13,31,measured_cashbridge,2025,audit,11.2,11.3,,,-0.2,145.1,82.5,-6.3,4.9,0,0,op+dep,부실·리파이낸싱,부실·리파이낸싱(negative): 구조적 악화 (영업적자 1/3년),0.02,company_history,,,,,순부채/EBITDA 8.2x / 부채비율 236% / 3년 순부채 +18억 vs EBITDA합 -8억 / 매출 1원 성장에 순부채 1.59원 / 유동비율 102% / 현금/매출 3%
65.4,45.5,59.6,(주)섹타나인,00914581,,false,정보통신,컴퓨터 프로그래밍·SI,WC_BURN(운전자본형),2468.8,0.052,82,0.033,,,1.63,1.429,702.8,507.6,3.833,0.742,0,531,measured_cashbridge,2025,audit,-345.4,25.5,,,-370.9,,,,-128.8,,,op+dep,성장,성장자금형(positive): 매출 CAGR 5% + 마진 유지 · capex/매출 1.0%,0.049,company_history,24,,,,3년 순부채 +508억 vs EBITDA합 132억 / 매출 1원 성장에 순부채 0.74원 / 현금 2년 연속 감소 / 영업적자 2/3년
65.4,76,4.7,(주)샌드박스네트워크,01375682,,false,정보통신,영상·오디오 제작·배급,DISTRESS(구조조정형),731.5,-0.206,-4.6,-0.006,96.5,,-1.418,0.237,120.1,829.2,3,,0,0,measured_cashbridge,2025,audit,10.3,9,,,1.3,216.6,119,40.1,-2.4,52.8,0.0721,op+dep,부실·리파이낸싱,부실·리파이낸싱(negative): 구조적 악화 (영업적자 3/3년 · 자본잠식),0.027,company_history,,,,,EBITDA 적자 -5억 / 자본잠식 / 3년 순부채 +829억 vs EBITDA합 -250억 / 유동비율 24% / 영업적자 3/3년
65.4,29.4,88.7,(주)해농,01377699,,false,제조업,식료품 제조,GROWTH(성장자금형),874.3,0.376,93.9,0.107,217.7,2.3,1.573,1.459,9.7,110.1,1.335,0.261,0,0,measured_cashbridge,2025,audit,67,17.3,0,,49.7,227.4,71.6,-56.5,-1.3,11.8,0.0135,op+dep,성장,성장자금형(positive): 매출 CAGR 38% + 마진 유지 · capex/매출 2.0%,0.02,company_history,,UNLISTED_BLIND,,,3년 순부채 +110억 vs EBITDA합 83억 / 현금/매출 1%
65.4,43.7,62.9,의정부경량전철(주),01431049,,false,운수·물류,육상운송·파이프라인,REFI(롤오버형),341.7,0,132.4,0.388,1246.1,9.4,9.415,0.381,6.1,-235.2,-0.581,-7.011,0,0,measured_cashbridge,2025,audit,82.2,0,,,82.2,1252.2,78.3,-82.2,4,-4,0.0116,op+dep,부실·리파이낸싱,부실·리파이낸싱(negative): 구조적 악화 (영업적자 0/3년),0.015,company_history,,,,,순부채/EBITDA 9.4x / 부채비율 941% / 유동비율 38% / 현금/매출 2%
65.4,38.3,72.8,(주)에이치엘테크,00833976,,false,제조업,기타 운송장비,GROWTH(성장자금형),651.5,0.147,36.3,0.056,159.3,4.4,2.454,0.452,17,37.4,0.418,0.17,12,,netdebt_inferred,,,,,,,,,,,,,,,부실·리파이낸싱,부실·리파이낸싱(neutral): 레버리지·유동성 부담 — 구조적/일시적 판단 보류 | 성장자금형(positive): 매출 CAGR 15% + 마진 유지,0.02,company_history,,,,,순부채/EBITDA 4.4x / 부채비율 245% / 3년 순부채 +37억 vs EBITDA합 90억 / 유동비율 45% / 현금/매출 3%
65.3,46.7,57.1,(주)신성화학,00527233,,false,제조업,고무·플라스틱제품,DISTRESS(구조조정형),585.5,0.245,20.8,0.035,75,3.6,0.839,0.443,50.3,137.7,14.572,0.436,0,0,measured_cashbridge,2025,audit,27,10.8,,,16.2,125.3,105.2,-56.1,20.9,-50,0.0854,op+dep,부실·리파이낸싱,부실·리파이낸싱(positive): 레버리지 부담은 크나 매출 회복 + 마진 반등 — 시황 저점 진입 가능성 | 성장자금형(positive): 매출 CAGR 24% + 마진 유지 · capex/매출 1.8%,0.02,company_history,,,,,순부채/EBITDA 3.6x / 3년 순부채 +138억 vs EBITDA합 9억 / 유동비율 44%
65.3,42.6,64.7,(주)경수제철건설,00657473,,false,제조업,금속가공제품,REFI(롤오버형),1054,-0.04,90.3,0.086,382.7,4.2,1.634,0.912,148.2,353.1,1.138,1.221,0,0,measured_cashbridge,2025,audit,160.3,144.9,,,15.4,530.9,6.9,-32.5,72.4,55.5,0.0526,op+dep,부실·리파이낸싱,부실·리파이낸싱(negative): 구조적 악화 (영업적자 0/3년),0.02,company_history,,UNLISTED_BLIND,,,순부채/EBITDA 4.2x / 3년 순부채 +353억 vs EBITDA합 310억 / 매출 1원 성장에 순부채 1.22원 / 유동비율 91%
65.3,42.5,64.5,(주)유니코글로벌아이앤씨,00815633,,false,제조업,의복·모피 제조,TIGHT(유동성형),1153.3,0.073,64.9,0.056,308.7,4.8,1.762,0.917,11.7,82.6,0.864,0.219,95,261,measured_cashbridge,2025,audit,-47.9,2.7,,,-51.4,320.4,319.7,-0.7,21.4,-2.3,0.002,op+dep,부실·리파이낸싱,부실·리파이낸싱(positive): 레버리지 부담은 크나 매출 회복 + 마진 반등 — 시황 저점 진입 가능성 | 성장자금형(positive): 매출 CAGR 7% + 마진 유지 · capex/매출 0.2%,0.02,company_history,3,UNLISTED_BLIND,,,순부채/EBITDA 4.8x / 3년 순부채 +83억 vs EBITDA합 96억 / 유동비율 92% / 현금/매출 1% / 런웨이 3개월
65.3,39.2,70.8,(주)한국로텍,01022294,,false,제조업,기타 운송장비,GROWTH(성장자금형),431.6,0.131,35.4,0.082,181.5,5.1,2.066,1.003,10.8,44.9,0.513,0.314,19,37,measured_cashbridge,2025,audit,12,13.5,,,-1.5,192.3,95.2,1.6,13.6,0,0,op+dep,부실·리파이낸싱,부실·리파이낸싱(neutral): 레버리지·유동성 부담 — 구조적/일시적 판단 보류 | 성장자금형(positive): 매출 CAGR 13% + 마진 유지 · capex/매출 3.1%,0.02,company_history,,,,,순부채/EBITDA 5.1x / 부채비율 207% (3년 47%p↑) / 3년 순부채 +45억 vs EBITDA합 88억 / 유동비율 100% / 현금/매출 3%
65.3,40.1,69.2,(주)케이비아이에이스텍,01022984,,false,제조업,고무·플라스틱제품,TIGHT(유동성형),572.7,0.116,33.9,0.059,96.3,2.8,1.669,0.88,11.5,63.1,1.179,0.47,0,0,measured_cashbridge,2025,audit,27.6,7.3,,,20.3,107.8,31.7,-23.7,3.9,0,0,op+dep,부실·리파이낸싱,부실·리파이낸싱(positive): 레버리지 부담은 크나 매출 회복 + 마진 반등 — 시황 저점 진입 가능성 | 성장자금형(positive): 매출 CAGR 12% + 마진 유지 · capex/매출 1.3%,0.02,company_history,,,,,3년 순부채 +63억 vs EBITDA합 54억 / 유동비율 88% / 현금/매출 2%
65.3,67.4,20,에스제이씨오(주),01312814,,false,도소매,소매(자동차 제외),DISTRESS(구조조정형),354.1,-0.042,-2.9,-0.008,19.8,,8.319,0.642,0.4,-24.8,-23.454,,2,,netdebt_inferred,,,,,,,,,,,,,,,부실·리파이낸싱,부실·리파이낸싱(negative): 구조적 악화 (영업적자 2/3년),0.008,company_history,1,,,,EBITDA 적자 -3억 / 부채비율 832% (3년 94%p↑) / 유동비율 64% / 현금/매출 0% / 영업적자 2/3년 / 런웨이 1개월
65.2,49.6,51.5,(주)위트,00233307,,false,제조업,고무·플라스틱제품,TIGHT(유동성형),391.3,0.087,15.3,0.039,111.4,7.3,4.235,0.391,1.2,3.2,0.084,0.033,27,43,measured_cashbridge,2025,audit,11.4,10.9,,,0.5,112.5,95.5,-1.7,9.7,0,0,op+dep,부실·리파이낸싱,부실·리파이낸싱(positive): 레버리지 부담은 크나 매출 회복 + 마진 반등 — 시황 저점 진입 가능성 | 성장자금형(positive): 매출 CAGR 9% + 마진 유지 · capex/매출 2.8%,0.02,company_history,,,,,순부채/EBITDA 7.3x / 부채비율 424% / 3년 순부채 +3억 vs EBITDA합 39억 / 유동비율 39% / 현금/매출 0%
65.2,57.4,37.5,(주)회림철강,00522070,,false,제조업,금속가공제품,REFI(롤오버형),505.2,-0.094,8.9,0.018,90.2,10.1,2.631,1.129,5.3,11.5,0.36,,5,,netdebt_inferred,,,,,,,,,,,,,,,부실·리파이낸싱,부실·리파이낸싱(negative): 구조적 악화 (영업적자 0/3년),0.02,company_history,,,,,순부채/EBITDA 10.1x / 부채비율 263% / 3년 순부채 +12억 vs EBITDA합 32억 / 유동비율 113% / 현금/매출 1%
65.2,38.5,71.3,넥슨네트웍스,00568744,,false,사업지원·임대,사업지원 서비스,GROWTH(성장자금형),618,0.124,38.4,0.062,44,1.1,2.049,1.62,26,86.2,1.169,0.472,17,,netdebt_inferred,,,,,,,,,,,,,,,성장,성장자금형(positive): 매출 CAGR 12% + 마진 유지,0.04,company_history,,,,,부채비율 205% (3년 45%p↑) / 3년 순부채 +86억 vs EBITDA합 74억 / 현금/매출 4% / 현금 2년 연속 감소
65.2,55.8,40.3,(주)성홍,00604240,,false,도소매,도매·상품중개,REFI(롤오버형),668,-0.126,19.7,0.03,365,18.5,2.167,0.424,82.7,48.7,0.386,,0,118,measured_cashbridge,2025,audit,0.9,24,,,-23.1,447.7,445.9,-72.6,-75.3,3.6,0.0054,op+dep,부실·리파이낸싱,부실·리파이낸싱(negative): 구조적 악화 (영업적자 0/3년),0.036,company_history,,,,,순부채/EBITDA 18.5x / 부채비율 217% (3년 91%p↑) / 3년 순부채 +49억 vs EBITDA합 126억 / 유동비율 42%
65.2,61.6,30,고운시티아이(주),00664631,,false,건설업,종합 건설,REFI(롤오버형),480.8,-0.117,8.2,0.017,149,18.2,0.974,2.837,8.2,78,2.205,,73,194,measured_cashbridge,2025,audit,-60.6,0.2,,,-60.8,157.2,,47.7,-12.9,0,0,op+dep,부실·리파이낸싱,부실·리파이낸싱(negative): 구조적 악화 (영업적자 0/3년),0.025,company_history,2,,,,순부채/EBITDA 18.2x / 3년 순부채 +78억 vs EBITDA합 35억 / 현금/매출 2% / 현금 2년 연속 감소 / 런웨이 2개월
65.2,26.8,92.5,(주)대경벤드,00766197,,false,제조업,전기장비,GROWTH(성장자금형),575.8,0.284,98.4,0.171,350.3,3.6,1.521,0.504,24.9,74.7,0.361,0.246,22,,netdebt_inferred,,,,,,,,,,,,,,,부실·리파이낸싱,부실·리파이낸싱(positive): 레버리지 부담은 크나 매출 회복 + 마진 반등 — 시황 저점 진입 가능성 | 성장자금형(positive): 매출 CAGR 28% + 마진 유지,0.02,company_history,,,,,순부채/EBITDA 3.6x / 3년 순부채 +75억 vs EBITDA합 207억 / 유동비율 50% / 현금/매출 4%
65.2,51.8,47.6,(주)석영에스텍,00809605,,false,제조업,금속가공제품,REFI(롤오버형),1009.4,-0.084,29,0.029,199,6.9,1.118,1.038,32.2,45.4,0.52,,0,,netdebt_inferred,,,,,,,,,,,,,,,부실·리파이낸싱,부실·리파이낸싱(negative): 구조적 악화 (영업적자 0/3년),0.02,company_history,,,,,순부채/EBITDA 6.9x / 3년 순부채 +45억 vs EBITDA합 87억 / 유동비율 104% / 현금/매출 3%
65.2,39.2,70.3,(주)삼화테크,00805982,,false,제조업,자동차·트레일러,TIGHT(유동성형),951.8,0.174,43.7,0.046,206.1,4.7,1.638,0.41,8.5,33.5,0.316,0.092,8,,netdebt_inferred,,,,,,,,,,,,,,,부실·리파이낸싱,부실·리파이낸싱(positive): 레버리지 부담은 크나 매출 회복 + 마진 반등 — 시황 저점 진입 가능성 | 성장자금형(positive): 매출 CAGR 17% + 마진 유지,0.02,company_history,,,,,순부채/EBITDA 4.7x / 3년 순부채 +34억 vs EBITDA합 106억 / 유동비율 41% / 현금/매출 1%
65.2,68.9,16.9,태창금속(주),00811868,,false,제조업,자동차·트레일러,DISTRESS(구조조정형),592.4,0.224,19.5,0.033,252,12.9,-2.544,0.133,3.5,50.2,3,0.187,20,,netdebt_inferred,,,,,,,,,,,,,,,부실·리파이낸싱,부실·리파이낸싱(negative): 구조적 악화 (영업적자 2/3년 · 자본잠식) | 성장자금형(positive): 매출 CAGR 22% + 마진 유지,0.02,company_history,,,,,순부채/EBITDA 12.9x / 자본잠식 / 3년 순부채 +50억 vs EBITDA합 -6억 / 유동비율 13% / 현금/매출 1% / 영업적자 2/3년
65.2,41.4,66.2,(주)서울에프엔비,00812344,,false,제조업,식료품 제조,REFI(롤오버형),1804.9,0.008,139.2,0.077,745,5.4,1.729,0.437,99,235.5,0.482,0.533,0,43,measured_cashbridge,2025,audit,119.1,68.1,,,51.1,843.9,819.8,,,,,op+dep,부실·리파이낸싱,부실·리파이낸싱(neutral): 레버리지·유동성 부담 — 구조적/일시적 판단 보류,0.029,company_history,,UNLISTED_BLIND,,,순부채/EBITDA 5.4x / 3년 순부채 +236억 vs EBITDA합 489억 / 매출 1원 성장에 순부채 0.53원 / 유동비율 44%
65.2,65.7,22.5,광진물산(주),00820088,,false,도소매,도매·상품중개,DISTRESS(구조조정형),718.4,-0.055,-10.7,-0.015,75.4,,5.021,1.469,1.3,-40.8,0,,13,,netdebt_inferred,,,,,,,,,,,,,,,부실·리파이낸싱,부실·리파이낸싱(negative): 구조적 악화 (영업적자 3/3년),0.008,company_history,1,,,,EBITDA 적자 -11억 / 부채비율 502% (3년 284%p↑) / 현금/매출 0% / 현금 2년 연속 감소 / 영업적자 3/3년 / 런웨이 1개월
65.2,27.4,91.6,(주)코만,00871374,,false,제조업,기타 기계·장비,GROWTH(성장자금형),669.4,0.144,86.5,0.129,343.4,4,1.548,0.598,108.2,137.6,0.522,0.62,15,,netdebt_inferred,,,,,,,,,,,,,,,부실·리파이낸싱,부실·리파이낸싱(positive): 레버리지 부담은 크나 매출 회복 + 마진 반등 — 시황 저점 진입 가능성 | 성장자금형(positive): 매출 CAGR 14% + 마진 유지,0.1,company_history,,,,,순부채/EBITDA 4.0x / 3년 순부채 +138억 vs EBITDA합 264억 / 매출 1원 성장에 순부채 0.62원 / 유동비율 60%
65.2,57.3,37.5,(주)한맥전자,00871161,,false,제조업,고무·플라스틱제품,REFI(롤오버형),926.2,-0.057,6.6,0.007,231,35.2,1.971,1.034,27.4,7,0.09,,0,,netdebt_inferred,,,,,,,,,,,,,,,부실·리파이낸싱,부실·리파이낸싱(negative): 구조적 악화 (영업적자 1/3년),0.02,company_history,54,,,,순부채/EBITDA 35.2x / EBITDA마진 3%→1% / 3년 순부채 +7억 vs EBITDA합 78억 / 유동비율 103% / 현금/매출 3%
65.2,62.1,29.2,농협경제지주(주),00908012,,false,도소매,도매·상품중개,REFI(롤오버형),149117.6,0.015,1849.3,0.012,42119.1,22.8,1.6,0.872,7645.8,5388.7,0.973,0.802,0,,netdebt_inferred,,,,,,,,,,,,,,,부실·리파이낸싱,부실·리파이낸싱(negative): 구조적 악화 (영업적자 2/3년),0.025,company_history,196,,,,"순부채/EBITDA 22.8x / 3년 순부채 +5,389억 vs EBITDA합 5,537억 / 매출 1원 성장에 순부채 0.80원 / 유동비율 87% / 영업적자 2/3년"
65.2,37.6,73.2,(주)화인트로,01018565,,false,제조업,자동차·트레일러,GROWTH(성장자금형),370.1,0.347,29.9,0.081,128.4,4.3,1.349,1.003,1,49.4,0.557,0.226,15,,netdebt_inferred,,,,,,,,,,,,,,,부실·리파이낸싱,부실·리파이낸싱(neutral): 레버리지·유동성 부담 — 구조적/일시적 판단 보류 | 성장자금형(negative): 매출 CAGR 35% 인데 EBITDA마진 2.1%p 훼손 — 기존사업 하락을 외형성장으로 마스킹하는지 확인 필요,0.02,company_history,,,,,순부채/EBITDA 4.3x / EBITDA마진 10%→8% / 3년 순부채 +49억 vs EBITDA합 89억 / 유동비율 100% / 현금/매출 0%
65.2,57.7,37,다우건설(주),00764108,,false,건설업,종합 건설,REFI(롤오버형),610.3,-0.087,21.3,0.035,131.2,6.2,0.947,1.506,8.7,126.9,1.436,,48,,netdebt_inferred,,,,,,,,,,,,,,,부실·리파이낸싱,부실·리파이낸싱(negative): 구조적 악화 (영업적자 1/3년),0.025,company_history,,,,,순부채/EBITDA 6.2x / 3년 순부채 +127억 vs EBITDA합 88억 / 현금/매출 1%
65.2,46.6,56.9,(주)대영합섬,01289066,,false,제조업,섬유제품 제조,REFI(롤오버형),364.8,0.018,33.2,0.091,251.1,7.6,2,0.765,6.4,8.7,0.096,0.45,4,,netdebt_inferred,,,,,,,,,,,,,,,부실·리파이낸싱,부실·리파이낸싱(positive): 레버리지 부담은 크나 매출 회복 + 마진 반등 — 시황 저점 진입 가능성,0.02,company_history,,,,,순부채/EBITDA 7.6x / 부채비율 200% / 3년 순부채 +9억 vs EBITDA합 90억 / 유동비율 77% / 현금/매출 2% / 현금 2년 연속 감소
65.2,52.9,45.4,코코도르(주),01279005,,false,제조업,화학물질·화학제품,REFI(롤오버형),455.1,0.023,22.8,0.05,197.8,8.7,2.63,0.722,1.1,4.1,0.069,0.135,0,,netdebt_inferred,,,,,,,,,,,,,,,부실·리파이낸싱,부실·리파이낸싱(neutral): 레버리지·유동성 부담 — 구조적/일시적 판단 보류,0.02,company_history,,,,,순부채/EBITDA 8.7x / 부채비율 263% (3년 47%p↑) / 3년 순부채 +4억 vs EBITDA합 60억 / 유동비율 72% / 현금/매출 0% / 현금 2년 연속 감소
65.2,63.6,26.3,정우이앤알,01496055,,false,전기·가스·환경,폐기물 처리·자원재생,REFI(롤오버형),603.2,-0.196,4.9,0.008,39.9,8.1,2.808,1.296,0.4,16.4,0.683,,7,,netdebt_inferred,,,,,,,,,,,,,,,부실·리파이낸싱,부실·리파이낸싱(negative): 구조적 악화 (영업적자 0/3년),0.015,company_history,,,,,순부채/EBITDA 8.1x / 부채비율 281% (3년 180%p↑) / 3년 순부채 +16억 vs EBITDA합 24억 / 현금/매출 0%
65.2,57.3,37.5,(주)더원스틸,01473665,,false,도소매,도매·상품중개,REFI(롤오버형),601,-0.059,4,0.007,31.2,7.8,3.766,0.922,20.2,-3.4,-0.329,,0,,netdebt_inferred,,,,,,,,,,,,,,,부실·리파이낸싱,부실·리파이낸싱(negative): 구조적 악화 (영업적자 0/3년),0.01,company_history,,,,,순부채/EBITDA 7.8x / 부채비율 377% (3년 138%p↑) / 유동비율 92% / 현금/매출 3%
65.2,73.2,9,(주)큐앤씨육가공,01760394,,false,도소매,소매(자동차 제외),REFI(롤오버형),376,-0.034,4.5,0.012,62.2,13.8,-31.792,0.363,1.6,65.1,7.147,0.171,21,,netdebt_inferred,2025,audit,-8.6,,,,,63.7,50,8.6,0,0,0,op+dep,부실·리파이낸싱,부실·리파이낸싱(negative): 구조적 악화 (영업적자 1/3년 · 자본잠식),0.008,company_history,2,,,,순부채/EBITDA 13.8x / 자본잠식 / 3년 순부채 +65억 vs EBITDA합 9억 / 유동비율 36% / 현금/매출 0% / 현금 2년 연속 감소 / 런웨이 2개월
65.2,48.7,53,이스턴알앤이(주),01777394,,false,제조업,기타 운송장비,REFI(롤오버형),317.5,,22.7,0.072,108,4.7,2.777,1.344,20.5,108,1.581,0.34,40,,netdebt_inferred,,,,,,,,,,,,,,,부실·리파이낸싱,부실·리파이낸싱(neutral): 레버리지·유동성 부담 — 구조적/일시적 판단 보류,0.02,company_history,,,,,순부채/EBITDA 4.7x / 부채비율 278% (3년 278%p↑) / 3년 순부채 +108억 vs EBITDA합 68억
65.2,51.1,48.8,티디에프코리아(주),01830815,,false,도소매,도매·상품중개,REFI(롤오버형),356.8,,20.6,0.058,97.1,4.7,2.035,1.142,4.7,97.1,2.707,0.272,31,,netdebt_inferred,,,,,,,,,,,,,,,부실·리파이낸싱,부실·리파이낸싱(positive): 레버리지 부담은 크나 매출 회복 + 마진 반등 — 시황 저점 진입 가능성,0.015,industry_band,,,,,순부채/EBITDA 4.7x / 부채비율 203% (3년 203%p↑) / 3년 순부채 +97억 vs EBITDA합 36억 / 유동비율 114% / 현금/매출 1%
65.2,54.9,42,씨트라스해운(주),01464630,,false,운수·물류,창고·운송관련 서비스,REFI(롤오버형),311.4,-0.158,37.5,0.12,210.6,5.6,2.336,0.468,3,161.1,1.538,,22,35,measured_cashbridge,2025,audit,11.8,0.1,,,11.7,213.5,137.5,8.4,20.2,0,0,op+dep,부실·리파이낸싱,부실·리파이낸싱(negative): 구조적 악화 (영업적자 0/3년),0.015,company_history,,,,,순부채/EBITDA 5.6x / 부채비율 234% / 3년 순부채 +161억 vs EBITDA합 105억 / 유동비율 47% / 현금/매출 1%
65.1,33.5,80,(주)대원에스앤디,01644689,,false,건설업,종합 건설,GROWTH(성장자금형),490.2,3.929,128.5,0.262,435.5,3.4,3.445,1.524,34.5,179.4,1.358,0.369,49,,netdebt_inferred,,,,,,,,,,,,,,,성장,성장자금형(positive): 매출 CAGR 393% + 마진 유지,0.05,industry_band,,,,,순부채/EBITDA 3.4x / 부채비율 345% / 3년 순부채 +179억 vs EBITDA합 132억
65.1,38.1,71.9,(주)블랑두부,01654251,,false,도소매,소매(자동차 제외),WC_BURN(운전자본형),323.7,0.061,110.7,0.342,123.3,1.1,0.384,0.342,7.1,147.2,0.387,2.803,47,,netdebt_inferred,,,,,,,,,,,,,,,부실·리파이낸싱,부실·리파이낸싱(neutral): 레버리지·유동성 부담 — 구조적/일시적 판단 보류 | 성장자금형(negative): 매출 CAGR 6% 인데 EBITDA마진 10.1%p 훼손 — 기존사업 하락을 외형성장으로 마스킹하는지 확인 필요,0.022,company_history,,,,,EBITDA마진 44%→34% / 3년 순부채 +147억 vs EBITDA합 380억 / 매출 1원 성장에 순부채 2.80원 / 유동비율 34% / 현금/매출 2%
65.1,72.1,10.6,(주)경동사,00101497,,false,도소매,도매·상품중개,DISTRESS(구조조정형),4391.6,0.016,-21.5,-0.005,223.7,,-534.308,0.964,0.1,30.8,3,0.15,34,,netdebt_inferred,,,,,,,,,,,,,,,부실·리파이낸싱,부실·리파이낸싱(negative): 구조적 악화 (영업적자 3/3년 · 자본잠식),0.008,company_history,0,,,,EBITDA 적자 -21억 / 자본잠식 / 3년 순부채 +31억 vs EBITDA합 -61억 / 유동비율 96% / 현금/매출 0% / 영업적자 3/3년 / 런웨이 0개월
64.7,78.5,57.3,유니온머티리얼,00369833,047400,true,제조업,비금속 광물제품,REFI(롤오버형),1019.4,-0.069,79.1,0.078,886,11.2,5.95,0.761,21.7,423.4,8.389,,6,31,measured_cashbridge,2025,api,118.5,31.9,,,81.9,907.8,846.3,-52.1,31.8,34.7,0.034,op+dep,부실·리파이낸싱,부실·리파이낸싱(negative): 구조적 악화 (영업적자 2/3년) | 이벤트(neutral): 표대결 — 승계·증여·분쟁 여부는 주주 레벨 사건이라 재무로 안 보임. 대주주 연령·지분율 개별 확인 필요,0.02,company_history,,PRE_SIGNAL,,,순부채/EBITDA 11.2x / 부채비율 595% (3년 451%p↑) / 3년 순부채 +423억 vs EBITDA합 50억 / 유동비율 76% / 현금/매출 2% / 영업적자 2/3년
64.6,82.7,49.5,엘앤에프,00398701,066970,true,제조업,전기장비,DISTRESS(구조조정형),19074.8,0.253,-4953.1,-0.26,15027.1,,2.871,0.702,2795.2,16586.2,3,1.771,4664,,netdebt_inferred,,,,,,,,,,,,,,,부실·리파이낸싱,부실·리파이낸싱(negative): 구조적 악화 (영업적자 2/3년) | 성장자금형(negative): 매출 CAGR 25% 인데 EBITDA마진 29.5%p 훼손 — 기존사업 하락을 외형성장으로 마스킹하는지 확인 필요 | 이벤트(neutral): 5% 지분 이동 — 승계·증여·분쟁 여부는 주주 레벨 사건이라 재무로 안 보임. 대주주 연령·지분율 개별 확인 필요,0.02,company_history,6,IN_MOTION,2025-08-28,[기재정정]주요사항보고서(신주인수권부사채권발행결정),"EBITDA 적자 -4,953억 / 부채비율 287% (3년 146%p↑) / EBITDA마진 4%→-26% / 3년 순부채 +1.7조 vs EBITDA합 -3,736억 / 매출 1원 성장에 순부채 1.77원 / 유동비율 70% / 영업적자 2/3년 / 런웨이 6개월"
64.5,94.4,28,이화공영,00145668,001840,true,건설업,종합 건설,DISTRESS(구조조정형),1046.1,-0.174,-404.9,-0.368,41.5,,4.642,0.886,20.2,256.5,3,,103,297,measured_cashbridge,2025,api,-87.6,0.2,,,-87.8,61.7,60.9,-3.1,-132.5,41.8,0.04,unavailable,부실·리파이낸싱,부실·리파이낸싱(negative): 구조적 악화 (영업적자 2/3년) | 이벤트(neutral): 표대결 · 5% 지분 이동 — 승계·증여·분쟁 여부는 주주 레벨 사건이라 재무로 안 보임. 대주주 연령·지분율 개별 확인 필요,0.025,company_history,3,DISTRESS_EVENT,2026-04-06,[기재정정]주요사항보고서(유상증자결정),EBITDA 적자 -405억 / 부채비율 464% (3년 339%p↑) / EBITDA마진 -0%→-37% / 3년 순부채 +257억 vs EBITDA합 -393억 / 유동비율 89% / 현금/매출 2% / 영업적자 2/3년 / 런웨이 3개월
64.5,79.5,55,채비(주),01279698,0011T0,true,제조업,전기장비,DISTRESS(구조조정형),1017.4,0.237,-217,-0.213,767.5,,2.003,0.736,225.2,833.6,3,2.398,165,896,measured_cashbridge,2025,audit,-231.1,31,,,-291.5,992.7,738.1,226.8,52.9,-57.2,0.0562,op+dep,부실·리파이낸싱,부실·리파이낸싱(negative): 구조적 악화 (영업적자 3/3년) | 성장자금형(negative): 매출 CAGR 24% 인데 EBITDA마진 4.1%p 훼손 — 기존사업 하락을 외형성장으로 마스킹하는지 확인 필요 | 이벤트(neutral): 5% 지분 이동 — 승계·증여·분쟁 여부는 주주 레벨 사건이라 재무로 안 보임. 대주주 연령·지분율 개별 확인 필요,0.025,company_history,12,RECENTLY_FUNDED,2026-04-17,[발행조건확정]증권신고서(지분증권),EBITDA 적자 -217억 / 부채비율 200% / EBITDA마진 -17%→-21% / 3년 순부채 +834억 vs EBITDA합 -361억 / 매출 1원 성장에 순부채 2.40원 / 유동비율 74% / 현금 2년 연속 감소 / 영업적자 3/3년 / 런웨이 12개월
63.8,67.7,73.5,우리기술,00231044,032820,true,제조업,전기장비,WC_BURN(운전자본형),694.9,0.11,54.5,0.077,1270.2,23.3,1.721,1.034,352.3,808.3,3.272,4.23,450,1916,measured_cashbridge,2025,api,-188.5,467.4,,,-655.9,1622.5,769.6,488.5,511.6,-211.6,0.3045,unavailable,부실·리파이낸싱,부실·리파이낸싱(neutral): 레버리지·유동성 부담 — 구조적/일시적 판단 보류 | 성장자금형(negative): 매출 CAGR 11% 인데 EBITDA마진 11.2%p 훼손 — 기존사업 하락을 외형성장으로 마스킹하는지 확인 필요 | 이벤트(neutral): 표대결 · 5% 지분 이동 — 승계·증여·분쟁 여부는 주주 레벨 사건이라 재무로 안 보임. 대주주 연령·지분율 개별 확인 필요,0.1,company_history,22,IN_MOTION,2025-11-20,주요사항보고서(전환사채권발행결정),순부채/EBITDA 23.3x / EBITDA마진 19%→8% / 3년 순부채 +808억 vs EBITDA합 247억 / 매출 1원 성장에 순부채 4.23원 / 유동비율 103% / 현금 2년 연속 감소 / 런웨이 22개월
63.2,91.6,28,큐로홀딩스,00296324,051780,true,도소매,소매(자동차 제외),DISTRESS(구조조정형),446.8,0.001,-14,-0.023,334.3,,3.406,0.869,19.9,263.3,9.62,277.398,46,139,measured_cashbridge,2025,api,-10.2,5.3,,,-24.9,354.2,267.9,-43.3,28.5,-31.1,0.0696,unavailable,부실·리파이낸싱,부실·리파이낸싱(neutral): 레버리지·유동성 부담 — 구조적/일시적 판단 보류 | 이벤트(neutral): 5% 지분 이동 — 승계·증여·분쟁 여부는 주주 레벨 사건이라 재무로 안 보임. 대주주 연령·지분율 개별 확인 필요,0.018,company_history,23,RECENTLY_FUNDED,2026-05-08,[기재정정]주요사항보고서(유상증자결정),EBITDA 적자 -14억 / 부채비율 341% (3년 269%p↑) / EBITDA마진 4%→-2% / 3년 순부채 +263억 vs EBITDA합 27억 / 매출 1원 성장에 순부채 277.40원 / 유동비율 87% / 현금/매출 4% / 현금 2년 연속 감소 / 런웨이 23개월
63,73.1,60.6,CMG제약,00380429,058820,true,제조업,의료용물질·의약품,DISTRESS(구조조정형),1052.3,0.086,-6.1,-0.006,657.4,,0.518,0.918,61.2,930,6.108,3.139,474,1503,measured_cashbridge,2025,api,-110.2,330.1,0,,-442.8,718.7,717.2,-114.1,-133.8,-90.5,0.086,op+dep,부실·리파이낸싱,부실·리파이낸싱(neutral): 레버리지·유동성 부담 — 구조적/일시적 판단 보류 | 성장자금형(negative): 매출 CAGR 9% 인데 EBITDA마진 6.2%p 훼손 — 기존사업 하락을 외형성장으로 마스킹하는지 확인 필요 | 이벤트(neutral): 표대결 · 5% 지분 이동 — 승계·증여·분쟁 여부는 주주 레벨 사건이라 재무로 안 보임. 대주주 연령·지분율 개별 확인 필요,0.02,company_history,7,RECENTLY_FUNDED,2026-06-30,주요사항보고서(전환사채권발행결정),EBITDA 적자 -6억 / EBITDA마진 6%→-1% / 3년 순부채 +930억 vs EBITDA합 152억 / 매출 1원 성장에 순부채 3.14원 / 유동비율 92% / 런웨이 7개월
62.9,83.1,41.9,해성옵틱스,00483735,076610,true,제조업,의료·정밀·광학기기,DISTRESS(구조조정형),1603.3,-0.007,-3.6,-0.002,207,,4.16,0.639,145,340.4,7.034,,126,597,measured_cashbridge,2025,api,-7.2,190.8,,,-202.6,352,331.4,65.2,141.1,8.5,0.0053,op+dep,부실·리파이낸싱,부실·리파이낸싱(negative): 구조적 악화 (영업적자 2/3년) | 이벤트(neutral): 표대결 · 5% 지분 이동 — 승계·증여·분쟁 여부는 주주 레벨 사건이라 재무로 안 보임. 대주주 연령·지분율 개별 확인 필요,0.022,company_history,242,RECENTLY_FUNDED,2026-06-01,주요사항보고서(유상증자결정),EBITDA 적자 -4억 / 부채비율 416% (3년 303%p↑) / 3년 순부채 +340억 vs EBITDA합 48억 / 유동비율 64% / 영업적자 2/3년
62.8,59.7,83.6,태림페이퍼(주),00118460,019300,true,제조업,펄프·종이 제조,WC_BURN(운전자본형),15200.3,0.162,1526.1,0.1,9403.6,6.2,1.941,0.618,1992.5,6920.4,1.615,1.894,0,0,measured_cashbridge,2025,audit,1684.2,763.9,0,,850.6,11396.1,7122.4,-902.6,970.9,407.7,0.0268,op+dep,부실·리파이낸싱,부실·리파이낸싱(neutral): 레버리지·유동성 부담 — 구조적/일시적 판단 보류 | 성장자금형(negative): 매출 CAGR 16% 인데 EBITDA마진 4.3%p 훼손 — 기존사업 하락을 외형성장으로 마스킹하는지 확인 필요,0.044,company_history,,PRE_SIGNAL,,,"순부채/EBITDA 6.2x / EBITDA마진 14%→10% / 3년 순부채 +6,920억 vs EBITDA합 4,285억 / 매출 1원 성장에 순부채 1.89원 / 유동비율 62%"
62.6,90.6,27.5,천일고속,00151395,000650,true,운수·물류,육상운송·파이프라인,DISTRESS(구조조정형),455.5,0.065,-32.1,-0.07,166.8,,4.586,0.124,8.2,135.3,3,0.88,76,205,measured_cashbridge,2025,api,3.1,39.5,,,-44,175,170.6,39.3,44.9,-2.5,0.0055,op+dep,부실·리파이낸싱,부실·리파이낸싱(negative): 구조적 악화 (영업적자 3/3년) | 성장자금형(positive): 매출 CAGR 7% + 마진 유지 · capex/매출 8.7% | 이벤트(neutral): 5% 지분 이동 — 승계·증여·분쟁 여부는 주주 레벨 사건이라 재무로 안 보임. 대주주 연령·지분율 개별 확인 필요,0.018,company_history,,PRE_SIGNAL,,,EBITDA 적자 -32억 / 부채비율 459% (3년 353%p↑) / 3년 순부채 +135억 vs EBITDA합 -97억 / 매출 1원 성장에 순부채 0.88원 / 유동비율 12% / 현금/매출 2% / 현금 2년 연속 감소 / 영업적자 3/3년
62.1,56.4,86.8,아이엘,01326279,307180,true,제조업,전기장비,WC_BURN(운전자본형),939.3,0.197,98.2,0.118,-102,-1,5.671,0.38,117.2,586.2,3,1.681,35,299,measured_cashbridge,2025,api,-11.2,108.8,11.3,,-120,15.1,8.6,26.7,80.1,-64.5,0.0687,unavailable,부실·리파이낸싱,부실·리파이낸싱(negative): 구조적 악화 (영업적자 2/3년) | 성장자금형(positive): 매출 CAGR 20% + 마진 유지 · capex/매출 11.6% | 이벤트(neutral): 5% 지분 이동 · 지분 인수·매각 — 승계·증여·분쟁 여부는 주주 레벨 사건이라 재무로 안 보임. 대주주 연령·지분율 개별 확인 필요,0.02,company_history,126,DISTRESS_EVENT,2026-05-29,주요사항보고서(전환사채권발행결정),부채비율 567% (3년 194%p↑) / 3년 순부채 +586억 vs EBITDA합 -26억 / 매출 1원 성장에 순부채 1.68원 / 유동비율 38% / 영업적자 2/3년
61.9,70.6,60.6,텔레칩스,00423177,054450,true,제조업,전자부품·컴퓨터·통신장비,WC_BURN(운전자본형),1928,0.086,31.7,0.016,801.7,25.3,1.571,0.975,510.4,864.2,1.309,1.721,127,1196,measured_cashbridge,2025,api,-91.4,363.6,8.9,,-461.2,1312.1,644.6,279,181.6,6,0.0031,op+dep,부실·리파이낸싱,부실·리파이낸싱(neutral): 레버리지·유동성 부담 — 구조적/일시적 판단 보류 | 성장자금형(negative): 매출 CAGR 9% 인데 EBITDA마진 11.0%p 훼손 — 기존사업 하락을 외형성장으로 마스킹하는지 확인 필요 | 이벤트(neutral): 표대결 — 승계·증여·분쟁 여부는 주주 레벨 사건이라 재무로 안 보임. 대주주 연령·지분율 개별 확인 필요,0.053,company_history,67,PRE_SIGNAL,,,순부채/EBITDA 25.3x / EBITDA마진 13%→2% / 3년 순부채 +864억 vs EBITDA합 660억 / 매출 1원 성장에 순부채 1.72원 / 유동비율 97%
61.9,67.7,65.6,에코앤드림,00619640,101360,true,제조업,화학물질·화학제품,WC_BURN(운전자본형),1049,0.106,45.3,0.043,1410.4,31.1,0.831,0.906,57,1597.3,19.654,5.817,578,,netdebt_inferred,,,,,,,,,,,,,,,부실·리파이낸싱,부실·리파이낸싱(neutral): 레버리지·유동성 부담 — 구조적/일시적 판단 보류 | 성장자금형(positive): 매출 CAGR 11% + 마진 유지 | 이벤트(neutral): 분할·카브아웃 · 합병 · 5% 지분 이동 — 승계·증여·분쟁 여부는 주주 레벨 사건이라 재무로 안 보임. 대주주 연령·지분율 개별 확인 필요,0.054,company_history,21,PRE_SIGNAL,,,"순부채/EBITDA 31.1x / 3년 순부채 +1,597억 vs EBITDA합 81억 / 매출 1원 성장에 순부채 5.82원 / 유동비율 91% / 현금 2년 연속 감소 / 런웨이 21개월"
61.7,53.3,90.7,PKC,00122472,001340,true,제조업,화학물질·화학제품,WC_BURN(운전자본형),2089.9,0.087,303.3,0.124,2554.7,8.4,1.716,0.337,292.8,590.7,0.501,1.092,1135,3796,measured_cashbridge,2025,api,252.3,1422.5,,,-1170.2,2847.5,1888.1,1059.2,1436.8,-125.2,0.0599,unavailable,부실·리파이낸싱,부실·리파이낸싱(neutral): 레버리지·유동성 부담 — 구조적/일시적 판단 보류 | 성장자금형(negative): 매출 CAGR 9% 인데 EBITDA마진 6.8%p 훼손 — 기존사업 하락을 외형성장으로 마스킹하는지 확인 필요 | 이벤트(neutral): 분할·카브아웃 · 표대결 · 5% 지분 이동 — 승계·증여·분쟁 여부는 주주 레벨 사건이라 재무로 안 보임. 대주주 연령·지분율 개별 확인 필요,0.038,company_history,,IN_MOTION,2025-05-15,[기재정정]주요사항보고서(전환사채권발행결정),"순부채/EBITDA 8.4x / EBITDA마진 19%→12% / 3년 순부채 +591억 vs EBITDA합 1,179억 / 매출 1원 성장에 순부채 1.09원 / 유동비율 34%"
61.5,83.9,35,대한광통신,00113261,010170,true,제조업,전기장비,DISTRESS(구조조정형),1358.5,-0.106,-156.5,-0.115,875.8,,2.286,0.765,97.8,727.6,3,,218,697,measured_cashbridge,2025,api,-122.2,8.7,,,-142.3,973.6,973.6,-85.2,88.3,-75.6,0.0556,op+dep,부실·리파이낸싱,부실·리파이낸싱(negative): 구조적 악화 (영업적자 3/3년) | 이벤트(neutral): 5% 지분 이동 — 승계·증여·분쟁 여부는 주주 레벨 사건이라 재무로 안 보임. 대주주 연령·지분율 개별 확인 필요,0.056,company_history,10,RECENTLY_FUNDED,2026-02-23,[기재정정]주요사항보고서(유상증자결정),EBITDA 적자 -156억 / 부채비율 229% (3년 90%p↑) / EBITDA마진 -6%→-12% / 3년 순부채 +728억 vs EBITDA합 -280억 / 유동비율 77% / 영업적자 3/3년 / 런웨이 10개월
61.5,64.3,70.2,DH오토웨어,00110583,025440,true,제조업,전자부품·컴퓨터·통신장비,TIGHT(유동성형),4943.7,0.09,,,772,,5.619,0.873,127.5,868.1,3.437,2.236,406,1262,measured_cashbridge,2025,api,102,480.8,,,-378.7,899.5,607.5,70.5,392.9,-220.4,0.0446,unavailable,부실·리파이낸싱,부실·리파이낸싱(neutral): 레버리지·유동성 부담 — 구조적/일시적 판단 보류 | 성장자금형(neutral): 매출 CAGR 9% — EBITDA 마진을 구하지 못해 기존사업 훼손 여부 판정 불가 (capex/매출 9.7%) | 이벤트(neutral): 분할·카브아웃 · 지배구조 변동 · 5% 지분 이동 — 승계·증여·분쟁 여부는 주주 레벨 사건이라 재무로 안 보임. 대주주 연령·지분율 개별 확인 필요,0.02,company_history,,IN_MOTION,2025-02-25,[기재정정]유상증자결정(종속회사의주요경영사항)              ,부채비율 562% (3년 428%p↑) / 3년 순부채 +868억 vs EBITDA합 253억 / 매출 1원 성장에 순부채 2.24원 / 유동비율 87% / 현금/매출 3%
61.3,50.1,95,덕산하이메탈,00471068,077360,true,제조업,전자부품·컴퓨터·통신장비,GROWTH(성장자금형),1923.4,0.365,347.1,0.147,2175.1,6.3,0.945,0.921,705.5,2164.3,6.791,1.512,0,0,measured_cashbridge,2025,api,48.4,149.6,0,,-101.2,,,,-196.7,,,unavailable,부실·리파이낸싱,부실·리파이낸싱(negative): 구조적 악화 (영업적자 2/3년) | 성장자금형(positive): 매출 CAGR 37% + 마진 유지 · capex/매출 7.8% | 이벤트(neutral): 표대결 · 5% 지분 이동 — 승계·증여·분쟁 여부는 주주 레벨 사건이라 재무로 안 보임. 대주주 연령·지분율 개별 확인 필요,0.1,company_history,,RECENTLY_FUNDED,2026-07-24,유상증자결정(종속회사의주요경영사항)              ,"순부채/EBITDA 6.3x / 3년 순부채 +2,164억 vs EBITDA합 319억 / 매출 1원 성장에 순부채 1.51원 / 유동비율 92% / 영업적자 2/3년"
61.1,83,35,오텍,00397289,067170,true,제조업,자동차·트레일러,DISTRESS(구조조정형),7120.7,-0.037,-45.1,-0.005,1785.9,,2.752,0.894,178.9,595.5,3,,329,727,measured_cashbridge,2025,api,62,43.7,,,-13.7,1964.8,1827.3,-23.3,88.4,80.8,0.0113,unavailable,부실·리파이낸싱,부실·리파이낸싱(negative): 구조적 악화 (영업적자 3/3년) | 이벤트(neutral): 5% 지분 이동 — 승계·증여·분쟁 여부는 주주 레벨 사건이라 재무로 안 보임. 대주주 연령·지분율 개별 확인 필요,0.044,company_history,,RECENTLY_FUNDED,2026-05-21,[기재정정]주요사항보고서(신주인수권부사채권발행결정),EBITDA 적자 -45억 / 부채비율 275% / 3년 순부채 +596억 vs EBITDA합 -128억 / 유동비율 89% / 현금/매출 3% / 현금 2년 연속 감소 / 영업적자 3/3년
61,46.7,100,서부T&D,00130383,006730,true,숙박·음식,숙박업,GROWTH(성장자금형),1201.1,0.247,644.3,0.344,11997,18.6,1.347,0.466,1748.6,3592.5,2.334,3.959,0,0,measured_cashbridge,2025,api,1061.3,31.6,,,1029.7,13745.6,11116.8,1966.1,2797.9,229.5,0.1911,unavailable,부실·리파이낸싱,부실·리파이낸싱(neutral): 레버리지·유동성 부담 — 구조적/일시적 판단 보류 | 성장자금형(positive): 매출 CAGR 25% + 마진 유지 · capex/매출 2.6% | 이벤트(neutral): 지배구조 변동 · 5% 지분 이동 — 승계·증여·분쟁 여부는 주주 레벨 사건이라 재무로 안 보임. 대주주 연령·지분율 개별 확인 필요,0.088,company_history,,PRE_SIGNAL,,,"순부채/EBITDA 18.6x / 3년 순부채 +3,592억 vs EBITDA합 1,539억 / 매출 1원 성장에 순부채 3.96원 / 유동비율 47%"
60.7,61.8,71.5,위메이드플레이,00815767,123420,true,정보통신,출판업,REFI(롤오버형),1204.1,0.044,92.4,0.077,622.3,6.7,0.583,0.434,315.8,1705.6,5.777,11.62,380,,netdebt_inferred,,,,,,,,,,,,,,,부실·리파이낸싱,부실·리파이낸싱(neutral): 레버리지·유동성 부담 — 구조적/일시적 판단 보류 | 이벤트(neutral): 합병 · 지배구조 변동 · 5% 지분 이동 — 승계·증여·분쟁 여부는 주주 레벨 사건이라 재무로 안 보임. 대주주 연령·지분율 개별 확인 필요,0.1,company_history,,PRE_SIGNAL,,,"순부채/EBITDA 6.7x / 3년 순부채 +1,706억 vs EBITDA합 295억 / 매출 1원 성장에 순부채 11.62원 / 유동비율 43% / 현금 2년 연속 감소"
60.5,59.3,75.1,동화약품,00119195,000020,true,제조업,의료용물질·의약품,WC_BURN(운전자본형),4963.9,0.134,222.2,0.045,777.5,3.5,0.6,1.073,244.7,1738,1.607,1.011,412,1424,measured_cashbridge,2025,api,157,553,49.9,,-396,1022.2,878.8,456.9,461.7,152.2,0.0307,op+dep,성장,성장자금형(negative): 매출 CAGR 13% 인데 EBITDA마진 5.1%p 훼손 — 기존사업 하락을 외형성장으로 마스킹하는지 확인 필요 | 이벤트(neutral): 표대결 · 5% 지분 이동 — 승계·증여·분쟁 여부는 주주 레벨 사건이라 재무로 안 보임. 대주주 연령·지분율 개별 확인 필요,0.027,company_history,,PRE_SIGNAL,,,"순부채/EBITDA 3.5x / EBITDA마진 10%→4% / 3년 순부채 +1,738억 vs EBITDA합 1,082억 / 매출 1원 성장에 순부채 1.01원 / 유동비율 107% / 현금/매출 5% / 현금 2년 연속 감소"
60.3,84,30,코맥스,00268118,036690,true,제조업,전자부품·컴퓨터·통신장비,DISTRESS(구조조정형),1171.6,-0.061,-103.9,-0.089,214.6,,3.138,0.647,32.3,196.2,3,,111,,netdebt_inferred,,,,,,,,,,,,,,,부실·리파이낸싱,부실·리파이낸싱(negative): 구조적 악화 (영업적자 3/3년) | 이벤트(neutral): 합병 · 표대결 · 5% 지분 이동 — 승계·증여·분쟁 여부는 주주 레벨 사건이라 재무로 안 보임. 대주주 연령·지분율 개별 확인 필요,0.02,company_history,3,DISTRESS_EVENT,2026-02-05,증권발행결과(자율공시)              (제3자배정 유상증자),EBITDA 적자 -104억 / 부채비율 314% (3년 199%p↑) / 3년 순부채 +196억 vs EBITDA합 -391억 / 유동비율 65% / 현금/매출 3% / 영업적자 3/3년 / 런웨이 3개월
60.2,81.1,35,삼진엘앤디,00239514,054090,true,제조업,기타 제품 제조,DISTRESS(구조조정형),1225.8,-0.079,-32.9,-0.019,442.5,,2.173,0.854,196.7,231.6,3,,0,0,measured_cashbridge,2025,api,116.6,52.2,,,60.9,,,,30.8,,,unavailable,부실·리파이낸싱,부실·리파이낸싱(negative): 구조적 악화 (영업적자 3/3년) | 이벤트(neutral): 표대결 · 5% 지분 이동 — 승계·증여·분쟁 여부는 주주 레벨 사건이라 재무로 안 보임. 대주주 연령·지분율 개별 확인 필요,0.083,company_history,,PRE_SIGNAL,,,EBITDA 적자 -33억 / 부채비율 217% (3년 110%p↑) / EBITDA마진 1%→-2% / 3년 순부채 +232억 vs EBITDA합 -16억 / 유동비율 85% / 현금 2년 연속 감소 / 영업적자 3/3년
60,71.1,52.1,이렘,00116426,009730,true,제조업,1차 금속,WC_BURN(운전자본형),919.9,0.114,-101.1,-0.11,445.1,,1.516,1.369,1.5,339.2,13.418,0.528,41,85,measured_cashbridge,2025,api,4.1,9.5,,,-12.2,446.6,105,-78.8,-19.9,-54.8,0.0596,op+dep,부실·리파이낸싱,부실·리파이낸싱(negative): 구조적 악화 (영업적자 2/3년) | 성장자금형(negative): 매출 CAGR 11% 인데 EBITDA마진 12.5%p 훼손 — 기존사업 하락을 외형성장으로 마스킹하는지 확인 필요 | 이벤트(neutral): 분할·카브아웃 · 5% 지분 이동 — 승계·증여·분쟁 여부는 주주 레벨 사건이라 재무로 안 보임. 대주주 연령·지분율 개별 확인 필요,0.02,company_history,,RECENTLY_FUNDED,2026-07-22,[기재정정]주요사항보고서(유상증자결정),EBITDA 적자 -101억 / EBITDA마진 1%→-11% / 3년 순부채 +339억 vs EBITDA합 25억 / 매출 1원 성장에 순부채 0.53원 / 현금/매출 0% / 영업적자 2/3년
59.8,74.4,45.4,비나텍,00563518,126340,true,제조업,전기장비,DISTRESS(구조조정형),570.2,0.068,-11.7,-0.02,938.1,,1.585,0.857,104.6,398.4,1.865,3.746,237,881,measured_cashbridge,2025,api,-60.6,194.6,,,-255.2,1042.7,667.6,244.2,181.5,15.1,0.0265,unavailable,부실·리파이낸싱,부실·리파이낸싱(neutral): 레버리지·유동성 부담 — 구조적/일시적 판단 보류 | 성장자금형(negative): 매출 CAGR 7% 인데 EBITDA마진 19.7%p 훼손 — 기존사업 하락을 외형성장으로 마스킹하는지 확인 필요 | 이벤트(neutral): 5% 지분 이동 · 지분 인수·매각 — 승계·증여·분쟁 여부는 주주 레벨 사건이라 재무로 안 보임. 대주주 연령·지분율 개별 확인 필요,0.031,company_history,21,RECENTLY_FUNDED,2026-03-19,[기재정정]주요사항보고서(전환사채권발행결정),EBITDA 적자 -12억 / EBITDA마진 18%→-2% / 3년 순부채 +398억 vs EBITDA합 214억 / 매출 1원 성장에 순부채 3.75원 / 유동비율 86% / 런웨이 21개월
59.7,67.3,57.5,강동씨앤엘,01032583,198440,true,제조업,비금속 광물제품,DISTRESS(구조조정형),554.3,-0.103,108.3,0.229,721.7,6.7,2.183,0.07,22.2,936.9,3,,0,0,measured_cashbridge,2025,api,39.1,15.3,,,23.8,,,,-83.3,,,unavailable,부실·리파이낸싱,부실·리파이낸싱(negative): 구조적 악화 (영업적자 2/3년) | 이벤트(neutral): 지배구조 변동 · 표대결 · 5% 지분 이동 — 승계·증여·분쟁 여부는 주주 레벨 사건이라 재무로 안 보임. 대주주 연령·지분율 개별 확인 필요,0.02,company_history,,PRE_SIGNAL,,,순부채/EBITDA 6.7x / 부채비율 218% (3년 193%p↑) / 3년 순부채 +937억 vs EBITDA합 -142억 / 유동비율 7% / 현금/매출 4% / 영업적자 2/3년
59.5,74.3,44.2,메타랩스,00442835,090370,true,제조업,의복·모피 제조,DISTRESS(구조조정형),714.3,0.093,-8,-0.021,586.5,,0.763,0.507,41.6,464.5,3,5.153,104,330,measured_cashbridge,2025,api,-25,15.2,,,-50.8,628.1,626.5,321.9,-68.6,365.5,0.5117,unavailable,부실·리파이낸싱,부실·리파이낸싱(negative): 구조적 악화 (영업적자 3/3년) | 성장자금형(negative): 매출 CAGR 9% 인데 EBITDA마진 3.0%p 훼손 — 기존사업 하락을 외형성장으로 마스킹하는지 확인 필요 | 이벤트(neutral): 합병 · 표대결 · 5% 지분 이동 · 지분 인수·매각 — 승계·증여·분쟁 여부는 주주 레벨 사건이라 재무로 안 보임. 대주주 연령·지분율 개별 확인 필요,0.044,company_history,20,RECENTLY_FUNDED,2026-06-09,주요사항보고서(유상증자결정),EBITDA 적자 -8억 / EBITDA마진 1%→-2% / 3년 순부채 +464억 vs EBITDA합 -13억 / 매출 1원 성장에 순부채 5.15원 / 유동비율 51% / 영업적자 3/3년 / 런웨이 20개월
58.8,67,54.6,화인베스틸,00661847,133820,true,제조업,1차 금속,DISTRESS(구조조정형),1800.8,0.077,68.4,0.038,774.4,11.3,2.315,0.581,80.5,79.9,3,,99,385,measured_cashbridge,2025,api,-36,26.5,,,-62.5,854.9,807.5,-43.8,-50.2,-29.7,0.0165,op+dep,부실·리파이낸싱,부실·리파이낸싱(negative): 구조적 악화 (영업적자 2/3년) | 성장자금형(positive): 매출 CAGR 8% + 마진 유지 · capex/매출 1.5% | 이벤트(neutral): 5% 지분 이동 · 지분 인수·매각 — 승계·증여·분쟁 여부는 주주 레벨 사건이라 재무로 안 보임. 대주주 연령·지분율 개별 확인 필요,0.02,company_history,27,IN_MOTION,2025-03-24,유상증자결정(종속회사의주요경영사항)              ,순부채/EBITDA 11.3x / 부채비율 232% (3년 102%p↑) / 3년 순부채 +80억 vs EBITDA합 -127억 / 유동비율 58% / 현금/매출 4% / 영업적자 2/3년
58.6,62.5,61.9,현대약품,00164706,004310,true,제조업,의료용물질·의약품,WC_BURN(운전자본형),1917.9,0.079,53.1,0.028,474.3,8.9,0.988,1.132,25,298.7,1.178,0.831,192,416,measured_cashbridge,2025,api,-1.2,58.6,7.8,,-59.9,499.3,441.4,96.2,91.5,3.5,0.0018,op+dep,부실·리파이낸싱,부실·리파이낸싱(neutral): 레버리지·유동성 부담 — 구조적/일시적 판단 보류 | 성장자금형(negative): 매출 CAGR 8% 인데 EBITDA마진 2.6%p 훼손 — 기존사업 하락을 외형성장으로 마스킹하는지 확인 필요 | 이벤트(neutral): 5% 지분 이동 · 지분 인수·매각 — 승계·증여·분쟁 여부는 주주 레벨 사건이라 재무로 안 보임. 대주주 연령·지분율 개별 확인 필요,0.055,company_history,250,PRE_SIGNAL,,,순부채/EBITDA 8.9x / EBITDA마진 5%→3% / 3년 순부채 +299억 vs EBITDA합 254억 / 매출 1원 성장에 순부채 0.83원 / 유동비율 113% / 현금/매출 1% / 현금 2년 연속 감소
58.6,66.6,54.6,이연제약,00145598,102460,true,제조업,의료용물질·의약품,REFI(롤오버형),1077,0.013,53.6,0.036,922.2,17.2,1.112,0.556,67.8,1045.2,5.002,19.01,61,222,measured_cashbridge,2025,api,14.6,79.2,0,,-81,990,,-105.7,89.7,-180.8,0.1679,unavailable,부실·리파이낸싱,부실·리파이낸싱(neutral): 레버리지·유동성 부담 — 구조적/일시적 판단 보류 | 이벤트(neutral): 표대결 · 5% 지분 이동 — 승계·증여·분쟁 여부는 주주 레벨 사건이라 재무로 안 보임. 대주주 연령·지분율 개별 확인 필요,0.044,company_history,,PRE_SIGNAL,2024-11-08,[기재정정]주요사항보고서(전환사채권발행결정),"순부채/EBITDA 17.2x / 3년 순부채 +1,045억 vs EBITDA합 209억 / 매출 1원 성장에 순부채 19.01원 / 유동비율 56%"
58,67,51.5,태림포장,00153524,011280,true,제조업,펄프·종이 제조,REFI(롤오버형),7539,-0.013,288.2,0.038,1822.5,6.3,1.121,0.482,86.3,1054.2,0.872,42.034,850,2422,measured_cashbridge,2025,api,-331.3,237.3,0,,-595.1,1908.8,1908.8,610.5,83,196.1,0.026,op+dep,부실·리파이낸싱,부실·리파이낸싱(negative): 구조적 악화 (영업적자 2/3년) | 이벤트(neutral): 표대결 · 5% 지분 이동 — 승계·증여·분쟁 여부는 주주 레벨 사건이라 재무로 안 보임. 대주주 연령·지분율 개별 확인 필요,0.02,company_history,3,PRE_SIGNAL,,,"순부채/EBITDA 6.3x / 3년 순부채 +1,054억 vs EBITDA합 1,209억 / 매출 1원 성장에 순부채 42.03원 / 유동비율 48% / 현금/매출 1% / 현금 2년 연속 감소 / 영업적자 2/3년 / 런웨이 3개월"
58,44.1,92.5,(주)아이티켐,00914341,309710,true,제조업,의료용물질·의약품,GROWTH(성장자금형),529.6,0.338,97.8,0.157,703.9,7.2,1.773,0.665,66.6,226.2,1.38,0.624,433,1394,measured_cashbridge,2025,api,-17.5,429.8,,,-450.8,770.4,291.5,351.7,557.1,124.4,0.2349,unavailable,부실·리파이낸싱,부실·리파이낸싱(positive): 레버리지 부담은 크나 매출 회복 + 마진 반등 — 시황 저점 진입 가능성 | 성장자금형(positive): 매출 CAGR 34% + 마진 유지 · capex/매출 81.2% | 이벤트(neutral): 표대결 · 5% 지분 이동 — 승계·증여·분쟁 여부는 주주 레벨 사건이라 재무로 안 보임. 대주주 연령·지분율 개별 확인 필요,0.02,company_history,46,DISTRESS_EVENT,2026-02-19,주요사항보고서(전환사채권발행결정),순부채/EBITDA 7.2x / 3년 순부채 +226억 vs EBITDA합 164억 / 매출 1원 성장에 순부채 0.62원 / 유동비율 66%
57.8,50,81.1,서진시스템,00838005,178320,true,제조업,전기장비,WC_BURN(운전자본형),10663.3,0.132,1079.5,0.101,,,2.126,0.865,320.7,3723.1,0.821,0.613,3617,11052,measured_cashbridge,2025,api,-397.6,3320.2,,,-3717.8,,,,,,,op+dep,부실·리파이낸싱,부실·리파이낸싱(neutral): 레버리지·유동성 부담 — 구조적/일시적 판단 보류 | 성장자금형(negative): 매출 CAGR 13% 인데 EBITDA마진 6.5%p 훼손 — 기존사업 하락을 외형성장으로 마스킹하는지 확인 필요 | 이벤트(neutral): 지배구조 변동 · 5% 지분 이동 — 승계·증여·분쟁 여부는 주주 레벨 사건이라 재무로 안 보임. 대주주 연령·지분율 개별 확인 필요,0.021,company_history,10,RECENTLY_FUNDED,2026-04-30,증권발행결과(자율공시)              (제3자배정 유상증자),"부채비율 213% (3년 56%p↑) / EBITDA마진 17%→10% / 3년 순부채 +3,723억 vs EBITDA합 4,536억 / 매출 1원 성장에 순부채 0.61원 / 유동비율 87% / 현금/매출 3% / 런웨이 10개월"
57.7,61.2,60.6,씨엔플러스,00660033,115530,true,제조업,전자부품·컴퓨터·통신장비,WC_BURN(운전자본형),536.2,0.076,,,108.4,,6.121,0.965,37.8,127,1.756,0.8,0,31,measured_cashbridge,2025,api,2.4,5.8,,,-3.3,146.2,131.6,54.9,10.4,46.9,0.0875,unavailable,부실·리파이낸싱,부실·리파이낸싱(neutral): 레버리지·유동성 부담 — 구조적/일시적 판단 보류 | 성장자금형(neutral): 매출 CAGR 8% — EBITDA 마진을 구하지 못해 기존사업 훼손 여부 판정 불가 (capex/매출 1.1%) | 이벤트(neutral): 분할·카브아웃 · 5% 지분 이동 — 승계·증여·분쟁 여부는 주주 레벨 사건이라 재무로 안 보임. 대주주 연령·지분율 개별 확인 필요,0.02,company_history,,RECENTLY_FUNDED,2026-07-29,[기재정정]주요사항보고서(전환사채권발행결정),부채비율 612% (3년 411%p↑) / 3년 순부채 +127억 vs EBITDA합 72억 / 매출 1원 성장에 순부채 0.80원 / 유동비율 96%
57.7,52.4,76.6,두산퓨얼셀,01412725,336260,true,제조업,전기장비,WC_BURN(운전자본형),4547.9,0.134,,,4011.5,,2.261,1.23,666.7,4115.5,7.763,13.55,1334,5153,measured_cashbridge,2025,api,-565.1,1060,,,-1660.4,4678.2,2490.2,1445.8,1060.4,-179.7,0.0395,unavailable,성장,성장자금형(neutral): 매출 CAGR 13% — EBITDA 마진을 구하지 못해 기존사업 훼손 여부 판정 불가 (capex/매출 23.3%) | 이벤트(neutral): 표대결 · 5% 지분 이동 — 승계·증여·분쟁 여부는 주주 레벨 사건이라 재무로 안 보임. 대주주 연령·지분율 개별 확인 필요,0.02,company_history,14,IN_MOTION,2025-08-27,투자설명서,"부채비율 226% (3년 130%p↑) / 3년 순부채 +4,115억 vs EBITDA합 530억 / 매출 1원 성장에 순부채 13.55원 / 영업적자 2/3년 / 런웨이 14개월"
57,68.3,45,깨끗한나라,00113492,004540,true,제조업,펄프·종이 제조,TIGHT(유동성형),5082,-0.057,54,0.011,-120.1,-2.2,2.734,0.577,143.3,747.2,0.891,,421,1346,measured_cashbridge,2025,api,-21.3,441.3,,,-462.6,23.2,,49.8,465.8,-139.5,0.0274,op+dep,부실·리파이낸싱,부실·리파이낸싱(negative): 구조적 악화 (영업적자 3/3년) | 이벤트(neutral): 표대결 · 5% 지분 이동 — 승계·증여·분쟁 여부는 주주 레벨 사건이라 재무로 안 보임. 대주주 연령·지분율 개별 확인 필요,0.02,company_history,81,RECENTLY_FUNDED,2026-07-10,주요사항보고서(자본으로인정되는채무증권발행결정),부채비율 273% (3년 99%p↑) / EBITDA마진 5%→1% / 3년 순부채 +747억 vs EBITDA합 838억 / 유동비율 58% / 현금/매출 3% / 현금 2년 연속 감소 / 영업적자 3/3년
57,53.5,71.5,제테마,01222867,216080,true,제조업,의료용물질·의약품,WC_BURN(운전자본형),769,0.187,,,1122.7,,2.217,0.374,48.9,1130.3,3.39,3.202,104,278,measured_cashbridge,2025,api,110.5,158.5,,,-48,1171.6,666.9,169.8,143.1,137.2,0.1784,unavailable,부실·리파이낸싱,부실·리파이낸싱(neutral): 레버리지·유동성 부담 — 구조적/일시적 판단 보류 | 성장자금형(neutral): 매출 CAGR 19% — EBITDA 마진을 구하지 못해 기존사업 훼손 여부 판정 불가 (capex/매출 20.6%) | 이벤트(neutral): 5% 지분 이동 — 승계·증여·분쟁 여부는 주주 레벨 사건이라 재무로 안 보임. 대주주 연령·지분율 개별 확인 필요,0.064,company_history,,RECENTLY_FUNDED,2026-07-07,[첨부정정]주요사항보고서(전환사채권발행결정),"부채비율 222% / 3년 순부채 +1,130억 vs EBITDA합 333억 / 매출 1원 성장에 순부채 3.20원 / 유동비율 37% / 현금 2년 연속 감소"
56.9,52.5,73.2,대화제약,00210740,067080,true,제조업,의료용물질·의약품,WC_BURN(운전자본형),952.3,0.084,131.2,0.088,592.2,4.5,1.664,0.513,61,396.8,1.266,1.23,38,188,measured_cashbridge,2025,api,54.3,47.3,26.3,,7,653.2,616.3,23.1,68.3,9.1,0.0095,unavailable,부실·리파이낸싱,부실·리파이낸싱(neutral): 레버리지·유동성 부담 — 구조적/일시적 판단 보류 | 성장자금형(positive): 매출 CAGR 8% + 마진 유지 · capex/매출 5.0% | 이벤트(neutral): 5% 지분 이동 — 승계·증여·분쟁 여부는 주주 레벨 사건이라 재무로 안 보임. 대주주 연령·지분율 개별 확인 필요,0.02,company_history,,IN_MOTION,2025-09-19,주요사항보고서(교환사채권발행결정),순부채/EBITDA 4.5x / 3년 순부채 +397억 vs EBITDA합 313억 / 매출 1원 성장에 순부채 1.23원 / 유동비율 51%
56.8,55.6,67.2,솔루스첨단소재,01412822,336370,true,제조업,전자부품·컴퓨터·통신장비,DISTRESS(구조조정형),6160.8,0.138,,,8295,,1.285,0.413,666.2,4459.1,151.125,2.339,3225,9966,measured_cashbridge,2025,api,-181.4,2347.9,9.3,,-2560.9,8961.2,8003.3,2180.8,2320.2,-320.8,0.0521,unavailable,부실·리파이낸싱,부실·리파이낸싱(negative): 구조적 악화 (영업적자 3/3년) | 성장자금형(neutral): 매출 CAGR 14% — EBITDA 마진을 구하지 못해 기존사업 훼손 여부 판정 불가 (capex/매출 38.1%) | 이벤트(neutral): 표대결 · 지분 인수·매각 — 승계·증여·분쟁 여부는 주주 레벨 사건이라 재무로 안 보임. 대주주 연령·지분율 개별 확인 필요,0.084,company_history,44,RECENTLY_FUNDED,2026-04-29,유상증자결정(종속회사의주요경영사항)              ,"3년 순부채 +4,459억 vs EBITDA합 30억 / 매출 1원 성장에 순부채 2.34원 / 유동비율 41% / 영업적자 3/3년"
56.7,67.7,45,홈센타홀딩스,00288495,060560,true,도소매,도매·상품중개,REFI(롤오버형),2988.2,-0.116,7.7,0.003,1911.7,248.3,1.396,0.707,176.4,794.1,0.596,1.803,392,1349,measured_cashbridge,2025,api,250.4,427.3,70.4,,-252.3,2088.1,1571.9,358.1,572.4,36.1,0.0121,op+dep,부실·리파이낸싱,부실·리파이낸싱(negative): 구조적 악화 (영업적자 1/3년) | 이벤트(neutral): 5% 지분 이동 — 승계·증여·분쟁 여부는 주주 레벨 사건이라 재무로 안 보임. 대주주 연령·지분율 개별 확인 필요,0.036,company_history,,RECENTLY_FUNDED,2026-02-13,주요사항보고서(전환사채권발행결정)(자회사의 주요경영사항)              (제5회차),"순부채/EBITDA 248.3x / EBITDA마진 11%→0% / 3년 순부채 +794억 vs EBITDA합 1,333억 / 매출 1원 성장에 순부채 1.80원 / 유동비율 71%"
56.7,61.2,56.5,하이퍼코퍼레이션,00391197,065650,true,도소매,도매·상품중개,DISTRESS(구조조정형),761.9,0.189,,,224,,3.698,0.897,182.3,196.1,3,2.128,0,254,measured_cashbridge,2025,api,-82.9,4,,,-109.7,406.4,363,106.3,-56.9,80.3,0.1054,unavailable,부실·리파이낸싱,부실·리파이낸싱(negative): 구조적 악화 (영업적자 3/3년) | 성장자금형(neutral): 매출 CAGR 19% — EBITDA 마진을 구하지 못해 기존사업 훼손 여부 판정 불가 (capex/매출 0.5%) | 이벤트(neutral): 분할·카브아웃 · 합병 · 5% 지분 이동 · 지분 인수·매각 — 승계·증여·분쟁 여부는 주주 레벨 사건이라 재무로 안 보임. 대주주 연령·지분율 개별 확인 필요,0.026,company_history,26,DISTRESS_EVENT,2026-08-04,[기재정정]주요사항보고서(유상증자결정),부채비율 370% (3년 290%p↑) / 3년 순부채 +196억 vs EBITDA합 -74억 / 매출 1원 성장에 순부채 2.13원 / 유동비율 90% / 영업적자 3/3년
56.6,78.9,24.5,시그네틱스,00158219,033170,true,제조업,전자부품·컴퓨터·통신장비,DISTRESS(구조조정형),1228.6,-0.241,-159.7,-0.135,223.1,,1.052,0.746,99.4,353.6,3,,215,795,measured_cashbridge,2025,api,-215.2,47.6,,,-262.8,322.5,271,138.6,18.9,-95.5,0.0777,unavailable,부실·리파이낸싱,부실·리파이낸싱(negative): 구조적 악화 (영업적자 2/3년) | 이벤트(neutral): 분할·카브아웃 · 표대결 · 5% 지분 이동 · 지분 인수·매각 — 승계·증여·분쟁 여부는 주주 레벨 사건이라 재무로 안 보임. 대주주 연령·지분율 개별 확인 필요,0.02,company_history,6,PRE_SIGNAL,,,EBITDA 적자 -160억 / EBITDA마진 4%→-14% / 3년 순부채 +354억 vs EBITDA합 -33억 / 유동비율 75% / 영업적자 2/3년 / 런웨이 6개월
56.6,63.7,51.8,대주코레스(주),00133715,008340,true,제조업,1차 금속,REFI(롤오버형),1724.6,0.016,43.3,0.025,1109.2,25.6,1.725,0.627,12.4,70.4,0.232,0.886,40,,netdebt_inferred,,,,,,,,,,,,,,,부실·리파이낸싱,부실·리파이낸싱(neutral): 레버리지·유동성 부담 — 구조적/일시적 판단 보류,0.02,company_history,8,PRE_SIGNAL,,,순부채/EBITDA 25.6x / EBITDA마진 8%→3% / 3년 순부채 +70억 vs EBITDA합 303억 / 매출 1원 성장에 순부채 0.89원 / 유동비율 63% / 현금/매출 1% / 런웨이 8개월
56.4,48,79,진양제약,00150536,007370,true,제조업,의료용물질·의약품,TIGHT(유동성형),1206.9,0.165,,,742.2,,0.675,0.523,22,725.3,1.884,1.436,116,340,measured_cashbridge,2025,api,14.6,36.7,17.1,,-22.1,764.2,760.7,-32.8,81,-99.2,0.0822,unavailable,부실·리파이낸싱,부실·리파이낸싱(neutral): 레버리지·유동성 부담 — 구조적/일시적 판단 보류 | 성장자금형(neutral): 매출 CAGR 17% — EBITDA 마진을 구하지 못해 기존사업 훼손 여부 판정 불가 (capex/매출 3.0%) | 이벤트(neutral): 표대결 · 5% 지분 이동 — 승계·증여·분쟁 여부는 주주 레벨 사건이라 재무로 안 보임. 대주주 연령·지분율 개별 확인 필요,0.02,company_history,,PRE_SIGNAL,,,3년 순부채 +725억 vs EBITDA합 385억 / 매출 1원 성장에 순부채 1.44원 / 유동비율 52% / 현금/매출 2%
56.3,60.1,57.2,수성웹툰,00243979,084180,true,제조업,기타 기계·장비,DISTRESS(구조조정형),301.1,0.228,41.6,0.061,397.8,9.6,1.194,0.299,65.6,177.4,3,0.562,0,0,measured_cashbridge,2025,api,193.5,106.7,,,86.8,463.4,436.1,82,21.9,260.6,0.8654,unavailable,부실·리파이낸싱,부실·리파이낸싱(negative): 구조적 악화 (영업적자 3/3년) | 성장자금형(positive): 매출 CAGR 23% + 마진 유지 · capex/매출 35.4% | 이벤트(neutral): 지배구조 변동 · 5% 지분 이동 · 지분 인수·매각 — 승계·증여·분쟁 여부는 주주 레벨 사건이라 재무로 안 보임. 대주주 연령·지분율 개별 확인 필요,0.08,company_history,,RECENTLY_FUNDED,2026-07-13,[기재정정]주요사항보고서(유상증자결정),순부채/EBITDA 9.6x / 3년 순부채 +177억 vs EBITDA합 -5억 / 매출 1원 성장에 순부채 0.56원 / 유동비율 30% / 현금 2년 연속 감소 / 영업적자 3/3년
56.2,62.9,51.4,에이엔피,00143314,015260,true,제조업,전자부품·컴퓨터·통신장비,DISTRESS(구조조정형),1174.9,0.03,,,490.8,,3.844,0.841,47.8,55,3,0.124,125,419,measured_cashbridge,2025,api,-119.8,2,,,-129.3,538.5,179.3,173.2,-0.9,54.2,0.0462,unavailable,부실·리파이낸싱,부실·리파이낸싱(negative): 구조적 악화 (영업적자 3/3년) | 이벤트(neutral): 표대결 · 5% 지분 이동 — 승계·증여·분쟁 여부는 주주 레벨 사건이라 재무로 안 보임. 대주주 연령·지분율 개별 확인 필요,0.022,company_history,5,RECENTLY_FUNDED,2026-02-13,주요사항보고서(유상증자결정),부채비율 384% (3년 129%p↑) / 3년 순부채 +55억 vs EBITDA합 -67억 / 유동비율 84% / 현금/매출 4% / 현금 2년 연속 감소 / 영업적자 3/3년 / 런웨이 5개월
56.2,61.5,54,아이씨에이치,01302853,368600,true,제조업,전자부품·컴퓨터·통신장비,DISTRESS(구조조정형),468.5,0.271,,,422.6,,2.555,0.459,65.4,415.8,3,1.591,81,330,measured_cashbridge,2025,api,-67.5,13.8,,,-84.6,488,395.8,-14.8,9.1,-91.4,0.1951,unavailable,부실·리파이낸싱,부실·리파이낸싱(negative): 구조적 악화 (영업적자 3/3년) | 성장자금형(neutral): 매출 CAGR 27% — EBITDA 마진을 구하지 못해 기존사업 훼손 여부 판정 불가 (capex/매출 2.9%) | 이벤트(neutral): 5% 지분 이동 — 승계·증여·분쟁 여부는 주주 레벨 사건이라 재무로 안 보임. 대주주 연령·지분율 개별 확인 필요,0.048,company_history,12,RECENTLY_FUNDED,2026-02-10,[기재정정]주요사항보고서(유상증자결정),부채비율 255% (3년 227%p↑) / 3년 순부채 +416억 vs EBITDA합 -76억 / 매출 1원 성장에 순부채 1.59원 / 유동비율 46% / 영업적자 3/3년 / 런웨이 12개월
55.9,55.5,63.5,인스코비,00122825,006490,true,정보통신,우편·통신업,DISTRESS(구조조정형),1055.6,0.112,,,198.3,,2.763,0.556,12.5,69.9,58.5,0.242,0,0,measured_cashbridge,2025,api,47.5,8.4,,,39.2,210.8,123.9,147.3,188,16.9,0.016,unavailable,부실·리파이낸싱,부실·리파이낸싱(neutral): 레버리지·유동성 부담 — 구조적/일시적 판단 보류 | 성장자금형(neutral): 매출 CAGR 11% — EBITDA 마진을 구하지 못해 기존사업 훼손 여부 판정 불가 (capex/매출 0.8%) | 이벤트(neutral): 지배구조 변동 · 표대결 — 승계·증여·분쟁 여부는 주주 레벨 사건이라 재무로 안 보임. 대주주 연령·지분율 개별 확인 필요,0.025,company_history,,RECENTLY_FUNDED,2026-06-19,[기재정정]주요사항보고서(유상증자결정),부채비율 276% (3년 216%p↑) / 3년 순부채 +70억 vs EBITDA합 1억 / 유동비율 56% / 현금/매출 1%
55.9,46.9,79,DB,00163345,012030,true,정보통신,컴퓨터 프로그래밍·SI,WC_BURN(운전자본형),6434.6,0.17,,,2731,,1.198,0.68,639.5,1593.9,1.45,0.612,0,195,measured_cashbridge,2025,api,152.3,39.8,,,75,3370.5,2710.5,95.9,258.2,-9.9,0.0015,unavailable,부실·리파이낸싱,부실·리파이낸싱(neutral): 레버리지·유동성 부담 — 구조적/일시적 판단 보류 | 성장자금형(neutral): 매출 CAGR 17% — EBITDA 마진을 구하지 못해 기존사업 훼손 여부 판정 불가 (capex/매출 0.6%) | 이벤트(neutral): 표대결 · 5% 지분 이동 · 지분 인수·매각 — 승계·증여·분쟁 여부는 주주 레벨 사건이라 재무로 안 보임. 대주주 연령·지분율 개별 확인 필요,0.051,company_history,,PRE_SIGNAL,,,"3년 순부채 +1,594억 vs EBITDA합 1,099억 / 매출 1원 성장에 순부채 0.61원 / 유동비율 68% / 현금 2년 연속 감소"
55.8,70.4,36.5,광진실업,00104120,026910,true,제조업,1차 금속,DISTRESS(구조조정형),546.9,-0.026,,,151.2,,3.631,0.755,18.5,526.9,3,13.366,54,158,measured_cashbridge,2025,api,-11,24.2,,,-35.3,169.7,169.7,9,11.3,-13.3,0.0243,unavailable,부실·리파이낸싱,부실·리파이낸싱(negative): 구조적 악화 (영업적자 3/3년) | 이벤트(neutral): 지배구조 변동 · 5% 지분 이동 — 승계·증여·분쟁 여부는 주주 레벨 사건이라 재무로 안 보임. 대주주 연령·지분율 개별 확인 필요,0.034,company_history,20,RECENTLY_FUNDED,2026-07-31,[기재정정]주요사항보고서(유상증자결정),부채비율 363% (3년 185%p↑) / 3년 순부채 +527억 vs EBITDA합 -88억 / 매출 1원 성장에 순부채 13.37원 / 유동비율 76% / 현금/매출 3% / 영업적자 3/3년 / 런웨이 20개월
55.7,66,44,한세엠케이,00357360,069640,true,도소매,소매(자동차 제외),DISTRESS(구조조정형),2488.9,-0.029,,,1587.6,,14.037,0.662,240.1,982.2,3,2.021,327,1405,measured_cashbridge,2025,api,-279.5,74.9,,,-404.1,1827.7,1687.4,284.1,106.8,15.1,0.0061,unavailable,부실·리파이낸싱,부실·리파이낸싱(negative): 구조적 악화 (영업적자 3/3년) | 이벤트(neutral): 5% 지분 이동 — 승계·증여·분쟁 여부는 주주 레벨 사건이라 재무로 안 보임. 대주주 연령·지분율 개별 확인 필요,0.011,company_history,10,IN_MOTION,2025-06-23,[기재정정]주요사항보고서(유상증자결정),부채비율 1404% (3년 922%p↑) / 3년 순부채 +982억 vs EBITDA합 -304억 / 매출 1원 성장에 순부채 2.02원 / 유동비율 66% / 영업적자 3/3년 / 런웨이 10개월
55.7,70.2,36.5,나노캠텍,00542074,091970,true,제조업,고무·플라스틱제품,REFI(롤오버형),378,0.057,20.8,0.038,209.8,10.1,2.416,1.015,106.5,507.1,80.377,6.006,0,2,measured_cashbridge,2025,api,19.9,31.1,,,-11.2,316.3,181.9,-40.1,86.8,-107,0.2829,unavailable,부실·리파이낸싱,부실·리파이낸싱(negative): 구조적 악화 (영업적자 2/3년) | 성장자금형(positive): 매출 CAGR 6% + 마진 유지 · capex/매출 8.2% | 이벤트(neutral): 지배구조 변동 · 5% 지분 이동 — 승계·증여·분쟁 여부는 주주 레벨 사건이라 재무로 안 보임. 대주주 연령·지분율 개별 확인 필요,0.062,company_history,,IN_MOTION,2025-09-25,[기재정정]주요사항보고서(전환사채권발행결정),순부채/EBITDA 10.1x / 부채비율 242% (3년 162%p↑) / 3년 순부채 +507억 vs EBITDA합 6억 / 매출 1원 성장에 순부채 6.01원 / 유동비율 101% / 영업적자 2/3년
55.6,59.8,54.9,조광페인트,00148920,004910,true,제조업,화학물질·화학제품,REFI(롤오버형),1757.8,0.013,91.4,0.037,1183,12.9,1.042,0.735,95.8,161.3,0.685,1.703,48,264,measured_cashbridge,2025,api,35.4,59.8,20.5,,-24.3,1278.8,636.2,79.6,118.1,-3,0.0017,unavailable,부실·리파이낸싱,부실·리파이낸싱(neutral): 레버리지·유동성 부담 — 구조적/일시적 판단 보류 | 이벤트(neutral): 지분 인수·매각 — 승계·증여·분쟁 여부는 주주 레벨 사건이라 재무로 안 보임. 대주주 연령·지분율 개별 확인 필요,0.02,company_history,,IN_MOTION,2025-12-15,주요사항보고서(교환사채권발행결정),순부채/EBITDA 12.9x / 3년 순부채 +161억 vs EBITDA합 236억 / 매출 1원 성장에 순부채 1.70원 / 유동비율 74% / 현금 2년 연속 감소
55.6,50.8,70.8,다우기술,00176914,023590,true,정보통신,정보서비스,GROWTH(성장자금형),174950,0.238,16201,0.093,333781.1,20.6,10.069,0.983,25926.9,20413,0.752,0.369,79638,281251,measured_cashbridge,2025,api,-65338.1,1314.7,1854.6,,-66814.9,359708,321367.5,98479.5,,,,op+dep,부실·리파이낸싱,부실·리파이낸싱(positive): 레버리지 부담은 크나 매출 회복 + 마진 반등 — 시황 저점 진입 가능성 | 성장자금형(positive): 매출 CAGR 24% + 마진 유지 · capex/매출 0.8%,0.027,company_history,5,,,,순부채/EBITDA 20.6x / 부채비율 1007% (3년 157%p↑) / 3년 순부채 +2.0조 vs EBITDA합 2.7조 / 유동비율 98% / 런웨이 5개월
55.6,45.4,80.5,우듬지팜,01299106,403490,true,제조업,식료품 제조,WC_BURN(운전자본형),560.4,0.111,63.4,0.099,230,3.6,1.002,0.398,30.9,125,0.676,0.725,234,717,measured_cashbridge,2025,api,31.2,251.7,,,-220.5,260.8,258,197,219.3,9,0.016,unavailable,부실·리파이낸싱,부실·리파이낸싱(neutral): 레버리지·유동성 부담 — 구조적/일시적 판단 보류 | 성장자금형(negative): 매출 CAGR 11% 인데 EBITDA마진 5.9%p 훼손 — 기존사업 하락을 외형성장으로 마스킹하는지 확인 필요,0.02,company_history,,,,,순부채/EBITDA 3.6x / EBITDA마진 16%→10% / 3년 순부채 +125억 vs EBITDA합 185억 / 매출 1원 성장에 순부채 0.72원 / 유동비율 40%
55.5,67.9,39.8,파인테크닉스,00755739,106240,true,제조업,전기장비,REFI(롤오버형),319,0.047,1.1,0.002,280.5,250.8,0.689,0.804,70.2,239.2,2.839,3.229,0,13,measured_cashbridge,2025,api,15.1,7.8,0,,7.4,350.6,292.5,-136,-9.9,-111,0.3479,unavailable,부실·리파이낸싱,부실·리파이낸싱(neutral): 레버리지·유동성 부담 — 구조적/일시적 판단 보류 | 이벤트(neutral): 지배구조 변동 · 표대결 · 5% 지분 이동 — 승계·증여·분쟁 여부는 주주 레벨 사건이라 재무로 안 보임. 대주주 연령·지분율 개별 확인 필요,0.047,company_history,,IN_MOTION,2026-01-13,소액공모실적보고서,순부채/EBITDA 250.8x / EBITDA마진 14%→0% / 3년 순부채 +239억 vs EBITDA합 84억 / 매출 1원 성장에 순부채 3.23원 / 유동비율 80%
55.5,63.2,48.4,(주)아진카인텍,00173069,011400,true,제조업,자동차·트레일러,TIGHT(유동성형),750.2,-0.007,,,510.6,,6.321,0.34,10.1,277.2,1.293,0.96,100,281,measured_cashbridge,2025,api,6.4,52.9,,,-46.6,520.7,438.5,53.7,40,20,0.0267,unavailable,부실·리파이낸싱,부실·리파이낸싱(negative): 구조적 악화 (영업적자 0/3년),0.02,company_history,,PRE_SIGNAL,,,부채비율 632% (3년 177%p↑) / 3년 순부채 +277억 vs EBITDA합 214억 / 매출 1원 성장에 순부채 0.96원 / 유동비율 34% / 현금/매출 1%
55.3,50.6,70,다우데이타,00238782,032190,true,도소매,도매·상품중개,GROWTH(성장자금형),180519.6,0.228,16253.6,0.09,334990,20.6,9.845,0.986,27337.5,20679.6,0.717,0.372,74660,264042,measured_cashbridge,2025,api,-65334.6,1548.1,1779.7,,-67082.3,362327.5,322864,98666.3,17786.3,15545.4,0.0861,op+dep,부실·리파이낸싱,부실·리파이낸싱(positive): 레버리지 부담은 크나 매출 회복 + 마진 반등 — 시황 저점 진입 가능성 | 성장자금형(positive): 매출 CAGR 23% + 마진 유지 · capex/매출 0.9%,0.04,company_history,5,,,,순부채/EBITDA 20.6x / 부채비율 985% (3년 167%p↑) / 3년 순부채 +2.1조 vs EBITDA합 2.9조 / 유동비율 99% / 런웨이 5개월
55.3,62.8,48.1,휴맥스,00787057,115160,true,제조업,전자부품·컴퓨터·통신장비,REFI(롤오버형),3409.5,-0.06,162.2,0.03,1276.9,7.9,4.108,0.53,254.1,-280.4,-0.493,,0,49,measured_cashbridge,2025,api,179.3,67.8,,,23.1,1531,627.4,-443.1,-154.5,-109.4,0.0321,unavailable,부실·리파이낸싱,부실·리파이낸싱(negative): 구조적 악화 (영업적자 1/3년) | 이벤트(neutral): 합병 · 표대결 · 5% 지분 이동 — 승계·증여·분쟁 여부는 주주 레벨 사건이라 재무로 안 보임. 대주주 연령·지분율 개별 확인 필요,0.045,company_history,,RECENTLY_FUNDED,2026-08-05,[기재정정]증권신고서(합병),순부채/EBITDA 7.9x / 부채비율 411% (3년 254%p↑) / 유동비율 53% / 현금 2년 연속 감소
55.1,64,45.3,모나미,00121288,005360,true,도소매,도매·상품중개,REFI(롤오버형),923.4,0.002,32.3,0.035,511.1,15.8,1.178,0.921,273.1,405.6,1.674,48.024,0,99,measured_cashbridge,2025,api,14.7,50.3,,,-51.3,784.2,759.3,11.8,-40.7,67.2,0.0728,op+dep,부실·리파이낸싱,부실·리파이낸싱(negative): 구조적 악화 (영업적자 2/3년) | 이벤트(neutral): 합병 · 표대결 · 5% 지분 이동 — 승계·증여·분쟁 여부는 주주 레벨 사건이라 재무로 안 보임. 대주주 연령·지분율 개별 확인 필요,0.039,company_history,,PRE_SIGNAL,,,순부채/EBITDA 15.8x / EBITDA마진 7%→4% / 3년 순부채 +406억 vs EBITDA합 242억 / 매출 1원 성장에 순부채 48.02원 / 유동비율 92% / 영업적자 2/3년
55.1,55,61.3,사조산업,00124799,007160,true,제조업,식료품 제조,REFI(롤오버형),6210.5,-0.021,564.6,0.091,3672.8,6.5,0.97,0.601,239.2,593.9,0.683,1.326,579,1923,measured_cashbridge,2025,api,-205.4,134.3,,,-339.7,3912,3321.7,799.1,584.5,9.2,0.0015,op+dep,부실·리파이낸싱,부실·리파이낸싱(negative): 구조적 악화 (영업적자 2/3년) | 이벤트(neutral): 5% 지분 이동 — 승계·증여·분쟁 여부는 주주 레벨 사건이라 재무로 안 보임. 대주주 연령·지분율 개별 확인 필요,0.024,company_history,14,PRE_SIGNAL,,,순부채/EBITDA 6.5x / 3년 순부채 +594억 vs EBITDA합 870억 / 매출 1원 성장에 순부채 1.33원 / 유동비율 60% / 현금/매출 4% / 영업적자 2/3년 / 런웨이 14개월
55.1,53.8,63.7,일정실업,00146542,008500,true,제조업,섬유제품 제조,GROWTH(성장자금형),307.5,0.125,23.9,0.078,152.5,6.4,1.058,1.195,2.1,39.2,3,0.302,12,12,measured_cashbridge,2025,api,22.6,5.4,,,16.8,154.6,124.6,-25.6,1.8,-4.8,0.0157,op+dep,부실·리파이낸싱,부실·리파이낸싱(negative): 구조적 악화 (영업적자 2/3년) | 성장자금형(positive): 매출 CAGR 13% + 마진 유지 · capex/매출 1.8% | 이벤트(neutral): 5% 지분 이동 — 승계·증여·분쟁 여부는 주주 레벨 사건이라 재무로 안 보임. 대주주 연령·지분율 개별 확인 필요,0.02,company_history,,DISTRESS_EVENT,,,순부채/EBITDA 6.4x / 3년 순부채 +39억 vs EBITDA합 -20억 / 유동비율 119% / 현금/매출 1% / 현금 2년 연속 감소 / 영업적자 2/3년
55.1,47.8,74.5,에프에스티,00223434,036810,true,제조업,전자부품·컴퓨터·통신장비,REFI(롤오버형),1958.9,0.036,216.3,0.091,954,4.4,1.229,0.888,325.5,1324.1,2.682,5.575,313,1249,measured_cashbridge,2025,api,140.7,486.9,,,-346.2,1279.6,1279.6,130.1,482,-211.2,0.1078,unavailable,부실·리파이낸싱,부실·리파이낸싱(neutral): 레버리지·유동성 부담 — 구조적/일시적 판단 보류 | 이벤트(neutral): 합병 · 표대결 · 5% 지분 이동 — 승계·증여·분쟁 여부는 주주 레벨 사건이라 재무로 안 보임. 대주주 연령·지분율 개별 확인 필요,0.085,company_history,,IN_MOTION,2025-09-17,주요사항보고서(교환사채권발행결정),"순부채/EBITDA 4.4x / 3년 순부채 +1,324억 vs EBITDA합 494억 / 매출 1원 성장에 순부채 5.58원 / 유동비율 89%"
54.9,59.9,51.7,동국산업,00172680,005160,true,제조업,1차 금속,REFI(롤오버형),7902.9,0.027,282.5,0.036,2781,9.8,0.931,1.232,337.1,2886.8,6.33,4.721,810,,netdebt_inferred,,,,,,,,,,,,,,,부실·리파이낸싱,부실·리파이낸싱(positive): 레버리지 부담은 크나 매출 회복 + 마진 반등 — 시황 저점 진입 가능성 | 이벤트(neutral): 지배구조·재편 공시 12건 — 승계·증여·분쟁 여부는 주주 레벨 사건이라 재무로 안 보임. 대주주 연령·지분율 개별 확인 필요,0.03,company_history,,PRE_SIGNAL,,,"순부채/EBITDA 9.8x / 3년 순부채 +2,887억 vs EBITDA합 456억 / 매출 1원 성장에 순부채 4.72원 / 현금/매출 4%"
54.9,50.4,69,라온피플,01251489,300120,true,정보통신,출판업,DISTRESS(구조조정형),2238.1,1.037,,,-166.4,,3.458,0.738,371.3,429.3,3,0.214,0,255,measured_cashbridge,2025,api,-106.3,3.5,0,,-113.9,204.8,204.1,139.8,42.5,-9,0.004,unavailable,부실·리파이낸싱,부실·리파이낸싱(negative): 구조적 악화 (영업적자 3/3년) | 성장자금형(neutral): 매출 CAGR 104% — EBITDA 마진을 구하지 못해 기존사업 훼손 여부 판정 불가 (capex/매출 0.2%) | 이벤트(neutral): 분할·카브아웃 · 5% 지분 이동 — 승계·증여·분쟁 여부는 주주 레벨 사건이라 재무로 안 보임. 대주주 연령·지분율 개별 확인 필요,0.1,company_history,42,RECENTLY_FUNDED,2026-02-10,[발행조건확정]증권신고서(지분증권),부채비율 346% (3년 285%p↑) / 3년 순부채 +429억 vs EBITDA합 -198억 / 유동비율 74% / 영업적자 3/3년
54.9,70.2,33.2,디티앤씨알오,01437432,383930,true,전문·과학·기술,연구개발업,DISTRESS(구조조정형),451.4,0.009,,,227.3,,2.602,0.519,5.7,254.9,3,7.911,179,507,measured_cashbridge,2025,api,-22.6,119.2,,,-141.8,232.9,225.6,167.5,59.2,85.7,0.1899,unavailable,부실·리파이낸싱,부실·리파이낸싱(negative): 구조적 악화 (영업적자 3/3년) | 이벤트(neutral): 표대결 · 5% 지분 이동 — 승계·증여·분쟁 여부는 주주 레벨 사건이라 재무로 안 보임. 대주주 연령·지분율 개별 확인 필요,0.025,company_history,3,RECENTLY_FUNDED,2026-02-26,[기재정정]주요사항보고서(신주인수권부사채권발행결정),부채비율 260% (3년 221%p↑) / 3년 순부채 +255억 vs EBITDA합 -47억 / 매출 1원 성장에 순부채 7.91원 / 유동비율 52% / 현금/매출 1% / 현금 2년 연속 감소 / 영업적자 3/3년 / 런웨이 3개월
54.8,46.2,76,동국생명과학(주),01233465,303810,true,제조업,의료용물질·의약품,REFI(롤오버형),1303.4,0.031,118.1,0.098,718.1,6.1,0.657,1.718,19.6,684.3,2.305,6.469,67,188,measured_cashbridge,2025,api,4.3,56.9,,,-60.5,,,,91.2,,,unavailable,부실·리파이낸싱,부실·리파이낸싱(positive): 레버리지 부담은 크나 매출 회복 + 마진 반등 — 시황 저점 진입 가능성 | 이벤트(neutral): 5% 지분 이동 — 승계·증여·분쟁 여부는 주주 레벨 사건이라 재무로 안 보임. 대주주 연령·지분율 개별 확인 필요,0.02,company_history,,PRE_SIGNAL,2025-01-31,[발행조건확정]증권신고서(지분증권),순부채/EBITDA 6.1x / 3년 순부채 +684억 vs EBITDA합 297억 / 매출 1원 성장에 순부채 6.47원 / 현금/매출 2%
54.7,55.4,58.9,인디에프,00106881,014990,true,제조업,의복·모피 제조,REFI(롤오버형),1045.9,-0.082,86.7,0.083,428.5,4.9,2.055,0.714,51.6,120.6,1.193,,0,0,measured_cashbridge,2025,api,88.7,21.1,,,67.5,480.1,417.1,-53.2,-26.4,61.9,0.0592,op+dep,부실·리파이낸싱,부실·리파이낸싱(negative): 구조적 악화 (영업적자 2/3년) | 이벤트(neutral): 표대결 · 5% 지분 이동 — 승계·증여·분쟁 여부는 주주 레벨 사건이라 재무로 안 보임. 대주주 연령·지분율 개별 확인 필요,0.02,company_history,,PRE_SIGNAL,,,순부채/EBITDA 4.9x / 부채비율 205% / 3년 순부채 +121억 vs EBITDA합 101억 / 유동비율 71% / 현금/매출 5% / 영업적자 2/3년
54.6,71.3,30.2,TPC,00108649,048770,true,제조업,기타 기계·장비,DISTRESS(구조조정형),717.7,-0.002,-16.2,-0.023,283.7,,1.854,0.974,57,73.1,3,,8,97,measured_cashbridge,2025,api,-2.2,7.4,1.6,,-9.6,340.7,333.4,-45,-41.4,-5.8,0.0081,op+dep,부실·리파이낸싱,부실·리파이낸싱(negative): 구조적 악화 (영업적자 2/3년) | 이벤트(neutral): 표대결 · 5% 지분 이동 — 승계·증여·분쟁 여부는 주주 레벨 사건이라 재무로 안 보임. 대주주 연령·지분율 개별 확인 필요,0.02,company_history,311,PRE_SIGNAL,,,EBITDA 적자 -16억 / 3년 순부채 +73억 vs EBITDA합 -11억 / 유동비율 97% / 영업적자 2/3년
54.5,46.8,73.7,비씨엔씨,01301623,146320,true,제조업,전자부품·컴퓨터·통신장비,REFI(롤오버형),875.8,0.022,146.1,0.167,713.1,4.9,1.253,0.929,125.8,441.4,1.615,3.371,11,244,measured_cashbridge,2025,api,21.2,70.1,,,-59.9,838.9,570.4,17.3,,,,op+dep,부실·리파이낸싱,부실·리파이낸싱(negative): 구조적 악화 (영업적자 2/3년) | 이벤트(neutral): 합병 · 5% 지분 이동 — 승계·증여·분쟁 여부는 주주 레벨 사건이라 재무로 안 보임. 대주주 연령·지분율 개별 확인 필요,0.02,company_history,,IN_MOTION,2025-02-21,주요사항보고서(전환사채권발행결정),순부채/EBITDA 4.9x / 3년 순부채 +441억 vs EBITDA합 273억 / 매출 1원 성장에 순부채 3.37원 / 유동비율 93% / 영업적자 2/3년
54.4,70,31.5,EG,00261054,037370,true,제조업,화학물질·화학제품,DISTRESS(구조조정형),510,-0.101,,,1018.4,,5.544,0.119,32.5,510.5,3,,151,479,measured_cashbridge,2025,api,-36.7,20.9,0,,-58.7,1051,1051,80.8,23,21.1,0.0414,unavailable,부실·리파이낸싱,부실·리파이낸싱(negative): 구조적 악화 (영업적자 3/3년) | 이벤트(neutral): 표대결 · 5% 지분 이동 — 승계·증여·분쟁 여부는 주주 레벨 사건이라 재무로 안 보임. 대주주 연령·지분율 개별 확인 필요,0.037,company_history,11,PRE_SIGNAL,,,부채비율 554% (3년 350%p↑) / 3년 순부채 +511억 vs EBITDA합 -162억 / 유동비율 12% / 영업적자 3/3년 / 런웨이 11개월
54.3,59.9,49.5,바이오니아,00326731,064550,true,제조업,의료용물질·의약품,WC_BURN(운전자본형),728.8,0.095,-42.9,-0.015,230.4,,0.63,2.253,833.7,410.7,1.638,0.585,0,0,measured_cashbridge,2025,api,103.3,71.6,,,31.7,1064.1,449.7,153.3,352.8,-96.2,0.132,unavailable,부실·리파이낸싱,부실·리파이낸싱(neutral): 레버리지·유동성 부담 — 구조적/일시적 판단 보류 | 성장자금형(negative): 매출 CAGR 10% 인데 EBITDA마진 13.6%p 훼손 — 기존사업 하락을 외형성장으로 마스킹하는지 확인 필요 | 이벤트(neutral): 표대결 · 5% 지분 이동 — 승계·증여·분쟁 여부는 주주 레벨 사건이라 재무로 안 보임. 대주주 연령·지분율 개별 확인 필요,0.1,company_history,,PRE_SIGNAL,,,EBITDA 적자 -43억 / EBITDA마진 12%→-1% / 3년 순부채 +411억 vs EBITDA합 251억 / 매출 1원 성장에 순부채 0.58원
54.3,50,67.2,에이테크솔루션,00384887,071670,true,제조업,기타 기계·장비,TIGHT(유동성형),3054.9,0.07,,,1019,,2.637,0.974,66.8,433.6,1.098,1.466,175,538,measured_cashbridge,2025,api,-11.5,62.1,,,-73.5,1085.8,1075.5,92.4,72.3,8.6,0.0028,unavailable,부실·리파이낸싱,부실·리파이낸싱(neutral): 레버리지·유동성 부담 — 구조적/일시적 판단 보류 | 성장자금형(neutral): 매출 CAGR 7% — EBITDA 마진을 구하지 못해 기존사업 훼손 여부 판정 불가 (capex/매출 2.0%) | 이벤트(neutral): 지배구조 변동 · 표대결 · 5% 지분 이동 · 지분 인수·매각 — 승계·증여·분쟁 여부는 주주 레벨 사건이라 재무로 안 보임. 대주주 연령·지분율 개별 확인 필요,0.02,company_history,70,PRE_SIGNAL,,,부채비율 264% (3년 73%p↑) / 3년 순부채 +434억 vs EBITDA합 395억 / 매출 1원 성장에 순부채 1.47원 / 유동비율 97% / 현금/매출 2%
54.2,41.6,81.8,위지트,00258360,036090,true,제조업,기타 기계·장비,GROWTH(성장자금형),3901.5,1.256,212.6,0.059,801.5,3.8,0.674,0.914,863.1,995.1,3.351,0.305,0,0,measured_cashbridge,2025,api,237.1,41.4,,,195.7,1664.7,1664.7,55.2,244,48.4,0.0124,unavailable,부실·리파이낸싱,부실·리파이낸싱(neutral): 레버리지·유동성 부담 — 구조적/일시적 판단 보류 | 성장자금형(negative): 매출 CAGR 126% 인데 EBITDA마진 3.8%p 훼손 — 기존사업 하락을 외형성장으로 마스킹하는지 확인 필요 | 이벤트(neutral): 분할·카브아웃 · 5% 지분 이동 — 승계·증여·분쟁 여부는 주주 레벨 사건이라 재무로 안 보임. 대주주 연령·지분율 개별 확인 필요,0.1,company_history,,RECENTLY_FUNDED,2026-06-02,주요사항보고서(유상증자결정),순부채/EBITDA 3.8x / EBITDA마진 10%→6% / 3년 순부채 +995억 vs EBITDA합 297억 / 유동비율 91%
54.2,71,29,풍원정밀,00417167,371950,true,제조업,전자부품·컴퓨터·통신장비,DISTRESS(구조조정형),363.6,-0.084,,,325,,5.515,0.22,16.3,190.8,3,2.61,236,700,measured_cashbridge,2025,api,-50.2,150.5,,,-200.7,341.3,315.4,35.5,28.2,-42.9,0.118,unavailable,부실·리파이낸싱,부실·리파이낸싱(negative): 구조적 악화 (영업적자 3/3년) | 이벤트(neutral): 표대결 · 5% 지분 이동 — 승계·증여·분쟁 여부는 주주 레벨 사건이라 재무로 안 보임. 대주주 연령·지분율 개별 확인 필요,0.02,company_history,4,IN_MOTION,2025-06-26,[기재정정]주요사항보고서(유상증자결정),부채비율 551% (3년 516%p↑) / 3년 순부채 +191억 vs EBITDA합 -155억 / 매출 1원 성장에 순부채 2.61원 / 유동비율 22% / 현금/매출 4% / 영업적자 3/3년 / 런웨이 4개월
54.1,68.3,33.5,심텍홀딩스,00152127,036710,true,전문·과학·기술,전문서비스업,DISTRESS(구조조정형),15280.8,-0.037,,,4846.6,,3.27,0.606,801.2,4366.1,1.678,,2302,7745,measured_cashbridge,2025,api,-1389.9,713.1,36.3,,-2127,5647.8,5582,859,409.8,-443.8,0.029,unavailable,부실·리파이낸싱,부실·리파이낸싱(negative): 구조적 악화 (영업적자 3/3년) | 이벤트(neutral): 합병 · 지분 인수·매각 — 승계·증여·분쟁 여부는 주주 레벨 사건이라 재무로 안 보임. 대주주 연령·지분율 개별 확인 필요,0.025,company_history,7,RECENTLY_FUNDED,2026-04-10,주요사항보고서(교환사채권발행결정),"부채비율 327% (3년 203%p↑) / 3년 순부채 +4,366억 vs EBITDA합 2,602억 / 유동비율 61% / 영업적자 3/3년 / 런웨이 7개월"
54,66.4,36.5,동성제약,00116268,002210,true,제조업,의료용물질·의약품,DISTRESS(구조조정형),871.7,-0.022,,,602.7,,6.207,0.685,38.6,247.7,3,6.131,168,540,measured_cashbridge,2025,api,-128.6,13.4,,,-142.9,641.3,430.8,113.6,-30.5,35.5,0.0408,unavailable,부실·리파이낸싱,부실·리파이낸싱(negative): 구조적 악화 (영업적자 2/3년) | 이벤트(neutral): 5% 지분 이동 — 승계·증여·분쟁 여부는 주주 레벨 사건이라 재무로 안 보임. 대주주 연령·지분율 개별 확인 필요,0.024,company_history,4,DISTRESS_EVENT,2026-04-22,[기재정정]주요사항보고서(유상증자결정),부채비율 621% (3년 469%p↑) / 3년 순부채 +248억 vs EBITDA합 -28억 / 매출 1원 성장에 순부채 6.13원 / 유동비율 69% / 현금/매출 4% / 영업적자 2/3년 / 런웨이 4개월
54,36.8,89.7,KSS해운,00160232,044450,true,운수·물류,수상 운송,WC_BURN(운전자본형),5614,0.08,2265.7,0.404,12004.7,5.3,2.553,0.218,605,1487.8,0.278,0.767,0,0,measured_cashbridge,2025,api,1546.8,0.7,89.8,,1546.1,12609.7,5306.2,379.2,1976.1,-50.1,0.0089,op+dep,부실·리파이낸싱,부실·리파이낸싱(positive): 레버리지 부담은 크나 매출 회복 + 마진 반등 — 시황 저점 진입 가능성 | 성장자금형(positive): 매출 CAGR 8% + 마진 유지 · capex/매출 0.0% | 이벤트(neutral): 지배구조 변동 · 5% 지분 이동 — 승계·증여·분쟁 여부는 주주 레벨 사건이라 재무로 안 보임. 대주주 연령·지분율 개별 확인 필요,0.073,company_history,,PRE_SIGNAL,,,"순부채/EBITDA 5.3x / 부채비율 255% / 3년 순부채 +1,488억 vs EBITDA합 5,354억 / 매출 1원 성장에 순부채 0.77원 / 유동비율 22%"
53.8,43.8,76.2,서플러스글로벌,00599285,140070,true,도소매,도매·상품중개,REFI(롤오버형),1854.9,0.068,203.2,0.081,999.6,4.9,1.366,1.392,282.8,538.3,0.701,1.197,410,1628,measured_cashbridge,2025,api,-238.5,267.7,,,-506.2,1282.3,1279.9,115,222.5,-346,0.1865,unavailable,부실·리파이낸싱,부실·리파이낸싱(neutral): 레버리지·유동성 부담 — 구조적/일시적 판단 보류 | 성장자금형(negative): 매출 CAGR 7% 인데 EBITDA마진 6.8%p 훼손 — 기존사업 하락을 외형성장으로 마스킹하는지 확인 필요 | 이벤트(neutral): 표대결 · 5% 지분 이동 — 승계·증여·분쟁 여부는 주주 레벨 사건이라 재무로 안 보임. 대주주 연령·지분율 개별 확인 필요,0.046,company_history,14,IN_MOTION,2025-09-25,[기재정정]주요사항보고서(교환사채권발행결정),순부채/EBITDA 4.9x / EBITDA마진 15%→8% / 3년 순부채 +538억 vs EBITDA합 768억 / 매출 1원 성장에 순부채 1.20원 / 런웨이 14개월
53.8,53.4,59,디와이디,01089378,219550,true,도소매,도매·상품중개,TIGHT(유동성형),449,0.292,,,95,,1.959,0.939,7,53.9,3,0.231,75,198,measured_cashbridge,2025,api,-16.4,40.3,,,-61.5,102,3.9,8.5,78.6,13,0.029,unavailable,부실·리파이낸싱,부실·리파이낸싱(negative): 구조적 악화 (영업적자 3/3년) | 성장자금형(neutral): 매출 CAGR 29% — EBITDA 마진을 구하지 못해 기존사업 훼손 여부 판정 불가 (capex/매출 9.0%) | 이벤트(neutral): 분할·카브아웃 · 5% 지분 이동 — 승계·증여·분쟁 여부는 주주 레벨 사건이라 재무로 안 보임. 대주주 연령·지분율 개별 확인 필요,0.009,company_history,5,DISTRESS_EVENT,2026-07-31,증권발행결과(자율공시)              (제3자배정 유상증자),3년 순부채 +54억 vs EBITDA합 -18억 / 유동비율 94% / 현금/매출 2% / 영업적자 3/3년 / 런웨이 5개월
53.8,39.4,84.2,유니테크노,00531865,241690,true,제조업,자동차·트레일러,WC_BURN(운전자본형),943.5,0.096,125,0.119,459.8,3.7,0.746,0.605,190.8,433.1,1.138,1.714,150,641,measured_cashbridge,2025,api,2.4,183.7,,,-181.3,650.6,649.1,344.4,158.3,188.5,0.1998,unavailable,부실·리파이낸싱,부실·리파이낸싱(neutral): 레버리지·유동성 부담 — 구조적/일시적 판단 보류 | 성장자금형(positive): 매출 CAGR 10% + 마진 유지 · capex/매출 19.5% | 이벤트(neutral): 표대결 · 5% 지분 이동 — 승계·증여·분쟁 여부는 주주 레벨 사건이라 재무로 안 보임. 대주주 연령·지분율 개별 확인 필요,0.1,company_history,,PRE_SIGNAL,,,순부채/EBITDA 3.7x / 3년 순부채 +433억 vs EBITDA합 380억 / 매출 1원 성장에 순부채 1.71원 / 유동비율 60%
53.7,48,68.5,하나마이크론,00445054,067310,true,제조업,전자부품·컴퓨터·통신장비,WC_BURN(운전자본형),15344.2,0.197,,,9806.7,,2.092,0.847,956.4,7083,1.142,1.219,0,0,measured_cashbridge,2025,api,1749.2,1506.3,74.5,,218.3,10763.1,5671.9,-45.4,1667.4,36.4,0.0024,unavailable,부실·리파이낸싱,부실·리파이낸싱(neutral): 레버리지·유동성 부담 — 구조적/일시적 판단 보류 | 성장자금형(neutral): 매출 CAGR 20% — EBITDA 마진을 구하지 못해 기존사업 훼손 여부 판정 불가 (capex/매출 9.8%) | 이벤트(neutral): 표대결 · 5% 지분 이동 — 승계·증여·분쟁 여부는 주주 레벨 사건이라 재무로 안 보임. 대주주 연령·지분율 개별 확인 필요,0.02,company_history,,IN_MOTION,2025-06-23,투자설명서,"부채비율 209% / 3년 순부채 +7,083억 vs EBITDA합 6,200억 / 매출 1원 성장에 순부채 1.22원 / 유동비율 85%"
53.7,49.5,65.7,비상교육,00520887,100220,true,정보통신,출판업,REFI(롤오버형),953.4,0.046,201.4,0.082,953.2,4.7,1,0.804,441.6,1365.4,2.826,4.421,0,0,measured_cashbridge,2025,api,254.6,160.1,,,94.5,1394.8,1394.8,-285,-15.2,-15.1,0.0159,unavailable,부실·리파이낸싱,부실·리파이낸싱(neutral): 레버리지·유동성 부담 — 구조적/일시적 판단 보류,0.032,company_history,,PRE_SIGNAL,,,"순부채/EBITDA 4.7x / 3년 순부채 +1,365억 vs EBITDA합 483억 / 매출 1원 성장에 순부채 4.42원 / 유동비율 80%"
53.5,70,28,(주)건영,00100957,012720,true,건설업,종합 건설,DISTRESS(구조조정형),1137,-0.189,-50.3,-0.044,1571.2,,4.89,1.969,135.9,742.3,11.414,0.703,0,0,measured_cashbridge,2025,audit,597.6,0,,,597.6,1707.1,732.4,-624.5,-11.9,-15,0.0132,op+dep,부실·리파이낸싱,부실·리파이낸싱(negative): 구조적 악화 (영업적자 2/3년),0.025,company_history,,PRE_SIGNAL,,,EBITDA 적자 -50억 / 부채비율 489% (3년 223%p↑) / 3년 순부채 +742억 vs EBITDA합 65억 / 매출 1원 성장에 순부채 0.70원 / 영업적자 2/3년
53.4,58.2,48.9,셀루메드,00310156,049180,true,제조업,의료용물질·의약품,DISTRESS(구조조정형),1401.9,0.047,,,-64.7,,6.259,0.897,70.5,115.3,3,0.395,50,150,measured_cashbridge,2025,api,-38.6,2.9,,,-49.5,5.8,4.6,22.1,77,-43.6,0.0311,unavailable,부실·리파이낸싱,부실·리파이낸싱(negative): 구조적 악화 (영업적자 3/3년) | 이벤트(neutral): 표대결 · 5% 지분 이동 — 승계·증여·분쟁 여부는 주주 레벨 사건이라 재무로 안 보임. 대주주 연령·지분율 개별 확인 필요,0.05,company_history,22,DISTRESS_EVENT,2026-01-20,증권발행결과(자율공시)              (제3자배정 유상증자),부채비율 626% (3년 557%p↑) / 3년 순부채 +115억 vs EBITDA합 -144억 / 유동비율 90% / 영업적자 3/3년 / 런웨이 22개월
53,38.8,82,GH신소재,00491938,130500,true,제조업,섬유제품 제조,WC_BURN(운전자본형),723.8,0.079,110.8,0.132,216.9,2,1.059,0.767,88.5,522.2,2.159,3.068,0,59,measured_cashbridge,2025,api,36.7,51.7,,,-15,305.4,304.8,-56.1,39.6,-59,0.0815,unavailable,부실·리파이낸싱,부실·리파이낸싱(neutral): 레버리지·유동성 부담 — 구조적/일시적 판단 보류 | 성장자금형(positive): 매출 CAGR 8% + 마진 유지 · capex/매출 7.1%,0.02,company_history,,PRE_SIGNAL,,,3년 순부채 +522억 vs EBITDA합 242억 / 매출 1원 성장에 순부채 3.07원 / 유동비율 77%
52.9,53.5,55.4,우진플라임,00303217,049800,true,제조업,기타 기계·장비,REFI(롤오버형),1502.4,-0.036,114.8,0.055,555.6,4.8,1.862,0.883,98.9,283.1,0.469,,0,74,measured_cashbridge,2025,api,107.4,67.4,10,,31.3,654.5,647.3,53,43.6,116.9,0.0778,unavailable,부실·리파이낸싱,부실·리파이낸싱(negative): 구조적 악화 (영업적자 0/3년) | 이벤트(neutral): 지배구조·재편 공시 6건 — 승계·증여·분쟁 여부는 주주 레벨 사건이라 재무로 안 보임. 대주주 연령·지분율 개별 확인 필요,0.021,company_history,,PRE_SIGNAL,,,순부채/EBITDA 4.8x / EBITDA마진 11%→5% / 3년 순부채 +283억 vs EBITDA합 604억 / 유동비율 88%
52.9,50.6,60.5,하이즈항공,00688358,221840,true,제조업,기타 운송장비,GROWTH(성장자금형),846.2,0.129,48.2,0.057,390.8,8.1,1.59,2.253,133.8,179.9,3,0.751,0,0,measured_cashbridge,2025,api,67.4,28,0.3,,39.4,524.6,124.7,-52.9,15.3,-0.8,0.0009,op+dep,부실·리파이낸싱,부실·리파이낸싱(negative): 구조적 악화 (영업적자 2/3년) | 성장자금형(positive): 매출 CAGR 13% + 마진 유지 · capex/매출 3.3% | 이벤트(neutral): 표대결 · 5% 지분 이동 — 승계·증여·분쟁 여부는 주주 레벨 사건이라 재무로 안 보임. 대주주 연령·지분율 개별 확인 필요,0.055,company_history,,PRE_SIGNAL,,,순부채/EBITDA 8.1x / 3년 순부채 +180억 vs EBITDA합 -28억 / 매출 1원 성장에 순부채 0.75원 / 영업적자 2/3년
52.8,56.8,49,블리츠웨이엔터테인먼트,01508855,369370,true,예술·여가,창작·예술·여가,DISTRESS(구조조정형),302.1,0.164,,,20.8,,1.245,0.733,60,209.9,3,1.028,31,153,measured_cashbridge,2025,api,-12.7,34.6,,,-56.6,80.7,41,-26.1,-70.2,31.5,0.1042,unavailable,부실·리파이낸싱,부실·리파이낸싱(negative): 구조적 악화 (영업적자 3/3년) | 성장자금형(neutral): 매출 CAGR 16% — EBITDA 마진을 구하지 못해 기존사업 훼손 여부 판정 불가 (capex/매출 11.5%) | 이벤트(neutral): 분할·카브아웃 · 합병 · 5% 지분 이동 — 승계·증여·분쟁 여부는 주주 레벨 사건이라 재무로 안 보임. 대주주 연령·지분율 개별 확인 필요,0.1,company_history,57,RECENTLY_FUNDED,2026-05-21,유상증자결정(종속회사의주요경영사항)              ,3년 순부채 +210억 vs EBITDA합 -106억 / 매출 1원 성장에 순부채 1.03원 / 유동비율 73% / 현금 2년 연속 감소 / 영업적자 3/3년
52.7,41.9,75.5,영진약품,00141149,003520,true,제조업,의료용물질·의약품,WC_BURN(운전자본형),1771,0.087,174.4,0.069,428,2.5,1.869,1.478,284.3,490.5,1.654,0.876,0,0,measured_cashbridge,2025,api,117.3,119.6,,,-13.8,712.3,437.3,-181.5,130,-194.3,0.1097,unavailable,성장,성장자금형(positive): 매출 CAGR 9% + 마진 유지 · capex/매출 6.8% | 이벤트(neutral): 표대결 — 승계·증여·분쟁 여부는 주주 레벨 사건이라 재무로 안 보임. 대주주 연령·지분율 개별 확인 필요,0.02,company_history,,IN_MOTION,2025-11-20,주요사항보고서(전환사채권발행결정),3년 순부채 +491억 vs EBITDA합 297억 / 매출 1원 성장에 순부채 0.88원
52.7,30.2,96.3,환인제약,00166573,016580,true,제조업,의료용물질·의약품,WC_BURN(운전자본형),1681.2,0.135,299.7,0.115,-629,-2.1,0.138,4.04,635.8,925.9,0.913,1.132,0,0,measured_cashbridge,2025,api,90.4,31.8,45.8,,58.6,6.8,4,-201.7,-1.7,-109.6,0.0652,unavailable,성장,성장자금형(negative): 매출 CAGR 13% 인데 EBITDA마진 6.3%p 훼손 — 기존사업 하락을 외형성장으로 마스킹하는지 확인 필요 | 이벤트(neutral): 지배구조 변동 · 5% 지분 이동 — 승계·증여·분쟁 여부는 주주 레벨 사건이라 재무로 안 보임. 대주주 연령·지분율 개별 확인 필요,0.1,company_history,,PRE_SIGNAL,,,"EBITDA마진 18%→12% / 3년 순부채 +926억 vs EBITDA합 1,015억 / 매출 1원 성장에 순부채 1.13원"
52.6,28.1,100,케이아이엔엑스,00603348,093320,true,정보통신,정보서비스,WC_BURN(운전자본형),1101.8,0.18,418.8,0.302,320,0.8,0.363,2.985,297.1,878.8,0.713,1.614,0,0,measured_cashbridge,2025,api,455.2,79.3,29,,375.9,617.2,15.8,32.8,362.3,125.7,0.1141,unavailable,성장,성장자금형(negative): 매출 CAGR 18% 인데 EBITDA마진 5.7%p 훼손 — 기존사업 하락을 외형성장으로 마스킹하는지 확인 필요 | 이벤트(neutral): 5% 지분 이동 — 승계·증여·분쟁 여부는 주주 레벨 사건이라 재무로 안 보임. 대주주 연령·지분율 개별 확인 필요,0.1,company_history,,PRE_SIGNAL,,,"EBITDA마진 36%→30% / 3년 순부채 +879억 vs EBITDA합 1,232억 / 매출 1원 성장에 순부채 1.61원 / 현금 2년 연속 감소"
52.5,35.1,86.8,유비케어,00220057,032620,true,정보통신,출판업,WC_BURN(운전자본형),1977,0.14,160,0.081,-61,-0.4,0.433,1.834,101.7,585.3,1.775,0.742,0,0,measured_cashbridge,2025,api,166.3,93.4,15.2,,18,40.6,0,92.2,282.6,-24.1,0.0122,op+dep,성장,성장자금형(positive): 매출 CAGR 14% + 마진 유지 · capex/매출 4.7% | 이벤트(neutral): 5% 지분 이동 — 승계·증여·분쟁 여부는 주주 레벨 사건이라 재무로 안 보임. 대주주 연령·지분율 개별 확인 필요,0.051,company_history,,PRE_SIGNAL,,,3년 순부채 +585억 vs EBITDA합 330억 / 매출 1원 성장에 순부채 0.74원 / 현금 2년 연속 감소
52.5,49.4,61.2,삼기,00799177,122350,true,제조업,자동차·트레일러,TIGHT(유동성형),5705.4,0.029,,,1681.6,,3.082,0.586,89.5,690,0.406,1.835,520,1498,measured_cashbridge,2025,api,272.8,767.1,0,,-498.9,1771,,456,810.4,-81.6,0.0143,unavailable,부실·리파이낸싱,부실·리파이낸싱(neutral): 레버리지·유동성 부담 — 구조적/일시적 판단 보류 | 이벤트(neutral): 표대결 · 5% 지분 이동 · 지분 인수·매각 — 승계·증여·분쟁 여부는 주주 레벨 사건이라 재무로 안 보임. 대주주 연령·지분율 개별 확인 필요,0.02,company_history,,PRE_SIGNAL,,,"부채비율 308% / 3년 순부채 +690억 vs EBITDA합 1,699억 / 매출 1원 성장에 순부채 1.84원 / 유동비율 59% / 현금/매출 2% / 현금 2년 연속 감소"
52.4,47.1,65,디티앤씨,00675594,187220,true,전문·과학·기술,건축기술·엔지니어링,REFI(롤오버형),909,0.046,107.6,0.096,488.4,4.5,1.257,0.666,103.3,134.2,0.562,0.948,192,592,measured_cashbridge,2025,api,119,269.2,0.5,,-150.2,591.6,563,171,238.8,51.2,0.0564,unavailable,부실·리파이낸싱,부실·리파이낸싱(negative): 구조적 악화 (영업적자 2/3년) | 이벤트(neutral): 지배구조 변동 · 표대결 · 5% 지분 이동 — 승계·증여·분쟁 여부는 주주 레벨 사건이라 재무로 안 보임. 대주주 연령·지분율 개별 확인 필요,0.1,company_history,,IN_MOTION,2025-06-18,[첨부정정]주요사항보고서(전환사채권발행결정),순부채/EBITDA 4.5x / 3년 순부채 +134억 vs EBITDA합 239억 / 매출 1원 성장에 순부채 0.95원 / 유동비율 67% / 현금 2년 연속 감소 / 영업적자 2/3년
52.2,56.9,46.4,유일에너테크,01368637,340930,true,제조업,기타 기계·장비,DISTRESS(구조조정형),600.1,0.081,,,222.5,,2.501,0.692,308.5,374.3,3,1.234,0,0,measured_cashbridge,2025,api,29.1,3.3,,,25.8,531.1,382.9,-161.4,-52.9,167.1,0.2785,unavailable,부실·리파이낸싱,부실·리파이낸싱(negative): 구조적 악화 (영업적자 3/3년) | 성장자금형(neutral): 매출 CAGR 8% — EBITDA 마진을 구하지 못해 기존사업 훼손 여부 판정 불가 (capex/매출 0.5%) | 이벤트(neutral): 지배구조 변동 · 5% 지분 이동 — 승계·증여·분쟁 여부는 주주 레벨 사건이라 재무로 안 보임. 대주주 연령·지분율 개별 확인 필요,0.02,company_history,,DISTRESS_EVENT,2026-08-04,[기재정정]주요사항보고서(유상증자결정),부채비율 250% (3년 114%p↑) / 3년 순부채 +374억 vs EBITDA합 -421억 / 매출 1원 성장에 순부채 1.23원 / 유동비율 69% / 영업적자 3/3년
52.1,53.5,52.2,잉크테크,00261656,049550,true,제조업,화학물질·화학제품,WC_BURN(운전자본형),775.3,0.08,12.4,0.016,-8.9,-0.7,1.02,1.627,25.9,361.5,1.697,1.926,6,28,measured_cashbridge,2025,api,6.8,15.5,,,-11.4,17,3.1,14,4.3,16.6,0.0214,op+dep,성장,성장자금형(negative): 매출 CAGR 8% 인데 EBITDA마진 9.3%p 훼손 — 기존사업 하락을 외형성장으로 마스킹하는지 확인 필요 | 이벤트(neutral): 5% 지분 이동 — 승계·증여·분쟁 여부는 주주 레벨 사건이라 재무로 안 보임. 대주주 연령·지분율 개별 확인 필요,0.02,company_history,,PRE_SIGNAL,,,EBITDA마진 11%→2% / 3년 순부채 +362억 vs EBITDA합 213억 / 매출 1원 성장에 순부채 1.93원 / 현금/매출 3% / 현금 2년 연속 감소
52,60.5,39.2,뉴인텍,00105040,012340,true,제조업,자동차·트레일러,DISTRESS(구조조정형),828,0.032,,,235.2,,3.831,0.675,15.3,65,3,0.623,9,15,measured_cashbridge,2025,api,54,33.2,,,18.9,250.5,240.1,-36.5,31.2,-13.8,0.0166,unavailable,부실·리파이낸싱,부실·리파이낸싱(negative): 구조적 악화 (영업적자 3/3년) | 이벤트(neutral): 5% 지분 이동 — 승계·증여·분쟁 여부는 주주 레벨 사건이라 재무로 안 보임. 대주주 연령·지분율 개별 확인 필요,0.02,company_history,,RECENTLY_FUNDED,2026-07-22,증권발행결과(자율공시)              (제3자배정 유상증자),부채비율 383% / 3년 순부채 +65억 vs EBITDA합 -106억 / 매출 1원 성장에 순부채 0.62원 / 유동비율 67% / 현금/매출 2% / 영업적자 3/3년
52,43.9,68.9,국전약품,01329957,307750,true,제조업,의료용물질·의약품,WC_BURN(운전자본형),1310.4,0.081,,,96.2,,0.869,1.131,128.6,498.5,2.485,0.975,0,0,measured_cashbridge,2025,api,106.1,31.8,4.9,,74.2,224.8,64,114.2,250.1,0.1,0.0001,unavailable,성장,성장자금형(neutral): 매출 CAGR 8% — EBITDA 마진을 구하지 못해 기존사업 훼손 여부 판정 불가 (capex/매출 2.4%) | 이벤트(neutral): 5% 지분 이동 — 승계·증여·분쟁 여부는 주주 레벨 사건이라 재무로 안 보임. 대주주 연령·지분율 개별 확인 필요,0.02,company_history,,IN_MOTION,2025-03-17,[기재정정]주요사항보고서(유상증자결정),3년 순부채 +498억 vs EBITDA합 201억 / 매출 1원 성장에 순부채 0.98원 / 유동비율 113%
51.9,61.7,36.5,율호,00583026,072770,true,정보통신,컴퓨터 프로그래밍·SI,DISTRESS(구조조정형),896.3,-0.065,,,438.2,,1.993,0.923,30.7,334.4,11.751,0.842,108,325,measured_cashbridge,2025,api,-46.6,35.2,,,-95.1,468.9,131.8,404.6,78.6,334.4,0.3731,unavailable,부실·리파이낸싱,부실·리파이낸싱(negative): 구조적 악화 (영업적자 3/3년) | 이벤트(neutral): 분할·카브아웃 · 표대결 · 5% 지분 이동 · 지분 인수·매각 — 승계·증여·분쟁 여부는 주주 레벨 사건이라 재무로 안 보임. 대주주 연령·지분율 개별 확인 필요,0.034,company_history,8,RECENTLY_FUNDED,2026-04-27,[첨부정정]주요사항보고서(전환사채권발행결정),3년 순부채 +334억 vs EBITDA합 28억 / 매출 1원 성장에 순부채 0.84원 / 유동비율 92% / 현금/매출 3% / 현금 2년 연속 감소 / 영업적자 3/3년 / 런웨이 8개월
51.9,41.1,73.5,(주)보원케미칼,00871587,0010F0,true,제조업,고무·플라스틱제품,WC_BURN(운전자본형),406.6,0.072,93.2,0.235,401.4,4.3,1.928,0.426,10.6,110.2,0.544,1.479,35,79,measured_cashbridge,2025,api,52.9,80,,,-27.1,,,,47.3,,,unavailable,부실·리파이낸싱,부실·리파이낸싱(neutral): 레버리지·유동성 부담 — 구조적/일시적 판단 보류 | 성장자금형(positive): 매출 CAGR 7% + 마진 유지 · capex/매출 19.7% | 이벤트(neutral): 5% 지분 이동 — 승계·증여·분쟁 여부는 주주 레벨 사건이라 재무로 안 보임. 대주주 연령·지분율 개별 확인 필요,0.02,company_history,,IN_MOTION,2026-01-14,투자설명서,순부채/EBITDA 4.3x / 3년 순부채 +110억 vs EBITDA합 202억 / 매출 1원 성장에 순부채 1.48원 / 유동비율 43% / 현금/매출 3%
51.8,48.2,60.6,아이씨디,00298377,040910,true,제조업,기타 기계·장비,WC_BURN(운전자본형),1970.4,0.093,,,104.6,,0.466,1.847,83.8,593.4,3,1.863,0,0,measured_cashbridge,2025,api,80.1,8.7,,,66.2,188.3,185.2,-3,-44.2,121.3,0.0616,unavailable,성장,성장자금형(neutral): 매출 CAGR 9% — EBITDA 마진을 구하지 못해 기존사업 훼손 여부 판정 불가 (capex/매출 0.4%) | 이벤트(neutral): 5% 지분 이동 — 승계·증여·분쟁 여부는 주주 레벨 사건이라 재무로 안 보임. 대주주 연령·지분율 개별 확인 필요,0.043,company_history,,RECENTLY_FUNDED,2026-05-11,주요사항보고서(신주인수권부사채권발행결정),3년 순부채 +593억 vs EBITDA합 -512억 / 매출 1원 성장에 순부채 1.86원 / 현금/매출 4% / 현금 2년 연속 감소 / 영업적자 2/3년
51.8,60.4,38.5,효성화학,01316236,298000,true,제조업,화학물질·화학제품,TIGHT(유동성형),23407.2,-0.067,,,2884.8,,3.098,0.405,551.1,6726.8,20.276,2.114,1275,3990,measured_cashbridge,2025,api,-850.2,440,,,-1357.7,3436,,561.7,-8680.7,9392.1,0.4012,unavailable,부실·리파이낸싱,부실·리파이낸싱(negative): 구조적 악화 (영업적자 3/3년) | 이벤트(neutral): 분할·카브아웃 · 표대결 · 5% 지분 이동 · 지분 인수·매각 — 승계·증여·분쟁 여부는 주주 레벨 사건이라 재무로 안 보임. 대주주 연령·지분율 개별 확인 필요,0.02,company_history,8,RECENTLY_FUNDED,2026-05-21,주요사항보고서(자본으로인정되는채무증권발행결정),"부채비율 310% / 3년 순부채 +6,727억 vs EBITDA합 332억 / 매출 1원 성장에 순부채 2.11원 / 유동비율 41% / 현금/매출 2% / 영업적자 3/3년 / 런웨이 8개월"
51.8,50.3,56.5,루닛,01397620,328130,true,정보통신,출판업,DISTRESS(구조조정형),831.3,0.817,,,792.6,,1.692,0.262,141.1,173.4,3,0.365,633,2014,measured_cashbridge,2025,api,-551.8,96.3,,,-671.6,933.7,189.1,787.9,47.7,188.4,0.2267,unavailable,부실·리파이낸싱,부실·리파이낸싱(negative): 구조적 악화 (영업적자 3/3년) | 성장자금형(neutral): 매출 CAGR 82% — EBITDA 마진을 구하지 못해 기존사업 훼손 여부 판정 불가 (capex/매출 11.6%) | 이벤트(neutral): 5% 지분 이동 — 승계·증여·분쟁 여부는 주주 레벨 사건이라 재무로 안 보임. 대주주 연령·지분율 개별 확인 필요,0.1,company_history,3,RECENTLY_FUNDED,2026-04-30,증권발행결과(자율공시)              (주주배정후 실권주 일반공모),"3년 순부채 +173억 vs EBITDA합 -1,460억 / 유동비율 26% / 영업적자 3/3년 / 런웨이 3개월"
51.8,58.7,41.5,코오롱모빌리티그룹,01712485,450140,true,도소매,자동차·부품 판매,TIGHT(유동성형),23503.3,0.007,704.9,0.03,,,2.648,0.762,192.8,5083,3.366,0.225,161,515,measured_cashbridge,2025,api,75.3,227.4,25.6,,-152.1,,,,186.6,,,op+dep,부실·리파이낸싱,부실·리파이낸싱(positive): 레버리지 부담은 크나 매출 회복 + 마진 반등 — 시황 저점 진입 가능성 | 이벤트(neutral): 합병 · 표대결 · 5% 지분 이동 · 지분 인수·매각 — 승계·증여·분쟁 여부는 주주 레벨 사건이라 재무로 안 보임. 대주주 연령·지분율 개별 확인 필요,0.008,company_history,,RECENTLY_FUNDED,2026-06-17,유상증자결정,"부채비율 265% (3년 265%p↑) / 3년 순부채 +5,083억 vs EBITDA합 1,510억 / 유동비율 76% / 현금/매출 1% / 현금 2년 연속 감소"
51.7,29.6,93.4,금강공업,00105299,014280,true,제조업,1차 금속,WC_BURN(운전자본형),6799.4,0.12,767.2,0.113,2417.1,3.2,1.385,0.957,1129.7,1443.1,0.449,0.625,226,1536,measured_cashbridge,2025,api,218.7,478.5,46.4,,-294.6,3546.8,3481.8,-498.8,221.2,-501.3,0.0737,op+dep,부실·리파이낸싱,부실·리파이낸싱(neutral): 레버리지·유동성 부담 — 구조적/일시적 판단 보류 | 성장자금형(negative): 매출 CAGR 12% 인데 EBITDA마진 2.2%p 훼손 — 기존사업 하락을 외형성장으로 마스킹하는지 확인 필요 | 이벤트(neutral): 5% 지분 이동 — 승계·증여·분쟁 여부는 주주 레벨 사건이라 재무로 안 보임. 대주주 연령·지분율 개별 확인 필요,0.1,company_history,,RECENTLY_FUNDED,2026-06-01,주요사항보고서(교환사채권발행결정),"순부채/EBITDA 3.2x / EBITDA마진 14%→11% / 3년 순부채 +1,443억 vs EBITDA합 3,214억 / 매출 1원 성장에 순부채 0.63원 / 유동비율 96%"
51.7,31.8,89.5,와이지-원,00139719,019210,true,제조업,금속가공제품,WC_BURN(운전자본형),4179.4,0.079,1001.5,0.174,4728.8,4.7,1.708,1.104,577.6,1331,0.423,1.136,286,1684,measured_cashbridge,2025,api,383.1,570.4,59.5,,-187.3,5306.3,4910.6,0.8,559.9,-176,0.0421,unavailable,부실·리파이낸싱,부실·리파이낸싱(neutral): 레버리지·유동성 부담 — 구조적/일시적 판단 보류 | 성장자금형(positive): 매출 CAGR 8% + 마진 유지 · capex/매출 13.6% | 이벤트(neutral): 지배구조 변동 · 5% 지분 이동 — 승계·증여·분쟁 여부는 주주 레벨 사건이라 재무로 안 보임. 대주주 연령·지분율 개별 확인 필요,0.034,company_history,,PRE_SIGNAL,2025-01-06,[기재정정]주요사항보고서(유상증자결정),"순부채/EBITDA 4.7x / 3년 순부채 +1,331억 vs EBITDA합 3,146억 / 매출 1원 성장에 순부채 1.14원 / 유동비율 110%"
51.7,51.6,54,흥구석유,00167004,024060,true,도소매,도매·상품중개,TIGHT(유동성형),1030.4,-0.111,,,68.8,,0.173,0.539,13.7,259.9,7.304,,10,18,measured_cashbridge,2025,api,8.9,0.9,4.4,,8.1,82.5,81.3,-2.4,5.7,0.9,0.0008,unavailable,부실·리파이낸싱,부실·리파이낸싱(negative): 구조적 악화 (영업적자 2/3년) | 이벤트(neutral): 표대결 · 5% 지분 이동 — 승계·증여·분쟁 여부는 주주 레벨 사건이라 재무로 안 보임. 대주주 연령·지분율 개별 확인 필요,0.008,company_history,,PRE_SIGNAL,,,3년 순부채 +260억 vs EBITDA합 36억 / 유동비율 54% / 현금/매출 1% / 영업적자 2/3년
51.6,50,56.5,소니드,00363510,060230,true,제조업,화학물질·화학제품,DISTRESS(구조조정형),619.3,0.156,,,-32.6,,1.362,0.251,38.4,262.6,3,1.345,28,119,measured_cashbridge,2025,api,-29.7,8,,,-45.5,5.8,2.7,21.3,-59.3,134.9,0.2178,unavailable,부실·리파이낸싱,부실·리파이낸싱(negative): 구조적 악화 (영업적자 3/3년) | 성장자금형(neutral): 매출 CAGR 16% — EBITDA 마진을 구하지 못해 기존사업 훼손 여부 판정 불가 (capex/매출 1.3%) | 이벤트(neutral): 분할·카브아웃 · 지배구조 변동 · 표대결 · 5% 지분 이동 — 승계·증여·분쟁 여부는 주주 레벨 사건이라 재무로 안 보임. 대주주 연령·지분율 개별 확인 필요,0.033,company_history,16,DISTRESS_EVENT,2026-07-28,증권발행결과(자율공시)              (제3자배정 유상증자),3년 순부채 +263억 vs EBITDA합 -110억 / 매출 1원 성장에 순부채 1.34원 / 유동비율 25% / 영업적자 3/3년 / 런웨이 16개월
51.6,34,85,바이오플러스,00636656,099430,true,제조업,의료용물질·의약품,WC_BURN(운전자본형),302.9,0.211,269.4,0.406,311.6,1.2,0.462,0.838,211.1,574.9,0.679,1.983,217,959,measured_cashbridge,2025,api,147.4,479.3,29.2,,-331.9,522.6,520.4,207,524.4,-165.1,0.5452,unavailable,부실·리파이낸싱,부실·리파이낸싱(neutral): 레버리지·유동성 부담 — 구조적/일시적 판단 보류 | 성장자금형(negative): 매출 CAGR 21% 인데 EBITDA마진 8.4%p 훼손 — 기존사업 하락을 외형성장으로 마스킹하는지 확인 필요 | 이벤트(neutral): 표대결 · 5% 지분 이동 — 승계·증여·분쟁 여부는 주주 레벨 사건이라 재무로 안 보임. 대주주 연령·지분율 개별 확인 필요,0.1,company_history,,PRE_SIGNAL,2024-11-05,[기재정정]주요사항보고서(전환사채권발행결정),EBITDA마진 49%→41% / 3년 순부채 +575억 vs EBITDA합 846억 / 매출 1원 성장에 순부채 1.98원 / 유동비율 84%
51.3,53.9,48.3,에스티오,00612188,098660,true,제조업,의복·모피 제조,TIGHT(유동성형),714.9,-0.008,,,36.2,,2.214,0.986,8.7,186,0.952,3.245,0,0,measured_cashbridge,2025,api,56,17.1,4.9,,38.9,44.9,,14.6,42.9,27.6,0.0387,unavailable,부실·리파이낸싱,부실·리파이낸싱(negative): 구조적 악화 (영업적자 1/3년),0.02,company_history,,PRE_SIGNAL,,,부채비율 221% (3년 119%p↑) / 3년 순부채 +186억 vs EBITDA합 195억 / 매출 1원 성장에 순부채 3.25원 / 유동비율 99% / 현금/매출 1%
51.3,45.2,64,넥스트아이,00614593,137940,true,제조업,의료·정밀·광학기기,WC_BURN(운전자본형),1200.6,0.551,,,-58.2,,1.391,1.044,218,120.1,3,0.514,88,461,measured_cashbridge,2025,api,-163.7,3.1,,,-170.6,159.8,156.3,3.1,-146.2,13,0.0108,unavailable,성장,성장자금형(neutral): 매출 CAGR 55% — EBITDA 마진을 구하지 못해 기존사업 훼손 여부 판정 불가 (capex/매출 0.3%),0.1,company_history,16,,,,3년 순부채 +120억 vs EBITDA합 -176억 / 매출 1원 성장에 순부채 0.51원 / 유동비율 104% / 현금 2년 연속 감소 / 영업적자 3/3년 / 런웨이 16개월
51.2,36.1,79.9,안국약품,00139205,001540,true,제조업,의료용물질·의약품,WC_BURN(운전자본형),1065.7,0.184,144,0.053,479.9,3.3,0.87,1.649,412.5,752.5,1.925,0.7,0,0,measured_cashbridge,2025,api,456.8,86.7,50,,370.1,,,,174,,,unavailable,성장,성장자금형(positive): 매출 CAGR 18% + 마진 유지 · capex/매출 8.1% | 이벤트(neutral): 표대결 · 5% 지분 이동 · 지분 인수·매각 — 승계·증여·분쟁 여부는 주주 레벨 사건이라 재무로 안 보임. 대주주 연령·지분율 개별 확인 필요,0.058,company_history,,PRE_SIGNAL,,,순부채/EBITDA 3.3x / 3년 순부채 +753억 vs EBITDA합 391억 / 매출 1원 성장에 순부채 0.70원
51.2,58.8,39,휴비스,00362238,079980,true,제조업,화학물질·화학제품,DISTRESS(구조조정형),8149.8,-0.073,,,3087.3,,2.03,0.676,185.7,2172.1,3,,5,100,measured_cashbridge,2025,api,376.1,148.4,,,227.7,3273,2418.5,-179,104.9,92.1,0.0113,unavailable,부실·리파이낸싱,부실·리파이낸싱(negative): 구조적 악화 (영업적자 2/3년) | 이벤트(neutral): 표대결 · 지분 인수·매각 — 승계·증여·분쟁 여부는 주주 레벨 사건이라 재무로 안 보임. 대주주 연령·지분율 개별 확인 필요,0.02,company_history,,IN_MOTION,2025-10-29,유상증자결정(종속회사의주요경영사항)              ,"부채비율 203% (3년 95%p↑) / 3년 순부채 +2,172억 vs EBITDA합 -664억 / 유동비율 68% / 현금/매출 2% / 영업적자 2/3년"
51,59.5,36.8,바이오톡스텍,00447502,086040,true,전문·과학·기술,연구개발업,DISTRESS(구조조정형),411.4,0.033,,,96.3,,3.122,0.569,282.5,317.7,3,3.684,0,0,measured_cashbridge,2025,api,66.4,22.3,,,42.1,378.8,266.3,4.3,-59.9,130.6,0.3174,unavailable,부실·리파이낸싱,부실·리파이낸싱(negative): 구조적 악화 (영업적자 3/3년) | 이벤트(neutral): 표대결 · 5% 지분 이동 — 승계·증여·분쟁 여부는 주주 레벨 사건이라 재무로 안 보임. 대주주 연령·지분율 개별 확인 필요,0.1,company_history,,PRE_SIGNAL,2024-12-17,유상증자결정(종속회사의주요경영사항)              ,부채비율 312% (3년 129%p↑) / 3년 순부채 +318억 vs EBITDA합 -65억 / 매출 1원 성장에 순부채 3.68원 / 유동비율 57% / 영업적자 3/3년
50.7,64.1,27.5,윈팩,00536286,097800,true,제조업,전자부품·컴퓨터·통신장비,DISTRESS(구조조정형),840.7,-0.099,-49.7,-0.067,480.6,,1.078,0.435,65.2,43.6,0.339,,136,498,measured_cashbridge,2025,api,-62.3,72.2,,,-134.5,545.8,464.2,-89.5,-34.1,-17.7,0.021,unavailable,부실·리파이낸싱,부실·리파이낸싱(negative): 구조적 악화 (영업적자 2/3년) | 이벤트(neutral): 분할·카브아웃 · 표대결 · 5% 지분 이동 — 승계·증여·분쟁 여부는 주주 레벨 사건이라 재무로 안 보임. 대주주 연령·지분율 개별 확인 필요,0.022,company_history,13,IN_MOTION,2025-09-24,[기재정정]주요사항보고서(유상증자결정),EBITDA 적자 -50억 / EBITDA마진 7%→-7% / 3년 순부채 +44억 vs EBITDA합 129억 / 유동비율 44% / 영업적자 2/3년 / 런웨이 13개월
50.7,47.8,56.7,제이씨케미칼,00664853,137950,true,제조업,화학물질·화학제품,REFI(롤오버형),3675.4,-0.104,216.4,0.059,1443.3,6.7,1.648,0.886,154.8,-102.2,-0.085,,659,2138,measured_cashbridge,2025,api,-413.7,119.5,32.4,,-547.8,1598.1,1598.1,592.5,183.6,-4.9,0.0013,op+dep,부실·리파이낸싱,부실·리파이낸싱(negative): 구조적 악화 (영업적자 0/3년),0.02,company_history,4,,,,순부채/EBITDA 6.7x / EBITDA마진 9%→6% / 유동비율 89% / 현금/매출 4% / 런웨이 4개월
50.6,23.5,100,한국정보인증,00306454,053300,true,정보통신,출판업,WC_BURN(운전자본형),1384.7,0.164,297.4,0.215,-581.8,-2,0.69,1.538,1086.3,641.9,0.908,1.019,0,0,measured_cashbridge,2025,api,154.3,14,60.9,,140.3,504.4,407,-258.7,162.4,-266.9,0.1927,op+dep,성장,성장자금형(negative): 매출 CAGR 16% 인데 EBITDA마진 2.0%p 훼손 — 기존사업 하락을 외형성장으로 마스킹하는지 확인 필요 | 이벤트(neutral): 표대결 · 5% 지분 이동 · 지분 인수·매각 — 승계·증여·분쟁 여부는 주주 레벨 사건이라 재무로 안 보임. 대주주 연령·지분율 개별 확인 필요,0.1,company_history,,PRE_SIGNAL,,,EBITDA마진 23%→21% / 3년 순부채 +642억 vs EBITDA합 707억 / 매출 1원 성장에 순부채 1.02원
50.5,25.5,96,가비아,00506294,079940,true,정보통신,출판업,WC_BURN(운전자본형),1966.2,0.123,660.7,0.234,-516,-0.8,0.68,1.319,722.9,1554.1,0.782,1.873,0,0,measured_cashbridge,2025,api,717.6,462.2,28.6,,255.4,206.9,206.9,127.1,611.3,233.4,0.1187,unavailable,성장,성장자금형(negative): 매출 CAGR 12% 인데 EBITDA마진 3.4%p 훼손 — 기존사업 하락을 외형성장으로 마스킹하는지 확인 필요 | 이벤트(neutral): 지배구조 변동 · 공개매수 · 표대결 · 5% 지분 이동 — 승계·증여·분쟁 여부는 주주 레벨 사건이라 재무로 안 보임. 대주주 연령·지분율 개별 확인 필요,0.1,company_history,,PRE_SIGNAL,2024-12-16,주요사항보고서(교환사채권발행결정),"EBITDA마진 27%→23% / 3년 순부채 +1,554억 vs EBITDA합 1,987억 / 매출 1원 성장에 순부채 1.87원"
50.4,39.7,70.3,일양약품,00146454,007570,true,제조업,의료용물질·의약품,REFI(롤오버형),1560.7,0.035,208.2,0.078,971.7,4.7,0.894,0.863,296.3,408.4,0.543,1.55,0,60,measured_cashbridge,2025,api,120.4,104.4,28.8,,16,1267.9,997.4,22.8,101.1,42.1,0.027,unavailable,부실·리파이낸싱,부실·리파이낸싱(neutral): 레버리지·유동성 부담 — 구조적/일시적 판단 보류 | 이벤트(neutral): 지배구조 변동 · 5% 지분 이동 · 지분 인수·매각 — 승계·증여·분쟁 여부는 주주 레벨 사건이라 재무로 안 보임. 대주주 연령·지분율 개별 확인 필요,0.02,company_history,,PRE_SIGNAL,,,순부채/EBITDA 4.7x / EBITDA마진 11%→8% / 3년 순부채 +408억 vs EBITDA합 752억 / 매출 1원 성장에 순부채 1.55원 / 유동비율 86%
50.3,36.4,75.5,동구바이오제약,00114686,006620,true,제조업,의료용물질·의약품,WC_BURN(운전자본형),2426.9,0.076,181.7,0.075,15.7,0.1,1.211,0.919,220.6,580.6,0.918,0.617,145,706,measured_cashbridge,2025,api,-42.9,204.5,32.5,,-247.4,236.3,6.4,156.7,421.7,-307.9,0.1269,op+dep,부실·리파이낸싱,부실·리파이낸싱(neutral): 레버리지·유동성 부담 — 구조적/일시적 판단 보류 | 성장자금형(negative): 매출 CAGR 8% 인데 EBITDA마진 2.2%p 훼손 — 기존사업 하락을 외형성장으로 마스킹하는지 확인 필요 | 이벤트(neutral): 5% 지분 이동 — 승계·증여·분쟁 여부는 주주 레벨 사건이라 재무로 안 보임. 대주주 연령·지분율 개별 확인 필요,0.035,company_history,62,DISTRESS_EVENT,2025-03-27,주요사항보고서(교환사채권발행결정),EBITDA마진 10%→7% / 3년 순부채 +581억 vs EBITDA합 633억 / 매출 1원 성장에 순부채 0.62원 / 유동비율 92%
50.3,76.2,4.2,선샤인푸드,01068658,217620,true,숙박·음식,음식점·주점,DISTRESS(구조조정형),351.6,-0.192,-29.4,-0.084,145.8,,-5.849,0.332,3.7,-269,0,,22,,netdebt_inferred,,,,,,,,,,,,,,,부실·리파이낸싱,부실·리파이낸싱(negative): 구조적 악화 (영업적자 3/3년 · 자본잠식) | 이벤트(neutral): 5% 지분 이동 — 승계·증여·분쟁 여부는 주주 레벨 사건이라 재무로 안 보임. 대주주 연령·지분율 개별 확인 필요,0.01,company_history,1,DISTRESS_EVENT,2025-06-25,[기재정정]주요사항보고서(전환사채권발행결정),EBITDA 적자 -29억 / 자본잠식 / EBITDA마진 0%→-8% / 유동비율 33% / 현금/매출 1% / 현금 2년 연속 감소 / 영업적자 3/3년 / 런웨이 1개월
50.2,28.6,89.2,흥국에프엔비,00916516,189980,true,제조업,음료 제조,GROWTH(성장자금형),639,0.128,178.1,0.174,-42.1,-0.2,1.256,1.114,144.6,673.2,1.257,2.165,7,235,measured_cashbridge,2025,api,89.8,126,78.1,,-49.6,102.6,11.2,171.8,261,0.7,0.0011,unavailable,성장,성장자금형(positive): 매출 CAGR 13% + 마진 유지 · capex/매출 19.7% | 리캡(negative): 배당 78억 (매출의 12.2% · OCF의 87%) + 순부채 +172억 — 차입 배당 구조 | 이벤트(neutral): 표대결 · 5% 지분 이동 — 승계·증여·분쟁 여부는 주주 레벨 사건이라 재무로 안 보임. 대주주 연령·지분율 개별 확인 필요,0.045,company_history,,IN_MOTION,2025-07-29,주요사항보고서(전환사채권발행결정),3년 순부채 +673억 vs EBITDA합 535억 / 매출 1원 성장에 순부채 2.17원 / 유동비율 111%
50.1,60.5,31.5,대구백화점,00108977,006370,true,도소매,소매(자동차 제외),DISTRESS(구조조정형),530.9,-0.112,,,2466.2,,2.069,0.096,72.3,530.5,3,,420,1365,measured_cashbridge,2025,api,-267.8,0,,,-275.4,2538.5,2461.2,172.5,-92.8,-2.6,0.0048,unavailable,부실·리파이낸싱,부실·리파이낸싱(negative): 구조적 악화 (영업적자 3/3년) | 이벤트(neutral): 표대결 · 5% 지분 이동 · 지분 인수·매각 — 승계·증여·분쟁 여부는 주주 레벨 사건이라 재무로 안 보임. 대주주 연령·지분율 개별 확인 필요,0.01,company_history,3,IN_MOTION,2025-05-15,유상증자결정(종속회사의주요경영사항)              ,부채비율 207% (3년 104%p↑) / 3년 순부채 +530억 vs EBITDA합 -263억 / 유동비율 10% / 현금 2년 연속 감소 / 영업적자 3/3년 / 런웨이 3개월
50.1,51.8,47.2,육일씨엔에쓰,00843900,191410,true,제조업,전자부품·컴퓨터·통신장비,REFI(롤오버형),339.8,0.068,12.9,0.034,56.3,4.4,1.359,0.917,136,360.5,8.297,5.391,0,0,measured_cashbridge,2025,api,21.8,9.7,,,7.4,192.3,190.2,-155.4,-71.8,-61.8,0.1817,unavailable,부실·리파이낸싱,부실·리파이낸싱(negative): 구조적 악화 (영업적자 2/3년) | 성장자금형(positive): 매출 CAGR 7% + 마진 유지 · capex/매출 2.9% | 이벤트(neutral): 분할·카브아웃 · 합병 · 표대결 · 5% 지분 이동 · 지분 인수·매각 — 승계·증여·분쟁 여부는 주주 레벨 사건이라 재무로 안 보임. 대주주 연령·지분율 개별 확인 필요,0.043,company_history,,PRE_SIGNAL,,,순부채/EBITDA 4.4x / 3년 순부채 +360억 vs EBITDA합 43억 / 매출 1원 성장에 순부채 5.39원 / 유동비율 92% / 영업적자 2/3년
49.9,34.4,77.8,서울바이오시스,00488402,092190,true,제조업,전자부품·컴퓨터·통신장비,TIGHT(유동성형),6532.8,0.142,,,460.5,,3.225,0.539,149.1,-8.1,-0.009,-0.004,0,0,measured_cashbridge,2025,api,803.3,553,,,242.5,609.7,,-785,385.4,233,0.0357,unavailable,부실·리파이낸싱,부실·리파이낸싱(neutral): 레버리지·유동성 부담 — 구조적/일시적 판단 보류 | 성장자금형(neutral): 매출 CAGR 14% — EBITDA 마진을 구하지 못해 기존사업 훼손 여부 판정 불가 (capex/매출 8.5%) | 이벤트(neutral): 표대결 · 5% 지분 이동 · 지분 인수·매각 — 승계·증여·분쟁 여부는 주주 레벨 사건이라 재무로 안 보임. 대주주 연령·지분율 개별 확인 필요,0.02,company_history,,IN_MOTION,2025-12-10,주요사항보고서(전환사채권발행결정),부채비율 323% / 유동비율 54% / 현금/매출 2%
49.8,58.8,33.5,이수화학,00145552,005950,true,제조업,화학물질·화학제품,DISTRESS(구조조정형),16594.8,-0.061,,,-77.6,,3.05,0.81,847.8,1659.7,3,0.78,63,839,measured_cashbridge,2025,api,-43,280,0,,-323,770.2,646.3,114.4,-47.9,318.4,0.0192,unavailable,부실·리파이낸싱,부실·리파이낸싱(negative): 구조적 악화 (영업적자 2/3년) | 이벤트(neutral): 표대결 · 5% 지분 이동 — 승계·증여·분쟁 여부는 주주 레벨 사건이라 재무로 안 보임. 대주주 연령·지분율 개별 확인 필요,0.032,company_history,237,IN_MOTION,2025-05-14,유상증자결정(종속회사의주요경영사항)              ,"부채비율 305% (3년 112%p↑) / 3년 순부채 +1,660억 vs EBITDA합 -579억 / 매출 1원 성장에 순부채 0.78원 / 유동비율 81% / 현금 2년 연속 감소 / 영업적자 2/3년"
49.8,39.9,67.2,삼성SDI,00126362,006400,true,제조업,전기장비,REFI(롤오버형),165922.5,0.07,21483.1,0.13,97545.3,4.5,0.882,0.952,18850.7,75314.6,0.866,2.478,24345,,netdebt_inferred,,,,,,,,,,,,,,,부실·리파이낸싱,부실·리파이낸싱(neutral): 레버리지·유동성 부담 — 구조적/일시적 판단 보류 | 성장자금형(negative): 매출 CAGR 7% 인데 EBITDA마진 3.3%p 훼손 — 기존사업 하락을 외형성장으로 마스킹하는지 확인 필요 | 이벤트(neutral): 표대결 · 5% 지분 이동 · 지분 인수·매각 — 승계·증여·분쟁 여부는 주주 레벨 사건이라 재무로 안 보임. 대주주 연령·지분율 개별 확인 필요,0.071,company_history,,IN_MOTION,2025-05-20,[기재정정]투자설명서,순부채/EBITDA 4.5x / EBITDA마진 16%→13% / 3년 순부채 +7.5조 vs EBITDA합 8.7조 / 매출 1원 성장에 순부채 2.48원 / 유동비율 95%
49.8,21.7,100,커넥트웨이브,00585608,119860,true,정보통신,출판업,WC_BURN(운전자본형),3693.4,0.257,468.9,0.127,1384.2,3,0.453,4.625,552.5,1299.4,0.909,0.569,0,0,measured_cashbridge,2025,audit,246.7,82,,,105.9,1936.7,,-83.7,-103.2,266.3,0.0721,op+dep,성장,성장자금형(positive): 매출 CAGR 26% + 마진 유지 · capex/매출 2.2% | 이벤트(neutral): 분할·카브아웃 · 합병 · 5% 지분 이동 — 승계·증여·분쟁 여부는 주주 레벨 사건이라 재무로 안 보임. 대주주 연령·지분율 개별 확인 필요,0.078,company_history,,PRE_SIGNAL,,,"3년 순부채 +1,299억 vs EBITDA합 1,430억 / 매출 1원 성장에 순부채 0.57원"
49.6,59.8,30.8,금양,00106119,001570,true,제조업,화학물질·화학제품,DISTRESS(구조조정형),1027.8,-0.203,,,2961,,1.653,0.12,62.9,1863.4,3,,782,2345,measured_cashbridge,2025,api,-432,136.6,,,-570.9,3023.8,2109.1,159.6,142.2,-414.6,0.4034,unavailable,부실·리파이낸싱,부실·리파이낸싱(negative): 구조적 악화 (영업적자 3/3년) | 이벤트(neutral): 5% 지분 이동 · 지분 인수·매각 — 승계·증여·분쟁 여부는 주주 레벨 사건이라 재무로 안 보임. 대주주 연령·지분율 개별 확인 필요,0.061,company_history,2,DISTRESS_EVENT,2026-06-30,[기재정정]주요사항보고서(유상증자결정),"3년 순부채 +1,863억 vs EBITDA합 -262억 / 유동비율 12% / 현금 2년 연속 감소 / 영업적자 3/3년 / 런웨이 2개월"
49.4,36.5,71.7,평화산업,00573579,090080,true,제조업,자동차·트레일러,TIGHT(유동성형),5883.8,0.115,250.9,0.043,655.5,2.6,4.048,0.953,1,-132.1,-0.208,-0.08,0,,netdebt_inferred,,,,,,,,,,,,,,,부실·리파이낸싱,부실·리파이낸싱(positive): 레버리지 부담은 크나 매출 회복 + 마진 반등 — 시황 저점 진입 가능성 | 성장자금형(positive): 매출 CAGR 12% + 마진 유지 | 이벤트(neutral): 5% 지분 이동 — 승계·증여·분쟁 여부는 주주 레벨 사건이라 재무로 안 보임. 대주주 연령·지분율 개별 확인 필요,0.02,company_history,,PRE_SIGNAL,,,부채비율 405% / 유동비율 95% / 현금/매출 0%
49.3,46.3,54,DS단석,00108612,017860,true,제조업,화학물질·화학제품,TIGHT(유동성형),9045.4,-0.073,,,2937.5,,1.808,0.814,212.6,1298.2,0.613,1.652,415,1328,measured_cashbridge,2025,api,190.2,404.9,,,-214.7,3150.1,2249.8,260.1,496.8,-46.6,0.0051,unavailable,부실·리파이낸싱,부실·리파이낸싱(negative): 구조적 악화 (영업적자 0/3년) | 이벤트(neutral): 분할·카브아웃 · 5% 지분 이동 · 지분 인수·매각 — 승계·증여·분쟁 여부는 주주 레벨 사건이라 재무로 안 보임. 대주주 연령·지분율 개별 확인 필요,0.02,company_history,,RECENTLY_FUNDED,2026-05-20,주요사항보고서(전환사채권발행결정),"3년 순부채 +1,298억 vs EBITDA합 2,117억 / 매출 1원 성장에 순부채 1.65원 / 유동비율 81% / 현금/매출 2% / 현금 2년 연속 감소"
49.2,37.3,69.6,KG이니시스,00264547,035600,true,정보통신,출판업,WC_BURN(운전자본형),10479.5,0.102,1047.4,0.077,4302,4.1,1.618,0.951,1533.4,2001.8,0.492,0.585,0,0,measured_cashbridge,2025,api,1212.8,314.4,170.3,,898.3,5835.4,4040.3,45.5,795.2,463,0.0442,unavailable,부실·리파이낸싱,부실·리파이낸싱(neutral): 레버리지·유동성 부담 — 구조적/일시적 판단 보류 | 성장자금형(negative): 매출 CAGR 10% 인데 EBITDA마진 5.3%p 훼손 — 기존사업 하락을 외형성장으로 마스킹하는지 확인 필요,0.072,company_history,,,,,"순부채/EBITDA 4.1x / EBITDA마진 13%→8% / 3년 순부채 +2,002억 vs EBITDA합 4,071억 / 매출 1원 성장에 순부채 0.58원 / 유동비율 95%"
49.1,37.2,69.3,동아에스티,00956930,170900,true,제조업,의료용물질·의약품,WC_BURN(운전자본형),8087.8,0.084,,,-1729.5,,1.102,1.524,1801,1985.5,2.507,1.897,0,0,measured_cashbridge,2025,api,277.8,356.3,62.9,,-78.5,71.4,,402,676.4,87.9,0.0109,unavailable,성장,성장자금형(neutral): 매출 CAGR 8% — EBITDA 마진을 구하지 못해 기존사업 훼손 여부 판정 불가 (capex/매출 4.4%) | 이벤트(neutral): 5% 지분 이동 — 승계·증여·분쟁 여부는 주주 레벨 사건이라 재무로 안 보임. 대주주 연령·지분율 개별 확인 필요,0.1,company_history,,IN_MOTION,2025-09-09,투자설명서,"3년 순부채 +1,986억 vs EBITDA합 792억 / 매출 1원 성장에 순부채 1.90원 / 현금 2년 연속 감소"
49,30.3,81.4,삼영엠텍,00250614,054540,true,제조업,금속가공제품,GROWTH(성장자금형),951.4,0.191,117.5,0.1,1303.6,11.1,1.241,1.154,518.7,6,0.034,0.013,0,0,measured_cashbridge,2025,api,98,11.6,18.2,,86.3,1822.3,1402.6,1159.9,825.7,432.2,0.4542,unavailable,부실·리파이낸싱,부실·리파이낸싱(neutral): 레버리지·유동성 부담 — 구조적/일시적 판단 보류 | 성장자금형(positive): 매출 CAGR 19% + 마진 유지 · capex/매출 1.2%,0.04,company_history,,,,,순부채/EBITDA 11.1x / 3년 순부채 +6억 vs EBITDA합 177억 / 유동비율 115%
49,28.3,84.9,케이피항공산업(주),01101254,288180,true,제조업,기타 운송장비,GROWTH(성장자금형),452.5,0.347,59.5,0.12,-158.3,-2.7,3.789,1.145,176.6,110.1,0.995,0.375,0,0,measured_cashbridge,2025,api,43.8,34.5,,,9.3,18.3,2.6,-92.5,35.6,-84.3,0.1864,unavailable,성장,성장자금형(positive): 매출 CAGR 35% + 마진 유지 · capex/매출 7.6% | 이벤트(neutral): 5% 지분 이동 — 승계·증여·분쟁 여부는 주주 레벨 사건이라 재무로 안 보임. 대주주 연령·지분율 개별 확인 필요,0.02,company_history,,RECENTLY_FUNDED,2026-03-06,투자설명서,부채비율 379% / 3년 순부채 +110억 vs EBITDA합 111억 / 유동비율 114%
48.9,28.6,84,상신브레이크,00129642,041650,true,제조업,자동차·트레일러,GROWTH(성장자금형),4457,0.134,432.2,0.075,1515.5,3.5,1.545,1.157,487.2,416.2,0.313,0.229,0,0,measured_cashbridge,2025,api,384.2,125,,,259.1,2002.7,1990.8,-237.4,73.5,73.3,0.0164,unavailable,성장,성장자금형(positive): 매출 CAGR 13% + 마진 유지 · capex/매출 2.8% | 이벤트(neutral): 지배구조·재편 공시 3건 — 승계·증여·분쟁 여부는 주주 레벨 사건이라 재무로 안 보임. 대주주 연령·지분율 개별 확인 필요,0.046,company_history,,PRE_SIGNAL,,,"순부채/EBITDA 3.5x / 3년 순부채 +416억 vs EBITDA합 1,328억 / 유동비율 116% / 현금 2년 연속 감소"
48.9,48.2,49,지씨셀,01010642,144510,true,전문·과학·기술,기타 과학기술 서비스,TIGHT(유동성형),1655.2,-0.112,,,,,0.595,0.457,14.6,297.3,0.404,4.841,51,113,measured_cashbridge,2025,api,91.9,64.7,0,,-19.7,,,,80,,,unavailable,부실·리파이낸싱,부실·리파이낸싱(negative): 구조적 악화 (영업적자 2/3년) | 이벤트(neutral): 표대결 — 승계·증여·분쟁 여부는 주주 레벨 사건이라 재무로 안 보임. 대주주 연령·지분율 개별 확인 필요,0.025,company_history,,PRE_SIGNAL,,,3년 순부채 +297억 vs EBITDA합 736억 / 매출 1원 성장에 순부채 4.84원 / 유동비율 46% / 현금/매출 1% / 현금 2년 연속 감소 / 영업적자 2/3년
48.9,19.7,100,(주)씨엠티엑스,01529982,388210,true,제조업,전자부품·컴퓨터·통신장비,GROWTH(성장자금형),1605.6,0.875,97.9,0.143,-579.5,-5.9,0.51,2.058,929.8,166.1,0.876,0.285,0,0,measured_cashbridge,2025,api,361.9,170.5,,,188,350.3,209.4,-787.1,174.6,-0.6,0.0004,unavailable,성장,성장자금형(negative): 매출 CAGR 88% 인데 EBITDA마진 18.1%p 훼손 — 기존사업 하락을 외형성장으로 마스킹하는지 확인 필요 | 이벤트(neutral): 표대결 · 5% 지분 이동 — 승계·증여·분쟁 여부는 주주 레벨 사건이라 재무로 안 보임. 대주주 연령·지분율 개별 확인 필요,0.1,company_history,,IN_MOTION,2025-11-07,[발행조건확정]증권신고서(지분증권),EBITDA마진 32%→14% / 3년 순부채 +166억 vs EBITDA합 190억
48.8,51.1,43.3,조비,00148948,001550,true,제조업,화학물질·화학제품,REFI(롤오버형),997.4,-0.124,56,0.056,391.8,7,1.254,1.272,43.8,134.7,0.843,0.755,10,84,measured_cashbridge,2025,api,40.3,26.6,,,11.4,435.7,434.4,9.8,50.3,-0.2,0.0002,op+dep,부실·리파이낸싱,부실·리파이낸싱(negative): 구조적 악화 (영업적자 1/3년) | 이벤트(neutral): 표대결 · 5% 지분 이동 — 승계·증여·분쟁 여부는 주주 레벨 사건이라 재무로 안 보임. 대주주 연령·지분율 개별 확인 필요,0.02,company_history,,PRE_SIGNAL,,,순부채/EBITDA 7.0x / 3년 순부채 +135억 vs EBITDA합 160억 / 매출 1원 성장에 순부채 0.75원 / 현금/매출 4%
48.8,53.9,38.1,젬백스,00492894,082270,true,제조업,기타 기계·장비,DISTRESS(구조조정형),815.3,0.025,,,61.1,,1.776,0.656,227.8,969.8,3,41.782,0,0,measured_cashbridge,2025,api,11.1,21.1,,,-14.2,288.9,287.3,-212.8,32.6,-234.3,0.2874,unavailable,부실·리파이낸싱,부실·리파이낸싱(negative): 구조적 악화 (영업적자 2/3년) | 이벤트(neutral): 지배구조 변동 · 5% 지분 이동 — 승계·증여·분쟁 여부는 주주 레벨 사건이라 재무로 안 보임. 대주주 연령·지분율 개별 확인 필요,0.057,company_history,,RECENTLY_FUNDED,2026-05-22,[기재정정]주요사항보고서(유상증자결정),3년 순부채 +970억 vs EBITDA합 -388억 / 매출 1원 성장에 순부채 41.78원 / 유동비율 66% / 영업적자 2/3년
48.7,34,73.6,아진전자부품,00111689,009320,true,제조업,자동차·트레일러,TIGHT(유동성형),1518.3,0.147,,,59.2,,2.287,0.717,5,52.6,0.272,0.119,51,92,measured_cashbridge,2025,api,44.6,71.4,,,-26.8,64.2,22,11.7,71.7,-15.4,0.0102,unavailable,부실·리파이낸싱,부실·리파이낸싱(neutral): 레버리지·유동성 부담 — 구조적/일시적 판단 보류 | 성장자금형(neutral): 매출 CAGR 15% — EBITDA 마진을 구하지 못해 기존사업 훼손 여부 판정 불가 (capex/매출 4.7%) | 이벤트(neutral): 지배구조 변동 · 5% 지분 이동 — 승계·증여·분쟁 여부는 주주 레벨 사건이라 재무로 안 보임. 대주주 연령·지분율 개별 확인 필요,0.02,company_history,,PRE_SIGNAL,,,부채비율 229% / 3년 순부채 +53억 vs EBITDA합 194억 / 유동비율 72% / 현금/매출 0%
48.7,42.8,57.8,한올바이오파마,00162586,009420,true,제조업,의료용물질·의약품,WC_BURN(운전자본형),743.3,0.11,33.5,0.024,65.9,2,0.393,1.91,247.4,559.8,4.187,1.499,0,359,measured_cashbridge,2025,api,-23.4,141.2,,,-174.5,313.3,157.4,222.3,198.3,0.6,0.0008,unavailable,성장,성장자금형(negative): 매출 CAGR 11% 인데 EBITDA마진 4.5%p 훼손 — 기존사업 하락을 외형성장으로 마스킹하는지 확인 필요 | 이벤트(neutral): 5% 지분 이동 — 승계·증여·분쟁 여부는 주주 레벨 사건이라 재무로 안 보임. 대주주 연령·지분율 개별 확인 필요,0.047,company_history,127,PRE_SIGNAL,,,EBITDA마진 7%→2% / 3년 순부채 +560억 vs EBITDA합 134억 / 매출 1원 성장에 순부채 1.50원
48.7,41.5,60.1,코오롱생명과학,00525642,102940,true,제조업,의료용물질·의약품,DISTRESS(구조조정형),2089.8,0.09,,,-12.2,,0.566,0.636,106.4,730.9,3,,257,804,measured_cashbridge,2025,api,102.1,383.9,,,-281.8,94.1,34.6,92.6,247.2,247.5,0.1184,unavailable,부실·리파이낸싱,부실·리파이낸싱(negative): 구조적 악화 (영업적자 2/3년) | 성장자금형(neutral): 매출 CAGR 9% — EBITDA 마진을 구하지 못해 기존사업 훼손 여부 판정 불가 (capex/매출 18.4%) | 이벤트(neutral): 5% 지분 이동 — 승계·증여·분쟁 여부는 주주 레벨 사건이라 재무로 안 보임. 대주주 연령·지분율 개별 확인 필요,0.039,company_history,,RECENTLY_FUNDED,2026-03-05,[기재정정]주요사항보고서(전환사채권발행결정),3년 순부채 +731억 vs EBITDA합 -164억 / 유동비율 64% / 영업적자 2/3년
48.7,23.3,92.8,모트렉스,00876908,118990,true,제조업,자동차·트레일러,WC_BURN(운전자본형),5305.4,0.104,696.7,0.119,1636.1,2.3,2.186,1.175,954.8,1010.5,0.457,0.673,0,0,measured_cashbridge,2025,api,566,260.1,61.3,,305.9,2590.9,2005.5,767.3,358.2,975.1,0.1838,unavailable,성장,성장자금형(positive): 매출 CAGR 10% + 마진 유지 · capex/매출 4.9% | 이벤트(neutral): 합병 · 표대결 · 지분 인수·매각 — 승계·증여·분쟁 여부는 주주 레벨 사건이라 재무로 안 보임. 대주주 연령·지분율 개별 확인 필요,0.044,company_history,,DISTRESS_EVENT,2026-07-31,유상증자결정(종속회사의주요경영사항)              ,"부채비율 219% / 3년 순부채 +1,011억 vs EBITDA합 2,212억 / 매출 1원 성장에 순부채 0.67원 / 유동비율 118%"
48.6,41.6,59.6,(주)모보,00347442,051810,true,제조업,전기장비,TIGHT(유동성형),3173.3,0.079,35.3,0.011,163.5,4.6,2.815,0.962,37.1,31.7,0.277,0.03,17,17,measured_cashbridge,2025,audit,34,4.7,,,28.1,200.6,200,-28.8,5.2,0.1,0,op+dep,부실·리파이낸싱,부실·리파이낸싱(neutral): 레버리지·유동성 부담 — 구조적/일시적 판단 보류 | 성장자금형(positive): 매출 CAGR 8% + 마진 유지 · capex/매출 0.1%,0.02,company_history,,PRE_SIGNAL,,,순부채/EBITDA 4.6x / 부채비율 281% / 3년 순부채 +32억 vs EBITDA합 115억 / 유동비율 96% / 현금/매출 1%
48.5,23.9,91.1,한일현대시멘트,00164672,006390,true,제조업,비금속 광물제품,WC_BURN(운전자본형),5133.7,0.089,1075.6,0.21,2734.9,2.5,1.101,1.909,757.4,2069.3,0.926,1.778,57,,netdebt_inferred,,,,,,,,,,,,,,,성장,성장자금형(positive): 매출 CAGR 9% + 마진 유지,0.023,company_history,,,,,"3년 순부채 +2,069억 vs EBITDA합 2,234억 / 매출 1원 성장에 순부채 1.78원"
48.5,50.5,43,범한퓨얼셀,01435489,382900,true,제조업,전기장비,REFI(롤오버형),433.6,-0.051,34.7,0.08,750.7,21.6,1.166,1.529,485.1,1037.3,29.832,,0,0,measured_cashbridge,2025,api,216.8,17.8,,,197.8,1235.7,354.1,-147.9,130.8,-61.8,0.1426,op+dep,부실·리파이낸싱,부실·리파이낸싱(negative): 구조적 악화 (영업적자 1/3년),0.1,company_history,,,,,"순부채/EBITDA 21.6x / 3년 순부채 +1,037억 vs EBITDA합 35억"
48.4,34,72.3,(주)데이원컴퍼니,01455492,373160,true,교육,교육 서비스,GROWTH(성장자금형),1238.6,0.407,71.1,0.061,-312.4,-4.4,0.803,2.06,376.9,170.9,3,0.229,0,0,measured_cashbridge,2025,api,82.8,63.9,,,18.9,64.6,7.7,-103.5,252.1,-90.7,0.0732,unavailable,성장,성장자금형(positive): 매출 CAGR 41% + 마진 유지 · capex/매출 5.2%,0.05,company_history,,,,,3년 순부채 +171억 vs EBITDA합 -39억 / 영업적자 2/3년
48.3,54.3,35.6,코오롱글로벌,00152880,003070,true,건설업,종합 건설,DISTRESS(구조조정형),29119.6,0.022,-215,-0.007,5778.9,,3.564,1.195,2786.5,-402.3,-0.161,-0.221,0,,netdebt_inferred,,,,,,,,,,,,,,,부실·리파이낸싱,부실·리파이낸싱(neutral): 레버리지·유동성 부담 — 구조적/일시적 판단 보류,0.025,company_history,63,,,,EBITDA 적자 -215억 / 부채비율 356% / EBITDA마진 7%→-1% / 유동비율 120%
48.3,38.5,63.8,경창산업,00102353,024910,true,제조업,자동차·트레일러,TIGHT(유동성형),7053.4,0.046,,,2143.8,,3.132,0.62,102.1,-364.1,-0.271,-0.489,387,1067,measured_cashbridge,2025,api,234.2,406.2,7.7,,-172,2245.9,1738.8,227.4,363.7,97.9,0.0139,unavailable,부실·리파이낸싱,부실·리파이낸싱(neutral): 레버리지·유동성 부담 — 구조적/일시적 판단 보류 | 이벤트(neutral): 5% 지분 이동 — 승계·증여·분쟁 여부는 주주 레벨 사건이라 재무로 안 보임. 대주주 연령·지분율 개별 확인 필요,0.02,company_history,,PRE_SIGNAL,,,부채비율 313% / 유동비율 62% / 현금/매출 1% / 현금 2년 연속 감소
48.2,67.9,10.5,한국테크놀로지,00355548,053590,true,제조업,전자부품·컴퓨터·통신장비,DISTRESS(구조조정형),2535.8,-0.078,-28.3,-0.011,122.2,,-5.405,0.69,0.7,-543.3,0,,15,,netdebt_inferred,,,,,,,,,,,,,,,부실·리파이낸싱,부실·리파이낸싱(negative): 구조적 악화 (영업적자 2/3년 · 자본잠식),0.02,company_history,0,,,,EBITDA 적자 -28억 / 자본잠식 / 유동비율 69% / 현금/매출 0% / 현금 2년 연속 감소 / 영업적자 2/3년 / 런웨이 0개월
48.2,40.6,59.6,이월드,00540605,084680,true,제조업,기타 제품 제조,TIGHT(유동성형),661.1,-0.048,101.7,0.094,-4.6,0,0.886,0.217,18.8,26.9,0.055,,0,0,measured_cashbridge,2025,api,59.9,28.5,,,31.4,14.2,,-11.2,27.2,21.5,0.0325,unavailable,부실·리파이낸싱,부실·리파이낸싱(negative): 구조적 악화 (영업적자 1/3년) | 이벤트(neutral): 5% 지분 이동 — 승계·증여·분쟁 여부는 주주 레벨 사건이라 재무로 안 보임. 대주주 연령·지분율 개별 확인 필요,0.02,company_history,,PRE_SIGNAL,,,EBITDA마진 14%→9% / 3년 순부채 +27억 vs EBITDA합 492억 / 유동비율 22% / 현금/매출 3% / 현금 2년 연속 감소
48.2,44.7,52.5,대명에너지,01150515,389260,true,건설업,종합 건설,REFI(롤오버형),1039.5,-0.207,191.9,0.283,1070.5,5.6,1.319,1.723,479,904.9,1.156,,0,0,measured_cashbridge,2025,api,14,50.3,,,-45.6,1549.6,399.9,-81.3,-70.8,3.5,0.0034,unavailable,부실·리파이낸싱,부실·리파이낸싱(negative): 구조적 악화 (영업적자 0/3년),0.03,company_history,,,,,순부채/EBITDA 5.6x / EBITDA마진 39%→28% / 3년 순부채 +905억 vs EBITDA합 783억 / 현금 2년 연속 감소
48.1,28.4,81.4,휴비츠,00398668,065510,true,제조업,의료·정밀·광학기기,WC_BURN(운전자본형),643.1,0.074,188.1,0.16,634.5,3.4,1.009,1.072,137.1,303.3,0.468,1.327,0,0,measured_cashbridge,2025,api,126.6,76.2,,,50.4,771.7,766.3,55.5,127.4,54.8,0.0852,unavailable,성장,성장자금형(negative): 매출 CAGR 7% 인데 EBITDA마진 2.7%p 훼손 — 기존사업 하락을 외형성장으로 마스킹하는지 확인 필요 | 이벤트(neutral): 표대결 · 5% 지분 이동 — 승계·증여·분쟁 여부는 주주 레벨 사건이라 재무로 안 보임. 대주주 연령·지분율 개별 확인 필요,0.055,company_history,,PRE_SIGNAL,,,순부채/EBITDA 3.4x / EBITDA마진 19%→16% / 3년 순부채 +303억 vs EBITDA합 648억 / 매출 1원 성장에 순부채 1.33원 / 유동비율 107%
48,46,49.1,에넥스,00139764,011090,true,제조업,가구 제조,DISTRESS(구조조정형),2152.4,0.015,,,173.6,,2.113,0.675,133.9,162.5,3,0.261,0,38,measured_cashbridge,2025,api,-12.1,5.6,,,-17.8,307.5,240.7,21.1,5,3.9,0.0018,unavailable,부실·리파이낸싱,부실·리파이낸싱(neutral): 레버리지·유동성 부담 — 구조적/일시적 판단 보류 | 이벤트(neutral): 5% 지분 이동 · 지분 인수·매각 — 승계·증여·분쟁 여부는 주주 레벨 사건이라 재무로 안 보임. 대주주 연령·지분율 개별 확인 필요,0.021,company_history,133,RECENTLY_FUNDED,2026-07-21,주요사항보고서(유상증자결정),부채비율 211% / 3년 순부채 +162억 vs EBITDA합 -169억 / 유동비율 67%
48,44.3,52.2,이노뎁,01264872,303530,true,정보통신,출판업,WC_BURN(운전자본형),425.7,0.131,8.6,0.01,38.9,4.5,1.012,1.699,174.3,164.4,2.73,0.615,0,60,measured_cashbridge,2025,api,-43.3,5.2,,,-48.5,213.2,163,205.1,183.5,-21.7,0.051,unavailable,부실·리파이낸싱,부실·리파이낸싱(neutral): 레버리지·유동성 부담 — 구조적/일시적 판단 보류 | 성장자금형(positive): 매출 CAGR 13% + 마진 유지 · capex/매출 1.2%,0.094,company_history,48,,,,순부채/EBITDA 4.5x / 3년 순부채 +164억 vs EBITDA합 60억 / 매출 1원 성장에 순부채 0.61원
47.9,71.4,3.2,(주)에코솔루션,00346966,052510,true,제조업,화학물질·화학제품,DISTRESS(구조조정형),397.3,-0.16,-40.9,-0.103,4.1,,-1.137,0.121,1.4,-349.4,0,,26,,netdebt_inferred,,,,,,,,,,,,,,,부실·리파이낸싱,부실·리파이낸싱(negative): 구조적 악화 (영업적자 3/3년 · 자본잠식),0.02,company_history,0,,,,EBITDA 적자 -41억 / 자본잠식 / EBITDA마진 -4%→-10% / 유동비율 12% / 현금/매출 0% / 영업적자 3/3년 / 런웨이 0개월
47.7,37.5,63.4,고려산업,00102751,002140,true,제조업,식료품 제조,REFI(롤오버형),2973.2,0.022,180.7,0.061,758.3,4.2,1.202,0.93,258,422.9,1.095,0.449,0,0,measured_cashbridge,2025,api,324.2,33.6,7.4,,280.1,1016.3,884.4,-396.2,-64.5,-7.5,0.0025,op+dep,부실·리파이낸싱,부실·리파이낸싱(neutral): 레버리지·유동성 부담 — 구조적/일시적 판단 보류,0.06,company_history,,PRE_SIGNAL,,,순부채/EBITDA 4.2x / 3년 순부채 +423억 vs EBITDA합 386억 / 유동비율 93%
47.7,23.1,89.4,제노레이,00799539,122310,true,제조업,의료·정밀·광학기기,WC_BURN(운전자본형),663.9,0.129,137.6,0.129,107.9,0.8,0.567,1.944,138.4,274.7,0.557,0.84,0,0,measured_cashbridge,2025,api,52.6,14,22.4,,-1,,,,82.9,,,unavailable,성장,성장자금형(negative): 매출 CAGR 13% 인데 EBITDA마진 8.7%p 훼손 — 기존사업 하락을 외형성장으로 마스킹하는지 확인 필요 | 이벤트(neutral): 5% 지분 이동 — 승계·증여·분쟁 여부는 주주 레벨 사건이라 재무로 안 보임. 대주주 연령·지분율 개별 확인 필요,0.053,company_history,,IN_MOTION,2026-01-22,주요사항보고서(교환사채권발행결정),EBITDA마진 22%→13% / 3년 순부채 +275억 vs EBITDA합 493억 / 매출 1원 성장에 순부채 0.84원
47.7,23.6,88.3,휴온스,01159853,243070,true,제조업,의료용물질·의약품,WC_BURN(운전자본형),5902.3,0.105,606.2,0.103,1098.4,1.8,0.729,1.674,541.7,1003.9,0.522,0.655,151,,netdebt_inferred,,,,,,,,,,,,,,,성장,성장자금형(negative): 매출 CAGR 11% 인데 EBITDA마진 2.5%p 훼손 — 기존사업 하락을 외형성장으로 마스킹하는지 확인 필요,0.062,company_history,,,,,"EBITDA마진 13%→10% / 3년 순부채 +1,004억 vs EBITDA합 1,925억 / 매출 1원 성장에 순부채 0.65원"
47.6,42.9,53.2,종근당바이오,00390055,063160,true,제조업,의료용물질·의약품,TIGHT(유동성형),1600.7,0.009,,,1434.6,,1.361,0.896,15,242,0.858,0.82,259,742,measured_cashbridge,2025,api,-41.4,68.2,5.5,,-109.6,1449.6,1266.6,134.2,75.1,17.7,0.011,unavailable,부실·리파이낸싱,부실·리파이낸싱(neutral): 레버리지·유동성 부담 — 구조적/일시적 판단 보류 | 이벤트(neutral): 표대결 — 승계·증여·분쟁 여부는 주주 레벨 사건이라 재무로 안 보임. 대주주 연령·지분율 개별 확인 필요,0.02,company_history,4,PRE_SIGNAL,,,3년 순부채 +242억 vs EBITDA합 282억 / 매출 1원 성장에 순부채 0.82원 / 유동비율 90% / 현금/매출 1% / 런웨이 4개월
47.6,24.1,86.9,아바코,00442145,083930,true,제조업,기타 기계·장비,GROWTH(성장자금형),3275.6,0.193,233.2,0.076,-145.2,-0.6,0.458,1.645,193.5,471.5,1.043,0.375,0,0,measured_cashbridge,2025,api,156.9,110.2,71.4,,46.7,48.3,27.8,29.2,-87.5,273.6,0.0835,unavailable,성장,성장자금형(positive): 매출 CAGR 19% + 마진 유지 · capex/매출 3.4%,0.029,company_history,,,,,3년 순부채 +471억 vs EBITDA합 452억
47.6,16.9,100,두산테스나,00563545,131970,true,전문·과학·기술,기타 과학기술 서비스,WC_BURN(운전자본형),2743.3,0.216,2266.9,0.608,1116.5,0.5,0.61,1.37,1171.9,902.6,0.14,0.545,0,0,measured_cashbridge,2025,api,1472.2,248,30.8,,1224.2,2288.4,806.5,-1351,93.7,27.4,0.01,unavailable,성장,성장자금형(negative): 매출 CAGR 22% 인데 EBITDA마진 7.5%p 훼손 — 기존사업 하락을 외형성장으로 마스킹하는지 확인 필요 | 이벤트(neutral): 분할·카브아웃 · 표대결 · 5% 지분 이동 — 승계·증여·분쟁 여부는 주주 레벨 사건이라 재무로 안 보임. 대주주 연령·지분율 개별 확인 필요,0.1,company_history,,PRE_SIGNAL,,,"EBITDA마진 68%→61% / 3년 순부채 +903억 vs EBITDA합 6,464억 / 매출 1원 성장에 순부채 0.55원"
47.6,40.8,56.9,씨티알모빌리티,00450010,308170,true,제조업,자동차·트레일러,TIGHT(유동성형),4223.3,-0.001,,,-99,,2.836,0.646,103.8,371,0.737,0.581,170,550,measured_cashbridge,2025,api,45.2,234.7,,,-189.5,4.8,2,-76.5,225.1,-256.4,0.0607,unavailable,부실·리파이낸싱,부실·리파이낸싱(negative): 구조적 악화 (영업적자 0/3년) | 이벤트(neutral): 5% 지분 이동 — 승계·증여·분쟁 여부는 주주 레벨 사건이라 재무로 안 보임. 대주주 연령·지분율 개별 확인 필요,0.02,company_history,,IN_MOTION,2025-03-14,[기재정정]주요사항보고서(전환사채권발행결정),부채비율 284% (3년 97%p↑) / 3년 순부채 +371억 vs EBITDA합 503억 / 매출 1원 성장에 순부채 0.58원 / 유동비율 65% / 현금/매출 2%
47.5,53.5,33.5,SKC,00139889,011790,true,제조업,화학물질·화학제품,DISTRESS(구조조정형),18400.4,-0.083,,,26435.7,,2.327,0.73,10455.5,6951.9,2.338,,892,22340,measured_cashbridge,2025,api,-5675.8,2893.3,88.4,,-8796.8,36891.1,18388.3,-2008.1,-2605.6,-1237,0.0672,unavailable,부실·리파이낸싱,부실·리파이낸싱(negative): 구조적 악화 (영업적자 3/3년) | 이벤트(neutral): 5% 지분 이동 — 승계·증여·분쟁 여부는 주주 레벨 사건이라 재무로 안 보임. 대주주 연령·지분율 개별 확인 필요,0.034,company_history,22,DISTRESS_EVENT,2026-05-12,[기재정정]주요사항보고서(유상증자결정),"부채비율 233% (3년 48%p↑) / 3년 순부채 +6,952억 vs EBITDA합 2,974억 / 유동비율 73% / 영업적자 3/3년 / 런웨이 22개월"
47.4,35.3,66,영우디에스피,00569646,143540,true,제조업,기타 기계·장비,GROWTH(성장자금형),805,0.176,65.9,0.082,-33.9,-0.5,1.274,1.552,76.5,150.5,3,,0,21,measured_cashbridge,2025,api,-16.6,1.8,,,-18.4,42.6,42.6,-164.8,-163.2,-18.1,0.0225,op+dep,성장,성장자금형(positive): 매출 CAGR 18% + 마진 유지 · capex/매출 0.2% | 이벤트(neutral): 5% 지분 이동 — 승계·증여·분쟁 여부는 주주 레벨 사건이라 재무로 안 보임. 대주주 연령·지분율 개별 확인 필요,0.037,company_history,55,PRE_SIGNAL,,,3년 순부채 +151억 vs EBITDA합 -299억 / 현금 2년 연속 감소 / 영업적자 2/3년
47.3,34.9,66.5,삼보오토(주),00430089,070080,true,제조업,자동차·트레일러,TIGHT(유동성형),1309.8,0.065,,,906,,2.755,0.972,7.5,139.7,0.356,0.278,194,539,measured_cashbridge,2025,api,46.3,168,,,-121.7,913.5,547.4,124,185.5,-15.2,0.0116,unavailable,부실·리파이낸싱,부실·리파이낸싱(neutral): 레버리지·유동성 부담 — 구조적/일시적 판단 보류 | 성장자금형(neutral): 매출 CAGR 7% — EBITDA 마진을 구하지 못해 기존사업 훼손 여부 판정 불가 (capex/매출 12.8%),0.02,company_history,,PRE_SIGNAL,,,부채비율 275% (3년 48%p↑) / 3년 순부채 +140억 vs EBITDA합 392억 / 유동비율 97% / 현금/매출 1%
47.2,30.1,74.5,오리엔트정공,00300405,065500,true,제조업,자동차·트레일러,TIGHT(유동성형),1571.4,0.12,,,249.8,,1.481,0.896,40.4,-211.9,-1.756,-0.362,49,158,measured_cashbridge,2025,api,27.3,60.2,,,-39.1,290.2,195.6,44.1,,,,unavailable,부실·리파이낸싱,부실·리파이낸싱(neutral): 레버리지·유동성 부담 — 구조적/일시적 판단 보류 | 성장자금형(neutral): 매출 CAGR 12% — EBITDA 마진을 구하지 못해 기존사업 훼손 여부 판정 불가 (capex/매출 3.8%) | 이벤트(neutral): 분할·카브아웃 · 합병 · 5% 지분 이동 · 지분 인수·매각 — 승계·증여·분쟁 여부는 주주 레벨 사건이라 재무로 안 보임. 대주주 연령·지분율 개별 확인 필요,0.021,company_history,,RECENTLY_FUNDED,2026-06-23,주요사항보고서(유상증자결정),유동비율 90% / 현금/매출 3% / 현금 2년 연속 감소
47.2,27.7,79.1,유엔젤,00416654,072130,true,정보통신,정보서비스,WC_BURN(운전자본형),615.7,0.27,46.4,0.075,-84.1,-1.8,0.227,2.558,123.8,118.8,2.787,0.508,0,0,measured_cashbridge,2025,api,119.4,6.2,8.7,,109,39.7,36,35.8,165.3,-10.1,0.0164,op+dep,성장,성장자금형(positive): 매출 CAGR 27% + 마진 유지 · capex/매출 1.0%,0.1,company_history,,,,,3년 순부채 +119억 vs EBITDA합 43억 / 매출 1원 성장에 순부채 0.51원
47.2,16.7,98.8,대웅바이오(주),00111829,016890,true,제조업,의료용물질·의약품,WC_BURN(운전자본형),5795.8,0.142,884.5,0.153,-565.6,-0.6,0.431,2.521,497.1,986.7,0.377,0.518,0,,netdebt_inferred,,,,,,,,,,,,,,,성장,성장자금형(negative): 매출 CAGR 14% 인데 EBITDA마진 4.3%p 훼손 — 기존사업 하락을 외형성장으로 마스킹하는지 확인 필요,0.02,company_history,,,,,"EBITDA마진 20%→15% / 3년 순부채 +987억 vs EBITDA합 2,618억 / 매출 1원 성장에 순부채 0.52원"
47,29,75.8,하이트진로,00150244,000080,true,제조업,음료 제조,WC_BURN(운전자본형),13890.6,0.057,1823.6,0.131,-2252.2,-1.2,1.865,0.628,2436.4,3991.7,0.408,1.007,0,0,measured_cashbridge,2025,api,2325.9,1959.8,487.3,,366.1,184.2,,133.2,1980.4,478.7,0.0345,op+dep,부실·리파이낸싱,부실·리파이낸싱(neutral): 레버리지·유동성 부담 — 구조적/일시적 판단 보류 | 성장자금형(positive): 매출 CAGR 6% + 마진 유지 · capex/매출 14.1% | 이벤트(neutral): 5% 지분 이동 — 승계·증여·분쟁 여부는 주주 레벨 사건이라 재무로 안 보임. 대주주 연령·지분율 개별 확인 필요,0.071,company_history,,RECENTLY_FUNDED,2026-03-03,투자설명서,"3년 순부채 +3,992억 vs EBITDA합 9,772억 / 매출 1원 성장에 순부채 1.01원 / 유동비율 63% / 현금 2년 연속 감소"
47,22.2,88.2,대원제약,00111999,003220,true,제조업,의료용물질·의약품,GROWTH(성장자금형),3326.5,0.191,483.1,0.081,426.9,0.9,1.235,1.186,764.8,719.8,0.449,0.295,0,0,measured_cashbridge,2025,api,423.1,421.3,64.3,,1.8,1191.6,1170.8,-348.2,178.5,-103.5,0.0311,unavailable,성장,성장자금형(negative): 매출 CAGR 19% 인데 EBITDA마진 2.9%p 훼손 — 기존사업 하락을 외형성장으로 마스킹하는지 확인 필요 | 이벤트(neutral): 5% 지분 이동 — 승계·증여·분쟁 여부는 주주 레벨 사건이라 재무로 안 보임. 대주주 연령·지분율 개별 확인 필요,0.029,company_history,,IN_MOTION,2025-09-02,주요사항보고서(교환사채권발행결정),"EBITDA마진 11%→8% / 3년 순부채 +720억 vs EBITDA합 1,605억 / 유동비율 119%"
47,38.4,59,마니커,00204208,027740,true,제조업,식료품 제조,TIGHT(유동성형),3688.9,0.048,,,440.2,,2.741,0.614,62.6,-155.1,-1.359,-0.194,95,258,measured_cashbridge,2025,api,63.7,100.4,,,-36.7,502.8,488.2,21.1,77.2,7.6,0.0021,unavailable,부실·리파이낸싱,부실·리파이낸싱(neutral): 레버리지·유동성 부담 — 구조적/일시적 판단 보류 | 이벤트(neutral): 표대결 · 5% 지분 이동 — 승계·증여·분쟁 여부는 주주 레벨 사건이라 재무로 안 보임. 대주주 연령·지분율 개별 확인 필요,0.02,company_history,,PRE_SIGNAL,,,부채비율 274% / 유동비율 61% / 현금/매출 2% / 현금 2년 연속 감소
46.9,41.7,52.5,디케이락,00533003,105740,true,제조업,기타 기계·장비,REFI(롤오버형),929.2,0.048,36.1,0.037,310.4,8.6,0.658,1.621,101.4,52.5,0.157,0.408,72,333,measured_cashbridge,2025,api,-13.1,52.6,24.8,,-65.7,411.8,401.8,91.4,107.9,-29.6,0.0319,unavailable,부실·리파이낸싱,부실·리파이낸싱(neutral): 레버리지·유동성 부담 — 구조적/일시적 판단 보류 | 리캡(negative): 배당 25억 (매출의 2.7% · OCF 적자) + 순부채 +91억 — 차입 배당 구조,0.046,company_history,93,,,,순부채/EBITDA 8.6x / EBITDA마진 13%→4% / 3년 순부채 +52억 vs EBITDA합 335억
46.8,39.7,55.6,일동제약,01168383,249420,true,제조업,의료용물질·의약품,DISTRESS(구조조정형),3471.8,0.032,390.5,0.064,-391.7,-1,1.393,0.961,649.6,500.5,3,0.913,0,0,measured_cashbridge,2025,api,189.5,173.3,0.6,,16.2,257.9,48.8,226.3,23.4,392.4,0.113,unavailable,부실·리파이낸싱,부실·리파이낸싱(negative): 구조적 악화 (영업적자 2/3년) | 이벤트(neutral): 합병 · 표대결 · 5% 지분 이동 · 지분 인수·매각 — 승계·증여·분쟁 여부는 주주 레벨 사건이라 재무로 안 보임. 대주주 연령·지분율 개별 확인 필요,0.082,company_history,,PRE_SIGNAL,,,3년 순부채 +501억 vs EBITDA합 -305억 / 매출 1원 성장에 순부채 0.91원 / 유동비율 96% / 영업적자 2/3년
46.6,49.9,36.5,컴투스홀딩스,00535746,063080,true,정보통신,출판업,DISTRESS(구조조정형),992.1,-0.051,,,1431.4,,1.055,0.199,188,209.9,3,2.712,285,1068,measured_cashbridge,2025,api,-240.6,18.9,,,-259.6,1619.5,1320.1,818.1,-27.8,605.3,0.6101,unavailable,부실·리파이낸싱,부실·리파이낸싱(negative): 구조적 악화 (영업적자 3/3년) | 이벤트(neutral): 표대결 · 5% 지분 이동 · 지분 인수·매각 — 승계·증여·분쟁 여부는 주주 레벨 사건이라 재무로 안 보임. 대주주 연령·지분율 개별 확인 필요,0.082,company_history,9,PRE_SIGNAL,,,3년 순부채 +210억 vs EBITDA합 -46억 / 매출 1원 성장에 순부채 2.71원 / 유동비율 20% / 영업적자 3/3년 / 런웨이 9개월
46.5,35.9,61.5,(주)노브랜드,00305941,145170,true,제조업,의복·모피 제조,REFI(롤오버형),5144.2,0.051,184.9,0.04,1111.2,6,1.65,1.297,192.1,31.3,0.03,0.049,342,1203,measured_cashbridge,2025,api,-155.5,142.1,0,,-307.8,1303.2,1230.5,302.1,204.8,-58.2,0.0113,unavailable,부실·리파이낸싱,부실·리파이낸싱(neutral): 레버리지·유동성 부담 — 구조적/일시적 판단 보류 | 성장자금형(positive): 매출 CAGR 5% + 마진 유지 · capex/매출 2.8%,0.02,company_history,15,,,,"순부채/EBITDA 6.0x / 3년 순부채 +31억 vs EBITDA합 1,029억 / 현금/매출 4% / 런웨이 15개월"
46.3,20.3,88.6,대웅제약,00427483,069620,true,제조업,의료용물질·의약품,WC_BURN(운전자본형),7483.6,0.073,1969.2,0.138,1087.2,0.6,1.082,1.244,1689.4,2777.3,0.557,1.03,0,2031,measured_cashbridge,2025,api,1492.1,2413.7,80.8,,-921.6,2776.6,2767.8,-1111,2551,-2170,0.29,unavailable,성장,성장자금형(positive): 매출 CAGR 7% + 마진 유지 · capex/매출 32.3%,0.029,company_history,,,,,"3년 순부채 +2,777억 vs EBITDA합 4,988억 / 매출 1원 성장에 순부채 1.03원"
46.3,21.4,86.8,유비벨록스,00592653,089850,true,정보통신,출판업,GROWTH(성장자금형),4800.7,0.234,462,0.076,1217.4,2.6,1.104,1.283,692.5,455.7,0.334,0.161,423,1695,measured_cashbridge,2025,api,-273.6,174.1,5.5,,-447.7,1909.9,1825.8,718.6,125.2,319.8,0.0666,unavailable,성장,성장자금형(negative): 매출 CAGR 23% 인데 EBITDA마진 2.2%p 훼손 — 기존사업 하락을 외형성장으로 마스킹하는지 확인 필요,0.1,company_history,30,,,,"EBITDA마진 10%→8% / 3년 순부채 +456억 vs EBITDA합 1,363억"
46.2,25.4,79,원익,00210980,032940,true,도소매,도매·상품중개,GROWTH(성장자금형),788.1,0.136,114,0.082,315.4,2.8,0.334,0.931,26.7,71.2,0.199,0.162,121,375,measured_cashbridge,2025,api,10.9,112.8,,,-101.9,342.1,335.6,71.3,111,-28.9,0.0367,unavailable,부실·리파이낸싱,부실·리파이낸싱(neutral): 레버리지·유동성 부담 — 구조적/일시적 판단 보류 | 성장자금형(positive): 매출 CAGR 14% + 마진 유지 · capex/매출 14.3%,0.023,company_history,,,,,3년 순부채 +71억 vs EBITDA합 357억 / 유동비율 93% / 현금/매출 3%
46.1,40.5,51.3,옵트론텍,00327396,082210,true,제조업,의료·정밀·광학기기,TIGHT(유동성형),1957.4,-0.004,,,937.7,,2.913,0.431,23.6,-1113.2,0,-6.525,214,610,measured_cashbridge,2025,api,8.4,112.2,,,-103.8,961.3,942.3,344.2,55.9,296.7,0.1516,unavailable,부실·리파이낸싱,부실·리파이낸싱(negative): 구조적 악화 (영업적자 2/3년) | 이벤트(neutral): 5% 지분 이동 · 지분 인수·매각 — 승계·증여·분쟁 여부는 주주 레벨 사건이라 재무로 안 보임. 대주주 연령·지분율 개별 확인 필요,0.02,company_history,,DISTRESS_EVENT,2026-06-26,유상증자결정(종속회사의주요경영사항)              ,부채비율 291% / 유동비율 43% / 현금/매출 1% / 현금 2년 연속 감소 / 영업적자 2/3년
46.1,37.7,56.5,고바이오랩,01399071,348150,true,전문·과학·기술,연구개발업,WC_BURN(운전자본형),692.9,0.814,,,-323.2,,0.852,4.495,460.9,403.4,3,0.616,0,0,measured_cashbridge,2025,api,-57.8,5.5,,,-65.9,137.7,72.4,68.2,-92,102.4,0.1478,unavailable,성장,성장자금형(neutral): 매출 CAGR 81% — EBITDA 마진을 구하지 못해 기존사업 훼손 여부 판정 불가 (capex/매출 0.8%),0.066,company_history,96,PRE_SIGNAL,,,3년 순부채 +403억 vs EBITDA합 -407억 / 매출 1원 성장에 순부채 0.62원 / 현금 2년 연속 감소 / 영업적자 3/3년
46,44.5,44,일동홀딩스,00146083,000230,true,제조업,의료용물질·의약품,DISTRESS(구조조정형),5908.9,-0.044,,,-723.5,,1.323,0.765,778.1,850.8,3,1.305,0,0,measured_cashbridge,2025,api,268.6,178.9,0.6,,89.7,54.7,26.7,149.7,-210.8,629.2,0.1065,unavailable,부실·리파이낸싱,부실·리파이낸싱(negative): 구조적 악화 (영업적자 2/3년) | 이벤트(neutral): 합병 · 표대결 · 5% 지분 이동 · 지분 인수·매각 — 승계·증여·분쟁 여부는 주주 레벨 사건이라 재무로 안 보임. 대주주 연령·지분율 개별 확인 필요,0.1,company_history,,PRE_SIGNAL,,,3년 순부채 +851억 vs EBITDA합 -665억 / 매출 1원 성장에 순부채 1.31원 / 유동비율 77% / 영업적자 2/3년
46,65.3,6.6,범양건영,00122694,002410,true,건설업,종합 건설,DISTRESS(구조조정형),718.4,-0.157,,,874,,-2.482,0.365,16.3,656.2,3,,0,0,measured_cashbridge,2025,api,159,0.2,,,154.6,890.3,880.2,-47.3,-43.4,155.1,0.2159,unavailable,부실·리파이낸싱,부실·리파이낸싱(negative): 구조적 악화 (영업적자 3/3년 · 자본잠식) | 이벤트(neutral): 5% 지분 이동 — 승계·증여·분쟁 여부는 주주 레벨 사건이라 재무로 안 보임. 대주주 연령·지분율 개별 확인 필요,0.025,company_history,,DISTRESS_EVENT,2024-10-15,[기재정정]주요사항보고서(유상증자결정),자본잠식 / 3년 순부채 +656억 vs EBITDA합 -557억 / 유동비율 37% / 현금/매출 2% / 영업적자 3/3년
46,25,79,위더스제약,00765851,330350,true,제조업,의료용물질·의약품,WC_BURN(운전자본형),1064.4,0.181,,,3.3,,0.394,2.062,183.9,245.4,0.908,0.542,0,0,measured_cashbridge,2025,api,67.8,31.1,0,,34.8,187.2,185,-48.4,19.5,-0.1,0.0001,unavailable,성장,성장자금형(neutral): 매출 CAGR 18% — EBITDA 마진을 구하지 못해 기존사업 훼손 여부 판정 불가 (capex/매출 2.9%),0.1,company_history,,,,,3년 순부채 +245억 vs EBITDA합 270억 / 매출 1원 성장에 순부채 0.54원
45.9,16.9,93.1,한국카본,00159795,017960,true,제조업,금속가공제품,GROWTH(성장자금형),6959,0.263,719.4,0.097,66.8,0.1,0.798,1.432,849.6,891.4,0.619,0.238,0,0,measured_cashbridge,2025,api,1315.4,488.1,64,,827.3,916.4,881.5,145,1943,-482.5,0.0693,unavailable,성장,성장자금형(positive): 매출 CAGR 26% + 마진 유지 · capex/매출 7.0%,0.078,company_history,,,,,"3년 순부채 +891억 vs EBITDA합 1,440억"
45.9,50.3,33,HS효성첨단소재,01316254,298050,true,제조업,화학물질·화학제품,TIGHT(유동성형),32830.4,-0.051,,,5125.3,,3.723,0.501,315.4,4546.8,0.358,,1278,3307,measured_cashbridge,2025,api,2101,2251.3,732.8,,-150.3,5440.7,,-257.6,4250.3,-2407,0.0733,unavailable,부실·리파이낸싱,부실·리파이낸싱(negative): 구조적 악화 (영업적자 0/3년) | 이벤트(neutral): 5% 지분 이동 · 지분 인수·매각 — 승계·증여·분쟁 여부는 주주 레벨 사건이라 재무로 안 보임. 대주주 연령·지분율 개별 확인 필요,0.02,company_history,,RECENTLY_FUNDED,2026-07-09,유상증자결정(종속회사의주요경영사항)              ,"부채비율 372% (3년 105%p↑) / 3년 순부채 +4,547억 vs EBITDA합 1.3조 / 유동비율 50% / 현금/매출 1%"
45.8,54.9,24.5,SUN&L,00132211,002820,true,제조업,목재·나무제품 제조,DISTRESS(구조조정형),2724,-0.187,-119.2,-0.044,1490.3,,1.122,0.988,298.5,-463.7,0,,419,1309,measured_cashbridge,2025,api,-124.5,134,,,-266.4,1788.9,1788.9,47.4,-197,123.9,0.0455,op+dep,부실·리파이낸싱,부실·리파이낸싱(negative): 구조적 악화 (영업적자 3/3년),0.1,company_history,29,,,,EBITDA 적자 -119억 / EBITDA마진 -1%→-4% / 유동비율 99% / 현금 2년 연속 감소 / 영업적자 3/3년
45.8,22.5,82.5,알테오젠,00989619,196170,true,전문·과학·기술,연구개발업,GROWTH(성장자금형),502.3,0.385,282.5,0.275,-4245.6,-15,0.538,2.006,4300.2,46.9,3,0.073,0,0,measured_cashbridge,2025,api,1241.3,334.2,,,907.1,54.6,13.1,-2506.6,2311.2,-3576.5,7.1197,unavailable,성장,성장자금형(positive): 매출 CAGR 38% + 마진 유지 · capex/매출 66.5%,0.1,company_history,,,,,3년 순부채 +47억 vs EBITDA합 -49억 / 현금 2년 연속 감소 / 영업적자 2/3년
45.7,40,50.8,(주)케이알,00242439,035950,true,제조업,금속가공제품,REFI(롤오버형),542.7,0.019,24.5,0.045,228.9,9.4,1.374,0.826,23.3,-10.7,-0.137,-0.35,0,,netdebt_inferred,,,,,,,,,,,,,,,부실·리파이낸싱,부실·리파이낸싱(neutral): 레버리지·유동성 부담 — 구조적/일시적 판단 보류,0.02,company_history,,,,,순부채/EBITDA 9.4x / 유동비율 83% / 현금/매출 4%
45.5,38.7,52.2,TYM,00117230,002900,true,제조업,기타 기계·장비,REFI(롤오버형),7002.7,-0.021,346,0.044,1839.4,5.3,1.023,1.34,923.9,87.7,0.033,,0,0,measured_cashbridge,2025,api,1312.7,212.7,45,,1100,,,,146.2,,,unavailable,부실·리파이낸싱,부실·리파이낸싱(negative): 구조적 악화 (영업적자 0/3년),0.02,company_history,,,,,"순부채/EBITDA 5.3x / EBITDA마진 10%→4% / 3년 순부채 +88억 vs EBITDA합 2,651억"
45.3,20,85,동방선기,00526678,099410,true,제조업,기타 운송장비,GROWTH(성장자금형),418.8,0.19,107.4,0.257,-126.4,-1.2,0.343,4.518,130.1,148.8,1.272,1.168,0,0,measured_cashbridge,2025,api,101.1,2.7,,,94.4,3.7,,-85.2,0.9,15.1,0.0359,op+dep,성장,성장자금형(positive): 매출 CAGR 19% + 마진 유지 · capex/매출 0.6%,0.02,company_history,,,,,3년 순부채 +149억 vs EBITDA합 117억 / 매출 1원 성장에 순부채 1.17원
45.2,51,29,소룩스,00605522,290690,true,제조업,전기장비,DISTRESS(구조조정형),382.7,-0.119,,,318.1,,0.558,0.427,47.5,171.2,3,,8,79,measured_cashbridge,2025,api,-27,6.9,,,-35.5,365.6,0.8,67.6,103.4,-54.8,0.1431,unavailable,부실·리파이낸싱,부실·리파이낸싱(negative): 구조적 악화 (영업적자 2/3년) | 이벤트(neutral): 합병 · 표대결 · 5% 지분 이동 — 승계·증여·분쟁 여부는 주주 레벨 사건이라 재무로 안 보임. 대주주 연령·지분율 개별 확인 필요,0.02,company_history,21,RECENTLY_FUNDED,2026-07-02,정정신고서제출요구( 2026.06.23. 제출 증권신고서(합병) ),3년 순부채 +171억 vs EBITDA합 -73억 / 유동비율 43% / 현금 2년 연속 감소 / 영업적자 2/3년 / 런웨이 21개월
45,45.4,38.3,오르비텍,00297989,046120,true,전문·과학·기술,건축기술·엔지니어링,DISTRESS(구조조정형),579.1,-0.007,,,578,,1.092,0.722,139.5,22.2,3,,91,435,measured_cashbridge,2025,api,-62.7,42,,,-114.2,717.5,581.3,440,43.9,343.3,0.5929,unavailable,부실·리파이낸싱,부실·리파이낸싱(negative): 구조적 악화 (영업적자 2/3년),0.1,company_history,27,,,,3년 순부채 +22억 vs EBITDA합 -40억 / 유동비율 72% / 영업적자 2/3년
44.9,36.5,54,부산주공,00124151,005030,true,제조업,자동차·트레일러,TIGHT(유동성형),1767.5,-0.085,,,1300.1,,10.345,0.681,0.1,-153.3,-0.512,-0.585,248,675,measured_cashbridge,2025,api,-65.9,17.2,,,-83.1,1300.2,1300.2,89.6,18.6,5.1,0.0029,unavailable,부실·리파이낸싱,부실·리파이낸싱(negative): 구조적 악화 (영업적자 0/3년) | 이벤트(neutral): 분할·카브아웃 · 표대결 · 5% 지분 이동 — 승계·증여·분쟁 여부는 주주 레벨 사건이라 재무로 안 보임. 대주주 연령·지분율 개별 확인 필요,0.02,company_history,0,DISTRESS_EVENT,2026-02-06,[기재정정]주요사항보고서(유상증자결정),부채비율 1035% / 유동비율 68% / 현금/매출 0% / 런웨이 0개월
44.9,51.2,27.5,리더스코스메틱,00180263,016100,true,제조업,펄프·종이 제조,DISTRESS(구조조정형),575.7,-0.056,-10.2,-0.014,237.7,,1.43,0.547,55.6,-14.1,-9.911,,84,275,measured_cashbridge,2025,api,-35.2,29.4,,,-69.3,293.4,260.6,79.8,37.7,6.8,0.0119,unavailable,부실·리파이낸싱,부실·리파이낸싱(negative): 구조적 악화 (영업적자 2/3년),0.077,company_history,19,,,,EBITDA 적자 -10억 / 유동비율 55% / 영업적자 2/3년 / 런웨이 19개월
44.9,41.9,44,코다코,00295857,046070,true,제조업,자동차·트레일러,DISTRESS(구조조정형),2710.4,-0.044,,,1071,,30.594,0.38,54.1,-818.9,0,,413,1239,measured_cashbridge,2025,api,-192.1,126.1,,,-320.9,1125.1,921.2,94.1,118.2,-216.2,0.0798,unavailable,부실·리파이낸싱,부실·리파이낸싱(negative): 구조적 악화 (영업적자 2/3년) | 이벤트(neutral): 분할·카브아웃 · 5% 지분 이동 — 승계·증여·분쟁 여부는 주주 레벨 사건이라 재무로 안 보임. 대주주 연령·지분율 개별 확인 필요,0.02,company_history,3,DISTRESS_EVENT,2026-05-20,주요사항보고서(유상증자결정),부채비율 3059% / 유동비율 38% / 현금/매출 2% / 영업적자 2/3년 / 런웨이 3개월
44.9,26.7,71.5,지오엘리먼트,00668965,311320,true,제조업,전자부품·컴퓨터·통신장비,WC_BURN(운전자본형),546.2,0.24,,,-25.4,,0.239,3.716,58.7,177.1,1.047,0.768,0,0,measured_cashbridge,2025,api,73.1,44.2,6.3,,26.9,33.3,28.2,-15.4,84.4,-26.7,0.0489,unavailable,성장,성장자금형(neutral): 매출 CAGR 24% — EBITDA 마진을 구하지 못해 기존사업 훼손 여부 판정 불가 (capex/매출 8.1%),0.073,company_history,,,,,3년 순부채 +177억 vs EBITDA합 169억 / 매출 1원 성장에 순부채 0.77원
44.8,18.4,86.2,지앤비에스 에코,00958327,382800,true,제조업,기타 기계·장비,WC_BURN(운전자본형),689.3,0.107,126,0.178,-48.4,-0.4,0.184,10.529,171.2,160.1,0.34,0.858,0,0,measured_cashbridge,2025,api,89,81.2,,,4.8,122.7,5.5,-3.2,94.6,-8.8,0.0128,unavailable,성장,성장자금형(negative): 매출 CAGR 11% 인데 EBITDA마진 4.3%p 훼손 — 기존사업 하락을 외형성장으로 마스킹하는지 확인 필요,0.034,company_history,,,,,EBITDA마진 22%→18% / 3년 순부채 +160억 vs EBITDA합 471억 / 매출 1원 성장에 순부채 0.86원
44.6,19.3,83.7,넥센타이어,00173874,002350,true,제조업,고무·플라스틱제품,WC_BURN(운전자본형),23165.4,0.111,4074.1,0.143,2818.1,0.7,1.292,1.574,2997,5048.9,0.541,0.657,0,0,measured_cashbridge,2025,api,3513.7,2228.8,133.8,,1284.9,5815.1,5728.6,-3180.1,1695.1,-1361.5,0.0588,unavailable,성장,성장자금형(positive): 매출 CAGR 11% + 마진 유지 · capex/매출 9.6% | 이벤트(neutral): 5% 지분 이동 — 승계·증여·분쟁 여부는 주주 레벨 사건이라 재무로 안 보임. 대주주 연령·지분율 개별 확인 필요,0.048,company_history,,IN_MOTION,2025-07-08,투자설명서,"3년 순부채 +5,049억 vs EBITDA합 9,330억 / 매출 1원 성장에 순부채 0.66원 / 현금 2년 연속 감소"
44.6,15.9,89.8,한글과컴퓨터,00204262,030520,true,정보통신,출판업,WC_BURN(운전자본형),1286.3,0.08,617,0.202,-1309.9,-2.1,0.467,2.086,1630.8,591.3,0.342,0.938,0,0,measured_cashbridge,2025,api,697.3,161.1,98.7,,470.8,320.9,99,-307.1,426.5,-28.3,0.022,unavailable,성장,성장자금형(negative): 매출 CAGR 8% 인데 EBITDA마진 3.5%p 훼손 — 기존사업 하락을 외형성장으로 마스킹하는지 확인 필요,0.1,company_history,,,,,"EBITDA마진 24%→20% / 3년 순부채 +591억 vs EBITDA합 1,731억 / 매출 1원 성장에 순부채 0.94원"
44.5,29.4,65.1,케이엔제이,00769158,272110,true,제조업,전자부품·컴퓨터·통신장비,WC_BURN(운전자본형),844.4,0.107,,,649.2,,1.372,1.367,167.7,135.1,0.263,0.86,0,25,measured_cashbridge,2025,api,182.4,218.5,,,-41.3,816.9,362.9,209.8,128.3,264,0.3126,unavailable,성장,성장자금형(neutral): 매출 CAGR 11% — EBITDA 마진을 구하지 못해 기존사업 훼손 여부 판정 불가 (capex/매출 25.9%),0.02,company_history,,,,,3년 순부채 +135억 vs EBITDA합 514억 / 매출 1원 성장에 순부채 0.86원 / 현금 2년 연속 감소
44.4,53.2,22,케이엠더블유,00226352,032500,true,제조업,전자부품·컴퓨터·통신장비,DISTRESS(구조조정형),975.2,-0.184,,,273.8,,0.88,0.86,451.4,1063.7,3,,0,542,measured_cashbridge,2025,api,-170.4,77.8,,,-250.7,725.3,569.1,134.6,-111.4,75.5,0.0775,unavailable,부실·리파이낸싱,부실·리파이낸싱(negative): 구조적 악화 (영업적자 3/3년) | 이벤트(neutral): 5% 지분 이동 — 승계·증여·분쟁 여부는 주주 레벨 사건이라 재무로 안 보임. 대주주 연령·지분율 개별 확인 필요,0.073,company_history,32,PRE_SIGNAL,,,"3년 순부채 +1,064억 vs EBITDA합 -1,103억 / 유동비율 86% / 현금 2년 연속 감소 / 영업적자 3/3년"
44.4,28.7,65.8,아이센스,00550994,099190,true,제조업,의료·정밀·광학기기,WC_BURN(운전자본형),3154.4,0.06,,,46.3,,0.707,1.52,995.1,544.2,0.726,0.935,0,0,measured_cashbridge,2025,api,201.2,284.6,27.6,,-83.4,1041.4,,484.4,384.8,300.8,0.0954,unavailable,성장,성장자금형(neutral): 매출 CAGR 6% — EBITDA 마진을 구하지 못해 기존사업 훼손 여부 판정 불가 (capex/매출 9.0%),0.1,company_history,,,,,3년 순부채 +544억 vs EBITDA합 749억 / 매출 1원 성장에 순부채 0.94원
44.4,49.3,29,브이씨,01354740,365900,true,제조업,기타 제품 제조,DISTRESS(구조조정형),469,-0.048,,,241,,1.239,0.695,98.2,182.7,3,,0,66,measured_cashbridge,2025,api,8.1,6.2,,,-5.8,339.2,330.5,-10.2,4.3,-6.4,0.0136,unavailable,부실·리파이낸싱,부실·리파이낸싱(negative): 구조적 악화 (영업적자 3/3년) | 이벤트(neutral): 5% 지분 이동 — 승계·증여·분쟁 여부는 주주 레벨 사건이라 재무로 안 보임. 대주주 연령·지분율 개별 확인 필요,0.1,company_history,,PRE_SIGNAL,,,3년 순부채 +183억 vs EBITDA합 -40억 / 유동비율 70% / 영업적자 3/3년
44.3,38.7,47.5,아모텍,00298447,052710,true,제조업,전자부품·컴퓨터·통신장비,DISTRESS(구조조정형),2537.7,0.056,62.6,0.025,921.6,14.7,1.262,0.969,327.7,-94.9,-0.904,-0.307,47,275,measured_cashbridge,2025,api,166.2,188.3,,,-22.2,1249.3,1035.7,37.7,116.5,87.4,0.0344,op+dep,부실·리파이낸싱,부실·리파이낸싱(negative): 구조적 악화 (영업적자 2/3년) | 성장자금형(positive): 매출 CAGR 6% + 마진 유지 · capex/매출 7.4% | 이벤트(neutral): 5% 지분 이동 — 승계·증여·분쟁 여부는 주주 레벨 사건이라 재무로 안 보임. 대주주 연령·지분율 개별 확인 필요,0.1,company_history,,RECENTLY_FUNDED,2026-07-30,[발행조건확정]증권신고서(지분증권),순부채/EBITDA 14.7x / 유동비율 97% / 영업적자 2/3년
44.3,31.1,61.4,위메이드,00444329,112040,true,정보통신,출판업,DISTRESS(구조조정형),6140.4,0.098,,,-3889.7,,1.148,0.687,3906.8,1256.4,3,0.333,0,0,measured_cashbridge,2025,api,642.6,89.1,,,499.8,17.1,,-1145.4,312.6,-815.4,0.1328,unavailable,부실·리파이낸싱,부실·리파이낸싱(neutral): 레버리지·유동성 부담 — 구조적/일시적 판단 보류 | 성장자금형(neutral): 매출 CAGR 10% — EBITDA 마진을 구하지 못해 기존사업 훼손 여부 판정 불가 (capex/매출 1.5%) | 이벤트(neutral): 지배구조 변동 · 5% 지분 이동 — 승계·증여·분쟁 여부는 주주 레벨 사건이라 재무로 안 보임. 대주주 연령·지분율 개별 확인 필요,0.1,company_history,,PRE_SIGNAL,,,"3년 순부채 +1,256억 vs EBITDA합 -1,279억 / 유동비율 69%"
44.3,43.5,39,위지윅스튜디오,01276327,299900,true,정보통신,영상·오디오 제작·배급,DISTRESS(구조조정형),1020,-0.114,,,-186.8,,0.834,0.709,467.1,587.6,3,,0,64,measured_cashbridge,2025,api,-92.9,15.9,,,-131.2,280.3,120,139.4,-44.5,91,0.0892,unavailable,부실·리파이낸싱,부실·리파이낸싱(negative): 구조적 악화 (영업적자 3/3년) | 이벤트(neutral): 분할·카브아웃 · 합병 · 표대결 · 5% 지분 이동 · 지분 인수·매각 — 승계·증여·분쟁 여부는 주주 레벨 사건이라 재무로 안 보임. 대주주 연령·지분율 개별 확인 필요,0.1,company_history,60,IN_MOTION,2025-06-18,주요사항보고서(전환사채권발행결정),3년 순부채 +588억 vs EBITDA합 -181억 / 유동비율 71% / 영업적자 3/3년
44.1,49,28,지역난방공사,00159698,071320,true,전기·가스·환경,전기·가스·증기 공급,TIGHT(유동성형),33605.8,-0.069,,,828.2,,2.576,0.511,276.1,13375.7,1.14,1.294,0,0,measured_cashbridge,2025,api,6773.5,3338.8,449.1,,3434.7,1104.3,83.9,-154.8,3724.9,2893.8,0.0861,unavailable,부실·리파이낸싱,부실·리파이낸싱(negative): 구조적 악화 (영업적자 0/3년) | 이벤트(neutral): 표대결 — 승계·증여·분쟁 여부는 주주 레벨 사건이라 재무로 안 보임. 대주주 연령·지분율 개별 확인 필요,0.015,company_history,,RECENTLY_FUNDED,2026-07-27,일괄신고추가서류,부채비율 258% / 3년 순부채 +1.3조 vs EBITDA합 1.2조 / 매출 1원 성장에 순부채 1.29원 / 유동비율 51% / 현금/매출 1%
44.1,59.7,9,대선조선(주),00110307,031990,true,제조업,기타 운송장비,DISTRESS(구조조정형),2017.5,-0.102,8.1,0.004,-384.4,-47.5,-37.039,0.284,389.2,1713.5,3,1.43,0,0,measured_cashbridge,2025,api,-6.9,16.1,,,-32.9,4.8,,-275.3,23.5,-305.7,0.1515,op+dep,부실·리파이낸싱,부실·리파이낸싱(negative): 구조적 악화 (영업적자 3/3년 · 자본잠식) | 이벤트(neutral): 분할·카브아웃 — 승계·증여·분쟁 여부는 주주 레벨 사건이라 재무로 안 보임. 대주주 연령·지분율 개별 확인 필요,0.02,company_history,677,RECENTLY_FUNDED,2026-07-31,주요사항보고서(유상증자결정),"자본잠식 / 3년 순부채 +1,714억 vs EBITDA합 -1,841억 / 매출 1원 성장에 순부채 1.43원 / 유동비율 28% / 영업적자 3/3년"
44,14.9,89.1,KZ정밀,00141389,036560,true,제조업,기타 기계·장비,GROWTH(성장자금형),753.8,0.127,183.7,0.163,181.6,1,0.263,1.846,118.4,374.7,0.655,1.103,0,33,measured_cashbridge,2025,api,121.6,8,126,,113.6,300,300,527.1,338.8,310,0.4112,unavailable,성장,성장자금형(positive): 매출 CAGR 13% + 마진 유지 · capex/매출 1.1% | 리캡(negative): 배당 126억 (매출의 16.7% · OCF의 104%) + 순부채 +527억 — 차입 배당 구조,0.096,company_history,,,,,3년 순부채 +375억 vs EBITDA합 572억 / 매출 1원 성장에 순부채 1.10원
44,19.1,81.5,옵투스제약,00831428,131030,true,제조업,의료용물질·의약품,WC_BURN(운전자본형),389.8,0.126,125.6,0.153,-197,-1.6,0.158,2.623,206.7,243.6,0.723,0.991,111,635,measured_cashbridge,2025,api,162.3,450.4,,,-288.2,9.7,7,297.5,317.9,241.9,0.6205,unavailable,성장,성장자금형(negative): 매출 CAGR 13% 인데 EBITDA마진 2.8%p 훼손 — 기존사업 하락을 외형성장으로 마스킹하는지 확인 필요,0.1,company_history,,,,,EBITDA마진 18%→15% / 3년 순부채 +244억 vs EBITDA합 337억 / 매출 1원 성장에 순부채 0.99원
43.9,47.4,30.4,금호전기,00106395,001210,true,제조업,전기장비,DISTRESS(구조조정형),305.5,0.085,-29.3,-0.055,25.8,,2.043,0.974,39.5,-47.5,0,-0.412,0,0,measured_cashbridge,2025,api,40.8,3.3,,,21.6,65.3,63,-54,20.2,-33.4,0.1093,unavailable,부실·리파이낸싱,부실·리파이낸싱(negative): 구조적 악화 (영업적자 3/3년),0.047,company_history,,,,,EBITDA 적자 -29억 / 부채비율 204% / 유동비율 97% / 영업적자 3/3년
43.7,28.2,64,대원강업,00111847,000430,true,제조업,자동차·트레일러,TIGHT(유동성형),14375.6,0.12,,,3059.3,,0.985,0.947,251.3,951.4,0.383,0.188,387,874,measured_cashbridge,2025,api,1112.2,1234.7,,,-122.5,3310.6,2952.3,383.4,1344.6,151,0.0105,unavailable,부실·리파이낸싱,부실·리파이낸싱(neutral): 레버리지·유동성 부담 — 구조적/일시적 판단 보류 | 성장자금형(neutral): 매출 CAGR 12% — EBITDA 마진을 구하지 못해 기존사업 훼손 여부 판정 불가 (capex/매출 8.6%),0.02,company_history,,,,,"3년 순부채 +951억 vs EBITDA합 2,484억 / 유동비율 95% / 현금/매출 2%"
43.7,27.8,64.8,화승알앤에이,01532603,378850,true,제조업,자동차·트레일러,TIGHT(유동성형),7145.6,0.028,447.2,0.063,1274.4,2.8,1.876,0.836,193.3,-408.9,-0.299,-0.203,0,0,measured_cashbridge,2025,api,498.6,186.9,14.2,,311.7,1467.7,1430,-325.9,168.6,4.2,0.0006,op+dep,부실·리파이낸싱,부실·리파이낸싱(neutral): 레버리지·유동성 부담 — 구조적/일시적 판단 보류 | 이벤트(neutral): 지배구조 변동 · 표대결 · 5% 지분 이동 — 승계·증여·분쟁 여부는 주주 레벨 사건이라 재무로 안 보임. 대주주 연령·지분율 개별 확인 필요,0.02,company_history,,PRE_SIGNAL,,,유동비율 84% / 현금/매출 3%
43.6,33.6,54,대동기어,00109310,008830,true,제조업,기타 기계·장비,TIGHT(유동성형),2087.4,-0.048,,,67.5,,2.406,0.657,50.5,142.6,0.347,0.263,164,517,measured_cashbridge,2025,api,96.3,257.7,3.6,,-161.3,118,55.2,-43.9,265.8,-213.3,0.1022,unavailable,부실·리파이낸싱,부실·리파이낸싱(negative): 구조적 악화 (영업적자 0/3년) | 이벤트(neutral): 5% 지분 이동 — 승계·증여·분쟁 여부는 주주 레벨 사건이라 재무로 안 보임. 대주주 연령·지분율 개별 확인 필요,0.02,company_history,,RECENTLY_FUNDED,2026-07-15,[발행조건확정]증권신고서(지분증권),부채비율 241% / 3년 순부채 +143억 vs EBITDA합 411억 / 유동비율 66% / 현금/매출 2%
43.6,25.2,69,한국무브넥스,00160418,010100,true,제조업,자동차·트레일러,GROWTH(성장자금형),15674.1,0.16,808.5,0.052,1243.8,1.5,1.46,1.084,442,474.9,0.193,0.084,77,,netdebt_inferred,,,,,,,,,,,,,,,성장,성장자금형(positive): 매출 CAGR 16% + 마진 유지,0.024,company_history,,,,,"3년 순부채 +475억 vs EBITDA합 2,461억 / 유동비율 108% / 현금/매출 3%"
43.6,33.5,54,대호특수강,00166175,021040,true,제조업,1차 금속,TIGHT(유동성형),2617.9,-0.052,,,732.6,,3.531,0.931,16.1,-76.2,-0.308,-0.091,0,0,measured_cashbridge,2025,api,137.2,25.7,,,111.6,748.7,651.4,-101.3,23.4,12.5,0.0048,unavailable,부실·리파이낸싱,부실·리파이낸싱(negative): 구조적 악화 (영업적자 0/3년) | 이벤트(neutral): 분할·카브아웃 · 지배구조 변동 · 5% 지분 이동 — 승계·증여·분쟁 여부는 주주 레벨 사건이라 재무로 안 보임. 대주주 연령·지분율 개별 확인 필요,0.02,company_history,,PRE_SIGNAL,,,부채비율 353% / 유동비율 93% / 현금/매출 1%
43.5,43.9,35,이아이디,00480950,093230,true,도소매,도매·상품중개,DISTRESS(구조조정형),1994.8,-0.095,-6.2,-0.003,954.7,,0.397,0.725,156.6,-332.5,0,-1.124,62,416,measured_cashbridge,2025,api,-53,31,,,-89.4,1111.3,1097.5,389.9,226.6,110.4,0.0553,op+dep,부실·리파이낸싱,부실·리파이낸싱(negative): 구조적 악화 (영업적자 2/3년),0.021,company_history,35,,,,EBITDA 적자 -6억 / 유동비율 73% / 영업적자 2/3년
43.5,26.9,65.6,패션플랫폼,01010572,256090,true,제조업,의복·모피 제조,WC_BURN(운전자본형),1046,0.066,48.6,0.046,2.2,0,0.344,4.21,111.5,114.8,0.362,0.63,0,,netdebt_inferred,,,,,,,,,,,,,,,성장,성장자금형(negative): 매출 CAGR 7% 인데 EBITDA마진 7.2%p 훼손 — 기존사업 하락을 외형성장으로 마스킹하는지 확인 필요,0.02,company_history,,,,,EBITDA마진 12%→5% / 3년 순부채 +115억 vs EBITDA합 317억 / 매출 1원 성장에 순부채 0.63원
43.2,42,37.1,일진디스플,00198697,020760,true,제조업,전자부품·컴퓨터·통신장비,REFI(롤오버형),546.4,-0.042,31.5,0.035,193.9,6.2,1.357,0.81,72.9,-483.8,-8.51,,18,160,measured_cashbridge,2025,api,1,50.6,,,-49.5,266.8,211.8,35.2,19.6,16.7,0.0305,unavailable,부실·리파이낸싱,부실·리파이낸싱(negative): 구조적 악화 (영업적자 1/3년),0.02,company_history,,,,,순부채/EBITDA 6.2x / 유동비율 81% / 현금 2년 연속 감소
43.2,28.2,61.9,아세아텍,00138747,050860,true,제조업,기타 기계·장비,WC_BURN(운전자본형),896.5,0.051,82.1,0.066,124.1,1.5,0.515,2.206,304.1,301.1,0.805,1.742,0,0,measured_cashbridge,2025,api,132.2,32.3,10.2,,97.8,428.2,428,-57.1,83.3,-8.1,0.0091,unavailable,성장,성장자금형(negative): 매출 CAGR 5% 인데 EBITDA마진 3.2%p 훼손 — 기존사업 하락을 외형성장으로 마스킹하는지 확인 필요,0.038,company_history,,,,,EBITDA마진 10%→7% / 3년 순부채 +301억 vs EBITDA합 374억 / 매출 1원 성장에 순부채 1.74원
43.2,11.2,92.5,에이치브이엠,01011368,295310,true,제조업,1차 금속,GROWTH(성장자금형),665.3,0.187,101.6,0.153,217.7,2.1,0.923,2.842,312.6,70.8,0.503,0.426,36,688,measured_cashbridge,2025,api,-88.3,215,,,-307,530.3,186.9,57.3,274.7,-305.7,0.4596,op+dep,성장,성장자금형(positive): 매출 CAGR 19% + 마진 유지 · capex/매출 32.3%,0.035,company_history,42,,,,3년 순부채 +71억 vs EBITDA합 141억
43.1,28.6,61.1,해태제과식품,00428321,101530,true,제조업,식료품 제조,TIGHT(유동성형),6413.9,0.028,,,1973.9,,1.295,0.561,126.3,47.6,0.023,0.077,29,61,measured_cashbridge,2025,api,530.2,332.5,66.3,,141.8,2100.1,1102.5,37.2,464.5,102.9,0.016,unavailable,부실·리파이낸싱,부실·리파이낸싱(neutral): 레버리지·유동성 부담 — 구조적/일시적 판단 보류,0.02,company_history,,,,,"3년 순부채 +48억 vs EBITDA합 2,111억 / 유동비율 56% / 현금/매출 2%"
43,33.6,51.5,국도화학,00104388,007690,true,제조업,화학물질·화학제품,REFI(롤오버형),13955.6,-0.045,1067,0.077,4612.8,4.3,0.996,1.487,1076.1,1702,0.645,,0,1479,measured_cashbridge,2025,api,90.4,427.9,50,,-354.6,5688.9,3500.3,91.5,205.7,-23.8,0.0017,op+dep,부실·리파이낸싱,부실·리파이낸싱(negative): 구조적 악화 (영업적자 0/3년),0.02,company_history,,,,,"순부채/EBITDA 4.3x / 3년 순부채 +1,702억 vs EBITDA합 2,638억"
42.8,23.7,68.7,엠투엔,00143226,033310,true,제조업,전자부품·컴퓨터·통신장비,GROWTH(성장자금형),865.5,0.449,49.5,0.057,51.9,1,0.331,1.421,137.3,243.3,3.158,0.383,0,0,measured_cashbridge,2025,api,30.5,27,,,1.3,189.1,89.1,-4.6,123,-97.1,0.1122,op+dep,성장,성장자금형(positive): 매출 CAGR 45% + 마진 유지 · capex/매출 3.1% | 이벤트(neutral): 지배구조 변동 · 5% 지분 이동 — 승계·증여·분쟁 여부는 주주 레벨 사건이라 재무로 안 보임. 대주주 연령·지분율 개별 확인 필요,0.02,company_history,,PRE_SIGNAL,,,3년 순부채 +243억 vs EBITDA합 77억
42.8,21.3,73,이지홀딩스,00242378,035810,true,제조업,식료품 제조,GROWTH(성장자금형),28224.1,0.183,2135.1,0.065,6573.7,3.1,1.345,1.092,3922.2,2214,0.385,0.17,0,0,measured_cashbridge,2025,api,2364,827,281,,1537,10495.8,8906.5,-1816.8,782.1,-234.8,0.0083,unavailable,성장,성장자금형(positive): 매출 CAGR 18% + 마진 유지 · capex/매출 2.9%,0.068,company_history,,,,,"순부채/EBITDA 3.1x / 3년 순부채 +2,214억 vs EBITDA합 5,751억 / 유동비율 109%"
42.8,45.5,29.1,아이큐어,00554352,175250,true,제조업,의료용물질·의약품,DISTRESS(구조조정형),789.9,0.025,-84,-0.121,-28.4,,2.7,0.588,82.7,-290.6,0,-5.901,48,214,measured_cashbridge,2025,api,-26.8,54.8,,,-81.6,54.3,13.1,119.8,-11.7,104.6,0.1324,unavailable,부실·리파이낸싱,부실·리파이낸싱(negative): 구조적 악화 (영업적자 3/3년),0.06,company_history,37,,,,EBITDA 적자 -84억 / 부채비율 270% (3년 152%p↑) / 유동비율 59% / 영업적자 3/3년
42.6,43,33,효성티앤씨,01316227,298020,true,제조업,화학물질·화학제품,TIGHT(유동성형),76948.4,-0.047,,,9323.8,,1.933,0.771,783.3,1522,0.112,,1363,2888,measured_cashbridge,2025,api,4561.3,4630.5,431.6,,-69.2,10107.1,,6302.5,12928.7,-2064.8,0.0268,unavailable,부실·리파이낸싱,부실·리파이낸싱(negative): 구조적 악화 (영업적자 0/3년),0.02,company_history,,,,,"3년 순부채 +1,522억 vs EBITDA합 1.4조 / 유동비율 77% / 현금/매출 1% / 현금 2년 연속 감소"
42.6,17,79.6,(주)대아건설,00110963,000380,true,건설업,종합 건설,GROWTH(성장자금형),632.5,0.394,48.6,0.077,-148.5,-3.1,0.273,3.242,26.6,22.9,0.376,0.057,0,,netdebt_inferred,,,,,,,,,,,,,,,성장,성장자금형(positive): 매출 CAGR 39% + 마진 유지,0.025,company_history,,,,,3년 순부채 +23억 vs EBITDA합 61억 / 현금/매출 4%
42.5,38.9,39.9,와이씨켐,00619507,112290,true,제조업,화학물질·화학제품,DISTRESS(구조조정형),830.9,0.003,,,660.1,,2.524,0.801,85.1,-44.3,-1.107,-1.143,122,495,measured_cashbridge,2025,api,16,141.2,0,,-132.6,745.2,541.3,61.9,307.5,-229.6,0.2764,unavailable,부실·리파이낸싱,부실·리파이낸싱(negative): 구조적 악화 (영업적자 3/3년) | 이벤트(neutral): 분할·카브아웃 · 5% 지분 이동 — 승계·증여·분쟁 여부는 주주 레벨 사건이라 재무로 안 보임. 대주주 연령·지분율 개별 확인 필요,0.02,company_history,,IN_MOTION,2025-09-29,주요사항보고서(전환사채권발행결정),부채비율 252% (3년 181%p↑) / 유동비율 80% / 영업적자 3/3년
42.4,13.4,85.6,큐브엔터,00985686,182360,true,정보통신,영상·오디오 제작·배급,GROWTH(성장자금형),872.3,0.448,211.8,0.097,-394.1,-1.9,0.605,1.005,409,178,0.343,0.122,0,0,measured_cashbridge,2025,api,427,5.3,,,421.7,14.9,14.9,-165,92.1,231.1,0.265,unavailable,성장,성장자금형(positive): 매출 CAGR 45% + 마진 유지 · capex/매출 0.6%,0.091,company_history,,,,,3년 순부채 +178억 vs EBITDA합 519억 / 유동비율 100%
42.3,17.2,78.2,애경산업,00139454,018250,true,제조업,화학물질·화학제품,WC_BURN(운전자본형),3673.5,0.058,629.7,0.093,-610.7,-1,0.247,3.177,687,666.9,0.343,0.634,0,0,measured_cashbridge,2025,api,410.2,102,146.1,,298.9,76.3,71.4,-94.1,41.9,274.2,0.0746,unavailable,성장,성장자금형(positive): 매출 CAGR 6% + 마진 유지 · capex/매출 2.8%,0.034,company_history,,,,,"3년 순부채 +667억 vs EBITDA합 1,944억 / 매출 1원 성장에 순부채 0.63원 / 현금 2년 연속 감소"
42.2,46.3,25.5,푸드나무,01259311,290720,true,도소매,소매(자동차 제외),DISTRESS(구조조정형),868.1,-0.263,,,-180.8,,1.469,0.904,210.5,802.3,3,,38,437,measured_cashbridge,2025,api,-152.1,14.2,,,-199.4,29.7,,-29.6,-122.5,170.8,0.1968,unavailable,부실·리파이낸싱,부실·리파이낸싱(negative): 구조적 악화 (영업적자 3/3년) | 이벤트(neutral): 지배구조 변동 · 5% 지분 이동 — 승계·증여·분쟁 여부는 주주 레벨 사건이라 재무로 안 보임. 대주주 연령·지분율 개별 확인 필요,0.057,company_history,17,DISTRESS_EVENT,2026-08-04,[기재정정]주요사항보고서(유상증자결정),3년 순부채 +802억 vs EBITDA합 -140억 / 유동비율 90% / 영업적자 3/3년 / 런웨이 17개월
42.1,22.5,67.7,우진비앤지,00103547,018620,true,제조업,의료용물질·의약품,GROWTH(성장자금형),382.3,0.123,42.2,0.076,172.2,4.1,0.705,1.201,136.3,56.9,0.461,0.349,0,0,measured_cashbridge,2025,api,38.7,28.1,,,5.5,308.5,109,27.7,32.1,34.3,0.0898,unavailable,부실·리파이낸싱,부실·리파이낸싱(neutral): 레버리지·유동성 부담 — 구조적/일시적 판단 보류 | 성장자금형(positive): 매출 CAGR 12% + 마진 유지 · capex/매출 7.4%,0.07,company_history,,,,,순부채/EBITDA 4.1x / 3년 순부채 +57억 vs EBITDA합 124억
42,6.6,96.1,매커스,00596677,093520,true,도소매,도매·상품중개,GROWTH(성장자금형),1798.9,0.124,272.4,0.137,-757.4,-2.8,0.864,2.053,947.4,110.4,0.129,0.188,0,0,measured_cashbridge,2025,api,709.7,41.5,19.1,,668.2,190,190,-513.8,63.1,132.8,0.0738,unavailable,성장,성장자금형(negative): 매출 CAGR 12% 인데 EBITDA마진 3.1%p 훼손 — 기존사업 하락을 외형성장으로 마스킹하는지 확인 필요,0.1,company_history,,,,,EBITDA마진 17%→14% / 3년 순부채 +110억 vs EBITDA합 857억
41.9,21.2,69.4,휴온스글로벌,00228059,084110,true,제조업,의료용물질·의약품,WC_BURN(운전자본형),8474.5,0.085,,,1120.3,,0.43,1.917,1932,1496.6,0.367,0.627,0,0,measured_cashbridge,2025,api,936.1,518.7,256.1,,394.5,3052.3,2026,637.8,1479.8,94.1,0.0111,unavailable,성장,성장자금형(neutral): 매출 CAGR 8% — EBITDA 마진을 구하지 못해 기존사업 훼손 여부 판정 불가 (capex/매출 6.1%),0.1,company_history,,,,,"3년 순부채 +1,497억 vs EBITDA합 4,073억 / 매출 1원 성장에 순부채 0.63원"
41.8,48.2,20.3,아시아경제,00665676,127710,true,정보통신,정보서비스,DISTRESS(구조조정형),381.7,-0.235,,,-809.8,,2.592,0.967,821.8,1937.5,3,5.515,0,0,measured_cashbridge,2025,api,276.7,23.5,0,,247,12,4.5,-33.2,4.8,238.9,0.626,unavailable,부실·리파이낸싱,부실·리파이낸싱(negative): 구조적 악화 (영업적자 2/3년) | 이벤트(neutral): 5% 지분 이동 · 지분 인수·매각 — 승계·증여·분쟁 여부는 주주 레벨 사건이라 재무로 안 보임. 대주주 연령·지분율 개별 확인 필요,0.1,company_history,,PRE_SIGNAL,,,"부채비율 259% / 3년 순부채 +1,938억 vs EBITDA합 -516억 / 매출 1원 성장에 순부채 5.52원 / 유동비율 97% / 현금 2년 연속 감소 / 영업적자 2/3년"
41.7,9.5,89.5,강원랜드,00255619,035250,true,예술·여가,스포츠·오락,GROWTH(성장자금형),10940.4,0.219,3197,0.292,-11178.4,-3.5,0.222,4.034,32096,4449.2,0.435,0.697,0,0,measured_cashbridge,2025,api,2944.7,1216,,,1728.7,,,,943.7,,,op+dep,성장,성장자금형(positive): 매출 CAGR 22% + 마진 유지 · capex/매출 11.1%,0.034,company_history,,,,,"3년 순부채 +4,449억 vs EBITDA합 1.0조 / 매출 1원 성장에 순부채 0.70원"
41.7,25.3,61.2,(주)평산,00220181,089480,true,제조업,금속가공제품,TIGHT(유동성형),664.9,0.05,42.9,0.065,132.5,3.1,1.112,0.966,0.6,-103.8,-0.788,-1.141,0,,netdebt_inferred,,,,,,,,,,,,,,,부실·리파이낸싱,부실·리파이낸싱(neutral): 레버리지·유동성 부담 — 구조적/일시적 판단 보류 | 성장자금형(positive): 매출 CAGR 5% + 마진 유지,0.02,company_history,,,,,순부채/EBITDA 3.1x / 유동비율 97% / 현금/매출 0%
41.5,3.4,100,아이패밀리에스씨,00692254,114840,true,제조업,화학물질·화학제품,GROWTH(성장자금형),1358.2,0.42,344.1,0.168,-374.2,-1.1,0.363,2.965,395.5,234.5,0.34,0.176,0,0,measured_cashbridge,2025,api,430.5,26.8,55.2,,403.7,21.3,14.8,-207.2,237.9,-14.7,0.0108,unavailable,성장,성장자금형(positive): 매출 CAGR 42% + 마진 유지 · capex/매출 2.0%,0.069,company_history,,,,,3년 순부채 +235억 vs EBITDA합 690억
41.5,15.5,78.1,모티브링크(주),00367400,463480,true,제조업,전자부품·컴퓨터·통신장비,GROWTH(성장자금형),674.1,0.507,59.8,0.072,-22.7,-0.4,0.743,1.798,174.9,98.9,0.773,0.168,0,5,measured_cashbridge,2025,api,-3.8,36.3,,,-42.9,152.2,103.9,-126.7,211.7,-155.6,0.2308,unavailable,성장,성장자금형(positive): 매출 CAGR 51% + 마진 유지 · capex/매출 5.4%,0.02,company_history,552,,,,3년 순부채 +99억 vs EBITDA합 128억
41.4,42.4,29.4,호텔신라,00165680,008770,true,도소매,소매(자동차 제외),REFI(롤오버형),40683.1,-0.062,1543.1,0.038,9445.7,6.1,2.201,1.08,3382.9,68.9,0.013,0.041,0,1546,measured_cashbridge,2025,api,1036.2,535.6,0,,-334.8,12828.7,5433.7,1303.9,1871.3,468.8,0.0115,op+dep,부실·리파이낸싱,부실·리파이낸싱(negative): 구조적 악화 (영업적자 1/3년),0.06,company_history,,,,,"순부채/EBITDA 6.1x / 부채비율 220% / 3년 순부채 +69억 vs EBITDA합 5,506억 / 유동비율 108% / 현금 2년 연속 감소"
41.2,54.3,7.2,디에이테크놀로지,00660121,196490,true,제조업,기타 기계·장비,DISTRESS(구조조정형),333.2,-0.144,,,-47.3,,-4.605,0.297,47.5,104.7,3,,0,0,measured_cashbridge,2025,api,2.2,0,,,0.9,0.2,,-11.2,-10.9,1.8,0.0054,unavailable,부실·리파이낸싱,부실·리파이낸싱(negative): 구조적 악화 (영업적자 3/3년 · 자본잠식) | 이벤트(neutral): 지배구조 변동 · 5% 지분 이동 — 승계·증여·분쟁 여부는 주주 레벨 사건이라 재무로 안 보임. 대주주 연령·지분율 개별 확인 필요,0.029,company_history,,DISTRESS_EVENT,2026-05-07,[첨부정정]주요사항보고서(유상증자결정),자본잠식 / 3년 순부채 +105억 vs EBITDA합 -794억 / 유동비율 30% / 영업적자 3/3년
41.2,2.6,100,전진건설로봇(주),00372129,079900,true,제조업,기타 기계·장비,GROWTH(성장자금형),1357.5,0.202,343.3,0.217,-513.8,-1.5,0.47,2.193,524.5,126.7,0.152,0.189,0,0,measured_cashbridge,2025,api,323.4,148.7,,,174.7,10.7,4.6,173.6,69.9,427.1,0.3146,unavailable,성장,성장자금형(positive): 매출 CAGR 20% + 마진 유지 · capex/매출 11.0%,0.079,company_history,,,,,3년 순부채 +127억 vs EBITDA합 834억
41.2,9.7,87.5,(주)폴레드,01565364,487580,true,제조업,자동차·트레일러,GROWTH(성장자금형),799.3,0.554,112.5,0.141,-15.7,-0.1,0.45,2.011,87.3,14.2,0.208,0.04,0,0,measured_cashbridge,2025,audit,93.5,10,,,74.8,71.7,33.3,-10.5,87.1,-4.1,0.0052,op+dep,성장,성장자금형(positive): 매출 CAGR 55% + 마진 유지 · capex/매출 1.3%,0.096,company_history,,,,,3년 순부채 +14억 vs EBITDA합 68억 / 현금 2년 연속 감소
41.1,25.6,58.5,한국팩키지,00198192,037230,true,제조업,펄프·종이 제조,TIGHT(유동성형),2240.8,0.01,,,591.4,,0.961,0.699,25.2,18.2,0.057,0.011,0,0,measured_cashbridge,2025,api,195.1,13.3,11.9,,181.8,616.6,616.6,-139.7,17.5,37.9,0.0169,unavailable,부실·리파이낸싱,부실·리파이낸싱(neutral): 레버리지·유동성 부담 — 구조적/일시적 판단 보류 | 이벤트(neutral): 5% 지분 이동 — 승계·증여·분쟁 여부는 주주 레벨 사건이라 재무로 안 보임. 대주주 연령·지분율 개별 확인 필요,0.02,company_history,,PRE_SIGNAL,,,3년 순부채 +18억 vs EBITDA합 321억 / 유동비율 70% / 현금/매출 1%
41.1,48.6,16.8,아이에이,00252269,038880,true,제조업,전자부품·컴퓨터·통신장비,DISTRESS(구조조정형),349.9,-0.222,,,228,,0.797,0.442,57.9,418.6,3,,105,389,measured_cashbridge,2025,api,-100.7,20.3,,,-125.2,285.9,172.5,-185.2,156.8,-442.7,1.2653,unavailable,부실·리파이낸싱,부실·리파이낸싱(negative): 구조적 악화 (영업적자 3/3년) | 이벤트(neutral): 분할·카브아웃 · 표대결 · 5% 지분 이동 — 승계·증여·분쟁 여부는 주주 레벨 사건이라 재무로 안 보임. 대주주 연령·지분율 개별 확인 필요,0.02,company_history,7,RECENTLY_FUNDED,2026-07-13,[첨부추가]주요사항보고서(전환사채권발행결정),3년 순부채 +419억 vs EBITDA합 -146억 / 유동비율 44% / 영업적자 3/3년 / 런웨이 7개월
41,19.4,69,노랑풍선,00632845,104620,true,사업지원·임대,사업지원 서비스,DISTRESS(구조조정형),1197,0.759,,,-74,,2.106,0.908,339.9,-227.6,0,-0.176,0,0,measured_cashbridge,2025,api,68.1,8.2,,,59.9,265.8,145.8,-119.3,-27.6,-23.6,0.0197,unavailable,부실·리파이낸싱,부실·리파이낸싱(neutral): 레버리지·유동성 부담 — 구조적/일시적 판단 보류 | 이벤트(neutral): 5% 지분 이동 — 승계·증여·분쟁 여부는 주주 레벨 사건이라 재무로 안 보임. 대주주 연령·지분율 개별 확인 필요,0.042,company_history,,PRE_SIGNAL,,,부채비율 211% / 유동비율 91%
40.7,15.5,75,NI스틸,00116301,008260,true,제조업,1차 금속,TIGHT(유동성형),2479.4,-0.113,582.1,0.235,-41.9,-0.1,0.909,0.55,49.1,21.5,0.009,0.079,169,563,measured_cashbridge,2025,api,398.9,506.5,28.2,,-120.5,7.1,,-3.4,,,,op+dep,부실·리파이낸싱,부실·리파이낸싱(negative): 구조적 악화 (영업적자 0/3년),0.02,company_history,,,,,"3년 순부채 +21억 vs EBITDA합 2,485억 / 유동비율 55% / 현금/매출 2%"
40.7,32.6,44.3,INVENI,00105101,015360,true,전문·과학·기술,전문서비스업,TIGHT(유동성형),11603.5,-0.035,612,0.053,1248.5,2,1.547,0.781,287.6,-750.9,-0.511,,0,,netdebt_inferred,,,,,,,,,,,,,,,부실·리파이낸싱,부실·리파이낸싱(negative): 구조적 악화 (영업적자 0/3년),0.025,company_history,,,,,유동비율 78% / 현금/매출 2% / 현금 2년 연속 감소
40.7,12.7,80,코미팜,00187415,041960,true,제조업,의료용물질·의약품,GROWTH(성장자금형),354.1,0.179,92.9,0.158,127.8,1.4,0.859,1.298,278.9,19,0.289,0.083,0,10,measured_cashbridge,2025,api,-6.2,44.7,,,-50.9,406.7,335.5,-86.1,-58.4,-33.8,0.0956,unavailable,성장,성장자금형(positive): 매출 CAGR 18% + 마진 유지 · capex/매출 12.6%,0.1,company_history,540,,,,3년 순부채 +19억 vs EBITDA합 66억 / 영업적자 2/3년
40.7,32.9,43.5,한솔제지,01060744,213500,true,제조업,펄프·종이 제조,TIGHT(유동성형),22900.4,-0.023,,,,,1.858,0.863,467.5,467.6,0.106,0.123,319,999,measured_cashbridge,2025,api,666,775,118.9,,-201.6,,,,823.3,,,unavailable,부실·리파이낸싱,부실·리파이낸싱(negative): 구조적 악화 (영업적자 0/3년) | 이벤트(neutral): 표대결 · 5% 지분 이동 — 승계·증여·분쟁 여부는 주주 레벨 사건이라 재무로 안 보임. 대주주 연령·지분율 개별 확인 필요,0.02,company_history,,IN_MOTION,2025-04-29,투자설명서,"3년 순부채 +468억 vs EBITDA합 4,404억 / 유동비율 86% / 현금/매출 2% / 현금 2년 연속 감소"
40.6,10.6,83.2,엔시스,01310773,333620,true,제조업,전기장비,GROWTH(성장자금형),419.7,0.138,115.8,0.184,-79,-0.7,0.654,1.584,185.5,110.9,0.588,0.549,0,0,measured_cashbridge,2025,api,37.1,23.3,16.5,,13.7,106.5,,11.3,25.7,22.7,0.054,unavailable,성장,성장자금형(positive): 매출 CAGR 14% + 마진 유지 · capex/매출 5.6%,0.02,company_history,,,,,3년 순부채 +111억 vs EBITDA합 189억 / 매출 1원 성장에 순부채 0.55원
40.5,1.2,100,(주)동방메디컬,01073261,240550,true,제조업,의료·정밀·광학기기,GROWTH(성장자금형),1135.4,0.301,219.2,0.241,223.1,1,0.489,2.117,335.2,50.2,0.136,0.101,0,0,measured_cashbridge,2025,api,120.2,146,,,-35.5,,,,212.5,,,unavailable,성장,성장자금형(positive): 매출 CAGR 30% + 마진 유지 · capex/매출 12.9%,0.1,company_history,,,,,3년 순부채 +50억 vs EBITDA합 369억
40.4,49,13.2,STX,00138297,011810,true,도소매,도매·상품중개,DISTRESS(구조조정형),6225.2,-0.138,,,2773.6,,-10.326,0.459,339.6,-563.8,-48.022,,0,0,measured_cashbridge,2025,api,345,16.3,5.6,,328.7,3113.2,2973.6,44.2,170.4,218.8,0.0352,unavailable,부실·리파이낸싱,부실·리파이낸싱(negative): 구조적 악화 (영업적자 3/3년 · 자본잠식) | 이벤트(neutral): 5% 지분 이동 — 승계·증여·분쟁 여부는 주주 레벨 사건이라 재무로 안 보임. 대주주 연령·지분율 개별 확인 필요,0.019,company_history,,DISTRESS_EVENT,2025-04-21,[기재정정]유상증자결정(종속회사의주요경영사항)              ,자본잠식 / 유동비율 46% / 현금 2년 연속 감소 / 영업적자 3/3년
40.3,0.6,100,이수페타시스,00107613,007660,true,제조업,전자부품·컴퓨터·통신장비,GROWTH(성장자금형),8057.2,0.212,1262.1,0.151,1688.3,1.3,0.705,2.072,1627.8,205.9,0.062,0.056,0,0,measured_cashbridge,2025,api,1687.5,1551.1,94.9,,136.4,,,,3561.6,,,unavailable,성장,성장자금형(positive): 매출 CAGR 21% + 마진 유지 · capex/매출 19.3%,0.045,company_history,,,,,"3년 순부채 +206억 vs EBITDA합 3,334억"
40.2,4.7,92.5,휴젤,00888347,145020,true,제조업,의료용물질·의약품,GROWTH(성장자금형),916.3,0.172,1812.6,0.486,-5029.9,-2.8,0.099,7.301,5287,703.3,0.164,0.498,0,0,measured_cashbridge,2025,api,1500.6,295.2,0,,1180.9,257,,-876.6,511.9,112.1,0.1223,unavailable,성장,성장자금형(positive): 매출 CAGR 17% + 마진 유지 · capex/매출 32.2%,0.075,company_history,,,,,"3년 순부채 +703억 vs EBITDA합 4,283억"
40.1,16.3,71,샘표식품,01167056,248170,true,제조업,식료품 제조,WC_BURN(운전자본형),2470.1,0.051,291.6,0.072,-146.8,-0.5,0.435,1.651,691.5,339.8,0.401,0.605,0,0,measured_cashbridge,2025,api,583.1,224.9,9.1,,358.2,544.6,497.6,-285,383.5,-85.4,0.0346,unavailable,성장,성장자금형(positive): 매출 CAGR 5% + 마진 유지 · capex/매출 9.1%,0.034,company_history,,,,,3년 순부채 +340억 vs EBITDA합 847억 / 매출 1원 성장에 순부채 0.60원
39.6,7.2,85.5,테라젠이텍스,00249894,066700,true,제조업,의료용물질·의약품,GROWTH(성장자금형),1305.8,0.144,186,0.075,62.9,0.3,0.619,1.947,353.5,31.5,0.06,0.038,0,0,measured_cashbridge,2025,api,109.7,52,1,,57.8,416.5,393.6,-219.8,25.1,-5.2,0.004,unavailable,성장,성장자금형(positive): 매출 CAGR 14% + 마진 유지 · capex/매출 4.0%,0.072,company_history,,,,,3년 순부채 +32억 vs EBITDA합 525억
39.3,29.5,44,누리플랜,00410997,069140,true,제조업,금속가공제품,DISTRESS(구조조정형),1176.4,-0.036,,,360.5,,2.033,0.601,111.4,-62.5,0,,0,0,measured_cashbridge,2025,api,92.3,30.4,,,57.4,471.9,442.3,-96.5,26,-30.2,0.0257,unavailable,부실·리파이낸싱,부실·리파이낸싱(negative): 구조적 악화 (영업적자 1/3년),0.02,company_history,,,,,부채비율 203% / 유동비율 60%
39.2,5.1,87.6,세방전지,00133858,004490,true,제조업,전기장비,GROWTH(성장자금형),18066.5,0.151,2339.2,0.114,-1829,-0.8,0.349,2.594,3501.8,1340.3,0.244,0.189,0,0,measured_cashbridge,2025,api,1572.7,809.7,148.1,,763,1672.7,1534.1,-1119.2,1113.2,-659.6,0.0365,unavailable,성장,성장자금형(positive): 매출 CAGR 15% + 마진 유지 · capex/매출 4.5%,0.071,company_history,,,,,"3년 순부채 +1,340억 vs EBITDA합 5,490억"
39.2,27.7,47.1,신라에스지,00136004,025870,true,도소매,도매·상품중개,TIGHT(유동성형),700.4,-0.016,,,-12.3,,2.198,0.87,13.9,-14,-0.158,-0.098,43,116,measured_cashbridge,2025,api,-21,11,,,-36.6,1.6,,-10.1,15.8,-46.9,0.067,unavailable,부실·리파이낸싱,부실·리파이낸싱(negative): 구조적 악화 (영업적자 1/3년),0.008,company_history,8,,,,부채비율 220% (3년 49%p↑) / 유동비율 87% / 현금/매출 2% / 런웨이 8개월
38.4,29.9,39.8,케이피티유,00357607,054410,true,제조업,금속가공제품,TIGHT(유동성형),353,-0.014,,,269.9,,0.748,0.463,1.9,-3.6,-0.066,-0.196,48,107,measured_cashbridge,2025,api,2.3,4.8,0,,-2.5,271.8,271.8,34.4,1.7,35,0.0991,unavailable,부실·리파이낸싱,부실·리파이낸싱(negative): 구조적 악화 (영업적자 0/3년),0.02,company_history,,,,,유동비율 46% / 현금/매출 1% / 현금 2년 연속 감소
38.4,4.7,85,선진뷰티사이언스,00132202,086710,true,제조업,화학물질·화학제품,GROWTH(성장자금형),489.1,0.177,167,0.21,81.6,0.5,0.953,1.338,125.9,89.2,0.216,0.291,44,255,measured_cashbridge,2025,api,104.6,194.1,20,,-89.5,207.5,206.4,66.9,209.6,-38.1,0.0779,unavailable,성장,성장자금형(positive): 매출 CAGR 18% + 마진 유지 · capex/매출 39.7%,0.1,company_history,,,,,3년 순부채 +89억 vs EBITDA합 413억
38.4,22.1,54,HLB제넥스,00983916,187420,true,제조업,의료용물질·의약품,DISTRESS(구조조정형),433.7,0.16,,,-282.4,,1.481,0.795,334.8,-725.2,0,-7.589,0,0,measured_cashbridge,2025,api,35,10.8,,,24.3,52.4,3.6,480.2,345.5,169.7,0.3913,unavailable,부실·리파이낸싱,부실·리파이낸싱(negative): 구조적 악화 (영업적자 2/3년),0.1,company_history,,,,,유동비율 79% / 영업적자 2/3년
37.9,33.8,30.8,성창기업지주,00133335,000180,true,전문·과학·기술,전문서비스업,DISTRESS(구조조정형),1120.6,-0.21,,,295.8,,0.271,0.852,130.2,-196.4,0,,0,76,measured_cashbridge,2025,api,15.3,23,,,-7.7,426,404.7,-38.3,46.6,-69.6,0.0621,unavailable,부실·리파이낸싱,부실·리파이낸싱(negative): 구조적 악화 (영업적자 3/3년),0.051,company_history,,,,,유동비율 85% / 현금 2년 연속 감소 / 영업적자 3/3년
37.4,25.5,43.5,롯데하이마트,00158307,071840,true,도소매,소매(자동차 제외),TIGHT(유동성형),23001,-0.117,,,-46.4,,0.899,0.963,647.2,-894.5,-0.266,,0,0,measured_cashbridge,2025,api,1565.5,240.4,69.4,,1325.1,600.8,,257.6,-215.2,2038.3,0.0886,unavailable,부실·리파이낸싱,부실·리파이낸싱(negative): 구조적 악화 (영업적자 0/3년),0.01,company_history,,,,,유동비율 96% / 현금/매출 3% / 현금 2년 연속 감소
37.2,7,76.2,기산텔레콤,00258421,035460,true,제조업,전자부품·컴퓨터·통신장비,GROWTH(성장자금형),770.7,0.146,63.1,0.068,-3.2,-0.1,0.959,1.932,292.9,6.6,0.037,0.021,0,208,measured_cashbridge,2025,api,-35,106.3,,,-141.3,,,,42.4,,,unavailable,성장,성장자금형(positive): 매출 CAGR 15% + 마진 유지 · capex/매출 13.8%,0.1,company_history,100,,,,3년 순부채 +7억 vs EBITDA합 179억
36.6,0.7,85,비비씨,01153105,318410,true,제조업,화학물질·화학제품,GROWTH(성장자금형),321.8,0.181,89.7,0.148,-151.5,-1.7,0.152,5.693,220.5,12.1,0.055,0.05,0,0,measured_cashbridge,2025,api,113.3,4.2,22.2,,109.1,69,48.4,-109.1,67.7,-63.4,0.1971,unavailable,성장,성장자금형(positive): 매출 CAGR 18% + 마진 유지 · capex/매출 1.3%,0.067,company_history,,,,,3년 순부채 +12억 vs EBITDA합 220억
35.8,2.4,79,삼성바이오로직스,00877059,207940,true,제조업,의료용물질·의약품,GROWTH(성장자금형),45569.7,0.426,19191.5,0.422,-11290.6,-0.6,0.484,1.74,14560.3,2423.7,0.05,0.081,0,0,measured_cashbridge,2025,api,22478.1,14750.7,,,7727.3,3269.7,,-2960.8,18624.3,893,0.0196,unavailable,성장,성장자금형(positive): 매출 CAGR 43% + 마진 유지 · capex/매출 32.4%,0.025,company_history,,,,,"3년 순부채 +2,424억 vs EBITDA합 4.8조"
31.4,31.9,8.2,삼부토건,00125974,001470,true,건설업,종합 건설,DISTRESS(구조조정형),1109.9,-0.366,,,-229.7,,-2.227,0.176,237.1,-134.3,0,-0.127,0,0,measured_cashbridge,2025,api,219,0.9,,,205.2,7.4,,-74.4,85.7,58.9,0.0531,unavailable,부실·리파이낸싱,부실·리파이낸싱(negative): 구조적 악화 (영업적자 3/3년 · 자본잠식) | 이벤트(neutral): 지배구조 변동 · 5% 지분 이동 — 승계·증여·분쟁 여부는 주주 레벨 사건이라 재무로 안 보임. 대주주 연령·지분율 개별 확인 필요,0.037,company_history,,DISTRESS_EVENT,2026-06-29,주요사항보고서(유상증자결정),자본잠식 / 유동비율 18% / 영업적자 3/3년